Disease,Report Year,DHBName,Case Count,"Case rate per 100,000"
Diphtheria,2006,Auckland,0,0
Q fever,2006,Auckland,0,0
Meningoencephalitis - primary amoebic,2006,Auckland,0,0
Rabies and other lyssaviruses,2006,Auckland,0,0
Salmonellosis,2006,Auckland,109,25.5
Toxic shellfish poisoning,2006,Auckland,0,0
Arboviral diseases,2006,Auckland,1,suppressed
Tetanus,2006,Auckland,0,0
Typhoid fever,2006,Auckland,1,suppressed
Hepatitis NOS,2006,Auckland,0,0
Yersiniosis,2006,Auckland,45,10.5
Invasive group A streptococcal infection,2006,Auckland,0,0
Haemophilus influenzae type b,2006,Auckland,1,suppressed
Tuberculosis disease,2006,Auckland,56,13.1
Giardiasis,2006,Auckland,158,36.9
Leprosy,2006,Auckland,1,suppressed
VTEC/STEC infection,2006,Auckland,3,suppressed
Invasive pneumococcal disease,2006,Auckland,0,0
Rubella,2006,Auckland,2,suppressed
Rickettsial disease,2006,Auckland,0,0
Pertussis,2006,Auckland,15,3.5
Hepatitis C,2006,Auckland,1,suppressed
Cysticercosis,2006,Auckland,0,0
Malaria,2006,Auckland,4,suppressed
Mumps,2006,Auckland,5,1.2
Campylobacteriosis,2006,Auckland,1813,423.4
Paratyphoid fever,2006,Auckland,2,suppressed
Shigellosis,2006,Auckland,21,4.9
Rheumatic fever,2006,Auckland,8,1.9
Mpox,2006,Auckland,0,0
Legionellosis,2006,Auckland,4,suppressed
Cholera,2006,Auckland,0,0
Measles,2006,Auckland,1,suppressed
Taeniasis,2006,Auckland,0,0
Cryptosporidiosis,2006,Auckland,34,7.9
Acute gastroenteritis,2006,Auckland,83,19.4
Poliomyelitis,2006,Auckland,0,0
Listeriosis,2006,Auckland,1,suppressed
Hepatitis B,2006,Auckland,6,1.4
Meningococcal disease,2006,Auckland,15,3.5
Brucellosis,2006,Auckland,0,0
Hydatid disease,2006,Auckland,0,0
Hepatitis A,2006,Auckland,10,2.3
Trichinosis,2006,Auckland,0,0
Leptospirosis,2006,Auckland,0,0
Diphtheria,2006,Bay of Plenty,0,0
Typhoid fever,2006,Bay of Plenty,1,suppressed
Arboviral diseases,2006,Bay of Plenty,2,suppressed
Giardiasis,2006,Bay of Plenty,66,32.9
Invasive pneumococcal disease,2006,Bay of Plenty,0,0
Toxic shellfish poisoning,2006,Bay of Plenty,0,0
Shigellosis,2006,Bay of Plenty,2,suppressed
Q fever,2006,Bay of Plenty,0,0
Cholera,2006,Bay of Plenty,0,0
Malaria,2006,Bay of Plenty,0,0
Hepatitis NOS,2006,Bay of Plenty,0,0
Mumps,2006,Bay of Plenty,3,suppressed
Leprosy,2006,Bay of Plenty,0,0
Legionellosis,2006,Bay of Plenty,4,suppressed
Salmonellosis,2006,Bay of Plenty,53,26.4
Yersiniosis,2006,Bay of Plenty,30,14.9
Hepatitis C,2006,Bay of Plenty,1,suppressed
Cysticercosis,2006,Bay of Plenty,0,0
Rheumatic fever,2006,Bay of Plenty,3,suppressed
Poliomyelitis,2006,Bay of Plenty,0,0
Invasive group A streptococcal infection,2006,Bay of Plenty,0,0
Meningococcal disease,2006,Bay of Plenty,3,suppressed
Paratyphoid fever,2006,Bay of Plenty,1,suppressed
Hydatid disease,2006,Bay of Plenty,0,0
Campylobacteriosis,2006,Bay of Plenty,650,323.7
Measles,2006,Bay of Plenty,1,suppressed
VTEC/STEC infection,2006,Bay of Plenty,2,suppressed
Rubella,2006,Bay of Plenty,0,0
Hepatitis B,2006,Bay of Plenty,0,0
Pertussis,2006,Bay of Plenty,80,39.8
Acute gastroenteritis,2006,Bay of Plenty,17,8.5
Listeriosis,2006,Bay of Plenty,1,suppressed
Mpox,2006,Bay of Plenty,0,0
Tuberculosis disease,2006,Bay of Plenty,7,3.5
Hepatitis A,2006,Bay of Plenty,3,suppressed
Haemophilus influenzae type b,2006,Bay of Plenty,2,suppressed
Brucellosis,2006,Bay of Plenty,0,0
Meningoencephalitis - primary amoebic,2006,Bay of Plenty,0,0
Leptospirosis,2006,Bay of Plenty,8,4
Taeniasis,2006,Bay of Plenty,0,0
Rickettsial disease,2006,Bay of Plenty,0,0
Trichinosis,2006,Bay of Plenty,0,0
Tetanus,2006,Bay of Plenty,0,0
Cryptosporidiosis,2006,Bay of Plenty,25,12.4
Rabies and other lyssaviruses,2006,Bay of Plenty,0,0
Toxic shellfish poisoning,2006,Canterbury,0,0
Hepatitis C,2006,Canterbury,15,3.1
Cysticercosis,2006,Canterbury,0,0
Arboviral diseases,2006,Canterbury,2,suppressed
Invasive pneumococcal disease,2006,Canterbury,0,0
Mumps,2006,Canterbury,6,1.2
Hepatitis NOS,2006,Canterbury,0,0
Rheumatic fever,2006,Canterbury,1,suppressed
Acute gastroenteritis,2006,Canterbury,137,28.3
Pertussis,2006,Canterbury,303,62.6
Listeriosis,2006,Canterbury,0,0
Brucellosis,2006,Canterbury,0,0
Shigellosis,2006,Canterbury,9,1.9
Malaria,2006,Canterbury,4,suppressed
Leprosy,2006,Canterbury,0,0
Cholera,2006,Canterbury,0,0
Giardiasis,2006,Canterbury,111,22.9
Campylobacteriosis,2006,Canterbury,1904,393.4
Cryptosporidiosis,2006,Canterbury,88,18.2
Yersiniosis,2006,Canterbury,67,13.8
Invasive group A streptococcal infection,2006,Canterbury,0,0
Trichinosis,2006,Canterbury,0,0
Taeniasis,2006,Canterbury,0,0
Tuberculosis disease,2006,Canterbury,21,4.3
Paratyphoid fever,2006,Canterbury,0,0
Meningococcal disease,2006,Canterbury,18,3.7
Mpox,2006,Canterbury,0,0
Salmonellosis,2006,Canterbury,153,31.6
Legionellosis,2006,Canterbury,5,1
Rickettsial disease,2006,Canterbury,0,0
Poliomyelitis,2006,Canterbury,0,0
Leptospirosis,2006,Canterbury,9,1.9
Rubella,2006,Canterbury,1,suppressed
Diphtheria,2006,Canterbury,0,0
Haemophilus influenzae type b,2006,Canterbury,0,0
Rabies and other lyssaviruses,2006,Canterbury,0,0
Q fever,2006,Canterbury,0,0
VTEC/STEC infection,2006,Canterbury,15,3.1
Measles,2006,Canterbury,7,1.4
Hepatitis B,2006,Canterbury,17,3.5
Hydatid disease,2006,Canterbury,0,0
Hepatitis A,2006,Canterbury,29,6
Typhoid fever,2006,Canterbury,0,0
Tetanus,2006,Canterbury,0,0
Meningoencephalitis - primary amoebic,2006,Canterbury,0,0
Legionellosis,2006,"Capital, Coast and Hutt Valley",7,1.7
Arboviral diseases,2006,"Capital, Coast and Hutt Valley",9,2.1
Giardiasis,2006,"Capital, Coast and Hutt Valley",131,31.3
Malaria,2006,"Capital, Coast and Hutt Valley",3,suppressed
Diphtheria,2006,"Capital, Coast and Hutt Valley",0,0
Hepatitis NOS,2006,"Capital, Coast and Hutt Valley",0,0
Hepatitis C,2006,"Capital, Coast and Hutt Valley",5,1.2
Leprosy,2006,"Capital, Coast and Hutt Valley",0,0
Campylobacteriosis,2006,"Capital, Coast and Hutt Valley",2026,483.7
Shigellosis,2006,"Capital, Coast and Hutt Valley",10,2.4
Meningoencephalitis - primary amoebic,2006,"Capital, Coast and Hutt Valley",0,0
Typhoid fever,2006,"Capital, Coast and Hutt Valley",2,suppressed
Cysticercosis,2006,"Capital, Coast and Hutt Valley",0,0
Toxic shellfish poisoning,2006,"Capital, Coast and Hutt Valley",0,0
Poliomyelitis,2006,"Capital, Coast and Hutt Valley",0,0
Acute gastroenteritis,2006,"Capital, Coast and Hutt Valley",107,25.5
Listeriosis,2006,"Capital, Coast and Hutt Valley",2,suppressed
Q fever,2006,"Capital, Coast and Hutt Valley",0,0
VTEC/STEC infection,2006,"Capital, Coast and Hutt Valley",0,0
Mumps,2006,"Capital, Coast and Hutt Valley",3,suppressed
Hydatid disease,2006,"Capital, Coast and Hutt Valley",0,0
Salmonellosis,2006,"Capital, Coast and Hutt Valley",156,37.2
Rheumatic fever,2006,"Capital, Coast and Hutt Valley",15,3.6
Cholera,2006,"Capital, Coast and Hutt Valley",0,0
Invasive pneumococcal disease,2006,"Capital, Coast and Hutt Valley",0,0
Hepatitis B,2006,"Capital, Coast and Hutt Valley",3,suppressed
Paratyphoid fever,2006,"Capital, Coast and Hutt Valley",2,suppressed
Pertussis,2006,"Capital, Coast and Hutt Valley",137,32.7
Invasive group A streptococcal infection,2006,"Capital, Coast and Hutt Valley",0,0
Brucellosis,2006,"Capital, Coast and Hutt Valley",0,0
Rubella,2006,"Capital, Coast and Hutt Valley",0,0
Measles,2006,"Capital, Coast and Hutt Valley",2,suppressed
Tuberculosis disease,2006,"Capital, Coast and Hutt Valley",40,9.5
Tetanus,2006,"Capital, Coast and Hutt Valley",0,0
Rabies and other lyssaviruses,2006,"Capital, Coast and Hutt Valley",0,0
Yersiniosis,2006,"Capital, Coast and Hutt Valley",77,18.4
Mpox,2006,"Capital, Coast and Hutt Valley",0,0
Cryptosporidiosis,2006,"Capital, Coast and Hutt Valley",80,19.1
Trichinosis,2006,"Capital, Coast and Hutt Valley",0,0
Hepatitis A,2006,"Capital, Coast and Hutt Valley",6,1.4
Haemophilus influenzae type b,2006,"Capital, Coast and Hutt Valley",1,suppressed
Meningococcal disease,2006,"Capital, Coast and Hutt Valley",13,3.1
Rickettsial disease,2006,"Capital, Coast and Hutt Valley",0,0
Leptospirosis,2006,"Capital, Coast and Hutt Valley",3,suppressed
Taeniasis,2006,"Capital, Coast and Hutt Valley",0,0
Legionellosis,2006,Counties Manukau,7,1.5
Toxic shellfish poisoning,2006,Counties Manukau,0,0
Taeniasis,2006,Counties Manukau,0,0
Mumps,2006,Counties Manukau,8,1.8
Typhoid fever,2006,Counties Manukau,18,4
VTEC/STEC infection,2006,Counties Manukau,4,suppressed
Rubella,2006,Counties Manukau,0,0
Trichinosis,2006,Counties Manukau,0,0
Invasive pneumococcal disease,2006,Counties Manukau,0,0
Hepatitis NOS,2006,Counties Manukau,0,0
Poliomyelitis,2006,Counties Manukau,0,0
Brucellosis,2006,Counties Manukau,0,0
Malaria,2006,Counties Manukau,7,1.5
Tetanus,2006,Counties Manukau,0,0
Diphtheria,2006,Counties Manukau,0,0
Measles,2006,Counties Manukau,0,0
Shigellosis,2006,Counties Manukau,14,3.1
Campylobacteriosis,2006,Counties Manukau,1548,340.4
Hydatid disease,2006,Counties Manukau,0,0
Q fever,2006,Counties Manukau,0,0
Cholera,2006,Counties Manukau,0,0
Cysticercosis,2006,Counties Manukau,0,0
Giardiasis,2006,Counties Manukau,103,22.6
Hepatitis C,2006,Counties Manukau,0,0
Pertussis,2006,Counties Manukau,11,2.4
Rabies and other lyssaviruses,2006,Counties Manukau,0,0
Salmonellosis,2006,Counties Manukau,96,21.1
Meningococcal disease,2006,Counties Manukau,26,5.7
Hepatitis A,2006,Counties Manukau,38,8.4
Leprosy,2006,Counties Manukau,0,0
Listeriosis,2006,Counties Manukau,3,suppressed
Leptospirosis,2006,Counties Manukau,1,suppressed
Arboviral diseases,2006,Counties Manukau,0,0
Mpox,2006,Counties Manukau,0,0
Yersiniosis,2006,Counties Manukau,34,7.5
Rheumatic fever,2006,Counties Manukau,34,7.5
Meningoencephalitis - primary amoebic,2006,Counties Manukau,0,0
Acute gastroenteritis,2006,Counties Manukau,55,12.1
Tuberculosis disease,2006,Counties Manukau,67,14.7
Invasive group A streptococcal infection,2006,Counties Manukau,0,0
Paratyphoid fever,2006,Counties Manukau,10,2.2
Hepatitis B,2006,Counties Manukau,12,2.6
Haemophilus influenzae type b,2006,Counties Manukau,0,0
Cryptosporidiosis,2006,Counties Manukau,25,5.5
Rickettsial disease,2006,Counties Manukau,0,0
Diphtheria,2006,Hawke's Bay,0,0
Taeniasis,2006,Hawke's Bay,0,0
Mumps,2006,Hawke's Bay,2,suppressed
Toxic shellfish poisoning,2006,Hawke's Bay,0,0
VTEC/STEC infection,2006,Hawke's Bay,3,suppressed
Hepatitis NOS,2006,Hawke's Bay,0,0
Hydatid disease,2006,Hawke's Bay,0,0
Malaria,2006,Hawke's Bay,1,suppressed
Hepatitis C,2006,Hawke's Bay,1,suppressed
Listeriosis,2006,Hawke's Bay,2,suppressed
Invasive pneumococcal disease,2006,Hawke's Bay,0,0
Haemophilus influenzae type b,2006,Hawke's Bay,0,0
Trichinosis,2006,Hawke's Bay,0,0
Tetanus,2006,Hawke's Bay,0,0
Hepatitis B,2006,Hawke's Bay,2,suppressed
Invasive group A streptococcal infection,2006,Hawke's Bay,0,0
Arboviral diseases,2006,Hawke's Bay,0,0
Q fever,2006,Hawke's Bay,0,0
Mpox,2006,Hawke's Bay,0,0
Meningococcal disease,2006,Hawke's Bay,4,suppressed
Rabies and other lyssaviruses,2006,Hawke's Bay,0,0
Measles,2006,Hawke's Bay,0,0
Leprosy,2006,Hawke's Bay,1,suppressed
Tuberculosis disease,2006,Hawke's Bay,8,5.3
Meningoencephalitis - primary amoebic,2006,Hawke's Bay,0,0
Rheumatic fever,2006,Hawke's Bay,7,4.6
Leptospirosis,2006,Hawke's Bay,8,5.3
Rickettsial disease,2006,Hawke's Bay,0,0
Acute gastroenteritis,2006,Hawke's Bay,20,13.2
Paratyphoid fever,2006,Hawke's Bay,1,suppressed
Giardiasis,2006,Hawke's Bay,52,34.2
Pertussis,2006,Hawke's Bay,19,12.5
Brucellosis,2006,Hawke's Bay,0,0
Legionellosis,2006,Hawke's Bay,2,suppressed
Cholera,2006,Hawke's Bay,0,0
Salmonellosis,2006,Hawke's Bay,69,45.4
Shigellosis,2006,Hawke's Bay,3,suppressed
Yersiniosis,2006,Hawke's Bay,9,5.9
Poliomyelitis,2006,Hawke's Bay,0,0
Rubella,2006,Hawke's Bay,1,suppressed
Cryptosporidiosis,2006,Hawke's Bay,16,10.5
Campylobacteriosis,2006,Hawke's Bay,518,340.9
Cysticercosis,2006,Hawke's Bay,0,0
Typhoid fever,2006,Hawke's Bay,0,0
Hepatitis A,2006,Hawke's Bay,0,0
Typhoid fever,2006,Lakes,0,0
Diphtheria,2006,Lakes,0,0
Toxic shellfish poisoning,2006,Lakes,0,0
Mumps,2006,Lakes,2,suppressed
Tetanus,2006,Lakes,0,0
Arboviral diseases,2006,Lakes,0,0
Hepatitis NOS,2006,Lakes,0,0
Shigellosis,2006,Lakes,2,suppressed
Salmonellosis,2006,Lakes,17,16.7
Tuberculosis disease,2006,Lakes,3,suppressed
VTEC/STEC infection,2006,Lakes,3,suppressed
Hepatitis A,2006,Lakes,3,suppressed
Legionellosis,2006,Lakes,1,suppressed
Trichinosis,2006,Lakes,0,0
Giardiasis,2006,Lakes,38,37.4
Hepatitis B,2006,Lakes,1,suppressed
Taeniasis,2006,Lakes,0,0
Pertussis,2006,Lakes,23,22.7
Haemophilus influenzae type b,2006,Lakes,1,suppressed
Malaria,2006,Lakes,1,suppressed
Leprosy,2006,Lakes,0,0
Hydatid disease,2006,Lakes,0,0
Cholera,2006,Lakes,0,0
Rheumatic fever,2006,Lakes,4,suppressed
Yersiniosis,2006,Lakes,20,19.7
Campylobacteriosis,2006,Lakes,410,403.9
Cysticercosis,2006,Lakes,0,0
Brucellosis,2006,Lakes,0,0
Hepatitis C,2006,Lakes,1,suppressed
Q fever,2006,Lakes,0,0
Cryptosporidiosis,2006,Lakes,16,15.8
Acute gastroenteritis,2006,Lakes,14,13.8
Meningoencephalitis - primary amoebic,2006,Lakes,0,0
Meningococcal disease,2006,Lakes,2,suppressed
Rabies and other lyssaviruses,2006,Lakes,0,0
Invasive group A streptococcal infection,2006,Lakes,0,0
Leptospirosis,2006,Lakes,1,suppressed
Invasive pneumococcal disease,2006,Lakes,0,0
Paratyphoid fever,2006,Lakes,1,suppressed
Listeriosis,2006,Lakes,0,0
Poliomyelitis,2006,Lakes,0,0
Rickettsial disease,2006,Lakes,0,0
Measles,2006,Lakes,0,0
Mpox,2006,Lakes,0,0
Rubella,2006,Lakes,0,0
Diphtheria,2006,MidCentral,0,0
Hepatitis NOS,2006,MidCentral,0,0
Listeriosis,2006,MidCentral,1,suppressed
Toxic shellfish poisoning,2006,MidCentral,0,0
Typhoid fever,2006,MidCentral,0,0
Legionellosis,2006,MidCentral,0,0
Malaria,2006,MidCentral,0,0
Giardiasis,2006,MidCentral,33,20.1
Q fever,2006,MidCentral,0,0
Acute gastroenteritis,2006,MidCentral,235,143.3
Brucellosis,2006,MidCentral,0,0
Hepatitis C,2006,MidCentral,0,0
Rickettsial disease,2006,MidCentral,0,0
Leprosy,2006,MidCentral,0,0
Shigellosis,2006,MidCentral,0,0
Cholera,2006,MidCentral,0,0
Meningoencephalitis - primary amoebic,2006,MidCentral,0,0
Mumps,2006,MidCentral,3,suppressed
Hepatitis A,2006,MidCentral,2,suppressed
Poliomyelitis,2006,MidCentral,0,0
Rubella,2006,MidCentral,1,suppressed
Arboviral diseases,2006,MidCentral,0,0
Hepatitis B,2006,MidCentral,0,0
Paratyphoid fever,2006,MidCentral,0,0
Rheumatic fever,2006,MidCentral,1,suppressed
Salmonellosis,2006,MidCentral,37,22.6
VTEC/STEC infection,2006,MidCentral,1,suppressed
Meningococcal disease,2006,MidCentral,7,4.3
Tuberculosis disease,2006,MidCentral,31,18.9
Invasive pneumococcal disease,2006,MidCentral,0,0
Pertussis,2006,MidCentral,17,10.4
Cysticercosis,2006,MidCentral,0,0
Campylobacteriosis,2006,MidCentral,364,222
Mpox,2006,MidCentral,0,0
Haemophilus influenzae type b,2006,MidCentral,0,0
Measles,2006,MidCentral,0,0
Yersiniosis,2006,MidCentral,10,6.1
Hydatid disease,2006,MidCentral,0,0
Cryptosporidiosis,2006,MidCentral,58,35.4
Invasive group A streptococcal infection,2006,MidCentral,0,0
Taeniasis,2006,MidCentral,0,0
Rabies and other lyssaviruses,2006,MidCentral,0,0
Trichinosis,2006,MidCentral,0,0
Leptospirosis,2006,MidCentral,6,3.7
Tetanus,2006,MidCentral,0,0
Toxic shellfish poisoning,2006,Nelson Marlborough,0,0
Listeriosis,2006,Nelson Marlborough,1,suppressed
Diphtheria,2006,Nelson Marlborough,0,0
Hydatid disease,2006,Nelson Marlborough,0,0
Leprosy,2006,Nelson Marlborough,0,0
Cysticercosis,2006,Nelson Marlborough,0,0
Invasive pneumococcal disease,2006,Nelson Marlborough,0,0
Q fever,2006,Nelson Marlborough,0,0
Arboviral diseases,2006,Nelson Marlborough,2,suppressed
Hepatitis C,2006,Nelson Marlborough,0,0
Acute gastroenteritis,2006,Nelson Marlborough,23,17.2
Poliomyelitis,2006,Nelson Marlborough,0,0
Mumps,2006,Nelson Marlborough,0,0
Meningoencephalitis - primary amoebic,2006,Nelson Marlborough,0,0
Shigellosis,2006,Nelson Marlborough,7,5.2
Tuberculosis disease,2006,Nelson Marlborough,4,suppressed
Rheumatic fever,2006,Nelson Marlborough,0,0
Giardiasis,2006,Nelson Marlborough,38,28.4
VTEC/STEC infection,2006,Nelson Marlborough,6,4.5
Tetanus,2006,Nelson Marlborough,0,0
Cholera,2006,Nelson Marlborough,0,0
Campylobacteriosis,2006,Nelson Marlborough,359,268.7
Hepatitis NOS,2006,Nelson Marlborough,0,0
Cryptosporidiosis,2006,Nelson Marlborough,24,18
Rabies and other lyssaviruses,2006,Nelson Marlborough,0,0
Yersiniosis,2006,Nelson Marlborough,17,12.7
Salmonellosis,2006,Nelson Marlborough,48,35.9
Malaria,2006,Nelson Marlborough,1,suppressed
Legionellosis,2006,Nelson Marlborough,2,suppressed
Invasive group A streptococcal infection,2006,Nelson Marlborough,0,0
Rickettsial disease,2006,Nelson Marlborough,0,0
Measles,2006,Nelson Marlborough,2,suppressed
Trichinosis,2006,Nelson Marlborough,0,0
Haemophilus influenzae type b,2006,Nelson Marlborough,0,0
Brucellosis,2006,Nelson Marlborough,0,0
Pertussis,2006,Nelson Marlborough,62,46.4
Hepatitis A,2006,Nelson Marlborough,1,suppressed
Leptospirosis,2006,Nelson Marlborough,3,suppressed
Rubella,2006,Nelson Marlborough,0,0
Meningococcal disease,2006,Nelson Marlborough,5,3.7
Mpox,2006,Nelson Marlborough,0,0
Taeniasis,2006,Nelson Marlborough,0,0
Typhoid fever,2006,Nelson Marlborough,2,suppressed
Hepatitis B,2006,Nelson Marlborough,0,0
Paratyphoid fever,2006,Nelson Marlborough,2,suppressed
Listeriosis,2006,Northland,1,suppressed
Taeniasis,2006,Northland,0,0
Cholera,2006,Northland,0,0
Rubella,2006,Northland,0,0
Cryptosporidiosis,2006,Northland,24,15.7
Mumps,2006,Northland,1,suppressed
Legionellosis,2006,Northland,2,suppressed
Brucellosis,2006,Northland,0,0
Meningoencephalitis - primary amoebic,2006,Northland,0,0
Cysticercosis,2006,Northland,0,0
Q fever,2006,Northland,0,0
Tuberculosis disease,2006,Northland,30,19.7
Invasive pneumococcal disease,2006,Northland,0,0
Malaria,2006,Northland,0,0
Toxic shellfish poisoning,2006,Northland,0,0
Poliomyelitis,2006,Northland,0,0
Diphtheria,2006,Northland,0,0
Salmonellosis,2006,Northland,45,29.5
Typhoid fever,2006,Northland,1,suppressed
VTEC/STEC infection,2006,Northland,5,3.3
Shigellosis,2006,Northland,3,suppressed
Trichinosis,2006,Northland,0,0
Leptospirosis,2006,Northland,13,8.5
Hepatitis B,2006,Northland,1,suppressed
Hepatitis A,2006,Northland,4,suppressed
Rheumatic fever,2006,Northland,14,9.2
Hepatitis C,2006,Northland,0,0
Paratyphoid fever,2006,Northland,0,0
Acute gastroenteritis,2006,Northland,3,suppressed
Meningococcal disease,2006,Northland,9,5.9
Hydatid disease,2006,Northland,0,0
Measles,2006,Northland,0,0
Rickettsial disease,2006,Northland,0,0
Giardiasis,2006,Northland,69,45.2
Campylobacteriosis,2006,Northland,374,245
Invasive group A streptococcal infection,2006,Northland,0,0
Hepatitis NOS,2006,Northland,0,0
Rabies and other lyssaviruses,2006,Northland,0,0
Pertussis,2006,Northland,6,3.9
Leprosy,2006,Northland,0,0
Tetanus,2006,Northland,0,0
Arboviral diseases,2006,Northland,0,0
Mpox,2006,Northland,0,0
Haemophilus influenzae type b,2006,Northland,0,0
Yersiniosis,2006,Northland,9,5.9
Q fever,2006,South Canterbury,0,0
Rickettsial disease,2006,South Canterbury,0,0
Yersiniosis,2006,South Canterbury,10,18.2
Measles,2006,South Canterbury,0,0
Rabies and other lyssaviruses,2006,South Canterbury,0,0
Mpox,2006,South Canterbury,0,0
Diphtheria,2006,South Canterbury,0,0
Acute gastroenteritis,2006,South Canterbury,4,suppressed
Tetanus,2006,South Canterbury,0,0
Salmonellosis,2006,South Canterbury,37,67.2
Cryptosporidiosis,2006,South Canterbury,41,74.4
Meningoencephalitis - primary amoebic,2006,South Canterbury,0,0
Poliomyelitis,2006,South Canterbury,0,0
Arboviral diseases,2006,South Canterbury,1,suppressed
Pertussis,2006,South Canterbury,20,36.3
Trichinosis,2006,South Canterbury,0,0
Brucellosis,2006,South Canterbury,0,0
Hepatitis NOS,2006,South Canterbury,0,0
Hydatid disease,2006,South Canterbury,0,0
Listeriosis,2006,South Canterbury,1,suppressed
Shigellosis,2006,South Canterbury,0,0
Cholera,2006,South Canterbury,0,0
Legionellosis,2006,South Canterbury,0,0
Mumps,2006,South Canterbury,1,suppressed
VTEC/STEC infection,2006,South Canterbury,4,suppressed
Invasive pneumococcal disease,2006,South Canterbury,0,0
Leptospirosis,2006,South Canterbury,3,suppressed
Cysticercosis,2006,South Canterbury,0,0
Giardiasis,2006,South Canterbury,16,29
Invasive group A streptococcal infection,2006,South Canterbury,0,0
Malaria,2006,South Canterbury,1,suppressed
Paratyphoid fever,2006,South Canterbury,0,0
Taeniasis,2006,South Canterbury,0,0
Campylobacteriosis,2006,South Canterbury,285,517.4
Tuberculosis disease,2006,South Canterbury,1,suppressed
Rubella,2006,South Canterbury,0,0
Typhoid fever,2006,South Canterbury,0,0
Hepatitis B,2006,South Canterbury,1,suppressed
Hepatitis A,2006,South Canterbury,0,0
Hepatitis C,2006,South Canterbury,0,0
Rheumatic fever,2006,South Canterbury,0,0
Toxic shellfish poisoning,2006,South Canterbury,0,0
Leprosy,2006,South Canterbury,0,0
Haemophilus influenzae type b,2006,South Canterbury,1,suppressed
Meningococcal disease,2006,South Canterbury,1,suppressed
Toxic shellfish poisoning,2006,Southern,0,0
Hepatitis NOS,2006,Southern,0,0
Rheumatic fever,2006,Southern,1,suppressed
Listeriosis,2006,Southern,1,suppressed
Legionellosis,2006,Southern,7,2.4
Tuberculosis disease,2006,Southern,9,3.1
Haemophilus influenzae type b,2006,Southern,1,suppressed
Invasive group A streptococcal infection,2006,Southern,0,0
Leptospirosis,2006,Southern,3,suppressed
Mumps,2006,Southern,2,suppressed
Campylobacteriosis,2006,Southern,1157,392.7
Brucellosis,2006,Southern,0,0
Arboviral diseases,2006,Southern,2,suppressed
Typhoid fever,2006,Southern,0,0
Pertussis,2006,Southern,76,25.8
Rickettsial disease,2006,Southern,0,0
Yersiniosis,2006,Southern,25,8.5
Acute gastroenteritis,2006,Southern,44,14.9
Giardiasis,2006,Southern,85,28.9
Q fever,2006,Southern,0,0
Diphtheria,2006,Southern,0,0
Malaria,2006,Southern,1,suppressed
Shigellosis,2006,Southern,2,suppressed
Salmonellosis,2006,Southern,159,54
Hepatitis A,2006,Southern,2,suppressed
Meningoencephalitis - primary amoebic,2006,Southern,0,0
Measles,2006,Southern,1,suppressed
Rubella,2006,Southern,2,suppressed
Poliomyelitis,2006,Southern,0,0
Trichinosis,2006,Southern,0,0
Invasive pneumococcal disease,2006,Southern,0,0
Cysticercosis,2006,Southern,0,0
Mpox,2006,Southern,0,0
Taeniasis,2006,Southern,0,0
Paratyphoid fever,2006,Southern,1,suppressed
Rabies and other lyssaviruses,2006,Southern,0,0
Hydatid disease,2006,Southern,0,0
Cryptosporidiosis,2006,Southern,75,25.5
Cholera,2006,Southern,0,0
Tetanus,2006,Southern,0,0
Hepatitis C,2006,Southern,2,suppressed
Hepatitis B,2006,Southern,0,0
VTEC/STEC infection,2006,Southern,10,3.4
Leprosy,2006,Southern,0,0
Meningococcal disease,2006,Southern,16,5.4
Shigellosis,2006,Tairawhiti,0,0
Hepatitis A,2006,Tairawhiti,2,suppressed
Hepatitis NOS,2006,Tairawhiti,0,0
Toxic shellfish poisoning,2006,Tairawhiti,0,0
Tetanus,2006,Tairawhiti,0,0
Hydatid disease,2006,Tairawhiti,0,0
VTEC/STEC infection,2006,Tairawhiti,1,suppressed
Yersiniosis,2006,Tairawhiti,4,suppressed
Campylobacteriosis,2006,Tairawhiti,58,126.3
Diphtheria,2006,Tairawhiti,0,0
Arboviral diseases,2006,Tairawhiti,0,0
Q fever,2006,Tairawhiti,0,0
Brucellosis,2006,Tairawhiti,0,0
Pertussis,2006,Tairawhiti,33,71.9
Tuberculosis disease,2006,Tairawhiti,0,0
Leprosy,2006,Tairawhiti,0,0
Taeniasis,2006,Tairawhiti,0,0
Malaria,2006,Tairawhiti,0,0
Trichinosis,2006,Tairawhiti,0,0
Invasive pneumococcal disease,2006,Tairawhiti,0,0
Meningococcal disease,2006,Tairawhiti,3,suppressed
Typhoid fever,2006,Tairawhiti,0,0
Mpox,2006,Tairawhiti,0,0
Cysticercosis,2006,Tairawhiti,0,0
Rheumatic fever,2006,Tairawhiti,3,suppressed
Giardiasis,2006,Tairawhiti,9,19.6
Hepatitis C,2006,Tairawhiti,1,suppressed
Haemophilus influenzae type b,2006,Tairawhiti,0,0
Rabies and other lyssaviruses,2006,Tairawhiti,0,0
Paratyphoid fever,2006,Tairawhiti,0,0
Hepatitis B,2006,Tairawhiti,1,suppressed
Measles,2006,Tairawhiti,0,0
Legionellosis,2006,Tairawhiti,1,suppressed
Meningoencephalitis - primary amoebic,2006,Tairawhiti,0,0
Invasive group A streptococcal infection,2006,Tairawhiti,0,0
Poliomyelitis,2006,Tairawhiti,0,0
Acute gastroenteritis,2006,Tairawhiti,0,0
Listeriosis,2006,Tairawhiti,0,0
Cholera,2006,Tairawhiti,0,0
Salmonellosis,2006,Tairawhiti,10,21.8
Mumps,2006,Tairawhiti,0,0
Cryptosporidiosis,2006,Tairawhiti,9,19.6
Leptospirosis,2006,Tairawhiti,2,suppressed
Rickettsial disease,2006,Tairawhiti,0,0
Rubella,2006,Tairawhiti,0,0
Taeniasis,2006,Taranaki,0,0
Leprosy,2006,Taranaki,0,0
Shigellosis,2006,Taranaki,0,0
Meningoencephalitis - primary amoebic,2006,Taranaki,0,0
Diphtheria,2006,Taranaki,0,0
Tetanus,2006,Taranaki,0,0
Hepatitis NOS,2006,Taranaki,0,0
Toxic shellfish poisoning,2006,Taranaki,0,0
Haemophilus influenzae type b,2006,Taranaki,0,0
Pertussis,2006,Taranaki,4,suppressed
Tuberculosis disease,2006,Taranaki,3,suppressed
Hydatid disease,2006,Taranaki,0,0
Malaria,2006,Taranaki,0,0
Q fever,2006,Taranaki,0,0
Invasive pneumococcal disease,2006,Taranaki,0,0
Trichinosis,2006,Taranaki,0,0
VTEC/STEC infection,2006,Taranaki,2,suppressed
Hepatitis A,2006,Taranaki,1,suppressed
Rickettsial disease,2006,Taranaki,0,0
Listeriosis,2006,Taranaki,0,0
Arboviral diseases,2006,Taranaki,0,0
Giardiasis,2006,Taranaki,12,11.2
Mpox,2006,Taranaki,0,0
Brucellosis,2006,Taranaki,0,0
Meningococcal disease,2006,Taranaki,3,suppressed
Rabies and other lyssaviruses,2006,Taranaki,0,0
Campylobacteriosis,2006,Taranaki,472,439.4
Mumps,2006,Taranaki,0,0
Legionellosis,2006,Taranaki,1,suppressed
Measles,2006,Taranaki,0,0
Hepatitis B,2006,Taranaki,2,suppressed
Poliomyelitis,2006,Taranaki,0,0
Cysticercosis,2006,Taranaki,0,0
Invasive group A streptococcal infection,2006,Taranaki,0,0
Rheumatic fever,2006,Taranaki,1,suppressed
Salmonellosis,2006,Taranaki,47,43.8
Leptospirosis,2006,Taranaki,6,5.6
Paratyphoid fever,2006,Taranaki,0,0
Hepatitis C,2006,Taranaki,6,5.6
Rubella,2006,Taranaki,0,0
Typhoid fever,2006,Taranaki,0,0
Yersiniosis,2006,Taranaki,7,6.5
Cholera,2006,Taranaki,0,0
Acute gastroenteritis,2006,Taranaki,6,5.6
Cryptosporidiosis,2006,Taranaki,15,14
Trichinosis,2006,Waikato,0,0
Taeniasis,2006,Waikato,0,0
Toxic shellfish poisoning,2006,Waikato,1,suppressed
VTEC/STEC infection,2006,Waikato,16,4.6
Mumps,2006,Waikato,2,suppressed
Hepatitis NOS,2006,Waikato,0,0
Hepatitis A,2006,Waikato,3,suppressed
Malaria,2006,Waikato,5,1.4
Meningoencephalitis - primary amoebic,2006,Waikato,0,0
Shigellosis,2006,Waikato,4,suppressed
Diphtheria,2006,Waikato,0,0
Tetanus,2006,Waikato,1,suppressed
Listeriosis,2006,Waikato,1,suppressed
Cholera,2006,Waikato,0,0
Haemophilus influenzae type b,2006,Waikato,1,suppressed
Legionellosis,2006,Waikato,2,suppressed
Salmonellosis,2006,Waikato,133,38
Cysticercosis,2006,Waikato,0,0
Giardiasis,2006,Waikato,135,38.5
Q fever,2006,Waikato,0,0
Typhoid fever,2006,Waikato,8,2.3
Tuberculosis disease,2006,Waikato,33,9.4
Hydatid disease,2006,Waikato,0,0
Rabies and other lyssaviruses,2006,Waikato,0,0
Leprosy,2006,Waikato,1,suppressed
Campylobacteriosis,2006,Waikato,1222,348.9
Acute gastroenteritis,2006,Waikato,47,13.4
Rubella,2006,Waikato,0,0
Pertussis,2006,Waikato,277,79.1
Hepatitis B,2006,Waikato,2,suppressed
Meningococcal disease,2006,Waikato,27,7.7
Rheumatic fever,2006,Waikato,10,2.9
Hepatitis C,2006,Waikato,0,0
Invasive pneumococcal disease,2006,Waikato,0,0
Rickettsial disease,2006,Waikato,13,3.7
Brucellosis,2006,Waikato,0,0
Measles,2006,Waikato,0,0
Arboviral diseases,2006,Waikato,0,0
Poliomyelitis,2006,Waikato,0,0
Cryptosporidiosis,2006,Waikato,96,27.4
Invasive group A streptococcal infection,2006,Waikato,0,0
Mpox,2006,Waikato,0,0
Yersiniosis,2006,Waikato,33,9.4
Paratyphoid fever,2006,Waikato,1,suppressed
Leptospirosis,2006,Waikato,8,2.3
Malaria,2006,Wairarapa,0,0
Legionellosis,2006,Wairarapa,2,suppressed
Diphtheria,2006,Wairarapa,0,0
Mumps,2006,Wairarapa,1,suppressed
Acute gastroenteritis,2006,Wairarapa,1,suppressed
Hepatitis C,2006,Wairarapa,0,0
Q fever,2006,Wairarapa,0,0
Measles,2006,Wairarapa,0,0
Hepatitis NOS,2006,Wairarapa,0,0
Listeriosis,2006,Wairarapa,0,0
Giardiasis,2006,Wairarapa,14,35.4
Cysticercosis,2006,Wairarapa,0,0
Tetanus,2006,Wairarapa,0,0
VTEC/STEC infection,2006,Wairarapa,0,0
Hydatid disease,2006,Wairarapa,0,0
Trichinosis,2006,Wairarapa,0,0
Pertussis,2006,Wairarapa,4,suppressed
Hepatitis B,2006,Wairarapa,1,suppressed
Poliomyelitis,2006,Wairarapa,0,0
Rheumatic fever,2006,Wairarapa,0,0
Rickettsial disease,2006,Wairarapa,0,0
Salmonellosis,2006,Wairarapa,16,40.4
Toxic shellfish poisoning,2006,Wairarapa,0,0
Meningococcal disease,2006,Wairarapa,2,suppressed
Haemophilus influenzae type b,2006,Wairarapa,0,0
Rubella,2006,Wairarapa,0,0
Shigellosis,2006,Wairarapa,0,0
Hepatitis A,2006,Wairarapa,1,suppressed
Meningoencephalitis - primary amoebic,2006,Wairarapa,0,0
Cryptosporidiosis,2006,Wairarapa,25,63.1
Leptospirosis,2006,Wairarapa,5,12.6
Yersiniosis,2006,Wairarapa,1,suppressed
Mpox,2006,Wairarapa,0,0
Campylobacteriosis,2006,Wairarapa,89,224.8
Tuberculosis disease,2006,Wairarapa,2,suppressed
Arboviral diseases,2006,Wairarapa,0,0
Taeniasis,2006,Wairarapa,0,0
Invasive group A streptococcal infection,2006,Wairarapa,0,0
Invasive pneumococcal disease,2006,Wairarapa,0,0
Rabies and other lyssaviruses,2006,Wairarapa,0,0
Leprosy,2006,Wairarapa,0,0
Paratyphoid fever,2006,Wairarapa,0,0
Typhoid fever,2006,Wairarapa,0,0
Brucellosis,2006,Wairarapa,0,0
Cholera,2006,Wairarapa,0,0
Arboviral diseases,2006,Waitemata,2,suppressed
Toxic shellfish poisoning,2006,Waitemata,0,0
Diphtheria,2006,Waitemata,0,0
Brucellosis,2006,Waitemata,0,0
Tuberculosis disease,2006,Waitemata,31,6.1
Salmonellosis,2006,Waitemata,131,26
Shigellosis,2006,Waitemata,19,3.8
Cholera,2006,Waitemata,0,0
Meningoencephalitis - primary amoebic,2006,Waitemata,0,0
Typhoid fever,2006,Waitemata,9,1.8
Hepatitis B,2006,Waitemata,11,2.2
Yersiniosis,2006,Waitemata,41,8.1
Poliomyelitis,2006,Waitemata,0,0
Malaria,2006,Waitemata,1,suppressed
Q fever,2006,Waitemata,0,0
Giardiasis,2006,Waitemata,118,23.4
Meningococcal disease,2006,Waitemata,6,1.2
Rabies and other lyssaviruses,2006,Waitemata,0,0
Hydatid disease,2006,Waitemata,0,0
Campylobacteriosis,2006,Waitemata,2319,459.5
Leprosy,2006,Waitemata,1,suppressed
Tetanus,2006,Waitemata,0,0
Invasive pneumococcal disease,2006,Waitemata,0,0
Cryptosporidiosis,2006,Waitemata,50,9.9
Rickettsial disease,2006,Waitemata,0,0
Pertussis,2006,Waitemata,14,2.8
Hepatitis C,2006,Waitemata,1,suppressed
Hepatitis NOS,2006,Waitemata,0,0
Rheumatic fever,2006,Waitemata,3,suppressed
Mumps,2006,Waitemata,6,1.2
Haemophilus influenzae type b,2006,Waitemata,1,suppressed
Paratyphoid fever,2006,Waitemata,2,suppressed
Measles,2006,Waitemata,2,suppressed
Trichinosis,2006,Waitemata,0,0
Legionellosis,2006,Waitemata,5,1
Acute gastroenteritis,2006,Waitemata,79,15.7
Rubella,2006,Waitemata,0,0
Listeriosis,2006,Waitemata,4,suppressed
Mpox,2006,Waitemata,0,0
VTEC/STEC infection,2006,Waitemata,12,2.4
Cysticercosis,2006,Waitemata,0,0
Hepatitis A,2006,Waitemata,15,3
Taeniasis,2006,Waitemata,0,0
Invasive group A streptococcal infection,2006,Waitemata,0,0
Leptospirosis,2006,Waitemata,1,suppressed
Cysticercosis,2006,West Coast,0,0
Giardiasis,2006,West Coast,4,suppressed
Rheumatic fever,2006,West Coast,0,0
Tetanus,2006,West Coast,0,0
Taeniasis,2006,West Coast,0,0
Paratyphoid fever,2006,West Coast,0,0
Rubella,2006,West Coast,0,0
Pertussis,2006,West Coast,16,49.9
Shigellosis,2006,West Coast,1,suppressed
VTEC/STEC infection,2006,West Coast,0,0
Rickettsial disease,2006,West Coast,0,0
Mpox,2006,West Coast,0,0
Trichinosis,2006,West Coast,0,0
Acute gastroenteritis,2006,West Coast,5,15.6
Poliomyelitis,2006,West Coast,0,0
Salmonellosis,2006,West Coast,5,15.6
Cryptosporidiosis,2006,West Coast,16,49.9
Arboviral diseases,2006,West Coast,0,0
Diphtheria,2006,West Coast,0,0
Typhoid fever,2006,West Coast,0,0
Brucellosis,2006,West Coast,0,0
Hydatid disease,2006,West Coast,0,0
Tuberculosis disease,2006,West Coast,2,suppressed
Leptospirosis,2006,West Coast,2,suppressed
Legionellosis,2006,West Coast,0,0
Meningoencephalitis - primary amoebic,2006,West Coast,0,0
Yersiniosis,2006,West Coast,6,18.7
Hepatitis B,2006,West Coast,0,0
Toxic shellfish poisoning,2006,West Coast,0,0
Mumps,2006,West Coast,0,0
Cholera,2006,West Coast,0,0
Malaria,2006,West Coast,1,suppressed
Leprosy,2006,West Coast,0,0
Hepatitis NOS,2006,West Coast,0,0
Hepatitis A,2006,West Coast,0,0
Haemophilus influenzae type b,2006,West Coast,0,0
Invasive group A streptococcal infection,2006,West Coast,0,0
Meningococcal disease,2006,West Coast,0,0
Q fever,2006,West Coast,0,0
Invasive pneumococcal disease,2006,West Coast,0,0
Hepatitis C,2006,West Coast,1,suppressed
Listeriosis,2006,West Coast,0,0
Campylobacteriosis,2006,West Coast,74,230.7
Rabies and other lyssaviruses,2006,West Coast,0,0
Measles,2006,West Coast,2,suppressed
Rabies and other lyssaviruses,2006,Whanganui,0,0
Mpox,2006,Whanganui,0,0
Taeniasis,2006,Whanganui,0,0
Diphtheria,2006,Whanganui,0,0
Hydatid disease,2006,Whanganui,0,0
Tetanus,2006,Whanganui,0,0
Meningoencephalitis - primary amoebic,2006,Whanganui,0,0
Hepatitis NOS,2006,Whanganui,0,0
Listeriosis,2006,Whanganui,0,0
Cryptosporidiosis,2006,Whanganui,20,31.3
Acute gastroenteritis,2006,Whanganui,45,70.4
Invasive group A streptococcal infection,2006,Whanganui,0,0
Q fever,2006,Whanganui,0,0
Arboviral diseases,2006,Whanganui,0,0
Hepatitis B,2006,Whanganui,1,suppressed
Brucellosis,2006,Whanganui,0,0
Malaria,2006,Whanganui,0,0
Leprosy,2006,Whanganui,0,0
Campylobacteriosis,2006,Whanganui,231,361.2
Tuberculosis disease,2006,Whanganui,2,suppressed
Measles,2006,Whanganui,0,0
Legionellosis,2006,Whanganui,0,0
Mumps,2006,Whanganui,2,suppressed
Yersiniosis,2006,Whanganui,8,12.5
Poliomyelitis,2006,Whanganui,0,0
Giardiasis,2006,Whanganui,22,34.4
Pertussis,2006,Whanganui,3,suppressed
Rickettsial disease,2006,Whanganui,0,0
Paratyphoid fever,2006,Whanganui,0,0
Hepatitis C,2006,Whanganui,0,0
Toxic shellfish poisoning,2006,Whanganui,0,0
VTEC/STEC infection,2006,Whanganui,0,0
Shigellosis,2006,Whanganui,5,7.8
Cholera,2006,Whanganui,0,0
Typhoid fever,2006,Whanganui,0,0
Cysticercosis,2006,Whanganui,0,0
Hepatitis A,2006,Whanganui,3,suppressed
Invasive pneumococcal disease,2006,Whanganui,0,0
Leptospirosis,2006,Whanganui,5,7.8
Salmonellosis,2006,Whanganui,14,21.9
Meningococcal disease,2006,Whanganui,0,0
Rheumatic fever,2006,Whanganui,3,suppressed
Rubella,2006,Whanganui,0,0
Haemophilus influenzae type b,2006,Whanganui,0,0
Trichinosis,2006,Whanganui,0,0
Hepatitis B,2007,Auckland,12,2.8
Taeniasis,2007,Auckland,0,0
Rickettsial disease,2007,Auckland,0,0
Meningoencephalitis - primary amoebic,2007,Auckland,0,0
Invasive pneumococcal disease,2007,Auckland,0,0
Toxic shellfish poisoning,2007,Auckland,0,0
Mpox,2007,Auckland,0,0
Acute gastroenteritis,2007,Auckland,93,21.5
Rheumatic fever,2007,Auckland,18,4.2
Pertussis,2007,Auckland,12,2.8
Invasive group A streptococcal infection,2007,Auckland,0,0
Arboviral diseases,2007,Auckland,32,7.4
Hydatid disease,2007,Auckland,1,suppressed
Diphtheria,2007,Auckland,0,0
Hepatitis NOS,2007,Auckland,0,0
VTEC/STEC infection,2007,Auckland,4,suppressed
Legionellosis,2007,Auckland,7,1.6
Trichinosis,2007,Auckland,0,0
Rubella,2007,Auckland,0,0
Leptospirosis,2007,Auckland,0,0
Yersiniosis,2007,Auckland,41,9.5
Poliomyelitis,2007,Auckland,0,0
Hepatitis C,2007,Auckland,3,suppressed
Q fever,2007,Auckland,0,0
Shigellosis,2007,Auckland,27,6.2
Malaria,2007,Auckland,8,1.9
Haemophilus influenzae type b,2007,Auckland,0,0
Tetanus,2007,Auckland,0,0
Listeriosis,2007,Auckland,3,suppressed
Hepatitis A,2007,Auckland,5,1.2
Cholera,2007,Auckland,0,0
Typhoid fever,2007,Auckland,12,2.8
Tuberculosis disease,2007,Auckland,52,12
Cryptosporidiosis,2007,Auckland,45,10.4
Salmonellosis,2007,Auckland,110,25.4
Giardiasis,2007,Auckland,188,43.5
Mumps,2007,Auckland,8,1.9
Leprosy,2007,Auckland,1,suppressed
Rabies and other lyssaviruses,2007,Auckland,0,0
Paratyphoid fever,2007,Auckland,1,suppressed
Cysticercosis,2007,Auckland,0,0
Brucellosis,2007,Auckland,1,suppressed
Measles,2007,Auckland,0,0
Campylobacteriosis,2007,Auckland,1381,319.5
Meningococcal disease,2007,Auckland,9,2.1
Pertussis,2007,Bay of Plenty,24,11.8
Hepatitis NOS,2007,Bay of Plenty,0,0
Taeniasis,2007,Bay of Plenty,0,0
Toxic shellfish poisoning,2007,Bay of Plenty,0,0
Trichinosis,2007,Bay of Plenty,0,0
VTEC/STEC infection,2007,Bay of Plenty,8,3.9
Cryptosporidiosis,2007,Bay of Plenty,30,14.7
Invasive pneumococcal disease,2007,Bay of Plenty,0,0
Rheumatic fever,2007,Bay of Plenty,5,2.5
Rubella,2007,Bay of Plenty,0,0
Diphtheria,2007,Bay of Plenty,0,0
Listeriosis,2007,Bay of Plenty,2,suppressed
Cholera,2007,Bay of Plenty,0,0
Cysticercosis,2007,Bay of Plenty,0,0
Tetanus,2007,Bay of Plenty,0,0
Leptospirosis,2007,Bay of Plenty,2,suppressed
Malaria,2007,Bay of Plenty,0,0
Mumps,2007,Bay of Plenty,3,suppressed
Meningoencephalitis - primary amoebic,2007,Bay of Plenty,0,0
Arboviral diseases,2007,Bay of Plenty,3,suppressed
Hepatitis A,2007,Bay of Plenty,3,suppressed
Hepatitis B,2007,Bay of Plenty,3,suppressed
Giardiasis,2007,Bay of Plenty,71,34.9
Hydatid disease,2007,Bay of Plenty,0,0
Typhoid fever,2007,Bay of Plenty,0,0
Legionellosis,2007,Bay of Plenty,1,suppressed
Shigellosis,2007,Bay of Plenty,7,3.4
Tuberculosis disease,2007,Bay of Plenty,8,3.9
Poliomyelitis,2007,Bay of Plenty,0,0
Haemophilus influenzae type b,2007,Bay of Plenty,1,suppressed
Rickettsial disease,2007,Bay of Plenty,0,0
Acute gastroenteritis,2007,Bay of Plenty,14,6.9
Meningococcal disease,2007,Bay of Plenty,3,suppressed
Measles,2007,Bay of Plenty,1,suppressed
Q fever,2007,Bay of Plenty,0,0
Brucellosis,2007,Bay of Plenty,0,0
Yersiniosis,2007,Bay of Plenty,20,9.8
Paratyphoid fever,2007,Bay of Plenty,2,suppressed
Leprosy,2007,Bay of Plenty,0,0
Campylobacteriosis,2007,Bay of Plenty,498,244.7
Rabies and other lyssaviruses,2007,Bay of Plenty,0,0
Invasive group A streptococcal infection,2007,Bay of Plenty,0,0
Mpox,2007,Bay of Plenty,0,0
Salmonellosis,2007,Bay of Plenty,92,45.2
Hepatitis C,2007,Bay of Plenty,0,0
Tuberculosis disease,2007,Canterbury,36,7.3
Mumps,2007,Canterbury,7,1.4
Tetanus,2007,Canterbury,0,0
Leprosy,2007,Canterbury,0,0
Toxic shellfish poisoning,2007,Canterbury,0,0
Giardiasis,2007,Canterbury,124,25.2
Measles,2007,Canterbury,3,suppressed
VTEC/STEC infection,2007,Canterbury,19,3.9
Shigellosis,2007,Canterbury,17,3.5
Taeniasis,2007,Canterbury,0,0
Invasive group A streptococcal infection,2007,Canterbury,0,0
Listeriosis,2007,Canterbury,1,suppressed
Paratyphoid fever,2007,Canterbury,1,suppressed
Legionellosis,2007,Canterbury,12,2.4
Malaria,2007,Canterbury,4,suppressed
Rabies and other lyssaviruses,2007,Canterbury,0,0
Brucellosis,2007,Canterbury,0,0
Meningococcal disease,2007,Canterbury,14,2.9
Cholera,2007,Canterbury,0,0
Hepatitis A,2007,Canterbury,3,suppressed
Arboviral diseases,2007,Canterbury,3,suppressed
Acute gastroenteritis,2007,Canterbury,145,29.5
Leptospirosis,2007,Canterbury,9,1.8
Poliomyelitis,2007,Canterbury,0,0
Diphtheria,2007,Canterbury,0,0
Hepatitis NOS,2007,Canterbury,0,0
Campylobacteriosis,2007,Canterbury,1754,357.1
Hepatitis C,2007,Canterbury,9,1.8
Salmonellosis,2007,Canterbury,147,29.9
Pertussis,2007,Canterbury,68,13.8
Hepatitis B,2007,Canterbury,9,1.8
Hydatid disease,2007,Canterbury,0,0
Invasive pneumococcal disease,2007,Canterbury,0,0
Q fever,2007,Canterbury,0,0
Rubella,2007,Canterbury,0,0
Trichinosis,2007,Canterbury,0,0
Rheumatic fever,2007,Canterbury,3,suppressed
Haemophilus influenzae type b,2007,Canterbury,0,0
Rickettsial disease,2007,Canterbury,0,0
Cysticercosis,2007,Canterbury,0,0
Meningoencephalitis - primary amoebic,2007,Canterbury,0,0
Typhoid fever,2007,Canterbury,2,suppressed
Yersiniosis,2007,Canterbury,114,23.2
Mpox,2007,Canterbury,0,0
Cryptosporidiosis,2007,Canterbury,70,14.3
Leptospirosis,2007,"Capital, Coast and Hutt Valley",1,suppressed
Rubella,2007,"Capital, Coast and Hutt Valley",3,suppressed
Mumps,2007,"Capital, Coast and Hutt Valley",8,1.9
Toxic shellfish poisoning,2007,"Capital, Coast and Hutt Valley",1,suppressed
Measles,2007,"Capital, Coast and Hutt Valley",6,1.4
Listeriosis,2007,"Capital, Coast and Hutt Valley",4,suppressed
Rheumatic fever,2007,"Capital, Coast and Hutt Valley",15,3.6
Invasive group A streptococcal infection,2007,"Capital, Coast and Hutt Valley",0,0
Legionellosis,2007,"Capital, Coast and Hutt Valley",7,1.7
Campylobacteriosis,2007,"Capital, Coast and Hutt Valley",1425,337.9
Meningoencephalitis - primary amoebic,2007,"Capital, Coast and Hutt Valley",0,0
Typhoid fever,2007,"Capital, Coast and Hutt Valley",3,suppressed
Rickettsial disease,2007,"Capital, Coast and Hutt Valley",0,0
Acute gastroenteritis,2007,"Capital, Coast and Hutt Valley",86,20.4
Hepatitis A,2007,"Capital, Coast and Hutt Valley",3,suppressed
Diphtheria,2007,"Capital, Coast and Hutt Valley",0,0
Q fever,2007,"Capital, Coast and Hutt Valley",0,0
Hepatitis B,2007,"Capital, Coast and Hutt Valley",8,1.9
Pertussis,2007,"Capital, Coast and Hutt Valley",24,5.7
Haemophilus influenzae type b,2007,"Capital, Coast and Hutt Valley",0,0
Leprosy,2007,"Capital, Coast and Hutt Valley",1,suppressed
Cryptosporidiosis,2007,"Capital, Coast and Hutt Valley",135,32
Tuberculosis disease,2007,"Capital, Coast and Hutt Valley",28,6.6
Cholera,2007,"Capital, Coast and Hutt Valley",0,0
Hepatitis NOS,2007,"Capital, Coast and Hutt Valley",0,0
Mpox,2007,"Capital, Coast and Hutt Valley",0,0
Yersiniosis,2007,"Capital, Coast and Hutt Valley",69,16.4
Poliomyelitis,2007,"Capital, Coast and Hutt Valley",0,0
Rabies and other lyssaviruses,2007,"Capital, Coast and Hutt Valley",0,0
Salmonellosis,2007,"Capital, Coast and Hutt Valley",160,37.9
VTEC/STEC infection,2007,"Capital, Coast and Hutt Valley",3,suppressed
Hydatid disease,2007,"Capital, Coast and Hutt Valley",0,0
Shigellosis,2007,"Capital, Coast and Hutt Valley",10,2.4
Brucellosis,2007,"Capital, Coast and Hutt Valley",0,0
Arboviral diseases,2007,"Capital, Coast and Hutt Valley",0,0
Tetanus,2007,"Capital, Coast and Hutt Valley",0,0
Invasive pneumococcal disease,2007,"Capital, Coast and Hutt Valley",0,0
Trichinosis,2007,"Capital, Coast and Hutt Valley",0,0
Malaria,2007,"Capital, Coast and Hutt Valley",3,suppressed
Giardiasis,2007,"Capital, Coast and Hutt Valley",174,41.3
Taeniasis,2007,"Capital, Coast and Hutt Valley",0,0
Paratyphoid fever,2007,"Capital, Coast and Hutt Valley",2,suppressed
Hepatitis C,2007,"Capital, Coast and Hutt Valley",4,suppressed
Meningococcal disease,2007,"Capital, Coast and Hutt Valley",14,3.3
Cysticercosis,2007,"Capital, Coast and Hutt Valley",0,0
Hydatid disease,2007,Counties Manukau,2,suppressed
Rabies and other lyssaviruses,2007,Counties Manukau,0,0
Shigellosis,2007,Counties Manukau,18,3.9
Taeniasis,2007,Counties Manukau,0,0
Hepatitis C,2007,Counties Manukau,1,suppressed
Tetanus,2007,Counties Manukau,0,0
Tuberculosis disease,2007,Counties Manukau,39,8.4
Hepatitis NOS,2007,Counties Manukau,1,suppressed
Q fever,2007,Counties Manukau,0,0
Toxic shellfish poisoning,2007,Counties Manukau,0,0
Cysticercosis,2007,Counties Manukau,1,suppressed
Arboviral diseases,2007,Counties Manukau,37,8
Listeriosis,2007,Counties Manukau,5,1.1
Diphtheria,2007,Counties Manukau,0,0
Malaria,2007,Counties Manukau,3,suppressed
Haemophilus influenzae type b,2007,Counties Manukau,3,suppressed
Invasive pneumococcal disease,2007,Counties Manukau,0,0
Brucellosis,2007,Counties Manukau,2,suppressed
Acute gastroenteritis,2007,Counties Manukau,54,11.7
Poliomyelitis,2007,Counties Manukau,0,0
Rheumatic fever,2007,Counties Manukau,55,11.9
Giardiasis,2007,Counties Manukau,129,27.9
Meningococcal disease,2007,Counties Manukau,17,3.7
Typhoid fever,2007,Counties Manukau,17,3.7
Yersiniosis,2007,Counties Manukau,20,4.3
Rickettsial disease,2007,Counties Manukau,0,0
Rubella,2007,Counties Manukau,0,0
Pertussis,2007,Counties Manukau,17,3.7
VTEC/STEC infection,2007,Counties Manukau,3,suppressed
Trichinosis,2007,Counties Manukau,0,0
Cholera,2007,Counties Manukau,1,suppressed
Paratyphoid fever,2007,Counties Manukau,9,1.9
Leptospirosis,2007,Counties Manukau,1,suppressed
Hepatitis B,2007,Counties Manukau,9,1.9
Mpox,2007,Counties Manukau,0,0
Meningoencephalitis - primary amoebic,2007,Counties Manukau,0,0
Mumps,2007,Counties Manukau,16,3.5
Cryptosporidiosis,2007,Counties Manukau,57,12.3
Legionellosis,2007,Counties Manukau,4,suppressed
Measles,2007,Counties Manukau,1,suppressed
Leprosy,2007,Counties Manukau,6,1.3
Campylobacteriosis,2007,Counties Manukau,1119,242.4
Invasive group A streptococcal infection,2007,Counties Manukau,0,0
Salmonellosis,2007,Counties Manukau,84,18.2
Hepatitis A,2007,Counties Manukau,9,1.9
Tetanus,2007,Hawke's Bay,0,0
Poliomyelitis,2007,Hawke's Bay,0,0
Rubella,2007,Hawke's Bay,0,0
Hepatitis B,2007,Hawke's Bay,5,3.3
Yersiniosis,2007,Hawke's Bay,27,17.7
Pertussis,2007,Hawke's Bay,10,6.5
Giardiasis,2007,Hawke's Bay,36,23.6
Taeniasis,2007,Hawke's Bay,0,0
Acute gastroenteritis,2007,Hawke's Bay,21,13.7
Toxic shellfish poisoning,2007,Hawke's Bay,0,0
Invasive group A streptococcal infection,2007,Hawke's Bay,0,0
Meningococcal disease,2007,Hawke's Bay,12,7.9
Malaria,2007,Hawke's Bay,0,0
Mpox,2007,Hawke's Bay,0,0
Leptospirosis,2007,Hawke's Bay,8,5.2
VTEC/STEC infection,2007,Hawke's Bay,2,suppressed
Cysticercosis,2007,Hawke's Bay,0,0
Rheumatic fever,2007,Hawke's Bay,9,5.9
Diphtheria,2007,Hawke's Bay,0,0
Cryptosporidiosis,2007,Hawke's Bay,37,24.2
Paratyphoid fever,2007,Hawke's Bay,1,suppressed
Tuberculosis disease,2007,Hawke's Bay,17,11.1
Salmonellosis,2007,Hawke's Bay,50,32.7
Mumps,2007,Hawke's Bay,4,suppressed
Legionellosis,2007,Hawke's Bay,0,0
Trichinosis,2007,Hawke's Bay,0,0
Invasive pneumococcal disease,2007,Hawke's Bay,0,0
Meningoencephalitis - primary amoebic,2007,Hawke's Bay,0,0
Rabies and other lyssaviruses,2007,Hawke's Bay,0,0
Q fever,2007,Hawke's Bay,0,0
Rickettsial disease,2007,Hawke's Bay,0,0
Listeriosis,2007,Hawke's Bay,0,0
Shigellosis,2007,Hawke's Bay,2,suppressed
Leprosy,2007,Hawke's Bay,0,0
Hydatid disease,2007,Hawke's Bay,2,suppressed
Haemophilus influenzae type b,2007,Hawke's Bay,3,suppressed
Cholera,2007,Hawke's Bay,0,0
Hepatitis NOS,2007,Hawke's Bay,0,0
Measles,2007,Hawke's Bay,0,0
Typhoid fever,2007,Hawke's Bay,0,0
Campylobacteriosis,2007,Hawke's Bay,460,301.1
Brucellosis,2007,Hawke's Bay,0,0
Hepatitis C,2007,Hawke's Bay,0,0
Hepatitis A,2007,Hawke's Bay,4,suppressed
Arboviral diseases,2007,Hawke's Bay,1,suppressed
Hepatitis NOS,2007,Lakes,0,0
Rheumatic fever,2007,Lakes,3,suppressed
Tetanus,2007,Lakes,0,0
Malaria,2007,Lakes,0,0
Taeniasis,2007,Lakes,0,0
Q fever,2007,Lakes,0,0
Diphtheria,2007,Lakes,0,0
Arboviral diseases,2007,Lakes,0,0
Listeriosis,2007,Lakes,0,0
Trichinosis,2007,Lakes,0,0
Poliomyelitis,2007,Lakes,0,0
Cysticercosis,2007,Lakes,0,0
Giardiasis,2007,Lakes,38,37.5
Mpox,2007,Lakes,0,0
Hepatitis B,2007,Lakes,1,suppressed
Mumps,2007,Lakes,1,suppressed
Yersiniosis,2007,Lakes,22,21.7
Brucellosis,2007,Lakes,0,0
Measles,2007,Lakes,0,0
Leptospirosis,2007,Lakes,0,0
Hydatid disease,2007,Lakes,0,0
Meningoencephalitis - primary amoebic,2007,Lakes,0,0
Invasive pneumococcal disease,2007,Lakes,0,0
Pertussis,2007,Lakes,7,6.9
Legionellosis,2007,Lakes,1,suppressed
Rickettsial disease,2007,Lakes,0,0
Paratyphoid fever,2007,Lakes,1,suppressed
VTEC/STEC infection,2007,Lakes,4,suppressed
Acute gastroenteritis,2007,Lakes,12,11.8
Shigellosis,2007,Lakes,8,7.9
Tuberculosis disease,2007,Lakes,1,suppressed
Hepatitis A,2007,Lakes,0,0
Leprosy,2007,Lakes,0,0
Cryptosporidiosis,2007,Lakes,15,14.8
Invasive group A streptococcal infection,2007,Lakes,0,0
Rubella,2007,Lakes,0,0
Hepatitis C,2007,Lakes,2,suppressed
Salmonellosis,2007,Lakes,27,26.6
Campylobacteriosis,2007,Lakes,288,284
Rabies and other lyssaviruses,2007,Lakes,0,0
Cholera,2007,Lakes,0,0
Typhoid fever,2007,Lakes,0,0
Toxic shellfish poisoning,2007,Lakes,0,0
Haemophilus influenzae type b,2007,Lakes,0,0
Meningococcal disease,2007,Lakes,1,suppressed
Hepatitis B,2007,MidCentral,0,0
Invasive pneumococcal disease,2007,MidCentral,0,0
Giardiasis,2007,MidCentral,42,25.6
Toxic shellfish poisoning,2007,MidCentral,0,0
Shigellosis,2007,MidCentral,2,suppressed
Meningoencephalitis - primary amoebic,2007,MidCentral,0,0
Trichinosis,2007,MidCentral,0,0
Invasive group A streptococcal infection,2007,MidCentral,0,0
Rubella,2007,MidCentral,1,suppressed
Taeniasis,2007,MidCentral,0,0
Paratyphoid fever,2007,MidCentral,1,suppressed
Pertussis,2007,MidCentral,8,4.9
Hydatid disease,2007,MidCentral,0,0
Malaria,2007,MidCentral,0,0
Tuberculosis disease,2007,MidCentral,10,6.1
Rabies and other lyssaviruses,2007,MidCentral,0,0
Typhoid fever,2007,MidCentral,3,suppressed
Cholera,2007,MidCentral,0,0
Measles,2007,MidCentral,0,0
Salmonellosis,2007,MidCentral,44,26.8
Mpox,2007,MidCentral,0,0
Yersiniosis,2007,MidCentral,7,4.3
Poliomyelitis,2007,MidCentral,0,0
Diphtheria,2007,MidCentral,0,0
Hepatitis NOS,2007,MidCentral,0,0
Listeriosis,2007,MidCentral,1,suppressed
Q fever,2007,MidCentral,0,0
Tetanus,2007,MidCentral,0,0
Haemophilus influenzae type b,2007,MidCentral,1,suppressed
VTEC/STEC infection,2007,MidCentral,2,suppressed
Mumps,2007,MidCentral,3,suppressed
Legionellosis,2007,MidCentral,2,suppressed
Rheumatic fever,2007,MidCentral,1,suppressed
Cryptosporidiosis,2007,MidCentral,50,30.5
Acute gastroenteritis,2007,MidCentral,32,19.5
Campylobacteriosis,2007,MidCentral,332,202.3
Brucellosis,2007,MidCentral,0,0
Hepatitis C,2007,MidCentral,0,0
Hepatitis A,2007,MidCentral,0,0
Leptospirosis,2007,MidCentral,11,6.7
Leprosy,2007,MidCentral,0,0
Cysticercosis,2007,MidCentral,0,0
Arboviral diseases,2007,MidCentral,0,0
Rickettsial disease,2007,MidCentral,0,0
Meningococcal disease,2007,MidCentral,1,suppressed
Leprosy,2007,Nelson Marlborough,0,0
Cholera,2007,Nelson Marlborough,0,0
Diphtheria,2007,Nelson Marlborough,0,0
Cryptosporidiosis,2007,Nelson Marlborough,30,22.3
Acute gastroenteritis,2007,Nelson Marlborough,5,3.7
Salmonellosis,2007,Nelson Marlborough,36,26.7
Q fever,2007,Nelson Marlborough,0,0
Meningoencephalitis - primary amoebic,2007,Nelson Marlborough,0,0
Legionellosis,2007,Nelson Marlborough,2,suppressed
Shigellosis,2007,Nelson Marlborough,4,suppressed
Toxic shellfish poisoning,2007,Nelson Marlborough,0,0
Mumps,2007,Nelson Marlborough,1,suppressed
Listeriosis,2007,Nelson Marlborough,0,0
Yersiniosis,2007,Nelson Marlborough,7,5.2
Typhoid fever,2007,Nelson Marlborough,1,suppressed
Arboviral diseases,2007,Nelson Marlborough,3,suppressed
Campylobacteriosis,2007,Nelson Marlborough,409,303.8
Tuberculosis disease,2007,Nelson Marlborough,4,suppressed
Rickettsial disease,2007,Nelson Marlborough,0,0
Hydatid disease,2007,Nelson Marlborough,0,0
VTEC/STEC infection,2007,Nelson Marlborough,5,3.7
Leptospirosis,2007,Nelson Marlborough,3,suppressed
Mpox,2007,Nelson Marlborough,0,0
Measles,2007,Nelson Marlborough,1,suppressed
Giardiasis,2007,Nelson Marlborough,93,69.1
Pertussis,2007,Nelson Marlborough,28,20.8
Tetanus,2007,Nelson Marlborough,0,0
Taeniasis,2007,Nelson Marlborough,0,0
Rabies and other lyssaviruses,2007,Nelson Marlborough,0,0
Hepatitis A,2007,Nelson Marlborough,1,suppressed
Invasive group A streptococcal infection,2007,Nelson Marlborough,0,0
Rubella,2007,Nelson Marlborough,1,suppressed
Haemophilus influenzae type b,2007,Nelson Marlborough,0,0
Cysticercosis,2007,Nelson Marlborough,0,0
Malaria,2007,Nelson Marlborough,1,suppressed
Hepatitis B,2007,Nelson Marlborough,3,suppressed
Poliomyelitis,2007,Nelson Marlborough,0,0
Hepatitis NOS,2007,Nelson Marlborough,0,0
Trichinosis,2007,Nelson Marlborough,0,0
Meningococcal disease,2007,Nelson Marlborough,1,suppressed
Brucellosis,2007,Nelson Marlborough,0,0
Invasive pneumococcal disease,2007,Nelson Marlborough,0,0
Hepatitis C,2007,Nelson Marlborough,0,0
Rheumatic fever,2007,Nelson Marlborough,0,0
Paratyphoid fever,2007,Nelson Marlborough,0,0
Shigellosis,2007,Northland,2,suppressed
Haemophilus influenzae type b,2007,Northland,1,suppressed
Toxic shellfish poisoning,2007,Northland,0,0
Tetanus,2007,Northland,0,0
Taeniasis,2007,Northland,0,0
Hepatitis NOS,2007,Northland,0,0
Diphtheria,2007,Northland,0,0
Paratyphoid fever,2007,Northland,1,suppressed
Hydatid disease,2007,Northland,0,0
Tuberculosis disease,2007,Northland,15,9.7
Brucellosis,2007,Northland,0,0
Rheumatic fever,2007,Northland,6,3.9
Rabies and other lyssaviruses,2007,Northland,0,0
Giardiasis,2007,Northland,73,47.2
Cysticercosis,2007,Northland,0,0
Trichinosis,2007,Northland,0,0
Hepatitis C,2007,Northland,0,0
Malaria,2007,Northland,1,suppressed
Q fever,2007,Northland,0,0
Acute gastroenteritis,2007,Northland,4,suppressed
Mpox,2007,Northland,0,0
Listeriosis,2007,Northland,4,suppressed
Pertussis,2007,Northland,5,3.2
Leprosy,2007,Northland,0,0
Typhoid fever,2007,Northland,0,0
Arboviral diseases,2007,Northland,1,suppressed
Salmonellosis,2007,Northland,60,38.8
Invasive group A streptococcal infection,2007,Northland,0,0
Hepatitis B,2007,Northland,1,suppressed
Meningoencephalitis - primary amoebic,2007,Northland,0,0
Rubella,2007,Northland,1,suppressed
Invasive pneumococcal disease,2007,Northland,0,0
Meningococcal disease,2007,Northland,6,3.9
Poliomyelitis,2007,Northland,0,0
Cholera,2007,Northland,0,0
Hepatitis A,2007,Northland,1,suppressed
Leptospirosis,2007,Northland,2,suppressed
Legionellosis,2007,Northland,4,suppressed
Yersiniosis,2007,Northland,11,7.1
Mumps,2007,Northland,1,suppressed
Rickettsial disease,2007,Northland,0,0
VTEC/STEC infection,2007,Northland,3,suppressed
Measles,2007,Northland,0,0
Cryptosporidiosis,2007,Northland,24,15.5
Campylobacteriosis,2007,Northland,369,238.7
Taeniasis,2007,South Canterbury,0,0
Toxic shellfish poisoning,2007,South Canterbury,0,0
Haemophilus influenzae type b,2007,South Canterbury,0,0
Salmonellosis,2007,South Canterbury,10,18.1
Tetanus,2007,South Canterbury,0,0
Shigellosis,2007,South Canterbury,1,suppressed
Paratyphoid fever,2007,South Canterbury,0,0
Tuberculosis disease,2007,South Canterbury,1,suppressed
Mumps,2007,South Canterbury,0,0
Giardiasis,2007,South Canterbury,12,21.7
Hepatitis NOS,2007,South Canterbury,0,0
Hepatitis C,2007,South Canterbury,0,0
Acute gastroenteritis,2007,South Canterbury,4,suppressed
Hydatid disease,2007,South Canterbury,0,0
Brucellosis,2007,South Canterbury,0,0
Diphtheria,2007,South Canterbury,0,0
Arboviral diseases,2007,South Canterbury,0,0
Rabies and other lyssaviruses,2007,South Canterbury,0,0
Cysticercosis,2007,South Canterbury,0,0
Malaria,2007,South Canterbury,0,0
Trichinosis,2007,South Canterbury,0,0
Hepatitis A,2007,South Canterbury,0,0
Q fever,2007,South Canterbury,0,0
Poliomyelitis,2007,South Canterbury,0,0
Listeriosis,2007,South Canterbury,1,suppressed
Pertussis,2007,South Canterbury,15,27.1
Legionellosis,2007,South Canterbury,0,0
Leprosy,2007,South Canterbury,0,0
Rubella,2007,South Canterbury,0,0
Meningoencephalitis - primary amoebic,2007,South Canterbury,0,0
Invasive pneumococcal disease,2007,South Canterbury,0,0
Rheumatic fever,2007,South Canterbury,0,0
Hepatitis B,2007,South Canterbury,0,0
Mpox,2007,South Canterbury,0,0
Typhoid fever,2007,South Canterbury,0,0
Measles,2007,South Canterbury,0,0
Meningococcal disease,2007,South Canterbury,0,0
VTEC/STEC infection,2007,South Canterbury,3,suppressed
Cryptosporidiosis,2007,South Canterbury,41,74.1
Cholera,2007,South Canterbury,0,0
Invasive group A streptococcal infection,2007,South Canterbury,0,0
Rickettsial disease,2007,South Canterbury,0,0
Campylobacteriosis,2007,South Canterbury,220,397.6
Yersiniosis,2007,South Canterbury,14,25.3
Leptospirosis,2007,South Canterbury,2,suppressed
Tetanus,2007,Southern,0,0
Rabies and other lyssaviruses,2007,Southern,0,0
Toxic shellfish poisoning,2007,Southern,0,0
Mumps,2007,Southern,4,suppressed
Shigellosis,2007,Southern,8,2.7
Salmonellosis,2007,Southern,129,43.6
Diphtheria,2007,Southern,0,0
Hepatitis NOS,2007,Southern,0,0
Legionellosis,2007,Southern,2,suppressed
Tuberculosis disease,2007,Southern,3,suppressed
Meningococcal disease,2007,Southern,9,3
Brucellosis,2007,Southern,0,0
Paratyphoid fever,2007,Southern,0,0
Leptospirosis,2007,Southern,6,2
Poliomyelitis,2007,Southern,0,0
Arboviral diseases,2007,Southern,0,0
VTEC/STEC infection,2007,Southern,6,2
Listeriosis,2007,Southern,2,suppressed
Taeniasis,2007,Southern,0,0
Q fever,2007,Southern,0,0
Rubella,2007,Southern,1,suppressed
Malaria,2007,Southern,0,0
Hydatid disease,2007,Southern,0,0
Haemophilus influenzae type b,2007,Southern,0,0
Giardiasis,2007,Southern,107,36.2
Hepatitis A,2007,Southern,2,suppressed
Measles,2007,Southern,0,0
Cholera,2007,Southern,0,0
Campylobacteriosis,2007,Southern,945,319.6
Acute gastroenteritis,2007,Southern,11,3.7
Hepatitis B,2007,Southern,1,suppressed
Rheumatic fever,2007,Southern,0,0
Mpox,2007,Southern,0,0
Invasive pneumococcal disease,2007,Southern,0,0
Hepatitis C,2007,Southern,2,suppressed
Leprosy,2007,Southern,0,0
Yersiniosis,2007,Southern,14,4.7
Cysticercosis,2007,Southern,0,0
Pertussis,2007,Southern,18,6.1
Invasive group A streptococcal infection,2007,Southern,0,0
Meningoencephalitis - primary amoebic,2007,Southern,0,0
Typhoid fever,2007,Southern,1,suppressed
Trichinosis,2007,Southern,0,0
Rickettsial disease,2007,Southern,0,0
Cryptosporidiosis,2007,Southern,94,31.8
Listeriosis,2007,Tairawhiti,0,0
Taeniasis,2007,Tairawhiti,0,0
Diphtheria,2007,Tairawhiti,0,0
Hepatitis B,2007,Tairawhiti,0,0
Rickettsial disease,2007,Tairawhiti,0,0
Q fever,2007,Tairawhiti,0,0
Acute gastroenteritis,2007,Tairawhiti,0,0
Mpox,2007,Tairawhiti,0,0
Leptospirosis,2007,Tairawhiti,1,suppressed
Typhoid fever,2007,Tairawhiti,0,0
Arboviral diseases,2007,Tairawhiti,0,0
Cysticercosis,2007,Tairawhiti,0,0
Brucellosis,2007,Tairawhiti,0,0
Giardiasis,2007,Tairawhiti,11,24
Leprosy,2007,Tairawhiti,0,0
Hydatid disease,2007,Tairawhiti,0,0
Tuberculosis disease,2007,Tairawhiti,0,0
Cholera,2007,Tairawhiti,0,0
Legionellosis,2007,Tairawhiti,10,21.8
Mumps,2007,Tairawhiti,0,0
Poliomyelitis,2007,Tairawhiti,0,0
Rubella,2007,Tairawhiti,0,0
Yersiniosis,2007,Tairawhiti,9,19.6
Pertussis,2007,Tairawhiti,4,suppressed
Campylobacteriosis,2007,Tairawhiti,49,106.7
Tetanus,2007,Tairawhiti,0,0
Malaria,2007,Tairawhiti,1,suppressed
Toxic shellfish poisoning,2007,Tairawhiti,0,0
VTEC/STEC infection,2007,Tairawhiti,0,0
Invasive group A streptococcal infection,2007,Tairawhiti,0,0
Shigellosis,2007,Tairawhiti,0,0
Hepatitis A,2007,Tairawhiti,0,0
Invasive pneumococcal disease,2007,Tairawhiti,0,0
Rabies and other lyssaviruses,2007,Tairawhiti,0,0
Meningoencephalitis - primary amoebic,2007,Tairawhiti,0,0
Trichinosis,2007,Tairawhiti,0,0
Hepatitis NOS,2007,Tairawhiti,0,0
Measles,2007,Tairawhiti,0,0
Meningococcal disease,2007,Tairawhiti,4,suppressed
Hepatitis C,2007,Tairawhiti,0,0
Salmonellosis,2007,Tairawhiti,11,24
Haemophilus influenzae type b,2007,Tairawhiti,0,0
Cryptosporidiosis,2007,Tairawhiti,3,suppressed
Paratyphoid fever,2007,Tairawhiti,0,0
Rheumatic fever,2007,Tairawhiti,3,suppressed
Listeriosis,2007,Taranaki,1,suppressed
Yersiniosis,2007,Taranaki,17,15.8
Tetanus,2007,Taranaki,0,0
Arboviral diseases,2007,Taranaki,2,suppressed
Hepatitis B,2007,Taranaki,3,suppressed
Acute gastroenteritis,2007,Taranaki,6,5.6
Poliomyelitis,2007,Taranaki,0,0
Leptospirosis,2007,Taranaki,3,suppressed
Giardiasis,2007,Taranaki,16,14.9
Toxic shellfish poisoning,2007,Taranaki,2,suppressed
Cryptosporidiosis,2007,Taranaki,21,19.5
Leprosy,2007,Taranaki,0,0
Malaria,2007,Taranaki,0,0
Legionellosis,2007,Taranaki,1,suppressed
Cholera,2007,Taranaki,0,0
Invasive group A streptococcal infection,2007,Taranaki,0,0
Rubella,2007,Taranaki,0,0
Cysticercosis,2007,Taranaki,0,0
Pertussis,2007,Taranaki,0,0
Meningoencephalitis - primary amoebic,2007,Taranaki,0,0
Paratyphoid fever,2007,Taranaki,1,suppressed
Rheumatic fever,2007,Taranaki,0,0
Taeniasis,2007,Taranaki,0,0
Hepatitis NOS,2007,Taranaki,0,0
Mumps,2007,Taranaki,1,suppressed
Tuberculosis disease,2007,Taranaki,3,suppressed
Hydatid disease,2007,Taranaki,0,0
Hepatitis A,2007,Taranaki,2,suppressed
Salmonellosis,2007,Taranaki,28,26
Measles,2007,Taranaki,3,suppressed
Trichinosis,2007,Taranaki,0,0
Mpox,2007,Taranaki,0,0
Invasive pneumococcal disease,2007,Taranaki,0,0
Rabies and other lyssaviruses,2007,Taranaki,0,0
Rickettsial disease,2007,Taranaki,0,0
Q fever,2007,Taranaki,0,0
Diphtheria,2007,Taranaki,0,0
VTEC/STEC infection,2007,Taranaki,2,suppressed
Shigellosis,2007,Taranaki,2,suppressed
Meningococcal disease,2007,Taranaki,4,suppressed
Hepatitis C,2007,Taranaki,0,0
Haemophilus influenzae type b,2007,Taranaki,0,0
Campylobacteriosis,2007,Taranaki,410,380.6
Typhoid fever,2007,Taranaki,1,suppressed
Brucellosis,2007,Taranaki,0,0
Toxic shellfish poisoning,2007,Waikato,0,0
Tuberculosis disease,2007,Waikato,21,5.9
Taeniasis,2007,Waikato,0,0
Malaria,2007,Waikato,3,suppressed
Tetanus,2007,Waikato,1,suppressed
Q fever,2007,Waikato,0,0
Hepatitis NOS,2007,Waikato,0,0
Giardiasis,2007,Waikato,118,33.4
Rabies and other lyssaviruses,2007,Waikato,0,0
Arboviral diseases,2007,Waikato,6,1.7
Diphtheria,2007,Waikato,0,0
Listeriosis,2007,Waikato,1,suppressed
Yersiniosis,2007,Waikato,37,10.5
Rubella,2007,Waikato,0,0
Rheumatic fever,2007,Waikato,10,2.8
Haemophilus influenzae type b,2007,Waikato,1,suppressed
Brucellosis,2007,Waikato,0,0
Paratyphoid fever,2007,Waikato,2,suppressed
Hepatitis B,2007,Waikato,5,1.4
Mpox,2007,Waikato,0,0
Trichinosis,2007,Waikato,0,0
Cholera,2007,Waikato,0,0
Meningoencephalitis - primary amoebic,2007,Waikato,0,0
Leptospirosis,2007,Waikato,10,2.8
Cysticercosis,2007,Waikato,1,suppressed
Poliomyelitis,2007,Waikato,0,0
Mumps,2007,Waikato,7,2
VTEC/STEC infection,2007,Waikato,22,6.2
Hydatid disease,2007,Waikato,0,0
Legionellosis,2007,Waikato,0,0
Rickettsial disease,2007,Waikato,1,suppressed
Meningococcal disease,2007,Waikato,13,3.7
Acute gastroenteritis,2007,Waikato,26,7.3
Pertussis,2007,Waikato,71,20.1
Leprosy,2007,Waikato,0,0
Shigellosis,2007,Waikato,13,3.7
Typhoid fever,2007,Waikato,0,0
Hepatitis A,2007,Waikato,1,suppressed
Invasive group A streptococcal infection,2007,Waikato,0,0
Hepatitis C,2007,Waikato,1,suppressed
Measles,2007,Waikato,0,0
Salmonellosis,2007,Waikato,137,38.7
Campylobacteriosis,2007,Waikato,1080,305.3
Cryptosporidiosis,2007,Waikato,182,51.4
Invasive pneumococcal disease,2007,Waikato,0,0
Rubella,2007,Wairarapa,0,0
Taeniasis,2007,Wairarapa,0,0
Hepatitis B,2007,Wairarapa,1,suppressed
Invasive group A streptococcal infection,2007,Wairarapa,0,0
Tuberculosis disease,2007,Wairarapa,1,suppressed
Trichinosis,2007,Wairarapa,0,0
Toxic shellfish poisoning,2007,Wairarapa,0,0
Pertussis,2007,Wairarapa,1,suppressed
Meningoencephalitis - primary amoebic,2007,Wairarapa,0,0
Tetanus,2007,Wairarapa,0,0
Hepatitis C,2007,Wairarapa,1,suppressed
Rabies and other lyssaviruses,2007,Wairarapa,0,0
Arboviral diseases,2007,Wairarapa,1,suppressed
Measles,2007,Wairarapa,0,0
Hydatid disease,2007,Wairarapa,0,0
Invasive pneumococcal disease,2007,Wairarapa,0,0
VTEC/STEC infection,2007,Wairarapa,0,0
Cryptosporidiosis,2007,Wairarapa,10,25.1
Cholera,2007,Wairarapa,0,0
Diphtheria,2007,Wairarapa,0,0
Leptospirosis,2007,Wairarapa,0,0
Q fever,2007,Wairarapa,0,0
Malaria,2007,Wairarapa,0,0
Paratyphoid fever,2007,Wairarapa,0,0
Hepatitis NOS,2007,Wairarapa,0,0
Shigellosis,2007,Wairarapa,0,0
Mumps,2007,Wairarapa,1,suppressed
Salmonellosis,2007,Wairarapa,11,27.7
Typhoid fever,2007,Wairarapa,0,0
Listeriosis,2007,Wairarapa,0,0
Giardiasis,2007,Wairarapa,12,30.2
Cysticercosis,2007,Wairarapa,0,0
Rheumatic fever,2007,Wairarapa,1,suppressed
Haemophilus influenzae type b,2007,Wairarapa,1,suppressed
Hepatitis A,2007,Wairarapa,0,0
Campylobacteriosis,2007,Wairarapa,69,173.5
Acute gastroenteritis,2007,Wairarapa,6,15.1
Yersiniosis,2007,Wairarapa,5,12.6
Rickettsial disease,2007,Wairarapa,0,0
Meningococcal disease,2007,Wairarapa,1,suppressed
Legionellosis,2007,Wairarapa,1,suppressed
Leprosy,2007,Wairarapa,0,0
Mpox,2007,Wairarapa,0,0
Poliomyelitis,2007,Wairarapa,0,0
Brucellosis,2007,Wairarapa,0,0
Mpox,2007,Waitemata,0,0
Giardiasis,2007,Waitemata,143,27.9
Salmonellosis,2007,Waitemata,113,22.1
Poliomyelitis,2007,Waitemata,0,0
Toxic shellfish poisoning,2007,Waitemata,0,0
Cysticercosis,2007,Waitemata,0,0
Taeniasis,2007,Waitemata,1,suppressed
Rheumatic fever,2007,Waitemata,7,1.4
Acute gastroenteritis,2007,Waitemata,82,16
Paratyphoid fever,2007,Waitemata,1,suppressed
Mumps,2007,Waitemata,7,1.4
Hepatitis B,2007,Waitemata,11,2.1
Invasive pneumococcal disease,2007,Waitemata,0,0
Yersiniosis,2007,Waitemata,37,7.2
Pertussis,2007,Waitemata,18,3.5
Malaria,2007,Waitemata,1,suppressed
Shigellosis,2007,Waitemata,8,1.6
Tuberculosis disease,2007,Waitemata,40,7.8
Diphtheria,2007,Waitemata,0,0
VTEC/STEC infection,2007,Waitemata,11,2.1
Typhoid fever,2007,Waitemata,8,1.6
Trichinosis,2007,Waitemata,0,0
Rubella,2007,Waitemata,1,suppressed
Invasive group A streptococcal infection,2007,Waitemata,0,0
Rickettsial disease,2007,Waitemata,1,suppressed
Legionellosis,2007,Waitemata,9,1.8
Hepatitis C,2007,Waitemata,3,suppressed
Q fever,2007,Waitemata,0,0
Hepatitis NOS,2007,Waitemata,0,0
Cryptosporidiosis,2007,Waitemata,58,11.3
Hydatid disease,2007,Waitemata,1,suppressed
Haemophilus influenzae type b,2007,Waitemata,4,suppressed
Tetanus,2007,Waitemata,0,0
Listeriosis,2007,Waitemata,1,suppressed
Meningoencephalitis - primary amoebic,2007,Waitemata,0,0
Measles,2007,Waitemata,5,1
Leptospirosis,2007,Waitemata,1,suppressed
Leprosy,2007,Waitemata,0,0
Hepatitis A,2007,Waitemata,7,1.4
Brucellosis,2007,Waitemata,1,suppressed
Arboviral diseases,2007,Waitemata,25,4.9
Meningococcal disease,2007,Waitemata,6,1.2
Cholera,2007,Waitemata,0,0
Rabies and other lyssaviruses,2007,Waitemata,0,0
Campylobacteriosis,2007,Waitemata,1699,332.1
Rubella,2007,West Coast,1,suppressed
Pertussis,2007,West Coast,0,0
Hepatitis NOS,2007,West Coast,0,0
Tetanus,2007,West Coast,0,0
Mumps,2007,West Coast,0,0
Cholera,2007,West Coast,0,0
Invasive group A streptococcal infection,2007,West Coast,0,0
VTEC/STEC infection,2007,West Coast,3,suppressed
Listeriosis,2007,West Coast,0,0
Hydatid disease,2007,West Coast,0,0
Taeniasis,2007,West Coast,0,0
Diphtheria,2007,West Coast,0,0
Legionellosis,2007,West Coast,1,suppressed
Leprosy,2007,West Coast,0,0
Tuberculosis disease,2007,West Coast,1,suppressed
Meningoencephalitis - primary amoebic,2007,West Coast,0,0
Trichinosis,2007,West Coast,0,0
Malaria,2007,West Coast,0,0
Rheumatic fever,2007,West Coast,0,0
Cysticercosis,2007,West Coast,0,0
Giardiasis,2007,West Coast,6,18.6
Hepatitis A,2007,West Coast,0,0
Q fever,2007,West Coast,0,0
Shigellosis,2007,West Coast,0,0
Meningococcal disease,2007,West Coast,1,suppressed
Measles,2007,West Coast,4,suppressed
Salmonellosis,2007,West Coast,12,37.2
Mpox,2007,West Coast,0,0
Poliomyelitis,2007,West Coast,0,0
Yersiniosis,2007,West Coast,23,71.3
Arboviral diseases,2007,West Coast,0,0
Toxic shellfish poisoning,2007,West Coast,0,0
Haemophilus influenzae type b,2007,West Coast,0,0
Brucellosis,2007,West Coast,0,0
Hepatitis C,2007,West Coast,3,suppressed
Cryptosporidiosis,2007,West Coast,12,37.2
Campylobacteriosis,2007,West Coast,81,251
Leptospirosis,2007,West Coast,4,suppressed
Rickettsial disease,2007,West Coast,0,0
Hepatitis B,2007,West Coast,0,0
Acute gastroenteritis,2007,West Coast,8,24.8
Rabies and other lyssaviruses,2007,West Coast,0,0
Paratyphoid fever,2007,West Coast,0,0
Typhoid fever,2007,West Coast,0,0
Invasive pneumococcal disease,2007,West Coast,0,0
Acute gastroenteritis,2007,Whanganui,5,7.9
Yersiniosis,2007,Whanganui,8,12.6
Invasive pneumococcal disease,2007,Whanganui,0,0
Hepatitis B,2007,Whanganui,0,0
Pertussis,2007,Whanganui,2,suppressed
Mumps,2007,Whanganui,1,suppressed
Giardiasis,2007,Whanganui,9,14.2
Tetanus,2007,Whanganui,0,0
Invasive group A streptococcal infection,2007,Whanganui,0,0
Trichinosis,2007,Whanganui,0,0
Paratyphoid fever,2007,Whanganui,0,0
Cryptosporidiosis,2007,Whanganui,10,15.8
Rickettsial disease,2007,Whanganui,0,0
Taeniasis,2007,Whanganui,0,0
Mpox,2007,Whanganui,0,0
Hepatitis C,2007,Whanganui,0,0
Toxic shellfish poisoning,2007,Whanganui,0,0
Hydatid disease,2007,Whanganui,0,0
Shigellosis,2007,Whanganui,0,0
Tuberculosis disease,2007,Whanganui,3,suppressed
Rubella,2007,Whanganui,1,suppressed
Typhoid fever,2007,Whanganui,0,0
Meningoencephalitis - primary amoebic,2007,Whanganui,0,0
Measles,2007,Whanganui,0,0
Arboviral diseases,2007,Whanganui,1,suppressed
Leptospirosis,2007,Whanganui,2,suppressed
Poliomyelitis,2007,Whanganui,0,0
Hepatitis NOS,2007,Whanganui,0,0
Diphtheria,2007,Whanganui,0,0
Rabies and other lyssaviruses,2007,Whanganui,0,0
Q fever,2007,Whanganui,0,0
Haemophilus influenzae type b,2007,Whanganui,0,0
Brucellosis,2007,Whanganui,0,0
Hepatitis A,2007,Whanganui,1,suppressed
VTEC/STEC infection,2007,Whanganui,0,0
Cholera,2007,Whanganui,0,0
Legionellosis,2007,Whanganui,0,0
Rheumatic fever,2007,Whanganui,3,suppressed
Listeriosis,2007,Whanganui,0,0
Leprosy,2007,Whanganui,0,0
Meningococcal disease,2007,Whanganui,0,0
Cysticercosis,2007,Whanganui,0,0
Salmonellosis,2007,Whanganui,14,22.1
Malaria,2007,Whanganui,0,0
Campylobacteriosis,2007,Whanganui,190,299.4
Meningoencephalitis - primary amoebic,2008,Auckland,0,0
Taeniasis,2008,Auckland,1,suppressed
Malaria,2008,Auckland,13,3
Hydatid disease,2008,Auckland,1,suppressed
Leprosy,2008,Auckland,1,suppressed
Legionellosis,2008,Auckland,10,2.3
Tuberculosis disease,2008,Auckland,54,12.4
Salmonellosis,2008,Auckland,98,22.5
Diphtheria,2008,Auckland,0,0
Q fever,2008,Auckland,0,0
Cysticercosis,2008,Auckland,0,0
Measles,2008,Auckland,2,suppressed
Toxic shellfish poisoning,2008,Auckland,0,0
Typhoid fever,2008,Auckland,7,1.6
Brucellosis,2008,Auckland,0,0
Hepatitis C,2008,Auckland,2,suppressed
Mumps,2008,Auckland,7,1.6
Giardiasis,2008,Auckland,262,60.1
Tetanus,2008,Auckland,0,0
Hepatitis A,2008,Auckland,12,2.8
Mpox,2008,Auckland,0,0
Hepatitis NOS,2008,Auckland,1,suppressed
Arboviral diseases,2008,Auckland,30,6.9
Poliomyelitis,2008,Auckland,0,0
Rabies and other lyssaviruses,2008,Auckland,0,0
Cholera,2008,Auckland,0,0
Yersiniosis,2008,Auckland,46,10.6
Paratyphoid fever,2008,Auckland,3,suppressed
Shigellosis,2008,Auckland,24,5.5
Rickettsial disease,2008,Auckland,1,suppressed
Rheumatic fever,2008,Auckland,10,2.3
Campylobacteriosis,2008,Auckland,699,160.3
Leptospirosis,2008,Auckland,0,0
Meningococcal disease,2008,Auckland,10,2.3
Rubella,2008,Auckland,0,0
Hepatitis B,2008,Auckland,9,2.1
Listeriosis,2008,Auckland,3,suppressed
Invasive group A streptococcal infection,2008,Auckland,0,0
Haemophilus influenzae type b,2008,Auckland,0,0
Trichinosis,2008,Auckland,0,0
Acute gastroenteritis,2008,Auckland,106,24.3
VTEC/STEC infection,2008,Auckland,10,2.3
Cryptosporidiosis,2008,Auckland,16,3.7
Pertussis,2008,Auckland,8,1.8
Invasive pneumococcal disease,2008,Auckland,14,3.2
Giardiasis,2008,Bay of Plenty,59,28.7
Diphtheria,2008,Bay of Plenty,0,0
Hydatid disease,2008,Bay of Plenty,1,suppressed
Hepatitis C,2008,Bay of Plenty,2,suppressed
Arboviral diseases,2008,Bay of Plenty,5,2.4
Legionellosis,2008,Bay of Plenty,9,4.4
Yersiniosis,2008,Bay of Plenty,17,8.3
Cysticercosis,2008,Bay of Plenty,0,0
Taeniasis,2008,Bay of Plenty,0,0
Tetanus,2008,Bay of Plenty,0,0
Meningococcal disease,2008,Bay of Plenty,3,suppressed
Hepatitis A,2008,Bay of Plenty,1,suppressed
Hepatitis B,2008,Bay of Plenty,0,0
Q fever,2008,Bay of Plenty,0,0
Invasive group A streptococcal infection,2008,Bay of Plenty,0,0
Mpox,2008,Bay of Plenty,0,0
Hepatitis NOS,2008,Bay of Plenty,0,0
Typhoid fever,2008,Bay of Plenty,0,0
Meningoencephalitis - primary amoebic,2008,Bay of Plenty,0,0
Rabies and other lyssaviruses,2008,Bay of Plenty,0,0
Listeriosis,2008,Bay of Plenty,2,suppressed
Malaria,2008,Bay of Plenty,3,suppressed
Toxic shellfish poisoning,2008,Bay of Plenty,0,0
Haemophilus influenzae type b,2008,Bay of Plenty,2,suppressed
Leptospirosis,2008,Bay of Plenty,7,3.4
Brucellosis,2008,Bay of Plenty,0,0
Tuberculosis disease,2008,Bay of Plenty,8,3.9
Salmonellosis,2008,Bay of Plenty,75,36.4
Acute gastroenteritis,2008,Bay of Plenty,23,11.2
Trichinosis,2008,Bay of Plenty,0,0
Pertussis,2008,Bay of Plenty,14,6.8
Cryptosporidiosis,2008,Bay of Plenty,31,15.1
Mumps,2008,Bay of Plenty,5,2.4
Rheumatic fever,2008,Bay of Plenty,11,5.3
Rickettsial disease,2008,Bay of Plenty,0,0
Poliomyelitis,2008,Bay of Plenty,0,0
Invasive pneumococcal disease,2008,Bay of Plenty,8,3.9
Rubella,2008,Bay of Plenty,2,suppressed
Paratyphoid fever,2008,Bay of Plenty,0,0
Cholera,2008,Bay of Plenty,0,0
Leprosy,2008,Bay of Plenty,0,0
VTEC/STEC infection,2008,Bay of Plenty,3,suppressed
Campylobacteriosis,2008,Bay of Plenty,257,124.8
Measles,2008,Bay of Plenty,0,0
Shigellosis,2008,Bay of Plenty,5,2.4
Toxic shellfish poisoning,2008,Canterbury,0,0
Hepatitis NOS,2008,Canterbury,0,0
Arboviral diseases,2008,Canterbury,14,2.8
Hepatitis C,2008,Canterbury,3,suppressed
Listeriosis,2008,Canterbury,3,suppressed
Diphtheria,2008,Canterbury,0,0
Malaria,2008,Canterbury,3,suppressed
Pertussis,2008,Canterbury,89,17.9
Mumps,2008,Canterbury,13,2.6
Rickettsial disease,2008,Canterbury,0,0
Giardiasis,2008,Canterbury,190,38.2
Cysticercosis,2008,Canterbury,0,0
Leprosy,2008,Canterbury,1,suppressed
Yersiniosis,2008,Canterbury,96,19.3
Invasive pneumococcal disease,2008,Canterbury,15,3
Trichinosis,2008,Canterbury,0,0
Rabies and other lyssaviruses,2008,Canterbury,0,0
Hydatid disease,2008,Canterbury,1,suppressed
Acute gastroenteritis,2008,Canterbury,123,24.7
Hepatitis B,2008,Canterbury,7,1.4
Invasive group A streptococcal infection,2008,Canterbury,0,0
Cholera,2008,Canterbury,0,0
Meningococcal disease,2008,Canterbury,9,1.8
Tuberculosis disease,2008,Canterbury,27,5.4
Meningoencephalitis - primary amoebic,2008,Canterbury,0,0
Taeniasis,2008,Canterbury,0,0
Shigellosis,2008,Canterbury,6,1.2
Salmonellosis,2008,Canterbury,186,37.4
Poliomyelitis,2008,Canterbury,0,0
VTEC/STEC infection,2008,Canterbury,22,4.4
Rheumatic fever,2008,Canterbury,1,suppressed
Q fever,2008,Canterbury,0,0
Mpox,2008,Canterbury,0,0
Cryptosporidiosis,2008,Canterbury,136,27.3
Legionellosis,2008,Canterbury,12,2.4
Rubella,2008,Canterbury,2,suppressed
Tetanus,2008,Canterbury,0,0
Paratyphoid fever,2008,Canterbury,4,suppressed
Leptospirosis,2008,Canterbury,15,3
Typhoid fever,2008,Canterbury,1,suppressed
Campylobacteriosis,2008,Canterbury,661,132.9
Brucellosis,2008,Canterbury,0,0
Hepatitis A,2008,Canterbury,4,suppressed
Measles,2008,Canterbury,7,1.4
Haemophilus influenzae type b,2008,Canterbury,2,suppressed
Toxic shellfish poisoning,2008,"Capital, Coast and Hutt Valley",0,0
Haemophilus influenzae type b,2008,"Capital, Coast and Hutt Valley",2,suppressed
Paratyphoid fever,2008,"Capital, Coast and Hutt Valley",2,suppressed
Arboviral diseases,2008,"Capital, Coast and Hutt Valley",5,1.2
Meningoencephalitis - primary amoebic,2008,"Capital, Coast and Hutt Valley",0,0
Q fever,2008,"Capital, Coast and Hutt Valley",0,0
Diphtheria,2008,"Capital, Coast and Hutt Valley",0,0
Hepatitis NOS,2008,"Capital, Coast and Hutt Valley",0,0
Hepatitis C,2008,"Capital, Coast and Hutt Valley",2,suppressed
Giardiasis,2008,"Capital, Coast and Hutt Valley",259,61.1
Malaria,2008,"Capital, Coast and Hutt Valley",2,suppressed
Taeniasis,2008,"Capital, Coast and Hutt Valley",4,suppressed
Typhoid fever,2008,"Capital, Coast and Hutt Valley",4,suppressed
Pertussis,2008,"Capital, Coast and Hutt Valley",43,10.1
Leptospirosis,2008,"Capital, Coast and Hutt Valley",0,0
Invasive group A streptococcal infection,2008,"Capital, Coast and Hutt Valley",0,0
Cysticercosis,2008,"Capital, Coast and Hutt Valley",0,0
Poliomyelitis,2008,"Capital, Coast and Hutt Valley",0,0
Cryptosporidiosis,2008,"Capital, Coast and Hutt Valley",44,10.4
Invasive pneumococcal disease,2008,"Capital, Coast and Hutt Valley",6,1.4
Rubella,2008,"Capital, Coast and Hutt Valley",0,0
Tetanus,2008,"Capital, Coast and Hutt Valley",0,0
Rickettsial disease,2008,"Capital, Coast and Hutt Valley",0,0
Hydatid disease,2008,"Capital, Coast and Hutt Valley",0,0
Hepatitis B,2008,"Capital, Coast and Hutt Valley",3,suppressed
Trichinosis,2008,"Capital, Coast and Hutt Valley",0,0
Cholera,2008,"Capital, Coast and Hutt Valley",0,0
VTEC/STEC infection,2008,"Capital, Coast and Hutt Valley",7,1.7
Shigellosis,2008,"Capital, Coast and Hutt Valley",14,3.3
Yersiniosis,2008,"Capital, Coast and Hutt Valley",90,21.2
Listeriosis,2008,"Capital, Coast and Hutt Valley",1,suppressed
Rheumatic fever,2008,"Capital, Coast and Hutt Valley",18,4.2
Hepatitis A,2008,"Capital, Coast and Hutt Valley",5,1.2
Measles,2008,"Capital, Coast and Hutt Valley",0,0
Meningococcal disease,2008,"Capital, Coast and Hutt Valley",12,2.8
Salmonellosis,2008,"Capital, Coast and Hutt Valley",137,32.3
Campylobacteriosis,2008,"Capital, Coast and Hutt Valley",878,207.2
Mpox,2008,"Capital, Coast and Hutt Valley",0,0
Leprosy,2008,"Capital, Coast and Hutt Valley",0,0
Acute gastroenteritis,2008,"Capital, Coast and Hutt Valley",95,22.4
Mumps,2008,"Capital, Coast and Hutt Valley",9,2.1
Rabies and other lyssaviruses,2008,"Capital, Coast and Hutt Valley",0,0
Tuberculosis disease,2008,"Capital, Coast and Hutt Valley",42,9.9
Brucellosis,2008,"Capital, Coast and Hutt Valley",0,0
Legionellosis,2008,"Capital, Coast and Hutt Valley",5,1.2
Shigellosis,2008,Counties Manukau,21,4.5
Tuberculosis disease,2008,Counties Manukau,57,12.2
Mumps,2008,Counties Manukau,11,2.4
Arboviral diseases,2008,Counties Manukau,30,6.4
Legionellosis,2008,Counties Manukau,7,1.5
Cryptosporidiosis,2008,Counties Manukau,17,3.6
Hepatitis A,2008,Counties Manukau,13,2.8
Meningoencephalitis - primary amoebic,2008,Counties Manukau,0,0
Leprosy,2008,Counties Manukau,3,suppressed
Trichinosis,2008,Counties Manukau,0,0
Listeriosis,2008,Counties Manukau,6,1.3
Giardiasis,2008,Counties Manukau,174,37.2
Taeniasis,2008,Counties Manukau,0,0
Pertussis,2008,Counties Manukau,28,6
Rubella,2008,Counties Manukau,1,suppressed
Leptospirosis,2008,Counties Manukau,3,suppressed
Diphtheria,2008,Counties Manukau,0,0
Acute gastroenteritis,2008,Counties Manukau,59,12.6
Campylobacteriosis,2008,Counties Manukau,625,133.7
Cholera,2008,Counties Manukau,0,0
Rheumatic fever,2008,Counties Manukau,23,4.9
Malaria,2008,Counties Manukau,8,1.7
Toxic shellfish poisoning,2008,Counties Manukau,0,0
Haemophilus influenzae type b,2008,Counties Manukau,0,0
Cysticercosis,2008,Counties Manukau,0,0
Invasive group A streptococcal infection,2008,Counties Manukau,0,0
Mpox,2008,Counties Manukau,0,0
Salmonellosis,2008,Counties Manukau,93,19.9
Hydatid disease,2008,Counties Manukau,1,suppressed
Poliomyelitis,2008,Counties Manukau,0,0
Typhoid fever,2008,Counties Manukau,13,2.8
Hepatitis B,2008,Counties Manukau,1,suppressed
VTEC/STEC infection,2008,Counties Manukau,12,2.6
Paratyphoid fever,2008,Counties Manukau,5,1.1
Hepatitis C,2008,Counties Manukau,4,suppressed
Invasive pneumococcal disease,2008,Counties Manukau,22,4.7
Rabies and other lyssaviruses,2008,Counties Manukau,0,0
Hepatitis NOS,2008,Counties Manukau,1,suppressed
Tetanus,2008,Counties Manukau,0,0
Rickettsial disease,2008,Counties Manukau,0,0
Measles,2008,Counties Manukau,0,0
Yersiniosis,2008,Counties Manukau,35,7.5
Brucellosis,2008,Counties Manukau,1,suppressed
Meningococcal disease,2008,Counties Manukau,16,3.4
Q fever,2008,Counties Manukau,0,0
Poliomyelitis,2008,Hawke's Bay,0,0
Mpox,2008,Hawke's Bay,0,0
Leprosy,2008,Hawke's Bay,0,0
Trichinosis,2008,Hawke's Bay,0,0
Cysticercosis,2008,Hawke's Bay,0,0
Diphtheria,2008,Hawke's Bay,0,0
Hepatitis C,2008,Hawke's Bay,0,0
Q fever,2008,Hawke's Bay,0,0
Tetanus,2008,Hawke's Bay,0,0
Legionellosis,2008,Hawke's Bay,6,3.9
Rubella,2008,Hawke's Bay,2,suppressed
Measles,2008,Hawke's Bay,2,suppressed
Shigellosis,2008,Hawke's Bay,2,suppressed
Rickettsial disease,2008,Hawke's Bay,0,0
Hepatitis NOS,2008,Hawke's Bay,0,0
Meningoencephalitis - primary amoebic,2008,Hawke's Bay,0,0
Rabies and other lyssaviruses,2008,Hawke's Bay,0,0
Taeniasis,2008,Hawke's Bay,0,0
Mumps,2008,Hawke's Bay,5,3.3
Brucellosis,2008,Hawke's Bay,0,0
Arboviral diseases,2008,Hawke's Bay,3,suppressed
Toxic shellfish poisoning,2008,Hawke's Bay,0,0
Listeriosis,2008,Hawke's Bay,0,0
Hepatitis B,2008,Hawke's Bay,0,0
Hydatid disease,2008,Hawke's Bay,2,suppressed
VTEC/STEC infection,2008,Hawke's Bay,1,suppressed
Campylobacteriosis,2008,Hawke's Bay,305,198.9
Yersiniosis,2008,Hawke's Bay,31,20.2
Pertussis,2008,Hawke's Bay,8,5.2
Cryptosporidiosis,2008,Hawke's Bay,28,18.3
Typhoid fever,2008,Hawke's Bay,1,suppressed
Invasive pneumococcal disease,2008,Hawke's Bay,4,suppressed
Hepatitis A,2008,Hawke's Bay,1,suppressed
Giardiasis,2008,Hawke's Bay,64,41.7
Haemophilus influenzae type b,2008,Hawke's Bay,0,0
Malaria,2008,Hawke's Bay,0,0
Cholera,2008,Hawke's Bay,0,0
Paratyphoid fever,2008,Hawke's Bay,0,0
Invasive group A streptococcal infection,2008,Hawke's Bay,0,0
Tuberculosis disease,2008,Hawke's Bay,5,3.3
Rheumatic fever,2008,Hawke's Bay,11,7.2
Leptospirosis,2008,Hawke's Bay,9,5.9
Meningococcal disease,2008,Hawke's Bay,12,7.8
Salmonellosis,2008,Hawke's Bay,35,22.8
Acute gastroenteritis,2008,Hawke's Bay,7,4.6
Cholera,2008,Lakes,0,0
Trichinosis,2008,Lakes,0,0
Arboviral diseases,2008,Lakes,3,suppressed
Leptospirosis,2008,Lakes,4,suppressed
Mpox,2008,Lakes,0,0
Salmonellosis,2008,Lakes,26,25.6
Hepatitis NOS,2008,Lakes,0,0
Hepatitis C,2008,Lakes,3,suppressed
Poliomyelitis,2008,Lakes,0,0
Toxic shellfish poisoning,2008,Lakes,0,0
Diphtheria,2008,Lakes,0,0
Leprosy,2008,Lakes,0,0
Campylobacteriosis,2008,Lakes,154,151.7
Rubella,2008,Lakes,0,0
Shigellosis,2008,Lakes,1,suppressed
Malaria,2008,Lakes,0,0
Taeniasis,2008,Lakes,0,0
Rickettsial disease,2008,Lakes,0,0
Listeriosis,2008,Lakes,0,0
Meningococcal disease,2008,Lakes,0,0
Mumps,2008,Lakes,3,suppressed
Tuberculosis disease,2008,Lakes,4,suppressed
Legionellosis,2008,Lakes,1,suppressed
VTEC/STEC infection,2008,Lakes,4,suppressed
Measles,2008,Lakes,0,0
Rabies and other lyssaviruses,2008,Lakes,0,0
Cryptosporidiosis,2008,Lakes,17,16.7
Giardiasis,2008,Lakes,44,43.3
Cysticercosis,2008,Lakes,0,0
Yersiniosis,2008,Lakes,14,13.8
Acute gastroenteritis,2008,Lakes,4,suppressed
Paratyphoid fever,2008,Lakes,0,0
Haemophilus influenzae type b,2008,Lakes,0,0
Invasive group A streptococcal infection,2008,Lakes,0,0
Brucellosis,2008,Lakes,0,0
Rheumatic fever,2008,Lakes,8,7.9
Invasive pneumococcal disease,2008,Lakes,3,suppressed
Meningoencephalitis - primary amoebic,2008,Lakes,0,0
Hydatid disease,2008,Lakes,0,0
Pertussis,2008,Lakes,4,suppressed
Q fever,2008,Lakes,0,0
Typhoid fever,2008,Lakes,0,0
Tetanus,2008,Lakes,0,0
Hepatitis A,2008,Lakes,1,suppressed
Hepatitis B,2008,Lakes,1,suppressed
Cysticercosis,2008,MidCentral,0,0
Haemophilus influenzae type b,2008,MidCentral,0,0
Diphtheria,2008,MidCentral,0,0
Acute gastroenteritis,2008,MidCentral,41,24.9
Rabies and other lyssaviruses,2008,MidCentral,0,0
Mumps,2008,MidCentral,1,suppressed
Paratyphoid fever,2008,MidCentral,0,0
Arboviral diseases,2008,MidCentral,2,suppressed
Q fever,2008,MidCentral,0,0
Trichinosis,2008,MidCentral,0,0
Invasive pneumococcal disease,2008,MidCentral,2,suppressed
Cryptosporidiosis,2008,MidCentral,33,20.1
Hepatitis B,2008,MidCentral,0,0
Listeriosis,2008,MidCentral,1,suppressed
Yersiniosis,2008,MidCentral,8,4.9
Giardiasis,2008,MidCentral,27,16.4
Toxic shellfish poisoning,2008,MidCentral,0,0
Hydatid disease,2008,MidCentral,0,0
Leprosy,2008,MidCentral,0,0
Malaria,2008,MidCentral,0,0
Salmonellosis,2008,MidCentral,42,25.5
Meningoencephalitis - primary amoebic,2008,MidCentral,0,0
Typhoid fever,2008,MidCentral,0,0
Invasive group A streptococcal infection,2008,MidCentral,0,0
Poliomyelitis,2008,MidCentral,0,0
Pertussis,2008,MidCentral,14,8.5
Rickettsial disease,2008,MidCentral,0,0
Leptospirosis,2008,MidCentral,3,suppressed
Hepatitis C,2008,MidCentral,0,0
Brucellosis,2008,MidCentral,0,0
Mpox,2008,MidCentral,0,0
Tetanus,2008,MidCentral,0,0
Legionellosis,2008,MidCentral,1,suppressed
Campylobacteriosis,2008,MidCentral,196,119.2
Cholera,2008,MidCentral,0,0
VTEC/STEC infection,2008,MidCentral,1,suppressed
Hepatitis NOS,2008,MidCentral,0,0
Rheumatic fever,2008,MidCentral,7,4.3
Meningococcal disease,2008,MidCentral,3,suppressed
Taeniasis,2008,MidCentral,0,0
Hepatitis A,2008,MidCentral,20,12.2
Shigellosis,2008,MidCentral,0,0
Rubella,2008,MidCentral,0,0
Measles,2008,MidCentral,0,0
Tuberculosis disease,2008,MidCentral,7,4.3
Malaria,2008,Nelson Marlborough,0,0
Arboviral diseases,2008,Nelson Marlborough,1,suppressed
Hepatitis NOS,2008,Nelson Marlborough,0,0
Typhoid fever,2008,Nelson Marlborough,0,0
Yersiniosis,2008,Nelson Marlborough,14,10.3
Shigellosis,2008,Nelson Marlborough,7,5.2
Toxic shellfish poisoning,2008,Nelson Marlborough,1,suppressed
Diphtheria,2008,Nelson Marlborough,0,0
Giardiasis,2008,Nelson Marlborough,53,39
Cryptosporidiosis,2008,Nelson Marlborough,31,22.8
Hepatitis C,2008,Nelson Marlborough,0,0
Trichinosis,2008,Nelson Marlborough,0,0
Pertussis,2008,Nelson Marlborough,33,24.3
Rickettsial disease,2008,Nelson Marlborough,0,0
Mumps,2008,Nelson Marlborough,1,suppressed
Q fever,2008,Nelson Marlborough,0,0
Taeniasis,2008,Nelson Marlborough,0,0
Leprosy,2008,Nelson Marlborough,0,0
Invasive pneumococcal disease,2008,Nelson Marlborough,2,suppressed
Mpox,2008,Nelson Marlborough,0,0
Invasive group A streptococcal infection,2008,Nelson Marlborough,0,0
Rheumatic fever,2008,Nelson Marlborough,0,0
Poliomyelitis,2008,Nelson Marlborough,0,0
Hydatid disease,2008,Nelson Marlborough,0,0
Rabies and other lyssaviruses,2008,Nelson Marlborough,0,0
Campylobacteriosis,2008,Nelson Marlborough,198,145.8
Rubella,2008,Nelson Marlborough,0,0
Cholera,2008,Nelson Marlborough,0,0
Tetanus,2008,Nelson Marlborough,0,0
Hepatitis B,2008,Nelson Marlborough,1,suppressed
Acute gastroenteritis,2008,Nelson Marlborough,5,3.7
Cysticercosis,2008,Nelson Marlborough,0,0
Paratyphoid fever,2008,Nelson Marlborough,0,0
Brucellosis,2008,Nelson Marlborough,0,0
Legionellosis,2008,Nelson Marlborough,2,suppressed
Meningococcal disease,2008,Nelson Marlborough,6,4.4
Listeriosis,2008,Nelson Marlborough,0,0
Measles,2008,Nelson Marlborough,0,0
Leptospirosis,2008,Nelson Marlborough,3,suppressed
Salmonellosis,2008,Nelson Marlborough,67,49.3
Haemophilus influenzae type b,2008,Nelson Marlborough,0,0
Hepatitis A,2008,Nelson Marlborough,1,suppressed
Meningoencephalitis - primary amoebic,2008,Nelson Marlborough,0,0
VTEC/STEC infection,2008,Nelson Marlborough,3,suppressed
Tuberculosis disease,2008,Nelson Marlborough,5,3.7
Taeniasis,2008,Northland,0,0
Rabies and other lyssaviruses,2008,Northland,0,0
Toxic shellfish poisoning,2008,Northland,0,0
Acute gastroenteritis,2008,Northland,7,4.5
Rheumatic fever,2008,Northland,12,7.7
Measles,2008,Northland,0,0
Mumps,2008,Northland,4,suppressed
Legionellosis,2008,Northland,0,0
Arboviral diseases,2008,Northland,1,suppressed
Listeriosis,2008,Northland,1,suppressed
Q fever,2008,Northland,0,0
Mpox,2008,Northland,0,0
Malaria,2008,Northland,2,suppressed
Cholera,2008,Northland,0,0
Tetanus,2008,Northland,0,0
Typhoid fever,2008,Northland,0,0
Tuberculosis disease,2008,Northland,7,4.5
Pertussis,2008,Northland,9,5.8
Invasive group A streptococcal infection,2008,Northland,0,0
Giardiasis,2008,Northland,42,26.9
Leptospirosis,2008,Northland,8,5.1
Meningoencephalitis - primary amoebic,2008,Northland,0,0
Shigellosis,2008,Northland,2,suppressed
Campylobacteriosis,2008,Northland,249,159.3
Cryptosporidiosis,2008,Northland,40,25.6
Hepatitis A,2008,Northland,5,3.2
Poliomyelitis,2008,Northland,0,0
Yersiniosis,2008,Northland,14,9
Meningococcal disease,2008,Northland,8,5.1
Hydatid disease,2008,Northland,0,0
Trichinosis,2008,Northland,0,0
Leprosy,2008,Northland,0,0
Rubella,2008,Northland,0,0
Hepatitis B,2008,Northland,0,0
Diphtheria,2008,Northland,0,0
Hepatitis NOS,2008,Northland,0,0
Hepatitis C,2008,Northland,0,0
Haemophilus influenzae type b,2008,Northland,0,0
Paratyphoid fever,2008,Northland,0,0
Brucellosis,2008,Northland,0,0
Salmonellosis,2008,Northland,43,27.5
VTEC/STEC infection,2008,Northland,10,6.4
Cysticercosis,2008,Northland,0,0
Rickettsial disease,2008,Northland,0,0
Invasive pneumococcal disease,2008,Northland,0,0
Cysticercosis,2008,South Canterbury,0,0
Invasive group A streptococcal infection,2008,South Canterbury,0,0
Rabies and other lyssaviruses,2008,South Canterbury,0,0
Arboviral diseases,2008,South Canterbury,0,0
Diphtheria,2008,South Canterbury,0,0
Hydatid disease,2008,South Canterbury,0,0
Taeniasis,2008,South Canterbury,0,0
Hepatitis C,2008,South Canterbury,0,0
Campylobacteriosis,2008,South Canterbury,145,261.4
VTEC/STEC infection,2008,South Canterbury,3,suppressed
Trichinosis,2008,South Canterbury,0,0
Poliomyelitis,2008,South Canterbury,0,0
Q fever,2008,South Canterbury,0,0
Hepatitis B,2008,South Canterbury,0,0
Meningoencephalitis - primary amoebic,2008,South Canterbury,0,0
Yersiniosis,2008,South Canterbury,12,21.6
Hepatitis NOS,2008,South Canterbury,0,0
Toxic shellfish poisoning,2008,South Canterbury,0,0
Tetanus,2008,South Canterbury,0,0
Listeriosis,2008,South Canterbury,0,0
Hepatitis A,2008,South Canterbury,0,0
Measles,2008,South Canterbury,0,0
Typhoid fever,2008,South Canterbury,0,0
Shigellosis,2008,South Canterbury,1,suppressed
Cryptosporidiosis,2008,South Canterbury,57,102.8
Mpox,2008,South Canterbury,0,0
Rickettsial disease,2008,South Canterbury,0,0
Rheumatic fever,2008,South Canterbury,0,0
Tuberculosis disease,2008,South Canterbury,0,0
Giardiasis,2008,South Canterbury,17,30.6
Mumps,2008,South Canterbury,0,0
Pertussis,2008,South Canterbury,9,16.2
Rubella,2008,South Canterbury,0,0
Cholera,2008,South Canterbury,0,0
Leprosy,2008,South Canterbury,0,0
Malaria,2008,South Canterbury,0,0
Acute gastroenteritis,2008,South Canterbury,6,10.8
Brucellosis,2008,South Canterbury,0,0
Meningococcal disease,2008,South Canterbury,2,suppressed
Legionellosis,2008,South Canterbury,3,suppressed
Leptospirosis,2008,South Canterbury,0,0
Salmonellosis,2008,South Canterbury,37,66.7
Paratyphoid fever,2008,South Canterbury,0,0
Invasive pneumococcal disease,2008,South Canterbury,1,suppressed
Haemophilus influenzae type b,2008,South Canterbury,0,0
Toxic shellfish poisoning,2008,Southern,0,0
Hepatitis NOS,2008,Southern,0,0
Arboviral diseases,2008,Southern,0,0
Yersiniosis,2008,Southern,19,6.4
Leprosy,2008,Southern,0,0
Hepatitis C,2008,Southern,0,0
Cysticercosis,2008,Southern,0,0
Diphtheria,2008,Southern,0,0
Taeniasis,2008,Southern,0,0
Rickettsial disease,2008,Southern,0,0
Giardiasis,2008,Southern,95,32
Pertussis,2008,Southern,35,11.8
Mumps,2008,Southern,1,suppressed
Salmonellosis,2008,Southern,171,57.6
Poliomyelitis,2008,Southern,0,0
Listeriosis,2008,Southern,2,suppressed
Invasive group A streptococcal infection,2008,Southern,0,0
Q fever,2008,Southern,0,0
Trichinosis,2008,Southern,0,0
Tetanus,2008,Southern,0,0
Rheumatic fever,2008,Southern,0,0
Malaria,2008,Southern,3,suppressed
Rabies and other lyssaviruses,2008,Southern,0,0
Cholera,2008,Southern,0,0
Leptospirosis,2008,Southern,9,3
Rubella,2008,Southern,1,suppressed
Shigellosis,2008,Southern,5,1.7
Acute gastroenteritis,2008,Southern,11,3.7
Haemophilus influenzae type b,2008,Southern,0,0
Cryptosporidiosis,2008,Southern,100,33.7
Typhoid fever,2008,Southern,0,0
Tuberculosis disease,2008,Southern,2,suppressed
VTEC/STEC infection,2008,Southern,5,1.7
Hepatitis A,2008,Southern,2,suppressed
Legionellosis,2008,Southern,3,suppressed
Campylobacteriosis,2008,Southern,436,146.8
Hepatitis B,2008,Southern,1,suppressed
Invasive pneumococcal disease,2008,Southern,10,3.4
Meningoencephalitis - primary amoebic,2008,Southern,0,0
Hydatid disease,2008,Southern,1,suppressed
Brucellosis,2008,Southern,0,0
Paratyphoid fever,2008,Southern,3,suppressed
Measles,2008,Southern,0,0
Mpox,2008,Southern,0,0
Meningococcal disease,2008,Southern,10,3.4
Leprosy,2008,Tairawhiti,0,0
Arboviral diseases,2008,Tairawhiti,0,0
Trichinosis,2008,Tairawhiti,0,0
Salmonellosis,2008,Tairawhiti,7,15.2
Hepatitis C,2008,Tairawhiti,0,0
Poliomyelitis,2008,Tairawhiti,0,0
Haemophilus influenzae type b,2008,Tairawhiti,2,suppressed
Shigellosis,2008,Tairawhiti,0,0
Leptospirosis,2008,Tairawhiti,17,37
Invasive pneumococcal disease,2008,Tairawhiti,1,suppressed
Mpox,2008,Tairawhiti,0,0
Hepatitis NOS,2008,Tairawhiti,0,0
Rheumatic fever,2008,Tairawhiti,7,15.2
Rickettsial disease,2008,Tairawhiti,0,0
Yersiniosis,2008,Tairawhiti,3,suppressed
Campylobacteriosis,2008,Tairawhiti,41,89.1
Mumps,2008,Tairawhiti,0,0
Brucellosis,2008,Tairawhiti,0,0
Malaria,2008,Tairawhiti,0,0
Diphtheria,2008,Tairawhiti,0,0
Cysticercosis,2008,Tairawhiti,0,0
Cholera,2008,Tairawhiti,0,0
Tuberculosis disease,2008,Tairawhiti,2,suppressed
Measles,2008,Tairawhiti,0,0
Giardiasis,2008,Tairawhiti,11,23.9
Taeniasis,2008,Tairawhiti,0,0
Acute gastroenteritis,2008,Tairawhiti,2,suppressed
Q fever,2008,Tairawhiti,0,0
Invasive group A streptococcal infection,2008,Tairawhiti,0,0
Hydatid disease,2008,Tairawhiti,0,0
Tetanus,2008,Tairawhiti,0,0
Listeriosis,2008,Tairawhiti,0,0
Typhoid fever,2008,Tairawhiti,0,0
Hepatitis B,2008,Tairawhiti,1,suppressed
VTEC/STEC infection,2008,Tairawhiti,2,suppressed
Rubella,2008,Tairawhiti,0,0
Paratyphoid fever,2008,Tairawhiti,0,0
Legionellosis,2008,Tairawhiti,0,0
Rabies and other lyssaviruses,2008,Tairawhiti,0,0
Hepatitis A,2008,Tairawhiti,0,0
Pertussis,2008,Tairawhiti,2,suppressed
Toxic shellfish poisoning,2008,Tairawhiti,0,0
Cryptosporidiosis,2008,Tairawhiti,5,10.9
Meningoencephalitis - primary amoebic,2008,Tairawhiti,0,0
Meningococcal disease,2008,Tairawhiti,1,suppressed
Leprosy,2008,Taranaki,0,0
Hepatitis C,2008,Taranaki,3,suppressed
Invasive pneumococcal disease,2008,Taranaki,7,6.5
Hepatitis NOS,2008,Taranaki,0,0
Shigellosis,2008,Taranaki,1,suppressed
Diphtheria,2008,Taranaki,0,0
Campylobacteriosis,2008,Taranaki,203,187.3
Cysticercosis,2008,Taranaki,0,0
Poliomyelitis,2008,Taranaki,0,0
Mumps,2008,Taranaki,0,0
Malaria,2008,Taranaki,1,suppressed
Toxic shellfish poisoning,2008,Taranaki,0,0
Hydatid disease,2008,Taranaki,0,0
Rickettsial disease,2008,Taranaki,0,0
Invasive group A streptococcal infection,2008,Taranaki,0,0
Mpox,2008,Taranaki,0,0
VTEC/STEC infection,2008,Taranaki,6,5.5
Rheumatic fever,2008,Taranaki,1,suppressed
Q fever,2008,Taranaki,0,0
Yersiniosis,2008,Taranaki,12,11.1
Meningoencephalitis - primary amoebic,2008,Taranaki,0,0
Haemophilus influenzae type b,2008,Taranaki,0,0
Listeriosis,2008,Taranaki,0,0
Legionellosis,2008,Taranaki,2,suppressed
Arboviral diseases,2008,Taranaki,0,0
Rubella,2008,Taranaki,0,0
Trichinosis,2008,Taranaki,0,0
Salmonellosis,2008,Taranaki,39,36
Measles,2008,Taranaki,0,0
Cryptosporidiosis,2008,Taranaki,29,26.8
Taeniasis,2008,Taranaki,0,0
Acute gastroenteritis,2008,Taranaki,3,suppressed
Hepatitis B,2008,Taranaki,2,suppressed
Giardiasis,2008,Taranaki,12,11.1
Typhoid fever,2008,Taranaki,0,0
Brucellosis,2008,Taranaki,0,0
Hepatitis A,2008,Taranaki,2,suppressed
Tuberculosis disease,2008,Taranaki,3,suppressed
Paratyphoid fever,2008,Taranaki,0,0
Rabies and other lyssaviruses,2008,Taranaki,0,0
Tetanus,2008,Taranaki,0,0
Pertussis,2008,Taranaki,2,suppressed
Cholera,2008,Taranaki,0,0
Leptospirosis,2008,Taranaki,6,5.5
Meningococcal disease,2008,Taranaki,4,suppressed
Arboviral diseases,2008,Waikato,2,suppressed
Toxic shellfish poisoning,2008,Waikato,0,0
Trichinosis,2008,Waikato,0,0
Malaria,2008,Waikato,0,0
Hepatitis NOS,2008,Waikato,0,0
Shigellosis,2008,Waikato,5,1.4
Leprosy,2008,Waikato,0,0
Typhoid fever,2008,Waikato,1,suppressed
Rickettsial disease,2008,Waikato,6,1.7
Diphtheria,2008,Waikato,0,0
Giardiasis,2008,Waikato,113,31.6
Hepatitis C,2008,Waikato,1,suppressed
Mpox,2008,Waikato,0,0
Cholera,2008,Waikato,0,0
Hydatid disease,2008,Waikato,0,0
Salmonellosis,2008,Waikato,124,34.7
Cryptosporidiosis,2008,Waikato,114,31.9
Campylobacteriosis,2008,Waikato,572,160
VTEC/STEC infection,2008,Waikato,16,4.5
Cysticercosis,2008,Waikato,0,0
Taeniasis,2008,Waikato,0,0
Poliomyelitis,2008,Waikato,0,0
Legionellosis,2008,Waikato,6,1.7
Meningococcal disease,2008,Waikato,11,3.1
Tetanus,2008,Waikato,0,0
Mumps,2008,Waikato,9,2.5
Pertussis,2008,Waikato,85,23.8
Invasive pneumococcal disease,2008,Waikato,14,3.9
Acute gastroenteritis,2008,Waikato,20,5.6
Yersiniosis,2008,Waikato,33,9.2
Rheumatic fever,2008,Waikato,33,9.2
Hepatitis B,2008,Waikato,1,suppressed
Haemophilus influenzae type b,2008,Waikato,0,0
Hepatitis A,2008,Waikato,4,suppressed
Invasive group A streptococcal infection,2008,Waikato,0,0
Tuberculosis disease,2008,Waikato,18,5
Rubella,2008,Waikato,0,0
Q fever,2008,Waikato,0,0
Rabies and other lyssaviruses,2008,Waikato,0,0
Leptospirosis,2008,Waikato,16,4.5
Paratyphoid fever,2008,Waikato,3,suppressed
Measles,2008,Waikato,0,0
Meningoencephalitis - primary amoebic,2008,Waikato,0,0
Brucellosis,2008,Waikato,1,suppressed
Listeriosis,2008,Waikato,4,suppressed
Toxic shellfish poisoning,2008,Wairarapa,0,0
Leptospirosis,2008,Wairarapa,1,suppressed
Giardiasis,2008,Wairarapa,13,32.4
Rabies and other lyssaviruses,2008,Wairarapa,0,0
Typhoid fever,2008,Wairarapa,0,0
Hepatitis C,2008,Wairarapa,1,suppressed
Paratyphoid fever,2008,Wairarapa,0,0
Meningoencephalitis - primary amoebic,2008,Wairarapa,0,0
Taeniasis,2008,Wairarapa,0,0
Trichinosis,2008,Wairarapa,0,0
Cysticercosis,2008,Wairarapa,0,0
Hepatitis B,2008,Wairarapa,1,suppressed
Haemophilus influenzae type b,2008,Wairarapa,0,0
Hepatitis NOS,2008,Wairarapa,0,0
Arboviral diseases,2008,Wairarapa,0,0
Malaria,2008,Wairarapa,0,0
Cryptosporidiosis,2008,Wairarapa,18,44.8
Mpox,2008,Wairarapa,0,0
VTEC/STEC infection,2008,Wairarapa,1,suppressed
Campylobacteriosis,2008,Wairarapa,49,122
Yersiniosis,2008,Wairarapa,1,suppressed
Poliomyelitis,2008,Wairarapa,0,0
Diphtheria,2008,Wairarapa,0,0
Rheumatic fever,2008,Wairarapa,1,suppressed
Rickettsial disease,2008,Wairarapa,0,0
Invasive pneumococcal disease,2008,Wairarapa,2,suppressed
Hepatitis A,2008,Wairarapa,2,suppressed
Shigellosis,2008,Wairarapa,0,0
Hydatid disease,2008,Wairarapa,0,0
Q fever,2008,Wairarapa,0,0
Rubella,2008,Wairarapa,0,0
Invasive group A streptococcal infection,2008,Wairarapa,0,0
Listeriosis,2008,Wairarapa,1,suppressed
Leprosy,2008,Wairarapa,0,0
Pertussis,2008,Wairarapa,6,14.9
Acute gastroenteritis,2008,Wairarapa,3,suppressed
Meningococcal disease,2008,Wairarapa,2,suppressed
Mumps,2008,Wairarapa,0,0
Brucellosis,2008,Wairarapa,0,0
Measles,2008,Wairarapa,0,0
Tetanus,2008,Wairarapa,0,0
Salmonellosis,2008,Wairarapa,23,57.3
Cholera,2008,Wairarapa,0,0
Legionellosis,2008,Wairarapa,0,0
Tuberculosis disease,2008,Wairarapa,0,0
Hepatitis NOS,2008,Waitemata,0,0
Hepatitis A,2008,Waitemata,7,1.4
Meningoencephalitis - primary amoebic,2008,Waitemata,0,0
Brucellosis,2008,Waitemata,1,suppressed
Leprosy,2008,Waitemata,0,0
Mumps,2008,Waitemata,6,1.2
Tuberculosis disease,2008,Waitemata,49,9.5
Taeniasis,2008,Waitemata,0,0
Typhoid fever,2008,Waitemata,1,suppressed
Rheumatic fever,2008,Waitemata,12,2.3
Cysticercosis,2008,Waitemata,0,0
Legionellosis,2008,Waitemata,4,suppressed
Giardiasis,2008,Waitemata,189,36.5
Listeriosis,2008,Waitemata,2,suppressed
Hydatid disease,2008,Waitemata,0,0
Paratyphoid fever,2008,Waitemata,5,1
Malaria,2008,Waitemata,5,1
Salmonellosis,2008,Waitemata,110,21.3
Campylobacteriosis,2008,Waitemata,881,170.3
Tetanus,2008,Waitemata,0,0
Measles,2008,Waitemata,0,0
Invasive pneumococcal disease,2008,Waitemata,13,2.5
Rubella,2008,Waitemata,1,suppressed
Poliomyelitis,2008,Waitemata,0,0
Mpox,2008,Waitemata,0,0
Hepatitis C,2008,Waitemata,1,suppressed
Diphtheria,2008,Waitemata,0,0
Q fever,2008,Waitemata,0,0
Meningococcal disease,2008,Waitemata,7,1.4
Cholera,2008,Waitemata,0,0
Toxic shellfish poisoning,2008,Waitemata,0,0
Haemophilus influenzae type b,2008,Waitemata,1,suppressed
Leptospirosis,2008,Waitemata,3,suppressed
Yersiniosis,2008,Waitemata,44,8.5
Trichinosis,2008,Waitemata,0,0
VTEC/STEC infection,2008,Waitemata,14,2.7
Arboviral diseases,2008,Waitemata,19,3.7
Acute gastroenteritis,2008,Waitemata,129,24.9
Rabies and other lyssaviruses,2008,Waitemata,0,0
Hepatitis B,2008,Waitemata,8,1.5
Pertussis,2008,Waitemata,21,4.1
Shigellosis,2008,Waitemata,18,3.5
Invasive group A streptococcal infection,2008,Waitemata,0,0
Cryptosporidiosis,2008,Waitemata,18,3.5
Rickettsial disease,2008,Waitemata,2,suppressed
Hepatitis NOS,2008,West Coast,0,0
Diphtheria,2008,West Coast,0,0
Leprosy,2008,West Coast,0,0
Giardiasis,2008,West Coast,21,64.8
Hepatitis B,2008,West Coast,0,0
Cryptosporidiosis,2008,West Coast,19,58.6
Yersiniosis,2008,West Coast,14,43.2
Trichinosis,2008,West Coast,0,0
Toxic shellfish poisoning,2008,West Coast,0,0
Rheumatic fever,2008,West Coast,0,0
Rickettsial disease,2008,West Coast,0,0
Pertussis,2008,West Coast,5,15.4
Cholera,2008,West Coast,0,0
Shigellosis,2008,West Coast,1,suppressed
VTEC/STEC infection,2008,West Coast,1,suppressed
Malaria,2008,West Coast,0,0
Leptospirosis,2008,West Coast,5,15.4
Cysticercosis,2008,West Coast,0,0
Taeniasis,2008,West Coast,0,0
Rabies and other lyssaviruses,2008,West Coast,0,0
Listeriosis,2008,West Coast,0,0
Haemophilus influenzae type b,2008,West Coast,0,0
Arboviral diseases,2008,West Coast,0,0
Invasive group A streptococcal infection,2008,West Coast,0,0
Legionellosis,2008,West Coast,1,suppressed
Mpox,2008,West Coast,0,0
Rubella,2008,West Coast,0,0
Acute gastroenteritis,2008,West Coast,10,30.9
Campylobacteriosis,2008,West Coast,54,166.6
Typhoid fever,2008,West Coast,0,0
Poliomyelitis,2008,West Coast,0,0
Salmonellosis,2008,West Coast,10,30.9
Paratyphoid fever,2008,West Coast,0,0
Hydatid disease,2008,West Coast,0,0
Hepatitis C,2008,West Coast,0,0
Q fever,2008,West Coast,0,0
Measles,2008,West Coast,1,suppressed
Meningococcal disease,2008,West Coast,1,suppressed
Invasive pneumococcal disease,2008,West Coast,0,0
Mumps,2008,West Coast,0,0
Meningoencephalitis - primary amoebic,2008,West Coast,0,0
Hepatitis A,2008,West Coast,0,0
Tetanus,2008,West Coast,0,0
Brucellosis,2008,West Coast,0,0
Tuberculosis disease,2008,West Coast,0,0
Cysticercosis,2008,Whanganui,0,0
Yersiniosis,2008,Whanganui,5,7.9
Pertussis,2008,Whanganui,2,suppressed
Diphtheria,2008,Whanganui,0,0
Haemophilus influenzae type b,2008,Whanganui,0,0
Rickettsial disease,2008,Whanganui,0,0
Meningoencephalitis - primary amoebic,2008,Whanganui,0,0
Tetanus,2008,Whanganui,0,0
Rabies and other lyssaviruses,2008,Whanganui,0,0
Leprosy,2008,Whanganui,0,0
VTEC/STEC infection,2008,Whanganui,1,suppressed
Cryptosporidiosis,2008,Whanganui,12,19
Arboviral diseases,2008,Whanganui,0,0
Acute gastroenteritis,2008,Whanganui,21,33.2
Leptospirosis,2008,Whanganui,9,14.2
Hepatitis NOS,2008,Whanganui,0,0
Taeniasis,2008,Whanganui,0,0
Rheumatic fever,2008,Whanganui,0,0
Mumps,2008,Whanganui,1,suppressed
Hydatid disease,2008,Whanganui,0,0
Invasive group A streptococcal infection,2008,Whanganui,0,0
Rubella,2008,Whanganui,0,0
Salmonellosis,2008,Whanganui,14,22.1
Legionellosis,2008,Whanganui,1,suppressed
Invasive pneumococcal disease,2008,Whanganui,0,0
Mpox,2008,Whanganui,0,0
Q fever,2008,Whanganui,0,0
Trichinosis,2008,Whanganui,0,0
Toxic shellfish poisoning,2008,Whanganui,0,0
Giardiasis,2008,Whanganui,15,23.7
Hepatitis B,2008,Whanganui,1,suppressed
Listeriosis,2008,Whanganui,1,suppressed
Shigellosis,2008,Whanganui,0,0
Brucellosis,2008,Whanganui,0,0
Measles,2008,Whanganui,0,0
Tuberculosis disease,2008,Whanganui,3,suppressed
Meningococcal disease,2008,Whanganui,5,7.9
Cholera,2008,Whanganui,0,0
Poliomyelitis,2008,Whanganui,0,0
Typhoid fever,2008,Whanganui,1,suppressed
Hepatitis C,2008,Whanganui,0,0
Hepatitis A,2008,Whanganui,9,14.2
Paratyphoid fever,2008,Whanganui,0,0
Malaria,2008,Whanganui,0,0
Campylobacteriosis,2008,Whanganui,89,140.8
Rickettsial disease,2009,Auckland,0,0
Yersiniosis,2009,Auckland,69,15.6
Hepatitis C,2009,Auckland,4,suppressed
Hepatitis B,2009,Auckland,13,2.9
Acute gastroenteritis,2009,Auckland,98,22.2
Rheumatic fever,2009,Auckland,13,2.9
Taeniasis,2009,Auckland,2,suppressed
Diphtheria,2009,Auckland,0,0
Cholera,2009,Auckland,0,0
Leprosy,2009,Auckland,0,0
Cryptosporidiosis,2009,Auckland,56,12.7
Pertussis,2009,Auckland,66,15
Cysticercosis,2009,Auckland,0,0
Meningoencephalitis - primary amoebic,2009,Auckland,0,0
Poliomyelitis,2009,Auckland,0,0
Mpox,2009,Auckland,0,0
Giardiasis,2009,Auckland,212,48.1
Arboviral diseases,2009,Auckland,30,6.8
Legionellosis,2009,Auckland,8,1.8
Leptospirosis,2009,Auckland,2,suppressed
Shigellosis,2009,Auckland,19,4.3
Rubella,2009,Auckland,1,suppressed
Rabies and other lyssaviruses,2009,Auckland,0,0
Toxic shellfish poisoning,2009,Auckland,0,0
Typhoid fever,2009,Auckland,8,1.8
Q fever,2009,Auckland,0,0
Hepatitis NOS,2009,Auckland,1,suppressed
Invasive group A streptococcal infection,2009,Auckland,0,0
VTEC/STEC infection,2009,Auckland,18,4.1
Mumps,2009,Auckland,4,suppressed
Hydatid disease,2009,Auckland,0,0
Brucellosis,2009,Auckland,0,0
Malaria,2009,Auckland,6,1.4
Salmonellosis,2009,Auckland,106,24
Trichinosis,2009,Auckland,0,0
Measles,2009,Auckland,8,1.8
Tuberculosis disease,2009,Auckland,63,14.3
Invasive pneumococcal disease,2009,Auckland,49,11.1
Tetanus,2009,Auckland,0,0
Hepatitis A,2009,Auckland,9,2
Haemophilus influenzae type b,2009,Auckland,0,0
Listeriosis,2009,Auckland,4,suppressed
Meningococcal disease,2009,Auckland,11,2.5
Paratyphoid fever,2009,Auckland,5,1.1
Campylobacteriosis,2009,Auckland,811,183.9
Hepatitis B,2009,Bay of Plenty,3,suppressed
Poliomyelitis,2009,Bay of Plenty,0,0
Cysticercosis,2009,Bay of Plenty,0,0
Yersiniosis,2009,Bay of Plenty,6,2.9
Rheumatic fever,2009,Bay of Plenty,5,2.4
Acute gastroenteritis,2009,Bay of Plenty,5,2.4
Rickettsial disease,2009,Bay of Plenty,0,0
Trichinosis,2009,Bay of Plenty,0,0
Pertussis,2009,Bay of Plenty,62,29.8
Leptospirosis,2009,Bay of Plenty,3,suppressed
Meningoencephalitis - primary amoebic,2009,Bay of Plenty,0,0
Cholera,2009,Bay of Plenty,0,0
Rabies and other lyssaviruses,2009,Bay of Plenty,0,0
Hepatitis NOS,2009,Bay of Plenty,0,0
Toxic shellfish poisoning,2009,Bay of Plenty,1,suppressed
Hepatitis C,2009,Bay of Plenty,0,0
Rubella,2009,Bay of Plenty,1,suppressed
Q fever,2009,Bay of Plenty,0,0
Mpox,2009,Bay of Plenty,0,0
Legionellosis,2009,Bay of Plenty,9,4.3
Mumps,2009,Bay of Plenty,5,2.4
Diphtheria,2009,Bay of Plenty,0,0
Typhoid fever,2009,Bay of Plenty,0,0
Cryptosporidiosis,2009,Bay of Plenty,27,13
Shigellosis,2009,Bay of Plenty,4,suppressed
Hydatid disease,2009,Bay of Plenty,0,0
Taeniasis,2009,Bay of Plenty,0,0
Tuberculosis disease,2009,Bay of Plenty,12,5.8
Giardiasis,2009,Bay of Plenty,63,30.2
Salmonellosis,2009,Bay of Plenty,41,19.7
Leprosy,2009,Bay of Plenty,1,suppressed
Malaria,2009,Bay of Plenty,2,suppressed
Invasive group A streptococcal infection,2009,Bay of Plenty,0,0
Arboviral diseases,2009,Bay of Plenty,5,2.4
Haemophilus influenzae type b,2009,Bay of Plenty,1,suppressed
Meningococcal disease,2009,Bay of Plenty,9,4.3
VTEC/STEC infection,2009,Bay of Plenty,9,4.3
Campylobacteriosis,2009,Bay of Plenty,317,152.1
Measles,2009,Bay of Plenty,1,suppressed
Paratyphoid fever,2009,Bay of Plenty,0,0
Tetanus,2009,Bay of Plenty,0,0
Listeriosis,2009,Bay of Plenty,1,suppressed
Invasive pneumococcal disease,2009,Bay of Plenty,50,24
Brucellosis,2009,Bay of Plenty,0,0
Hepatitis A,2009,Bay of Plenty,2,suppressed
Rabies and other lyssaviruses,2009,Canterbury,0,0
Toxic shellfish poisoning,2009,Canterbury,0,0
Leptospirosis,2009,Canterbury,6,1.2
Mpox,2009,Canterbury,0,0
Cryptosporidiosis,2009,Canterbury,97,19.3
Cysticercosis,2009,Canterbury,0,0
Invasive group A streptococcal infection,2009,Canterbury,0,0
Leprosy,2009,Canterbury,0,0
Trichinosis,2009,Canterbury,0,0
Q fever,2009,Canterbury,0,0
Typhoid fever,2009,Canterbury,2,suppressed
Diphtheria,2009,Canterbury,0,0
Haemophilus influenzae type b,2009,Canterbury,0,0
Rubella,2009,Canterbury,1,suppressed
Taeniasis,2009,Canterbury,0,0
Legionellosis,2009,Canterbury,14,2.8
Cholera,2009,Canterbury,0,0
Shigellosis,2009,Canterbury,10,2
Brucellosis,2009,Canterbury,0,0
Salmonellosis,2009,Canterbury,149,29.6
Hepatitis NOS,2009,Canterbury,0,0
Arboviral diseases,2009,Canterbury,8,1.6
Measles,2009,Canterbury,168,33.3
Acute gastroenteritis,2009,Canterbury,52,10.3
Campylobacteriosis,2009,Canterbury,545,108.2
Mumps,2009,Canterbury,14,2.8
Meningoencephalitis - primary amoebic,2009,Canterbury,0,0
Malaria,2009,Canterbury,3,suppressed
Yersiniosis,2009,Canterbury,66,13.1
Hepatitis B,2009,Canterbury,5,1
VTEC/STEC infection,2009,Canterbury,16,3.2
Hydatid disease,2009,Canterbury,0,0
Hepatitis C,2009,Canterbury,8,1.6
Tuberculosis disease,2009,Canterbury,22,4.4
Rickettsial disease,2009,Canterbury,0,0
Giardiasis,2009,Canterbury,188,37.3
Tetanus,2009,Canterbury,0,0
Paratyphoid fever,2009,Canterbury,3,suppressed
Rheumatic fever,2009,Canterbury,1,suppressed
Invasive pneumococcal disease,2009,Canterbury,54,10.7
Listeriosis,2009,Canterbury,2,suppressed
Meningococcal disease,2009,Canterbury,12,2.4
Poliomyelitis,2009,Canterbury,0,0
Hepatitis A,2009,Canterbury,6,1.2
Pertussis,2009,Canterbury,317,62.9
Pertussis,2009,"Capital, Coast and Hutt Valley",157,36.8
Cysticercosis,2009,"Capital, Coast and Hutt Valley",0,0
Yersiniosis,2009,"Capital, Coast and Hutt Valley",67,15.7
Leptospirosis,2009,"Capital, Coast and Hutt Valley",1,suppressed
Poliomyelitis,2009,"Capital, Coast and Hutt Valley",0,0
Meningoencephalitis - primary amoebic,2009,"Capital, Coast and Hutt Valley",0,0
Rheumatic fever,2009,"Capital, Coast and Hutt Valley",12,2.8
Hepatitis B,2009,"Capital, Coast and Hutt Valley",2,suppressed
Invasive group A streptococcal infection,2009,"Capital, Coast and Hutt Valley",0,0
Q fever,2009,"Capital, Coast and Hutt Valley",0,0
Rubella,2009,"Capital, Coast and Hutt Valley",1,suppressed
Invasive pneumococcal disease,2009,"Capital, Coast and Hutt Valley",60,14.1
Rabies and other lyssaviruses,2009,"Capital, Coast and Hutt Valley",0,0
Toxic shellfish poisoning,2009,"Capital, Coast and Hutt Valley",0,0
Trichinosis,2009,"Capital, Coast and Hutt Valley",0,0
Arboviral diseases,2009,"Capital, Coast and Hutt Valley",16,3.7
Acute gastroenteritis,2009,"Capital, Coast and Hutt Valley",142,33.3
Cryptosporidiosis,2009,"Capital, Coast and Hutt Valley",148,34.7
Typhoid fever,2009,"Capital, Coast and Hutt Valley",5,1.2
Cholera,2009,"Capital, Coast and Hutt Valley",0,0
Malaria,2009,"Capital, Coast and Hutt Valley",3,suppressed
Diphtheria,2009,"Capital, Coast and Hutt Valley",1,suppressed
Taeniasis,2009,"Capital, Coast and Hutt Valley",0,0
Tuberculosis disease,2009,"Capital, Coast and Hutt Valley",27,6.3
Mpox,2009,"Capital, Coast and Hutt Valley",0,0
Leprosy,2009,"Capital, Coast and Hutt Valley",0,0
Shigellosis,2009,"Capital, Coast and Hutt Valley",12,2.8
VTEC/STEC infection,2009,"Capital, Coast and Hutt Valley",7,1.6
Hepatitis NOS,2009,"Capital, Coast and Hutt Valley",0,0
Hepatitis C,2009,"Capital, Coast and Hutt Valley",4,suppressed
Rickettsial disease,2009,"Capital, Coast and Hutt Valley",0,0
Haemophilus influenzae type b,2009,"Capital, Coast and Hutt Valley",1,suppressed
Mumps,2009,"Capital, Coast and Hutt Valley",11,2.6
Legionellosis,2009,"Capital, Coast and Hutt Valley",3,suppressed
Hydatid disease,2009,"Capital, Coast and Hutt Valley",0,0
Measles,2009,"Capital, Coast and Hutt Valley",1,suppressed
Hepatitis A,2009,"Capital, Coast and Hutt Valley",6,1.4
Listeriosis,2009,"Capital, Coast and Hutt Valley",2,suppressed
Salmonellosis,2009,"Capital, Coast and Hutt Valley",94,22
Campylobacteriosis,2009,"Capital, Coast and Hutt Valley",1047,245.2
Brucellosis,2009,"Capital, Coast and Hutt Valley",0,0
Giardiasis,2009,"Capital, Coast and Hutt Valley",202,47.3
Tetanus,2009,"Capital, Coast and Hutt Valley",0,0
Meningococcal disease,2009,"Capital, Coast and Hutt Valley",16,3.7
Paratyphoid fever,2009,"Capital, Coast and Hutt Valley",4,suppressed
Hepatitis B,2009,Counties Manukau,8,1.7
Cholera,2009,Counties Manukau,0,0
Hepatitis NOS,2009,Counties Manukau,1,suppressed
Pertussis,2009,Counties Manukau,73,15.4
Poliomyelitis,2009,Counties Manukau,0,0
Mpox,2009,Counties Manukau,0,0
Tuberculosis disease,2009,Counties Manukau,66,14
Measles,2009,Counties Manukau,3,suppressed
Diphtheria,2009,Counties Manukau,0,0
Rickettsial disease,2009,Counties Manukau,0,0
Yersiniosis,2009,Counties Manukau,34,7.2
Cysticercosis,2009,Counties Manukau,0,0
Rabies and other lyssaviruses,2009,Counties Manukau,0,0
Mumps,2009,Counties Manukau,3,suppressed
Taeniasis,2009,Counties Manukau,0,0
Hepatitis C,2009,Counties Manukau,2,suppressed
Brucellosis,2009,Counties Manukau,0,0
Legionellosis,2009,Counties Manukau,6,1.3
Hydatid disease,2009,Counties Manukau,1,suppressed
Invasive pneumococcal disease,2009,Counties Manukau,90,19
Q fever,2009,Counties Manukau,0,0
Meningoencephalitis - primary amoebic,2009,Counties Manukau,0,0
Leptospirosis,2009,Counties Manukau,1,suppressed
Typhoid fever,2009,Counties Manukau,13,2.7
Listeriosis,2009,Counties Manukau,2,suppressed
Hepatitis A,2009,Counties Manukau,6,1.3
Toxic shellfish poisoning,2009,Counties Manukau,0,0
Acute gastroenteritis,2009,Counties Manukau,44,9.3
Paratyphoid fever,2009,Counties Manukau,2,suppressed
Trichinosis,2009,Counties Manukau,0,0
Campylobacteriosis,2009,Counties Manukau,685,144.9
Tetanus,2009,Counties Manukau,0,0
Invasive group A streptococcal infection,2009,Counties Manukau,0,0
Rheumatic fever,2009,Counties Manukau,41,8.7
Cryptosporidiosis,2009,Counties Manukau,51,10.8
Giardiasis,2009,Counties Manukau,202,42.7
Arboviral diseases,2009,Counties Manukau,38,8
Malaria,2009,Counties Manukau,19,4
Meningococcal disease,2009,Counties Manukau,19,4
VTEC/STEC infection,2009,Counties Manukau,9,1.9
Shigellosis,2009,Counties Manukau,26,5.5
Leprosy,2009,Counties Manukau,2,suppressed
Rubella,2009,Counties Manukau,0,0
Haemophilus influenzae type b,2009,Counties Manukau,1,suppressed
Salmonellosis,2009,Counties Manukau,99,20.9
Giardiasis,2009,Hawke's Bay,66,42.7
Rabies and other lyssaviruses,2009,Hawke's Bay,0,0
Diphtheria,2009,Hawke's Bay,0,0
Haemophilus influenzae type b,2009,Hawke's Bay,0,0
Taeniasis,2009,Hawke's Bay,0,0
Poliomyelitis,2009,Hawke's Bay,0,0
Leptospirosis,2009,Hawke's Bay,4,suppressed
Hepatitis B,2009,Hawke's Bay,1,suppressed
Salmonellosis,2009,Hawke's Bay,58,37.6
Rickettsial disease,2009,Hawke's Bay,0,0
Hepatitis C,2009,Hawke's Bay,0,0
Trichinosis,2009,Hawke's Bay,0,0
Pertussis,2009,Hawke's Bay,28,18.1
Campylobacteriosis,2009,Hawke's Bay,336,217.6
Q fever,2009,Hawke's Bay,0,0
Arboviral diseases,2009,Hawke's Bay,3,suppressed
Legionellosis,2009,Hawke's Bay,4,suppressed
Cysticercosis,2009,Hawke's Bay,0,0
Meningoencephalitis - primary amoebic,2009,Hawke's Bay,0,0
Typhoid fever,2009,Hawke's Bay,0,0
Rubella,2009,Hawke's Bay,0,0
Malaria,2009,Hawke's Bay,1,suppressed
Toxic shellfish poisoning,2009,Hawke's Bay,0,0
Hepatitis NOS,2009,Hawke's Bay,0,0
Rheumatic fever,2009,Hawke's Bay,5,3.2
Shigellosis,2009,Hawke's Bay,1,suppressed
Measles,2009,Hawke's Bay,1,suppressed
Tuberculosis disease,2009,Hawke's Bay,9,5.8
Cryptosporidiosis,2009,Hawke's Bay,36,23.3
Listeriosis,2009,Hawke's Bay,0,0
Yersiniosis,2009,Hawke's Bay,15,9.7
Hydatid disease,2009,Hawke's Bay,0,0
Mpox,2009,Hawke's Bay,0,0
Mumps,2009,Hawke's Bay,1,suppressed
Leprosy,2009,Hawke's Bay,0,0
Invasive pneumococcal disease,2009,Hawke's Bay,35,22.7
VTEC/STEC infection,2009,Hawke's Bay,4,suppressed
Invasive group A streptococcal infection,2009,Hawke's Bay,0,0
Acute gastroenteritis,2009,Hawke's Bay,11,7.1
Cholera,2009,Hawke's Bay,0,0
Paratyphoid fever,2009,Hawke's Bay,0,0
Tetanus,2009,Hawke's Bay,0,0
Hepatitis A,2009,Hawke's Bay,4,suppressed
Brucellosis,2009,Hawke's Bay,0,0
Meningococcal disease,2009,Hawke's Bay,7,4.5
Cysticercosis,2009,Lakes,0,0
Meningoencephalitis - primary amoebic,2009,Lakes,0,0
Yersiniosis,2009,Lakes,10,9.8
Poliomyelitis,2009,Lakes,0,0
Toxic shellfish poisoning,2009,Lakes,0,0
Rheumatic fever,2009,Lakes,3,suppressed
Rabies and other lyssaviruses,2009,Lakes,0,0
Leptospirosis,2009,Lakes,2,suppressed
Invasive pneumococcal disease,2009,Lakes,29,28.5
Arboviral diseases,2009,Lakes,2,suppressed
Taeniasis,2009,Lakes,0,0
Trichinosis,2009,Lakes,0,0
Q fever,2009,Lakes,0,0
Typhoid fever,2009,Lakes,0,0
Rubella,2009,Lakes,0,0
Hepatitis B,2009,Lakes,1,suppressed
Hepatitis NOS,2009,Lakes,0,0
Haemophilus influenzae type b,2009,Lakes,0,0
Invasive group A streptococcal infection,2009,Lakes,0,0
Listeriosis,2009,Lakes,0,0
Mumps,2009,Lakes,1,suppressed
Hydatid disease,2009,Lakes,0,0
Malaria,2009,Lakes,0,0
Cholera,2009,Lakes,0,0
Leprosy,2009,Lakes,0,0
Cryptosporidiosis,2009,Lakes,13,12.8
Shigellosis,2009,Lakes,0,0
Giardiasis,2009,Lakes,65,63.8
Acute gastroenteritis,2009,Lakes,12,11.8
Rickettsial disease,2009,Lakes,0,0
Diphtheria,2009,Lakes,0,0
Brucellosis,2009,Lakes,0,0
Tuberculosis disease,2009,Lakes,6,5.9
Tetanus,2009,Lakes,0,0
Meningococcal disease,2009,Lakes,5,4.9
VTEC/STEC infection,2009,Lakes,5,4.9
Pertussis,2009,Lakes,31,30.4
Measles,2009,Lakes,0,0
Mpox,2009,Lakes,0,0
Paratyphoid fever,2009,Lakes,3,suppressed
Legionellosis,2009,Lakes,1,suppressed
Hepatitis C,2009,Lakes,0,0
Salmonellosis,2009,Lakes,27,26.5
Campylobacteriosis,2009,Lakes,205,201.3
Hepatitis A,2009,Lakes,1,suppressed
Invasive group A streptococcal infection,2009,MidCentral,0,0
Acute gastroenteritis,2009,MidCentral,108,65.3
Diphtheria,2009,MidCentral,0,0
Meningoencephalitis - primary amoebic,2009,MidCentral,0,0
Cysticercosis,2009,MidCentral,0,0
Legionellosis,2009,MidCentral,1,suppressed
Pertussis,2009,MidCentral,27,16.3
Taeniasis,2009,MidCentral,0,0
Yersiniosis,2009,MidCentral,4,suppressed
Rabies and other lyssaviruses,2009,MidCentral,0,0
Hepatitis B,2009,MidCentral,2,suppressed
Poliomyelitis,2009,MidCentral,0,0
Rheumatic fever,2009,MidCentral,1,suppressed
Shigellosis,2009,MidCentral,1,suppressed
Cholera,2009,MidCentral,0,0
Rickettsial disease,2009,MidCentral,0,0
Mumps,2009,MidCentral,0,0
Trichinosis,2009,MidCentral,0,0
Campylobacteriosis,2009,MidCentral,236,142.6
Mpox,2009,MidCentral,0,0
Rubella,2009,MidCentral,0,0
Typhoid fever,2009,MidCentral,0,0
Cryptosporidiosis,2009,MidCentral,29,17.5
Hepatitis A,2009,MidCentral,2,suppressed
Arboviral diseases,2009,MidCentral,4,suppressed
Leptospirosis,2009,MidCentral,6,3.6
Hepatitis NOS,2009,MidCentral,0,0
Measles,2009,MidCentral,1,suppressed
Brucellosis,2009,MidCentral,0,0
Invasive pneumococcal disease,2009,MidCentral,17,10.3
Q fever,2009,MidCentral,0,0
Hydatid disease,2009,MidCentral,0,0
Toxic shellfish poisoning,2009,MidCentral,0,0
Salmonellosis,2009,MidCentral,31,18.7
Paratyphoid fever,2009,MidCentral,0,0
Leprosy,2009,MidCentral,0,0
Tuberculosis disease,2009,MidCentral,6,3.6
Malaria,2009,MidCentral,0,0
VTEC/STEC infection,2009,MidCentral,3,suppressed
Giardiasis,2009,MidCentral,18,10.9
Meningococcal disease,2009,MidCentral,10,6
Listeriosis,2009,MidCentral,2,suppressed
Hepatitis C,2009,MidCentral,2,suppressed
Tetanus,2009,MidCentral,0,0
Haemophilus influenzae type b,2009,MidCentral,1,suppressed
Cysticercosis,2009,Nelson Marlborough,0,0
Cryptosporidiosis,2009,Nelson Marlborough,24,17.5
Yersiniosis,2009,Nelson Marlborough,2,suppressed
Rheumatic fever,2009,Nelson Marlborough,1,suppressed
Measles,2009,Nelson Marlborough,1,suppressed
Rabies and other lyssaviruses,2009,Nelson Marlborough,0,0
Pertussis,2009,Nelson Marlborough,91,66.4
Hepatitis B,2009,Nelson Marlborough,2,suppressed
Leptospirosis,2009,Nelson Marlborough,2,suppressed
Q fever,2009,Nelson Marlborough,0,0
Trichinosis,2009,Nelson Marlborough,0,0
Invasive group A streptococcal infection,2009,Nelson Marlborough,0,0
Mpox,2009,Nelson Marlborough,0,0
Typhoid fever,2009,Nelson Marlborough,0,0
Arboviral diseases,2009,Nelson Marlborough,0,0
Listeriosis,2009,Nelson Marlborough,0,0
Poliomyelitis,2009,Nelson Marlborough,0,0
Toxic shellfish poisoning,2009,Nelson Marlborough,0,0
Tetanus,2009,Nelson Marlborough,0,0
Cholera,2009,Nelson Marlborough,0,0
Rubella,2009,Nelson Marlborough,0,0
Leprosy,2009,Nelson Marlborough,0,0
Shigellosis,2009,Nelson Marlborough,2,suppressed
Salmonellosis,2009,Nelson Marlborough,40,29.2
Meningoencephalitis - primary amoebic,2009,Nelson Marlborough,0,0
Malaria,2009,Nelson Marlborough,2,suppressed
Hepatitis A,2009,Nelson Marlborough,0,0
Diphtheria,2009,Nelson Marlborough,0,0
Hepatitis NOS,2009,Nelson Marlborough,0,0
Invasive pneumococcal disease,2009,Nelson Marlborough,22,16.1
Hydatid disease,2009,Nelson Marlborough,0,0
Paratyphoid fever,2009,Nelson Marlborough,0,0
Mumps,2009,Nelson Marlborough,1,suppressed
Giardiasis,2009,Nelson Marlborough,48,35
Rickettsial disease,2009,Nelson Marlborough,0,0
VTEC/STEC infection,2009,Nelson Marlborough,2,suppressed
Tuberculosis disease,2009,Nelson Marlborough,4,suppressed
Brucellosis,2009,Nelson Marlborough,0,0
Legionellosis,2009,Nelson Marlborough,1,suppressed
Haemophilus influenzae type b,2009,Nelson Marlborough,0,0
Taeniasis,2009,Nelson Marlborough,0,0
Acute gastroenteritis,2009,Nelson Marlborough,10,7.3
Campylobacteriosis,2009,Nelson Marlborough,173,126.3
Meningococcal disease,2009,Nelson Marlborough,0,0
Hepatitis C,2009,Nelson Marlborough,0,0
Shigellosis,2009,Northland,3,suppressed
Hepatitis B,2009,Northland,3,suppressed
Rheumatic fever,2009,Northland,16,10.1
Mpox,2009,Northland,0,0
Legionellosis,2009,Northland,2,suppressed
Diphtheria,2009,Northland,0,0
Arboviral diseases,2009,Northland,4,suppressed
Measles,2009,Northland,4,suppressed
Taeniasis,2009,Northland,0,0
Campylobacteriosis,2009,Northland,208,131.5
Invasive pneumococcal disease,2009,Northland,31,19.6
Pertussis,2009,Northland,20,12.6
Acute gastroenteritis,2009,Northland,2,suppressed
Rickettsial disease,2009,Northland,1,suppressed
Yersiniosis,2009,Northland,11,7
Giardiasis,2009,Northland,64,40.5
Haemophilus influenzae type b,2009,Northland,1,suppressed
Mumps,2009,Northland,3,suppressed
Hepatitis NOS,2009,Northland,0,0
Brucellosis,2009,Northland,0,0
VTEC/STEC infection,2009,Northland,6,3.8
Salmonellosis,2009,Northland,32,20.2
Leprosy,2009,Northland,0,0
Typhoid fever,2009,Northland,0,0
Poliomyelitis,2009,Northland,0,0
Cysticercosis,2009,Northland,0,0
Rabies and other lyssaviruses,2009,Northland,0,0
Cholera,2009,Northland,0,0
Listeriosis,2009,Northland,0,0
Hepatitis C,2009,Northland,1,suppressed
Toxic shellfish poisoning,2009,Northland,0,0
Malaria,2009,Northland,0,0
Hepatitis A,2009,Northland,1,suppressed
Paratyphoid fever,2009,Northland,0,0
Meningococcal disease,2009,Northland,6,3.8
Trichinosis,2009,Northland,0,0
Cryptosporidiosis,2009,Northland,37,23.4
Q fever,2009,Northland,0,0
Meningoencephalitis - primary amoebic,2009,Northland,0,0
Tuberculosis disease,2009,Northland,8,5.1
Tetanus,2009,Northland,0,0
Leptospirosis,2009,Northland,7,4.4
Rubella,2009,Northland,0,0
Invasive group A streptococcal infection,2009,Northland,0,0
Hydatid disease,2009,Northland,0,0
Hepatitis C,2009,South Canterbury,1,suppressed
Taeniasis,2009,South Canterbury,1,suppressed
Cryptosporidiosis,2009,South Canterbury,28,50.2
Salmonellosis,2009,South Canterbury,34,60.9
Cholera,2009,South Canterbury,0,0
Hepatitis B,2009,South Canterbury,0,0
Cysticercosis,2009,South Canterbury,0,0
Diphtheria,2009,South Canterbury,0,0
Giardiasis,2009,South Canterbury,10,17.9
Rickettsial disease,2009,South Canterbury,0,0
Toxic shellfish poisoning,2009,South Canterbury,0,0
VTEC/STEC infection,2009,South Canterbury,2,suppressed
Acute gastroenteritis,2009,South Canterbury,3,suppressed
Hydatid disease,2009,South Canterbury,0,0
Shigellosis,2009,South Canterbury,1,suppressed
Poliomyelitis,2009,South Canterbury,0,0
Mpox,2009,South Canterbury,0,0
Rheumatic fever,2009,South Canterbury,0,0
Invasive pneumococcal disease,2009,South Canterbury,6,10.8
Malaria,2009,South Canterbury,0,0
Measles,2009,South Canterbury,1,suppressed
Mumps,2009,South Canterbury,3,suppressed
Invasive group A streptococcal infection,2009,South Canterbury,0,0
Legionellosis,2009,South Canterbury,1,suppressed
Pertussis,2009,South Canterbury,27,48.4
Rabies and other lyssaviruses,2009,South Canterbury,0,0
Listeriosis,2009,South Canterbury,0,0
Yersiniosis,2009,South Canterbury,10,17.9
Hepatitis NOS,2009,South Canterbury,0,0
Arboviral diseases,2009,South Canterbury,0,0
Paratyphoid fever,2009,South Canterbury,0,0
Meningococcal disease,2009,South Canterbury,0,0
Campylobacteriosis,2009,South Canterbury,103,184.6
Brucellosis,2009,South Canterbury,0,0
Q fever,2009,South Canterbury,0,0
Rubella,2009,South Canterbury,0,0
Trichinosis,2009,South Canterbury,0,0
Leptospirosis,2009,South Canterbury,2,suppressed
Haemophilus influenzae type b,2009,South Canterbury,0,0
Meningoencephalitis - primary amoebic,2009,South Canterbury,0,0
Tuberculosis disease,2009,South Canterbury,2,suppressed
Hepatitis A,2009,South Canterbury,0,0
Tetanus,2009,South Canterbury,0,0
Leprosy,2009,South Canterbury,0,0
Typhoid fever,2009,South Canterbury,0,0
Cryptosporidiosis,2009,Southern,51,17.1
Shigellosis,2009,Southern,7,2.3
Leprosy,2009,Southern,0,0
Leptospirosis,2009,Southern,4,suppressed
Malaria,2009,Southern,0,0
Toxic shellfish poisoning,2009,Southern,0,0
Legionellosis,2009,Southern,4,suppressed
Q fever,2009,Southern,0,0
Typhoid fever,2009,Southern,0,0
Cholera,2009,Southern,0,0
Hepatitis B,2009,Southern,1,suppressed
Arboviral diseases,2009,Southern,3,suppressed
Diphtheria,2009,Southern,0,0
Hepatitis C,2009,Southern,2,suppressed
Rickettsial disease,2009,Southern,0,0
Invasive group A streptococcal infection,2009,Southern,0,0
Salmonellosis,2009,Southern,132,44.2
Rubella,2009,Southern,0,0
Measles,2009,Southern,37,12.4
Campylobacteriosis,2009,Southern,418,139.9
Taeniasis,2009,Southern,0,0
Listeriosis,2009,Southern,3,suppressed
Hepatitis NOS,2009,Southern,0,0
Acute gastroenteritis,2009,Southern,12,4
Haemophilus influenzae type b,2009,Southern,0,0
Mpox,2009,Southern,0,0
Mumps,2009,Southern,0,0
Hydatid disease,2009,Southern,1,suppressed
Tuberculosis disease,2009,Southern,3,suppressed
VTEC/STEC infection,2009,Southern,6,2
Hepatitis A,2009,Southern,1,suppressed
Giardiasis,2009,Southern,96,32.1
Yersiniosis,2009,Southern,23,7.7
Cysticercosis,2009,Southern,0,0
Brucellosis,2009,Southern,0,0
Invasive pneumococcal disease,2009,Southern,52,17.4
Tetanus,2009,Southern,0,0
Rabies and other lyssaviruses,2009,Southern,0,0
Poliomyelitis,2009,Southern,0,0
Pertussis,2009,Southern,47,15.7
Trichinosis,2009,Southern,0,0
Meningococcal disease,2009,Southern,9,3
Meningoencephalitis - primary amoebic,2009,Southern,0,0
Rheumatic fever,2009,Southern,0,0
Paratyphoid fever,2009,Southern,0,0
Q fever,2009,Tairawhiti,0,0
Yersiniosis,2009,Tairawhiti,3,suppressed
Rickettsial disease,2009,Tairawhiti,0,0
Diphtheria,2009,Tairawhiti,0,0
Cysticercosis,2009,Tairawhiti,0,0
Acute gastroenteritis,2009,Tairawhiti,0,0
Mumps,2009,Tairawhiti,0,0
Rubella,2009,Tairawhiti,0,0
Haemophilus influenzae type b,2009,Tairawhiti,0,0
Meningoencephalitis - primary amoebic,2009,Tairawhiti,0,0
Rabies and other lyssaviruses,2009,Tairawhiti,0,0
Cryptosporidiosis,2009,Tairawhiti,10,21.6
Measles,2009,Tairawhiti,0,0
Giardiasis,2009,Tairawhiti,11,23.8
Arboviral diseases,2009,Tairawhiti,2,suppressed
Leptospirosis,2009,Tairawhiti,0,0
Hepatitis NOS,2009,Tairawhiti,0,0
Brucellosis,2009,Tairawhiti,0,0
Cholera,2009,Tairawhiti,0,0
Listeriosis,2009,Tairawhiti,2,suppressed
Hydatid disease,2009,Tairawhiti,0,0
Shigellosis,2009,Tairawhiti,1,suppressed
Typhoid fever,2009,Tairawhiti,0,0
Invasive group A streptococcal infection,2009,Tairawhiti,0,0
Legionellosis,2009,Tairawhiti,0,0
Trichinosis,2009,Tairawhiti,0,0
Pertussis,2009,Tairawhiti,13,28.1
Taeniasis,2009,Tairawhiti,0,0
Poliomyelitis,2009,Tairawhiti,0,0
Toxic shellfish poisoning,2009,Tairawhiti,0,0
Paratyphoid fever,2009,Tairawhiti,0,0
Tetanus,2009,Tairawhiti,0,0
Rheumatic fever,2009,Tairawhiti,10,21.6
Mpox,2009,Tairawhiti,0,0
Campylobacteriosis,2009,Tairawhiti,36,77.8
Tuberculosis disease,2009,Tairawhiti,6,13
Hepatitis B,2009,Tairawhiti,1,suppressed
Leprosy,2009,Tairawhiti,0,0
Hepatitis C,2009,Tairawhiti,0,0
Malaria,2009,Tairawhiti,0,0
Hepatitis A,2009,Tairawhiti,0,0
Meningococcal disease,2009,Tairawhiti,7,15.1
VTEC/STEC infection,2009,Tairawhiti,4,suppressed
Salmonellosis,2009,Tairawhiti,32,69.1
Invasive pneumococcal disease,2009,Tairawhiti,9,19.4
Yersiniosis,2009,Taranaki,15,13.7
Acute gastroenteritis,2009,Taranaki,0,0
Leptospirosis,2009,Taranaki,3,suppressed
Haemophilus influenzae type b,2009,Taranaki,0,0
Diphtheria,2009,Taranaki,0,0
Rickettsial disease,2009,Taranaki,0,0
Cryptosporidiosis,2009,Taranaki,24,21.9
Measles,2009,Taranaki,0,0
Salmonellosis,2009,Taranaki,20,18.3
Q fever,2009,Taranaki,0,0
Cysticercosis,2009,Taranaki,0,0
Trichinosis,2009,Taranaki,0,0
Giardiasis,2009,Taranaki,45,41.1
Hepatitis B,2009,Taranaki,1,suppressed
Hepatitis NOS,2009,Taranaki,0,0
Hepatitis C,2009,Taranaki,5,4.6
Rheumatic fever,2009,Taranaki,1,suppressed
Shigellosis,2009,Taranaki,0,0
Typhoid fever,2009,Taranaki,0,0
Legionellosis,2009,Taranaki,1,suppressed
Mumps,2009,Taranaki,2,suppressed
Meningoencephalitis - primary amoebic,2009,Taranaki,0,0
Pertussis,2009,Taranaki,42,38.4
Poliomyelitis,2009,Taranaki,0,0
Invasive group A streptococcal infection,2009,Taranaki,0,0
Listeriosis,2009,Taranaki,1,suppressed
Malaria,2009,Taranaki,1,suppressed
Taeniasis,2009,Taranaki,0,0
Arboviral diseases,2009,Taranaki,1,suppressed
Leprosy,2009,Taranaki,0,0
VTEC/STEC infection,2009,Taranaki,14,12.8
Tuberculosis disease,2009,Taranaki,0,0
Mpox,2009,Taranaki,0,0
Hepatitis A,2009,Taranaki,0,0
Rubella,2009,Taranaki,0,0
Invasive pneumococcal disease,2009,Taranaki,20,18.3
Rabies and other lyssaviruses,2009,Taranaki,0,0
Toxic shellfish poisoning,2009,Taranaki,0,0
Cholera,2009,Taranaki,0,0
Campylobacteriosis,2009,Taranaki,233,212.8
Meningococcal disease,2009,Taranaki,3,suppressed
Paratyphoid fever,2009,Taranaki,0,0
Hydatid disease,2009,Taranaki,0,0
Tetanus,2009,Taranaki,0,0
Brucellosis,2009,Taranaki,0,0
Pertussis,2009,Waikato,233,64.4
Hepatitis B,2009,Waikato,1,suppressed
Rheumatic fever,2009,Waikato,22,6.1
Cysticercosis,2009,Waikato,0,0
Rabies and other lyssaviruses,2009,Waikato,0,0
Acute gastroenteritis,2009,Waikato,24,6.6
Diphtheria,2009,Waikato,0,0
Hepatitis C,2009,Waikato,0,0
Hepatitis NOS,2009,Waikato,0,0
Mpox,2009,Waikato,0,0
Mumps,2009,Waikato,7,1.9
Tuberculosis disease,2009,Waikato,14,3.9
Meningoencephalitis - primary amoebic,2009,Waikato,0,0
Shigellosis,2009,Waikato,7,1.9
Typhoid fever,2009,Waikato,1,suppressed
Yersiniosis,2009,Waikato,28,7.7
Invasive group A streptococcal infection,2009,Waikato,0,0
Leptospirosis,2009,Waikato,16,4.4
Poliomyelitis,2009,Waikato,0,0
Malaria,2009,Waikato,3,suppressed
Listeriosis,2009,Waikato,5,1.4
Toxic shellfish poisoning,2009,Waikato,0,0
Tetanus,2009,Waikato,1,suppressed
Cholera,2009,Waikato,0,0
Invasive pneumococcal disease,2009,Waikato,82,22.7
Brucellosis,2009,Waikato,0,0
Legionellosis,2009,Waikato,1,suppressed
Arboviral diseases,2009,Waikato,6,1.7
Trichinosis,2009,Waikato,0,0
Q fever,2009,Waikato,0,0
Cryptosporidiosis,2009,Waikato,109,30.1
Measles,2009,Waikato,1,suppressed
Giardiasis,2009,Waikato,148,40.9
Rickettsial disease,2009,Waikato,2,suppressed
Hepatitis A,2009,Waikato,3,suppressed
Meningococcal disease,2009,Waikato,9,2.5
VTEC/STEC infection,2009,Waikato,27,7.5
Hydatid disease,2009,Waikato,0,0
Leprosy,2009,Waikato,0,0
Campylobacteriosis,2009,Waikato,660,182.3
Haemophilus influenzae type b,2009,Waikato,2,suppressed
Rubella,2009,Waikato,0,0
Taeniasis,2009,Waikato,0,0
Paratyphoid fever,2009,Waikato,2,suppressed
Salmonellosis,2009,Waikato,104,28.7
Poliomyelitis,2009,Wairarapa,0,0
Rabies and other lyssaviruses,2009,Wairarapa,0,0
Yersiniosis,2009,Wairarapa,1,suppressed
Cryptosporidiosis,2009,Wairarapa,13,32
Invasive group A streptococcal infection,2009,Wairarapa,0,0
Pertussis,2009,Wairarapa,11,27.1
Cysticercosis,2009,Wairarapa,0,0
Q fever,2009,Wairarapa,0,0
Shigellosis,2009,Wairarapa,1,suppressed
Hepatitis B,2009,Wairarapa,2,suppressed
Meningoencephalitis - primary amoebic,2009,Wairarapa,0,0
Leptospirosis,2009,Wairarapa,1,suppressed
Typhoid fever,2009,Wairarapa,0,0
Trichinosis,2009,Wairarapa,0,0
Arboviral diseases,2009,Wairarapa,1,suppressed
Cholera,2009,Wairarapa,0,0
Rubella,2009,Wairarapa,0,0
Mpox,2009,Wairarapa,0,0
Hydatid disease,2009,Wairarapa,0,0
Rickettsial disease,2009,Wairarapa,0,0
Toxic shellfish poisoning,2009,Wairarapa,0,0
Salmonellosis,2009,Wairarapa,19,46.8
Leprosy,2009,Wairarapa,0,0
Diphtheria,2009,Wairarapa,0,0
Tuberculosis disease,2009,Wairarapa,0,0
Legionellosis,2009,Wairarapa,2,suppressed
Tetanus,2009,Wairarapa,0,0
Invasive pneumococcal disease,2009,Wairarapa,12,29.6
Giardiasis,2009,Wairarapa,12,29.6
Hepatitis C,2009,Wairarapa,2,suppressed
Mumps,2009,Wairarapa,2,suppressed
Taeniasis,2009,Wairarapa,0,0
Brucellosis,2009,Wairarapa,0,0
Hepatitis A,2009,Wairarapa,0,0
Campylobacteriosis,2009,Wairarapa,69,169.9
Haemophilus influenzae type b,2009,Wairarapa,0,0
Acute gastroenteritis,2009,Wairarapa,2,suppressed
Rheumatic fever,2009,Wairarapa,0,0
Hepatitis NOS,2009,Wairarapa,0,0
Listeriosis,2009,Wairarapa,0,0
VTEC/STEC infection,2009,Wairarapa,1,suppressed
Malaria,2009,Wairarapa,1,suppressed
Paratyphoid fever,2009,Wairarapa,1,suppressed
Measles,2009,Wairarapa,0,0
Meningococcal disease,2009,Wairarapa,1,suppressed
Taeniasis,2009,Waitemata,0,0
VTEC/STEC infection,2009,Waitemata,9,1.7
Yersiniosis,2009,Waitemata,51,9.7
Diphtheria,2009,Waitemata,0,0
Acute gastroenteritis,2009,Waitemata,81,15.5
Rickettsial disease,2009,Waitemata,2,suppressed
Toxic shellfish poisoning,2009,Waitemata,0,0
Rheumatic fever,2009,Waitemata,10,1.9
Arboviral diseases,2009,Waitemata,19,3.6
Cholera,2009,Waitemata,0,0
Hepatitis NOS,2009,Waitemata,0,0
Hepatitis C,2009,Waitemata,1,suppressed
Leprosy,2009,Waitemata,0,0
Cysticercosis,2009,Waitemata,0,0
Invasive pneumococcal disease,2009,Waitemata,57,10.9
Pertussis,2009,Waitemata,118,22.5
Q fever,2009,Waitemata,0,0
Malaria,2009,Waitemata,7,1.3
Hepatitis B,2009,Waitemata,6,1.1
Leptospirosis,2009,Waitemata,1,suppressed
Giardiasis,2009,Waitemata,155,29.6
Shigellosis,2009,Waitemata,23,4.4
Rubella,2009,Waitemata,0,0
Invasive group A streptococcal infection,2009,Waitemata,0,0
Mpox,2009,Waitemata,0,0
Typhoid fever,2009,Waitemata,5,1
Meningoencephalitis - primary amoebic,2009,Waitemata,0,0
Poliomyelitis,2009,Waitemata,0,0
Cryptosporidiosis,2009,Waitemata,74,14.1
Listeriosis,2009,Waitemata,4,suppressed
Salmonellosis,2009,Waitemata,88,16.8
Measles,2009,Waitemata,13,2.5
Hepatitis A,2009,Waitemata,3,suppressed
Legionellosis,2009,Waitemata,13,2.5
Hydatid disease,2009,Waitemata,0,0
Trichinosis,2009,Waitemata,0,0
Rabies and other lyssaviruses,2009,Waitemata,0,0
Campylobacteriosis,2009,Waitemata,914,174.6
Tetanus,2009,Waitemata,0,0
Mumps,2009,Waitemata,5,1
Brucellosis,2009,Waitemata,0,0
Haemophilus influenzae type b,2009,Waitemata,3,suppressed
Paratyphoid fever,2009,Waitemata,5,1
Tuberculosis disease,2009,Waitemata,48,9.2
Meningococcal disease,2009,Waitemata,6,1.1
Pertussis,2009,West Coast,29,88.8
Q fever,2009,West Coast,0,0
Salmonellosis,2009,West Coast,10,30.6
Poliomyelitis,2009,West Coast,0,0
Cysticercosis,2009,West Coast,0,0
Meningoencephalitis - primary amoebic,2009,West Coast,0,0
Campylobacteriosis,2009,West Coast,42,128.5
Shigellosis,2009,West Coast,1,suppressed
Invasive group A streptococcal infection,2009,West Coast,0,0
Yersiniosis,2009,West Coast,12,36.7
Leptospirosis,2009,West Coast,4,suppressed
Toxic shellfish poisoning,2009,West Coast,0,0
Rubella,2009,West Coast,0,0
Legionellosis,2009,West Coast,3,suppressed
Typhoid fever,2009,West Coast,0,0
Measles,2009,West Coast,7,21.4
Cholera,2009,West Coast,0,0
Acute gastroenteritis,2009,West Coast,90,275.5
Diphtheria,2009,West Coast,0,0
Cryptosporidiosis,2009,West Coast,18,55.1
Rabies and other lyssaviruses,2009,West Coast,0,0
Mpox,2009,West Coast,0,0
Mumps,2009,West Coast,1,suppressed
Hepatitis C,2009,West Coast,0,0
Hepatitis NOS,2009,West Coast,0,0
VTEC/STEC infection,2009,West Coast,1,suppressed
Rickettsial disease,2009,West Coast,0,0
Leprosy,2009,West Coast,0,0
Tuberculosis disease,2009,West Coast,2,suppressed
Hepatitis A,2009,West Coast,0,0
Arboviral diseases,2009,West Coast,1,suppressed
Hepatitis B,2009,West Coast,2,suppressed
Trichinosis,2009,West Coast,0,0
Rheumatic fever,2009,West Coast,0,0
Brucellosis,2009,West Coast,0,0
Malaria,2009,West Coast,2,suppressed
Taeniasis,2009,West Coast,0,0
Hydatid disease,2009,West Coast,0,0
Invasive pneumococcal disease,2009,West Coast,0,0
Haemophilus influenzae type b,2009,West Coast,0,0
Giardiasis,2009,West Coast,13,39.8
Tetanus,2009,West Coast,0,0
Paratyphoid fever,2009,West Coast,0,0
Listeriosis,2009,West Coast,0,0
Meningococcal disease,2009,West Coast,1,suppressed
Pertussis,2009,Whanganui,6,9.5
Meningoencephalitis - primary amoebic,2009,Whanganui,0,0
Poliomyelitis,2009,Whanganui,0,0
Diphtheria,2009,Whanganui,0,0
Measles,2009,Whanganui,1,suppressed
Rabies and other lyssaviruses,2009,Whanganui,0,0
Typhoid fever,2009,Whanganui,0,0
Trichinosis,2009,Whanganui,0,0
Hepatitis C,2009,Whanganui,0,0
Hepatitis NOS,2009,Whanganui,0,0
Hepatitis B,2009,Whanganui,1,suppressed
Giardiasis,2009,Whanganui,21,33.3
Hydatid disease,2009,Whanganui,0,0
Cryptosporidiosis,2009,Whanganui,9,14.3
Q fever,2009,Whanganui,0,0
Invasive group A streptococcal infection,2009,Whanganui,0,0
Rubella,2009,Whanganui,0,0
Yersiniosis,2009,Whanganui,3,suppressed
Cysticercosis,2009,Whanganui,0,0
Acute gastroenteritis,2009,Whanganui,16,25.3
Rheumatic fever,2009,Whanganui,0,0
Taeniasis,2009,Whanganui,0,0
Cholera,2009,Whanganui,0,0
Shigellosis,2009,Whanganui,0,0
Legionellosis,2009,Whanganui,0,0
Hepatitis A,2009,Whanganui,0,0
Leprosy,2009,Whanganui,0,0
Leptospirosis,2009,Whanganui,3,suppressed
Rickettsial disease,2009,Whanganui,0,0
VTEC/STEC infection,2009,Whanganui,0,0
Invasive pneumococcal disease,2009,Whanganui,12,19
Listeriosis,2009,Whanganui,1,suppressed
Mpox,2009,Whanganui,0,0
Toxic shellfish poisoning,2009,Whanganui,0,0
Mumps,2009,Whanganui,0,0
Tuberculosis disease,2009,Whanganui,0,0
Salmonellosis,2009,Whanganui,12,19
Campylobacteriosis,2009,Whanganui,139,220.2
Haemophilus influenzae type b,2009,Whanganui,0,0
Paratyphoid fever,2009,Whanganui,0,0
Meningococcal disease,2009,Whanganui,1,suppressed
Brucellosis,2009,Whanganui,0,0
Arboviral diseases,2009,Whanganui,2,suppressed
Malaria,2009,Whanganui,0,0
Tetanus,2009,Whanganui,0,0
Legionellosis,2010,Auckland,15,3.4
Q fever,2010,Auckland,0,0
Salmonellosis,2010,Auckland,99,22.2
Shigellosis,2010,Auckland,14,3.1
Measles,2010,Auckland,5,1.1
Mpox,2010,Auckland,0,0
Campylobacteriosis,2010,Auckland,655,146.9
Haemophilus influenzae type b,2010,Auckland,0,0
Rabies and other lyssaviruses,2010,Auckland,0,0
Rheumatic fever,2010,Auckland,9,2
Typhoid fever,2010,Auckland,9,2
Invasive pneumococcal disease,2010,Auckland,44,9.9
Giardiasis,2010,Auckland,304,68.2
Arboviral diseases,2010,Auckland,12,2.7
Taeniasis,2010,Auckland,0,0
Poliomyelitis,2010,Auckland,0,0
Brucellosis,2010,Auckland,0,0
Tuberculosis disease,2010,Auckland,63,14.1
Hydatid disease,2010,Auckland,0,0
Leprosy,2010,Auckland,1,suppressed
Rubella,2010,Auckland,0,0
Yersiniosis,2010,Auckland,41,9.2
Pertussis,2010,Auckland,85,19.1
Rickettsial disease,2010,Auckland,1,suppressed
Hepatitis NOS,2010,Auckland,2,suppressed
Acute gastroenteritis,2010,Auckland,63,14.1
Malaria,2010,Auckland,12,2.7
Mumps,2010,Auckland,1,suppressed
Cholera,2010,Auckland,1,suppressed
Hepatitis A,2010,Auckland,7,1.6
VTEC/STEC infection,2010,Auckland,8,1.8
Paratyphoid fever,2010,Auckland,6,1.3
Cysticercosis,2010,Auckland,0,0
Meningoencephalitis - primary amoebic,2010,Auckland,0,0
Trichinosis,2010,Auckland,0,0
Cryptosporidiosis,2010,Auckland,64,14.4
Diphtheria,2010,Auckland,0,0
Tetanus,2010,Auckland,2,suppressed
Leptospirosis,2010,Auckland,0,0
Hepatitis B,2010,Auckland,8,1.8
Meningococcal disease,2010,Auckland,7,1.6
Listeriosis,2010,Auckland,3,suppressed
Hepatitis C,2010,Auckland,1,suppressed
Toxic shellfish poisoning,2010,Auckland,0,0
Invasive group A streptococcal infection,2010,Auckland,0,0
Q fever,2010,Bay of Plenty,0,0
Hepatitis NOS,2010,Bay of Plenty,0,0
Hydatid disease,2010,Bay of Plenty,0,0
Shigellosis,2010,Bay of Plenty,6,2.8
Invasive pneumococcal disease,2010,Bay of Plenty,33,15.6
Cholera,2010,Bay of Plenty,0,0
Cysticercosis,2010,Bay of Plenty,0,0
Rheumatic fever,2010,Bay of Plenty,7,3.3
Invasive group A streptococcal infection,2010,Bay of Plenty,0,0
Mpox,2010,Bay of Plenty,0,0
Diphtheria,2010,Bay of Plenty,0,0
Legionellosis,2010,Bay of Plenty,6,2.8
Measles,2010,Bay of Plenty,1,suppressed
Mumps,2010,Bay of Plenty,0,0
Tetanus,2010,Bay of Plenty,1,suppressed
Campylobacteriosis,2010,Bay of Plenty,322,152.6
Salmonellosis,2010,Bay of Plenty,49,23.2
Leprosy,2010,Bay of Plenty,0,0
Rabies and other lyssaviruses,2010,Bay of Plenty,0,0
Yersiniosis,2010,Bay of Plenty,17,8.1
Acute gastroenteritis,2010,Bay of Plenty,10,4.7
Hepatitis B,2010,Bay of Plenty,1,suppressed
Arboviral diseases,2010,Bay of Plenty,3,suppressed
Giardiasis,2010,Bay of Plenty,72,34.1
Haemophilus influenzae type b,2010,Bay of Plenty,0,0
Toxic shellfish poisoning,2010,Bay of Plenty,2,suppressed
VTEC/STEC infection,2010,Bay of Plenty,13,6.2
Paratyphoid fever,2010,Bay of Plenty,0,0
Brucellosis,2010,Bay of Plenty,0,0
Hepatitis A,2010,Bay of Plenty,1,suppressed
Pertussis,2010,Bay of Plenty,42,19.9
Poliomyelitis,2010,Bay of Plenty,0,0
Leptospirosis,2010,Bay of Plenty,3,suppressed
Rickettsial disease,2010,Bay of Plenty,0,0
Malaria,2010,Bay of Plenty,3,suppressed
Rubella,2010,Bay of Plenty,0,0
Hepatitis C,2010,Bay of Plenty,0,0
Taeniasis,2010,Bay of Plenty,0,0
Meningoencephalitis - primary amoebic,2010,Bay of Plenty,0,0
Tuberculosis disease,2010,Bay of Plenty,5,2.4
Trichinosis,2010,Bay of Plenty,0,0
Cryptosporidiosis,2010,Bay of Plenty,14,6.6
Typhoid fever,2010,Bay of Plenty,5,2.4
Listeriosis,2010,Bay of Plenty,2,suppressed
Meningococcal disease,2010,Bay of Plenty,6,2.8
Shigellosis,2010,Canterbury,14,2.7
Arboviral diseases,2010,Canterbury,3,suppressed
Pertussis,2010,Canterbury,166,32.5
Hydatid disease,2010,Canterbury,1,suppressed
Cholera,2010,Canterbury,1,suppressed
Meningoencephalitis - primary amoebic,2010,Canterbury,0,0
Yersiniosis,2010,Canterbury,46,9
Cryptosporidiosis,2010,Canterbury,230,45.1
Cysticercosis,2010,Canterbury,0,0
Rabies and other lyssaviruses,2010,Canterbury,0,0
Diphtheria,2010,Canterbury,0,0
Hepatitis NOS,2010,Canterbury,0,0
Listeriosis,2010,Canterbury,0,0
Invasive pneumococcal disease,2010,Canterbury,42,8.2
Measles,2010,Canterbury,0,0
Tetanus,2010,Canterbury,0,0
Paratyphoid fever,2010,Canterbury,1,suppressed
Mpox,2010,Canterbury,0,0
Poliomyelitis,2010,Canterbury,0,0
Trichinosis,2010,Canterbury,0,0
Typhoid fever,2010,Canterbury,1,suppressed
Rubella,2010,Canterbury,0,0
Leptospirosis,2010,Canterbury,3,suppressed
Hepatitis B,2010,Canterbury,6,1.2
VTEC/STEC infection,2010,Canterbury,24,4.7
Hepatitis C,2010,Canterbury,3,suppressed
Giardiasis,2010,Canterbury,282,55.2
Toxic shellfish poisoning,2010,Canterbury,1,suppressed
Invasive group A streptococcal infection,2010,Canterbury,0,0
Brucellosis,2010,Canterbury,0,0
Campylobacteriosis,2010,Canterbury,931,182.4
Legionellosis,2010,Canterbury,62,12.1
Rickettsial disease,2010,Canterbury,0,0
Q fever,2010,Canterbury,0,0
Taeniasis,2010,Canterbury,0,0
Rheumatic fever,2010,Canterbury,2,suppressed
Haemophilus influenzae type b,2010,Canterbury,1,suppressed
Tuberculosis disease,2010,Canterbury,27,5.3
Meningococcal disease,2010,Canterbury,7,1.4
Acute gastroenteritis,2010,Canterbury,42,8.2
Mumps,2010,Canterbury,6,1.2
Salmonellosis,2010,Canterbury,162,31.7
Leprosy,2010,Canterbury,0,0
Hepatitis A,2010,Canterbury,7,1.4
Malaria,2010,Canterbury,7,1.4
Hepatitis B,2010,"Capital, Coast and Hutt Valley",4,suppressed
Measles,2010,"Capital, Coast and Hutt Valley",2,suppressed
Legionellosis,2010,"Capital, Coast and Hutt Valley",8,1.9
Shigellosis,2010,"Capital, Coast and Hutt Valley",5,1.2
Acute gastroenteritis,2010,"Capital, Coast and Hutt Valley",144,33.5
Mumps,2010,"Capital, Coast and Hutt Valley",7,1.6
Rabies and other lyssaviruses,2010,"Capital, Coast and Hutt Valley",0,0
Malaria,2010,"Capital, Coast and Hutt Valley",2,suppressed
Mpox,2010,"Capital, Coast and Hutt Valley",0,0
Hepatitis C,2010,"Capital, Coast and Hutt Valley",4,suppressed
Haemophilus influenzae type b,2010,"Capital, Coast and Hutt Valley",0,0
Cholera,2010,"Capital, Coast and Hutt Valley",0,0
Salmonellosis,2010,"Capital, Coast and Hutt Valley",83,19.3
VTEC/STEC infection,2010,"Capital, Coast and Hutt Valley",2,suppressed
Campylobacteriosis,2010,"Capital, Coast and Hutt Valley",935,217.4
Leptospirosis,2010,"Capital, Coast and Hutt Valley",0,0
Pertussis,2010,"Capital, Coast and Hutt Valley",134,31.2
Cysticercosis,2010,"Capital, Coast and Hutt Valley",0,0
Poliomyelitis,2010,"Capital, Coast and Hutt Valley",0,0
Diphtheria,2010,"Capital, Coast and Hutt Valley",0,0
Taeniasis,2010,"Capital, Coast and Hutt Valley",1,suppressed
Invasive pneumococcal disease,2010,"Capital, Coast and Hutt Valley",42,9.8
Arboviral diseases,2010,"Capital, Coast and Hutt Valley",8,1.9
Tetanus,2010,"Capital, Coast and Hutt Valley",1,suppressed
Hydatid disease,2010,"Capital, Coast and Hutt Valley",0,0
Rickettsial disease,2010,"Capital, Coast and Hutt Valley",0,0
Meningoencephalitis - primary amoebic,2010,"Capital, Coast and Hutt Valley",0,0
Cryptosporidiosis,2010,"Capital, Coast and Hutt Valley",44,10.2
Typhoid fever,2010,"Capital, Coast and Hutt Valley",2,suppressed
Giardiasis,2010,"Capital, Coast and Hutt Valley",197,45.8
Toxic shellfish poisoning,2010,"Capital, Coast and Hutt Valley",1,suppressed
Q fever,2010,"Capital, Coast and Hutt Valley",0,0
Rheumatic fever,2010,"Capital, Coast and Hutt Valley",16,3.7
Hepatitis A,2010,"Capital, Coast and Hutt Valley",3,suppressed
Yersiniosis,2010,"Capital, Coast and Hutt Valley",79,18.4
Trichinosis,2010,"Capital, Coast and Hutt Valley",0,0
Tuberculosis disease,2010,"Capital, Coast and Hutt Valley",41,9.5
Rubella,2010,"Capital, Coast and Hutt Valley",2,suppressed
Listeriosis,2010,"Capital, Coast and Hutt Valley",2,suppressed
Paratyphoid fever,2010,"Capital, Coast and Hutt Valley",7,1.6
Invasive group A streptococcal infection,2010,"Capital, Coast and Hutt Valley",0,0
Hepatitis NOS,2010,"Capital, Coast and Hutt Valley",0,0
Brucellosis,2010,"Capital, Coast and Hutt Valley",0,0
Meningococcal disease,2010,"Capital, Coast and Hutt Valley",13,3
Leprosy,2010,"Capital, Coast and Hutt Valley",1,suppressed
Cysticercosis,2010,Counties Manukau,0,0
Yersiniosis,2010,Counties Manukau,29,6.1
Rabies and other lyssaviruses,2010,Counties Manukau,0,0
Q fever,2010,Counties Manukau,0,0
Arboviral diseases,2010,Counties Manukau,2,suppressed
Leptospirosis,2010,Counties Manukau,1,suppressed
Salmonellosis,2010,Counties Manukau,73,15.2
Hepatitis A,2010,Counties Manukau,9,1.9
Cryptosporidiosis,2010,Counties Manukau,39,8.1
Hepatitis NOS,2010,Counties Manukau,0,0
Meningoencephalitis - primary amoebic,2010,Counties Manukau,0,0
Acute gastroenteritis,2010,Counties Manukau,27,5.6
Mpox,2010,Counties Manukau,0,0
Poliomyelitis,2010,Counties Manukau,0,0
Diphtheria,2010,Counties Manukau,0,0
Hepatitis C,2010,Counties Manukau,2,suppressed
Trichinosis,2010,Counties Manukau,0,0
Leprosy,2010,Counties Manukau,0,0
Legionellosis,2010,Counties Manukau,13,2.7
Cholera,2010,Counties Manukau,0,0
Measles,2010,Counties Manukau,1,suppressed
Rickettsial disease,2010,Counties Manukau,2,suppressed
Hydatid disease,2010,Counties Manukau,0,0
Typhoid fever,2010,Counties Manukau,7,1.5
Invasive group A streptococcal infection,2010,Counties Manukau,0,0
Listeriosis,2010,Counties Manukau,4,suppressed
Shigellosis,2010,Counties Manukau,16,3.3
Giardiasis,2010,Counties Manukau,205,42.8
Taeniasis,2010,Counties Manukau,2,suppressed
Tetanus,2010,Counties Manukau,1,suppressed
Rubella,2010,Counties Manukau,0,0
Meningococcal disease,2010,Counties Manukau,16,3.3
Mumps,2010,Counties Manukau,4,suppressed
Hepatitis B,2010,Counties Manukau,10,2.1
Rheumatic fever,2010,Counties Manukau,57,11.9
Invasive pneumococcal disease,2010,Counties Manukau,105,21.9
Pertussis,2010,Counties Manukau,72,15
Brucellosis,2010,Counties Manukau,0,0
Campylobacteriosis,2010,Counties Manukau,534,111.5
Toxic shellfish poisoning,2010,Counties Manukau,0,0
VTEC/STEC infection,2010,Counties Manukau,7,1.5
Tuberculosis disease,2010,Counties Manukau,63,13.2
Paratyphoid fever,2010,Counties Manukau,2,suppressed
Haemophilus influenzae type b,2010,Counties Manukau,2,suppressed
Malaria,2010,Counties Manukau,8,1.7
Rickettsial disease,2010,Hawke's Bay,0,0
Hydatid disease,2010,Hawke's Bay,1,suppressed
Invasive pneumococcal disease,2010,Hawke's Bay,24,15.4
Trichinosis,2010,Hawke's Bay,0,0
Meningoencephalitis - primary amoebic,2010,Hawke's Bay,0,0
Typhoid fever,2010,Hawke's Bay,0,0
Leprosy,2010,Hawke's Bay,1,suppressed
Q fever,2010,Hawke's Bay,0,0
Toxic shellfish poisoning,2010,Hawke's Bay,0,0
Measles,2010,Hawke's Bay,1,suppressed
Tuberculosis disease,2010,Hawke's Bay,10,6.4
Diphtheria,2010,Hawke's Bay,0,0
Poliomyelitis,2010,Hawke's Bay,0,0
Rubella,2010,Hawke's Bay,0,0
Salmonellosis,2010,Hawke's Bay,42,26.9
Shigellosis,2010,Hawke's Bay,5,3.2
Rabies and other lyssaviruses,2010,Hawke's Bay,0,0
Yersiniosis,2010,Hawke's Bay,18,11.5
Cysticercosis,2010,Hawke's Bay,0,0
Hepatitis C,2010,Hawke's Bay,0,0
Malaria,2010,Hawke's Bay,1,suppressed
Arboviral diseases,2010,Hawke's Bay,0,0
Meningococcal disease,2010,Hawke's Bay,7,4.5
VTEC/STEC infection,2010,Hawke's Bay,8,5.1
Tetanus,2010,Hawke's Bay,0,0
Brucellosis,2010,Hawke's Bay,0,0
Cholera,2010,Hawke's Bay,0,0
Mpox,2010,Hawke's Bay,0,0
Taeniasis,2010,Hawke's Bay,0,0
Hepatitis NOS,2010,Hawke's Bay,0,0
Cryptosporidiosis,2010,Hawke's Bay,45,28.8
Hepatitis B,2010,Hawke's Bay,3,suppressed
Haemophilus influenzae type b,2010,Hawke's Bay,1,suppressed
Mumps,2010,Hawke's Bay,0,0
Listeriosis,2010,Hawke's Bay,0,0
Giardiasis,2010,Hawke's Bay,105,67.2
Legionellosis,2010,Hawke's Bay,4,suppressed
Rheumatic fever,2010,Hawke's Bay,9,5.8
Campylobacteriosis,2010,Hawke's Bay,317,203
Pertussis,2010,Hawke's Bay,23,14.7
Paratyphoid fever,2010,Hawke's Bay,0,0
Invasive group A streptococcal infection,2010,Hawke's Bay,0,0
Hepatitis A,2010,Hawke's Bay,2,suppressed
Leptospirosis,2010,Hawke's Bay,11,7
Acute gastroenteritis,2010,Hawke's Bay,4,suppressed
Pertussis,2010,Lakes,5,4.9
Yersiniosis,2010,Lakes,10,9.7
Mumps,2010,Lakes,0,0
Legionellosis,2010,Lakes,1,suppressed
Leptospirosis,2010,Lakes,1,suppressed
Meningoencephalitis - primary amoebic,2010,Lakes,0,0
Leprosy,2010,Lakes,0,0
Mpox,2010,Lakes,0,0
Hepatitis C,2010,Lakes,0,0
Rabies and other lyssaviruses,2010,Lakes,0,0
Trichinosis,2010,Lakes,0,0
Rickettsial disease,2010,Lakes,0,0
Invasive pneumococcal disease,2010,Lakes,18,17.5
Tetanus,2010,Lakes,0,0
Hydatid disease,2010,Lakes,0,0
Shigellosis,2010,Lakes,0,0
Typhoid fever,2010,Lakes,0,0
Invasive group A streptococcal infection,2010,Lakes,0,0
Rubella,2010,Lakes,0,0
Hepatitis B,2010,Lakes,2,suppressed
Hepatitis NOS,2010,Lakes,0,0
Taeniasis,2010,Lakes,0,0
Toxic shellfish poisoning,2010,Lakes,1,suppressed
Paratyphoid fever,2010,Lakes,1,suppressed
Measles,2010,Lakes,1,suppressed
Tuberculosis disease,2010,Lakes,3,suppressed
Salmonellosis,2010,Lakes,19,18.5
Listeriosis,2010,Lakes,0,0
Cholera,2010,Lakes,0,0
Q fever,2010,Lakes,0,0
Cysticercosis,2010,Lakes,0,0
Haemophilus influenzae type b,2010,Lakes,0,0
Cryptosporidiosis,2010,Lakes,14,13.6
VTEC/STEC infection,2010,Lakes,8,7.8
Meningococcal disease,2010,Lakes,3,suppressed
Hepatitis A,2010,Lakes,1,suppressed
Brucellosis,2010,Lakes,0,0
Campylobacteriosis,2010,Lakes,183,178.3
Poliomyelitis,2010,Lakes,0,0
Diphtheria,2010,Lakes,0,0
Rheumatic fever,2010,Lakes,2,suppressed
Acute gastroenteritis,2010,Lakes,4,suppressed
Arboviral diseases,2010,Lakes,0,0
Malaria,2010,Lakes,0,0
Giardiasis,2010,Lakes,44,42.9
Mpox,2010,MidCentral,0,0
Yersiniosis,2010,MidCentral,11,6.6
Acute gastroenteritis,2010,MidCentral,44,26.4
Campylobacteriosis,2010,MidCentral,248,148.9
Measles,2010,MidCentral,1,suppressed
Legionellosis,2010,MidCentral,3,suppressed
Taeniasis,2010,MidCentral,0,0
Listeriosis,2010,MidCentral,3,suppressed
Invasive group A streptococcal infection,2010,MidCentral,0,0
Rabies and other lyssaviruses,2010,MidCentral,0,0
Shigellosis,2010,MidCentral,0,0
Hepatitis C,2010,MidCentral,0,0
Rheumatic fever,2010,MidCentral,4,suppressed
Tetanus,2010,MidCentral,0,0
Pertussis,2010,MidCentral,41,24.6
Brucellosis,2010,MidCentral,0,0
Invasive pneumococcal disease,2010,MidCentral,18,10.8
Cholera,2010,MidCentral,0,0
Mumps,2010,MidCentral,0,0
Leprosy,2010,MidCentral,0,0
Q fever,2010,MidCentral,0,0
Hepatitis NOS,2010,MidCentral,0,0
Leptospirosis,2010,MidCentral,13,7.8
Haemophilus influenzae type b,2010,MidCentral,0,0
Cryptosporidiosis,2010,MidCentral,19,11.4
Tuberculosis disease,2010,MidCentral,9,5.4
Hepatitis A,2010,MidCentral,3,suppressed
Diphtheria,2010,MidCentral,0,0
VTEC/STEC infection,2010,MidCentral,1,suppressed
Poliomyelitis,2010,MidCentral,0,0
Typhoid fever,2010,MidCentral,0,0
Trichinosis,2010,MidCentral,0,0
Salmonellosis,2010,MidCentral,31,18.6
Hepatitis B,2010,MidCentral,1,suppressed
Rickettsial disease,2010,MidCentral,0,0
Cysticercosis,2010,MidCentral,0,0
Malaria,2010,MidCentral,0,0
Arboviral diseases,2010,MidCentral,1,suppressed
Toxic shellfish poisoning,2010,MidCentral,0,0
Meningoencephalitis - primary amoebic,2010,MidCentral,0,0
Giardiasis,2010,MidCentral,29,17.4
Paratyphoid fever,2010,MidCentral,0,0
Meningococcal disease,2010,MidCentral,5,3
Hydatid disease,2010,MidCentral,1,suppressed
Rubella,2010,MidCentral,0,0
Cysticercosis,2010,Nelson Marlborough,0,0
Meningoencephalitis - primary amoebic,2010,Nelson Marlborough,0,0
Hepatitis B,2010,Nelson Marlborough,1,suppressed
Measles,2010,Nelson Marlborough,0,0
Toxic shellfish poisoning,2010,Nelson Marlborough,0,0
Campylobacteriosis,2010,Nelson Marlborough,235,169.7
Pertussis,2010,Nelson Marlborough,27,19.5
Cholera,2010,Nelson Marlborough,0,0
Mumps,2010,Nelson Marlborough,2,suppressed
Poliomyelitis,2010,Nelson Marlborough,0,0
Taeniasis,2010,Nelson Marlborough,0,0
Cryptosporidiosis,2010,Nelson Marlborough,36,26
Leptospirosis,2010,Nelson Marlborough,4,suppressed
Rabies and other lyssaviruses,2010,Nelson Marlborough,0,0
Tetanus,2010,Nelson Marlborough,0,0
Giardiasis,2010,Nelson Marlborough,48,34.7
Malaria,2010,Nelson Marlborough,2,suppressed
Invasive pneumococcal disease,2010,Nelson Marlborough,4,suppressed
Diphtheria,2010,Nelson Marlborough,0,0
VTEC/STEC infection,2010,Nelson Marlborough,1,suppressed
Hydatid disease,2010,Nelson Marlborough,0,0
Legionellosis,2010,Nelson Marlborough,1,suppressed
Salmonellosis,2010,Nelson Marlborough,51,36.8
Invasive group A streptococcal infection,2010,Nelson Marlborough,0,0
Typhoid fever,2010,Nelson Marlborough,0,0
Yersiniosis,2010,Nelson Marlborough,9,6.5
Arboviral diseases,2010,Nelson Marlborough,0,0
Rheumatic fever,2010,Nelson Marlborough,0,0
Hepatitis NOS,2010,Nelson Marlborough,0,0
Hepatitis C,2010,Nelson Marlborough,0,0
Mpox,2010,Nelson Marlborough,0,0
Haemophilus influenzae type b,2010,Nelson Marlborough,0,0
Tuberculosis disease,2010,Nelson Marlborough,5,3.6
Hepatitis A,2010,Nelson Marlborough,0,0
Trichinosis,2010,Nelson Marlborough,0,0
Shigellosis,2010,Nelson Marlborough,2,suppressed
Rickettsial disease,2010,Nelson Marlborough,0,0
Q fever,2010,Nelson Marlborough,0,0
Listeriosis,2010,Nelson Marlborough,0,0
Leprosy,2010,Nelson Marlborough,0,0
Meningococcal disease,2010,Nelson Marlborough,1,suppressed
Brucellosis,2010,Nelson Marlborough,0,0
Acute gastroenteritis,2010,Nelson Marlborough,8,5.8
Rubella,2010,Nelson Marlborough,0,0
Paratyphoid fever,2010,Nelson Marlborough,0,0
Poliomyelitis,2010,Northland,0,0
Yersiniosis,2010,Northland,5,3.1
Rheumatic fever,2010,Northland,17,10.6
Hepatitis NOS,2010,Northland,0,0
Leptospirosis,2010,Northland,2,suppressed
Q fever,2010,Northland,0,0
Taeniasis,2010,Northland,0,0
Salmonellosis,2010,Northland,37,23
Leprosy,2010,Northland,0,0
Meningoencephalitis - primary amoebic,2010,Northland,0,0
Cholera,2010,Northland,0,0
Rickettsial disease,2010,Northland,0,0
Cysticercosis,2010,Northland,0,0
Cryptosporidiosis,2010,Northland,41,25.5
Rabies and other lyssaviruses,2010,Northland,0,0
Arboviral diseases,2010,Northland,2,suppressed
Listeriosis,2010,Northland,1,suppressed
Rubella,2010,Northland,1,suppressed
Giardiasis,2010,Northland,41,25.5
Campylobacteriosis,2010,Northland,183,113.9
Shigellosis,2010,Northland,6,3.7
Hepatitis A,2010,Northland,1,suppressed
Typhoid fever,2010,Northland,1,suppressed
Trichinosis,2010,Northland,0,0
Diphtheria,2010,Northland,0,0
Acute gastroenteritis,2010,Northland,4,suppressed
Mumps,2010,Northland,3,suppressed
Hydatid disease,2010,Northland,0,0
Tuberculosis disease,2010,Northland,6,3.7
Hepatitis C,2010,Northland,0,0
Measles,2010,Northland,31,19.3
Mpox,2010,Northland,0,0
Toxic shellfish poisoning,2010,Northland,0,0
Legionellosis,2010,Northland,9,5.6
Invasive group A streptococcal infection,2010,Northland,0,0
Invasive pneumococcal disease,2010,Northland,17,10.6
Brucellosis,2010,Northland,0,0
Malaria,2010,Northland,0,0
Hepatitis B,2010,Northland,0,0
Meningococcal disease,2010,Northland,6,3.7
VTEC/STEC infection,2010,Northland,4,suppressed
Tetanus,2010,Northland,0,0
Pertussis,2010,Northland,5,3.1
Paratyphoid fever,2010,Northland,0,0
Haemophilus influenzae type b,2010,Northland,0,0
Pertussis,2010,South Canterbury,12,21.4
Diphtheria,2010,South Canterbury,0,0
Cysticercosis,2010,South Canterbury,0,0
Poliomyelitis,2010,South Canterbury,0,0
Rabies and other lyssaviruses,2010,South Canterbury,0,0
Meningoencephalitis - primary amoebic,2010,South Canterbury,0,0
Typhoid fever,2010,South Canterbury,0,0
Listeriosis,2010,South Canterbury,0,0
Rheumatic fever,2010,South Canterbury,0,0
Shigellosis,2010,South Canterbury,2,suppressed
Hepatitis B,2010,South Canterbury,0,0
Salmonellosis,2010,South Canterbury,37,65.9
Rubella,2010,South Canterbury,0,0
Yersiniosis,2010,South Canterbury,9,16
Toxic shellfish poisoning,2010,South Canterbury,0,0
Rickettsial disease,2010,South Canterbury,0,0
Hepatitis C,2010,South Canterbury,0,0
Hepatitis NOS,2010,South Canterbury,0,0
Leptospirosis,2010,South Canterbury,0,0
Haemophilus influenzae type b,2010,South Canterbury,0,0
Invasive pneumococcal disease,2010,South Canterbury,3,suppressed
Mumps,2010,South Canterbury,0,0
Hydatid disease,2010,South Canterbury,0,0
Q fever,2010,South Canterbury,0,0
Mpox,2010,South Canterbury,0,0
Legionellosis,2010,South Canterbury,2,suppressed
Trichinosis,2010,South Canterbury,0,0
Cryptosporidiosis,2010,South Canterbury,47,83.7
Invasive group A streptococcal infection,2010,South Canterbury,0,0
Taeniasis,2010,South Canterbury,0,0
Acute gastroenteritis,2010,South Canterbury,0,0
Tetanus,2010,South Canterbury,0,0
Giardiasis,2010,South Canterbury,20,35.6
Arboviral diseases,2010,South Canterbury,0,0
Measles,2010,South Canterbury,0,0
Leprosy,2010,South Canterbury,0,0
Tuberculosis disease,2010,South Canterbury,0,0
Cholera,2010,South Canterbury,0,0
Malaria,2010,South Canterbury,0,0
Meningococcal disease,2010,South Canterbury,0,0
VTEC/STEC infection,2010,South Canterbury,0,0
Hepatitis A,2010,South Canterbury,0,0
Campylobacteriosis,2010,South Canterbury,122,217.2
Paratyphoid fever,2010,South Canterbury,0,0
Brucellosis,2010,South Canterbury,0,0
Cysticercosis,2010,Southern,0,0
Hepatitis B,2010,Southern,4,suppressed
Invasive pneumococcal disease,2010,Southern,47,15.6
Trichinosis,2010,Southern,0,0
Pertussis,2010,Southern,45,15
Yersiniosis,2010,Southern,9,3
Invasive group A streptococcal infection,2010,Southern,0,0
Listeriosis,2010,Southern,2,suppressed
Rabies and other lyssaviruses,2010,Southern,0,0
Rickettsial disease,2010,Southern,0,0
Measles,2010,Southern,0,0
Tuberculosis disease,2010,Southern,9,3
Hepatitis C,2010,Southern,1,suppressed
Shigellosis,2010,Southern,4,suppressed
Poliomyelitis,2010,Southern,0,0
Q fever,2010,Southern,0,0
Typhoid fever,2010,Southern,0,0
Meningoencephalitis - primary amoebic,2010,Southern,0,0
Cryptosporidiosis,2010,Southern,81,26.9
Leptospirosis,2010,Southern,5,1.7
Diphtheria,2010,Southern,0,0
Taeniasis,2010,Southern,0,0
Rheumatic fever,2010,Southern,0,0
Toxic shellfish poisoning,2010,Southern,0,0
VTEC/STEC infection,2010,Southern,7,2.3
Mpox,2010,Southern,0,0
Mumps,2010,Southern,3,suppressed
Hydatid disease,2010,Southern,1,suppressed
Cholera,2010,Southern,0,0
Salmonellosis,2010,Southern,194,64.5
Rubella,2010,Southern,0,0
Hepatitis NOS,2010,Southern,0,0
Giardiasis,2010,Southern,102,33.9
Acute gastroenteritis,2010,Southern,14,4.7
Meningococcal disease,2010,Southern,7,2.3
Tetanus,2010,Southern,1,suppressed
Hepatitis A,2010,Southern,3,suppressed
Arboviral diseases,2010,Southern,5,1.7
Leprosy,2010,Southern,0,0
Legionellosis,2010,Southern,15,5
Paratyphoid fever,2010,Southern,0,0
Campylobacteriosis,2010,Southern,619,205.7
Haemophilus influenzae type b,2010,Southern,0,0
Malaria,2010,Southern,2,suppressed
Brucellosis,2010,Southern,0,0
Meningoencephalitis - primary amoebic,2010,Tairawhiti,0,0
Pertussis,2010,Tairawhiti,9,19.3
Invasive pneumococcal disease,2010,Tairawhiti,1,suppressed
Invasive group A streptococcal infection,2010,Tairawhiti,0,0
Rabies and other lyssaviruses,2010,Tairawhiti,0,0
Cryptosporidiosis,2010,Tairawhiti,5,10.7
Leprosy,2010,Tairawhiti,0,0
VTEC/STEC infection,2010,Tairawhiti,8,17.2
Mpox,2010,Tairawhiti,0,0
Mumps,2010,Tairawhiti,0,0
Yersiniosis,2010,Tairawhiti,5,10.7
Typhoid fever,2010,Tairawhiti,0,0
Q fever,2010,Tairawhiti,0,0
Salmonellosis,2010,Tairawhiti,13,27.9
Trichinosis,2010,Tairawhiti,0,0
Leptospirosis,2010,Tairawhiti,3,suppressed
Haemophilus influenzae type b,2010,Tairawhiti,0,0
Toxic shellfish poisoning,2010,Tairawhiti,0,0
Brucellosis,2010,Tairawhiti,0,0
Measles,2010,Tairawhiti,1,suppressed
Shigellosis,2010,Tairawhiti,0,0
Hepatitis A,2010,Tairawhiti,2,suppressed
Poliomyelitis,2010,Tairawhiti,0,0
Hydatid disease,2010,Tairawhiti,0,0
Diphtheria,2010,Tairawhiti,0,0
Hepatitis B,2010,Tairawhiti,5,10.7
Taeniasis,2010,Tairawhiti,0,0
Rickettsial disease,2010,Tairawhiti,0,0
Tetanus,2010,Tairawhiti,0,0
Malaria,2010,Tairawhiti,0,0
Meningococcal disease,2010,Tairawhiti,1,suppressed
Cholera,2010,Tairawhiti,0,0
Rubella,2010,Tairawhiti,0,0
Campylobacteriosis,2010,Tairawhiti,37,79.3
Paratyphoid fever,2010,Tairawhiti,0,0
Cysticercosis,2010,Tairawhiti,0,0
Rheumatic fever,2010,Tairawhiti,6,12.9
Hepatitis C,2010,Tairawhiti,0,0
Listeriosis,2010,Tairawhiti,1,suppressed
Arboviral diseases,2010,Tairawhiti,1,suppressed
Giardiasis,2010,Tairawhiti,16,34.3
Tuberculosis disease,2010,Tairawhiti,3,suppressed
Acute gastroenteritis,2010,Tairawhiti,0,0
Legionellosis,2010,Tairawhiti,1,suppressed
Hepatitis NOS,2010,Tairawhiti,0,0
Typhoid fever,2010,Taranaki,0,0
Trichinosis,2010,Taranaki,0,0
Cryptosporidiosis,2010,Taranaki,30,27.1
Toxic shellfish poisoning,2010,Taranaki,0,0
VTEC/STEC infection,2010,Taranaki,4,suppressed
Measles,2010,Taranaki,0,0
Shigellosis,2010,Taranaki,0,0
Invasive group A streptococcal infection,2010,Taranaki,0,0
Salmonellosis,2010,Taranaki,28,25.3
Rubella,2010,Taranaki,0,0
Leprosy,2010,Taranaki,0,0
Pertussis,2010,Taranaki,34,30.7
Diphtheria,2010,Taranaki,0,0
Meningococcal disease,2010,Taranaki,1,suppressed
Hepatitis C,2010,Taranaki,4,suppressed
Hydatid disease,2010,Taranaki,0,0
Tetanus,2010,Taranaki,0,0
Meningoencephalitis - primary amoebic,2010,Taranaki,0,0
Mpox,2010,Taranaki,0,0
Rickettsial disease,2010,Taranaki,0,0
Invasive pneumococcal disease,2010,Taranaki,10,9
Yersiniosis,2010,Taranaki,20,18
Cholera,2010,Taranaki,0,0
Taeniasis,2010,Taranaki,0,0
Mumps,2010,Taranaki,4,suppressed
Giardiasis,2010,Taranaki,36,32.5
Arboviral diseases,2010,Taranaki,1,suppressed
Brucellosis,2010,Taranaki,0,0
Legionellosis,2010,Taranaki,2,suppressed
Campylobacteriosis,2010,Taranaki,265,239.1
Poliomyelitis,2010,Taranaki,0,0
Paratyphoid fever,2010,Taranaki,0,0
Cysticercosis,2010,Taranaki,0,0
Hepatitis NOS,2010,Taranaki,0,0
Rabies and other lyssaviruses,2010,Taranaki,0,0
Hepatitis B,2010,Taranaki,0,0
Haemophilus influenzae type b,2010,Taranaki,0,0
Tuberculosis disease,2010,Taranaki,1,suppressed
Malaria,2010,Taranaki,1,suppressed
Q fever,2010,Taranaki,0,0
Leptospirosis,2010,Taranaki,2,suppressed
Acute gastroenteritis,2010,Taranaki,13,11.7
Rheumatic fever,2010,Taranaki,2,suppressed
Listeriosis,2010,Taranaki,1,suppressed
Hepatitis A,2010,Taranaki,0,0
Cryptosporidiosis,2010,Waikato,141,38.4
Yersiniosis,2010,Waikato,33,9
Trichinosis,2010,Waikato,0,0
Q fever,2010,Waikato,1,suppressed
Legionellosis,2010,Waikato,6,1.6
Rabies and other lyssaviruses,2010,Waikato,0,0
Diphtheria,2010,Waikato,0,0
Rickettsial disease,2010,Waikato,7,1.9
Leptospirosis,2010,Waikato,15,4.1
Mumps,2010,Waikato,2,suppressed
Acute gastroenteritis,2010,Waikato,29,7.9
Hepatitis C,2010,Waikato,0,0
Shigellosis,2010,Waikato,11,3
Pertussis,2010,Waikato,93,25.4
Hepatitis B,2010,Waikato,1,suppressed
Meningoencephalitis - primary amoebic,2010,Waikato,0,0
Invasive group A streptococcal infection,2010,Waikato,0,0
Mpox,2010,Waikato,0,0
Paratyphoid fever,2010,Waikato,1,suppressed
Cholera,2010,Waikato,0,0
Taeniasis,2010,Waikato,0,0
Leprosy,2010,Waikato,0,0
Cysticercosis,2010,Waikato,0,0
Arboviral diseases,2010,Waikato,10,2.7
Measles,2010,Waikato,0,0
Hepatitis A,2010,Waikato,4,suppressed
Tetanus,2010,Waikato,0,0
Tuberculosis disease,2010,Waikato,22,6
Typhoid fever,2010,Waikato,2,suppressed
Salmonellosis,2010,Waikato,90,24.5
Rubella,2010,Waikato,0,0
Hepatitis NOS,2010,Waikato,1,suppressed
Haemophilus influenzae type b,2010,Waikato,2,suppressed
Campylobacteriosis,2010,Waikato,680,185.4
Listeriosis,2010,Waikato,1,suppressed
Hydatid disease,2010,Waikato,0,0
Rheumatic fever,2010,Waikato,20,5.5
Toxic shellfish poisoning,2010,Waikato,4,suppressed
Invasive pneumococcal disease,2010,Waikato,47,12.8
Giardiasis,2010,Waikato,181,49.3
Meningococcal disease,2010,Waikato,7,1.9
Poliomyelitis,2010,Waikato,0,0
VTEC/STEC infection,2010,Waikato,24,6.5
Brucellosis,2010,Waikato,0,0
Malaria,2010,Waikato,1,suppressed
Cryptosporidiosis,2010,Wairarapa,7,17
Mumps,2010,Wairarapa,2,suppressed
Legionellosis,2010,Wairarapa,0,0
Measles,2010,Wairarapa,1,suppressed
Listeriosis,2010,Wairarapa,0,0
Pertussis,2010,Wairarapa,5,12.1
Hepatitis NOS,2010,Wairarapa,0,0
Rabies and other lyssaviruses,2010,Wairarapa,0,0
Tetanus,2010,Wairarapa,0,0
Yersiniosis,2010,Wairarapa,3,suppressed
Brucellosis,2010,Wairarapa,0,0
Toxic shellfish poisoning,2010,Wairarapa,0,0
Rheumatic fever,2010,Wairarapa,1,suppressed
Invasive pneumococcal disease,2010,Wairarapa,5,12.1
Diphtheria,2010,Wairarapa,0,0
Arboviral diseases,2010,Wairarapa,0,0
Hepatitis A,2010,Wairarapa,0,0
Leptospirosis,2010,Wairarapa,3,suppressed
Shigellosis,2010,Wairarapa,0,0
Hepatitis C,2010,Wairarapa,0,0
Typhoid fever,2010,Wairarapa,0,0
Rickettsial disease,2010,Wairarapa,0,0
Tuberculosis disease,2010,Wairarapa,1,suppressed
Haemophilus influenzae type b,2010,Wairarapa,0,0
Meningococcal disease,2010,Wairarapa,0,0
VTEC/STEC infection,2010,Wairarapa,2,suppressed
Hydatid disease,2010,Wairarapa,0,0
Giardiasis,2010,Wairarapa,17,41.3
Hepatitis B,2010,Wairarapa,1,suppressed
Meningoencephalitis - primary amoebic,2010,Wairarapa,0,0
Leprosy,2010,Wairarapa,0,0
Q fever,2010,Wairarapa,0,0
Taeniasis,2010,Wairarapa,0,0
Acute gastroenteritis,2010,Wairarapa,3,suppressed
Cysticercosis,2010,Wairarapa,0,0
Campylobacteriosis,2010,Wairarapa,73,177.2
Rubella,2010,Wairarapa,0,0
Poliomyelitis,2010,Wairarapa,0,0
Invasive group A streptococcal infection,2010,Wairarapa,0,0
Salmonellosis,2010,Wairarapa,9,21.9
Mpox,2010,Wairarapa,0,0
Malaria,2010,Wairarapa,0,0
Paratyphoid fever,2010,Wairarapa,0,0
Cholera,2010,Wairarapa,0,0
Trichinosis,2010,Wairarapa,0,0
Yersiniosis,2010,Waitemata,53,10
Hepatitis C,2010,Waitemata,1,suppressed
Salmonellosis,2010,Waitemata,111,20.9
Mpox,2010,Waitemata,0,0
Poliomyelitis,2010,Waitemata,0,0
Cryptosporidiosis,2010,Waitemata,81,15.3
Cholera,2010,Waitemata,0,0
Cysticercosis,2010,Waitemata,0,0
Legionellosis,2010,Waitemata,22,4.1
Taeniasis,2010,Waitemata,0,0
Meningoencephalitis - primary amoebic,2010,Waitemata,0,0
Campylobacteriosis,2010,Waitemata,843,158.8
Invasive group A streptococcal infection,2010,Waitemata,0,0
Shigellosis,2010,Waitemata,19,3.6
Typhoid fever,2010,Waitemata,4,suppressed
Trichinosis,2010,Waitemata,0,0
Toxic shellfish poisoning,2010,Waitemata,0,0
Diphtheria,2010,Waitemata,0,0
Rheumatic fever,2010,Waitemata,11,2.1
Q fever,2010,Waitemata,0,0
Tuberculosis disease,2010,Waitemata,34,6.4
VTEC/STEC infection,2010,Waitemata,14,2.6
Pertussis,2010,Waitemata,55,10.4
Leprosy,2010,Waitemata,0,0
Rubella,2010,Waitemata,1,suppressed
Leptospirosis,2010,Waitemata,1,suppressed
Arboviral diseases,2010,Waitemata,6,1.1
Hepatitis B,2010,Waitemata,2,suppressed
Hepatitis NOS,2010,Waitemata,0,0
Haemophilus influenzae type b,2010,Waitemata,1,suppressed
Measles,2010,Waitemata,2,suppressed
Mumps,2010,Waitemata,7,1.3
Hydatid disease,2010,Waitemata,0,0
Hepatitis A,2010,Waitemata,2,suppressed
Listeriosis,2010,Waitemata,1,suppressed
Rabies and other lyssaviruses,2010,Waitemata,0,0
Acute gastroenteritis,2010,Waitemata,61,11.5
Rickettsial disease,2010,Waitemata,3,suppressed
Tetanus,2010,Waitemata,1,suppressed
Malaria,2010,Waitemata,5,0.9
Giardiasis,2010,Waitemata,253,47.7
Invasive pneumococcal disease,2010,Waitemata,60,11.3
Brucellosis,2010,Waitemata,1,suppressed
Paratyphoid fever,2010,Waitemata,0,0
Meningococcal disease,2010,Waitemata,9,1.7
Measles,2010,West Coast,1,suppressed
Cryptosporidiosis,2010,West Coast,10,30.5
Trichinosis,2010,West Coast,0,0
Diphtheria,2010,West Coast,0,0
Giardiasis,2010,West Coast,10,30.5
Mumps,2010,West Coast,0,0
Hepatitis A,2010,West Coast,0,0
Invasive pneumococcal disease,2010,West Coast,1,suppressed
Meningococcal disease,2010,West Coast,1,suppressed
Haemophilus influenzae type b,2010,West Coast,0,0
Acute gastroenteritis,2010,West Coast,7,21.3
Rickettsial disease,2010,West Coast,0,0
Campylobacteriosis,2010,West Coast,66,201
Tuberculosis disease,2010,West Coast,1,suppressed
Arboviral diseases,2010,West Coast,0,0
VTEC/STEC infection,2010,West Coast,1,suppressed
Poliomyelitis,2010,West Coast,0,0
Leptospirosis,2010,West Coast,6,18.3
Yersiniosis,2010,West Coast,5,15.2
Hepatitis B,2010,West Coast,0,0
Cysticercosis,2010,West Coast,0,0
Rheumatic fever,2010,West Coast,0,0
Listeriosis,2010,West Coast,1,suppressed
Taeniasis,2010,West Coast,0,0
Hepatitis NOS,2010,West Coast,0,0
Mpox,2010,West Coast,0,0
Hydatid disease,2010,West Coast,0,0
Q fever,2010,West Coast,0,0
Malaria,2010,West Coast,0,0
Meningoencephalitis - primary amoebic,2010,West Coast,0,0
Leprosy,2010,West Coast,0,0
Rubella,2010,West Coast,0,0
Tetanus,2010,West Coast,0,0
Rabies and other lyssaviruses,2010,West Coast,0,0
Toxic shellfish poisoning,2010,West Coast,0,0
Salmonellosis,2010,West Coast,9,27.4
Legionellosis,2010,West Coast,3,suppressed
Typhoid fever,2010,West Coast,0,0
Brucellosis,2010,West Coast,0,0
Hepatitis C,2010,West Coast,0,0
Cholera,2010,West Coast,0,0
Paratyphoid fever,2010,West Coast,1,suppressed
Shigellosis,2010,West Coast,0,0
Invasive group A streptococcal infection,2010,West Coast,0,0
Pertussis,2010,West Coast,14,42.6
Hydatid disease,2010,Whanganui,0,0
Typhoid fever,2010,Whanganui,0,0
Cysticercosis,2010,Whanganui,0,0
Cholera,2010,Whanganui,0,0
Q fever,2010,Whanganui,0,0
Haemophilus influenzae type b,2010,Whanganui,1,suppressed
Mumps,2010,Whanganui,0,0
Diphtheria,2010,Whanganui,0,0
Mpox,2010,Whanganui,0,0
Rubella,2010,Whanganui,0,0
Salmonellosis,2010,Whanganui,9,14.3
Meningoencephalitis - primary amoebic,2010,Whanganui,0,0
Arboviral diseases,2010,Whanganui,1,suppressed
Pertussis,2010,Whanganui,5,7.9
Yersiniosis,2010,Whanganui,4,suppressed
Hepatitis C,2010,Whanganui,0,0
Taeniasis,2010,Whanganui,0,0
Listeriosis,2010,Whanganui,1,suppressed
Malaria,2010,Whanganui,0,0
Invasive pneumococcal disease,2010,Whanganui,9,14.3
Tetanus,2010,Whanganui,0,0
Campylobacteriosis,2010,Whanganui,98,155.3
Legionellosis,2010,Whanganui,0,0
Shigellosis,2010,Whanganui,0,0
Poliomyelitis,2010,Whanganui,0,0
Invasive group A streptococcal infection,2010,Whanganui,0,0
Cryptosporidiosis,2010,Whanganui,6,9.5
Rabies and other lyssaviruses,2010,Whanganui,0,0
Hepatitis B,2010,Whanganui,1,suppressed
Rheumatic fever,2010,Whanganui,2,suppressed
Acute gastroenteritis,2010,Whanganui,16,25.3
Paratyphoid fever,2010,Whanganui,0,0
VTEC/STEC infection,2010,Whanganui,2,suppressed
Brucellosis,2010,Whanganui,0,0
Measles,2010,Whanganui,0,0
Trichinosis,2010,Whanganui,0,0
Leptospirosis,2010,Whanganui,8,12.7
Giardiasis,2010,Whanganui,23,36.4
Leprosy,2010,Whanganui,0,0
Tuberculosis disease,2010,Whanganui,2,suppressed
Hepatitis A,2010,Whanganui,1,suppressed
Hepatitis NOS,2010,Whanganui,0,0
Meningococcal disease,2010,Whanganui,0,0
Rickettsial disease,2010,Whanganui,0,0
Toxic shellfish poisoning,2010,Whanganui,0,0
Yersiniosis,2011,Auckland,67,14.8
Leprosy,2011,Auckland,0,0
Q fever,2011,Auckland,0,0
Arboviral diseases,2011,Auckland,10,2.2
Meningococcal disease,2011,Auckland,7,1.5
Haemophilus influenzae type b,2011,Auckland,1,suppressed
Trichinosis,2011,Auckland,0,0
Typhoid fever,2011,Auckland,11,2.4
Salmonellosis,2011,Auckland,98,21.7
Invasive pneumococcal disease,2011,Auckland,49,10.8
Tuberculosis disease,2011,Auckland,80,17.7
Diphtheria,2011,Auckland,0,0
Rheumatic fever,2011,Auckland,13,2.9
Poliomyelitis,2011,Auckland,0,0
Hepatitis B,2011,Auckland,10,2.2
Rickettsial disease,2011,Auckland,1,suppressed
Giardiasis,2011,Auckland,269,59.6
Taeniasis,2011,Auckland,1,suppressed
VTEC/STEC infection,2011,Auckland,10,2.2
Toxic shellfish poisoning,2011,Auckland,1,suppressed
Meningoencephalitis - primary amoebic,2011,Auckland,0,0
Invasive group A streptococcal infection,2011,Auckland,0,0
Campylobacteriosis,2011,Auckland,543,120.2
Rubella,2011,Auckland,8,1.8
Cysticercosis,2011,Auckland,0,0
Hepatitis C,2011,Auckland,2,suppressed
Malaria,2011,Auckland,16,3.5
Acute gastroenteritis,2011,Auckland,60,13.3
Hepatitis NOS,2011,Auckland,3,suppressed
Listeriosis,2011,Auckland,3,suppressed
Legionellosis,2011,Auckland,10,2.2
Mumps,2011,Auckland,10,2.2
Cholera,2011,Auckland,0,0
Shigellosis,2011,Auckland,21,4.6
Pertussis,2011,Auckland,55,12.2
Cryptosporidiosis,2011,Auckland,29,6.4
Mpox,2011,Auckland,0,0
Hydatid disease,2011,Auckland,2,suppressed
Paratyphoid fever,2011,Auckland,6,1.3
Rabies and other lyssaviruses,2011,Auckland,0,0
Leptospirosis,2011,Auckland,2,suppressed
Measles,2011,Auckland,210,46.5
Tetanus,2011,Auckland,0,0
Hepatitis A,2011,Auckland,8,1.8
Brucellosis,2011,Auckland,0,0
Cholera,2011,Bay of Plenty,0,0
Diphtheria,2011,Bay of Plenty,0,0
Arboviral diseases,2011,Bay of Plenty,1,suppressed
Leprosy,2011,Bay of Plenty,0,0
Q fever,2011,Bay of Plenty,0,0
Meningococcal disease,2011,Bay of Plenty,4,suppressed
Trichinosis,2011,Bay of Plenty,0,0
Taeniasis,2011,Bay of Plenty,0,0
Pertussis,2011,Bay of Plenty,34,15.9
Invasive group A streptococcal infection,2011,Bay of Plenty,0,0
Haemophilus influenzae type b,2011,Bay of Plenty,1,suppressed
Typhoid fever,2011,Bay of Plenty,2,suppressed
Malaria,2011,Bay of Plenty,4,suppressed
VTEC/STEC infection,2011,Bay of Plenty,8,3.8
Rubella,2011,Bay of Plenty,0,0
Cysticercosis,2011,Bay of Plenty,0,0
Salmonellosis,2011,Bay of Plenty,32,15
Rickettsial disease,2011,Bay of Plenty,0,0
Rheumatic fever,2011,Bay of Plenty,8,3.8
Tuberculosis disease,2011,Bay of Plenty,14,6.6
Yersiniosis,2011,Bay of Plenty,17,8
Cryptosporidiosis,2011,Bay of Plenty,23,10.8
Campylobacteriosis,2011,Bay of Plenty,292,137
Shigellosis,2011,Bay of Plenty,3,suppressed
Listeriosis,2011,Bay of Plenty,2,suppressed
Legionellosis,2011,Bay of Plenty,4,suppressed
Acute gastroenteritis,2011,Bay of Plenty,24,11.3
Toxic shellfish poisoning,2011,Bay of Plenty,2,suppressed
Mumps,2011,Bay of Plenty,3,suppressed
Rabies and other lyssaviruses,2011,Bay of Plenty,0,0
Poliomyelitis,2011,Bay of Plenty,0,0
Hepatitis C,2011,Bay of Plenty,0,0
Meningoencephalitis - primary amoebic,2011,Bay of Plenty,0,0
Hepatitis NOS,2011,Bay of Plenty,0,0
Brucellosis,2011,Bay of Plenty,0,0
Mpox,2011,Bay of Plenty,0,0
Hydatid disease,2011,Bay of Plenty,0,0
Tetanus,2011,Bay of Plenty,0,0
Hepatitis A,2011,Bay of Plenty,1,suppressed
Paratyphoid fever,2011,Bay of Plenty,0,0
Hepatitis B,2011,Bay of Plenty,3,suppressed
Measles,2011,Bay of Plenty,7,3.3
Invasive pneumococcal disease,2011,Bay of Plenty,28,13.1
Giardiasis,2011,Bay of Plenty,121,56.8
Leptospirosis,2011,Bay of Plenty,2,suppressed
Measles,2011,Canterbury,17,3.4
Cysticercosis,2011,Canterbury,0,0
Q fever,2011,Canterbury,0,0
Taeniasis,2011,Canterbury,0,0
Hepatitis NOS,2011,Canterbury,0,0
Cryptosporidiosis,2011,Canterbury,53,10.6
Cholera,2011,Canterbury,0,0
Rickettsial disease,2011,Canterbury,0,0
Typhoid fever,2011,Canterbury,2,suppressed
Legionellosis,2011,Canterbury,65,13
Arboviral diseases,2011,Canterbury,2,suppressed
Acute gastroenteritis,2011,Canterbury,54,10.8
Poliomyelitis,2011,Canterbury,0,0
Diphtheria,2011,Canterbury,0,0
Hydatid disease,2011,Canterbury,0,0
Hepatitis C,2011,Canterbury,6,1.2
Mpox,2011,Canterbury,0,0
Haemophilus influenzae type b,2011,Canterbury,0,0
Mumps,2011,Canterbury,8,1.6
Salmonellosis,2011,Canterbury,143,28.5
Meningoencephalitis - primary amoebic,2011,Canterbury,0,0
Hepatitis A,2011,Canterbury,2,suppressed
Leptospirosis,2011,Canterbury,8,1.6
Giardiasis,2011,Canterbury,175,34.9
Yersiniosis,2011,Canterbury,48,9.6
Rabies and other lyssaviruses,2011,Canterbury,0,0
Campylobacteriosis,2011,Canterbury,878,175.1
Meningococcal disease,2011,Canterbury,9,1.8
Pertussis,2011,Canterbury,289,57.6
Tuberculosis disease,2011,Canterbury,14,2.8
Rubella,2011,Canterbury,4,suppressed
Tetanus,2011,Canterbury,0,0
Shigellosis,2011,Canterbury,4,suppressed
Invasive group A streptococcal infection,2011,Canterbury,0,0
Toxic shellfish poisoning,2011,Canterbury,0,0
Trichinosis,2011,Canterbury,0,0
Hepatitis B,2011,Canterbury,5,1
Invasive pneumococcal disease,2011,Canterbury,64,12.8
Paratyphoid fever,2011,Canterbury,0,0
Brucellosis,2011,Canterbury,0,0
VTEC/STEC infection,2011,Canterbury,24,4.8
Listeriosis,2011,Canterbury,3,suppressed
Rheumatic fever,2011,Canterbury,2,suppressed
Leprosy,2011,Canterbury,0,0
Malaria,2011,Canterbury,3,suppressed
Taeniasis,2011,"Capital, Coast and Hutt Valley",5,1.2
Yersiniosis,2011,"Capital, Coast and Hutt Valley",77,17.8
Rubella,2011,"Capital, Coast and Hutt Valley",1,suppressed
Q fever,2011,"Capital, Coast and Hutt Valley",0,0
Meningococcal disease,2011,"Capital, Coast and Hutt Valley",12,2.8
Tuberculosis disease,2011,"Capital, Coast and Hutt Valley",45,10.4
Rabies and other lyssaviruses,2011,"Capital, Coast and Hutt Valley",0,0
VTEC/STEC infection,2011,"Capital, Coast and Hutt Valley",9,2.1
Leprosy,2011,"Capital, Coast and Hutt Valley",0,0
Meningoencephalitis - primary amoebic,2011,"Capital, Coast and Hutt Valley",0,0
Toxic shellfish poisoning,2011,"Capital, Coast and Hutt Valley",0,0
Legionellosis,2011,"Capital, Coast and Hutt Valley",3,suppressed
Hepatitis B,2011,"Capital, Coast and Hutt Valley",3,suppressed
Rheumatic fever,2011,"Capital, Coast and Hutt Valley",20,4.6
Mumps,2011,"Capital, Coast and Hutt Valley",3,suppressed
Trichinosis,2011,"Capital, Coast and Hutt Valley",0,0
Typhoid fever,2011,"Capital, Coast and Hutt Valley",1,suppressed
Cholera,2011,"Capital, Coast and Hutt Valley",0,0
Invasive group A streptococcal infection,2011,"Capital, Coast and Hutt Valley",0,0
Hepatitis C,2011,"Capital, Coast and Hutt Valley",0,0
Malaria,2011,"Capital, Coast and Hutt Valley",1,suppressed
Leptospirosis,2011,"Capital, Coast and Hutt Valley",1,suppressed
Acute gastroenteritis,2011,"Capital, Coast and Hutt Valley",138,31.8
Mpox,2011,"Capital, Coast and Hutt Valley",0,0
Hydatid disease,2011,"Capital, Coast and Hutt Valley",0,0
Shigellosis,2011,"Capital, Coast and Hutt Valley",7,1.6
Invasive pneumococcal disease,2011,"Capital, Coast and Hutt Valley",36,8.3
Paratyphoid fever,2011,"Capital, Coast and Hutt Valley",1,suppressed
Rickettsial disease,2011,"Capital, Coast and Hutt Valley",0,0
Pertussis,2011,"Capital, Coast and Hutt Valley",399,92.1
Poliomyelitis,2011,"Capital, Coast and Hutt Valley",0,0
Cysticercosis,2011,"Capital, Coast and Hutt Valley",0,0
Hepatitis NOS,2011,"Capital, Coast and Hutt Valley",0,0
Listeriosis,2011,"Capital, Coast and Hutt Valley",3,suppressed
Brucellosis,2011,"Capital, Coast and Hutt Valley",0,0
Haemophilus influenzae type b,2011,"Capital, Coast and Hutt Valley",1,suppressed
Diphtheria,2011,"Capital, Coast and Hutt Valley",0,0
Measles,2011,"Capital, Coast and Hutt Valley",14,3.2
Cryptosporidiosis,2011,"Capital, Coast and Hutt Valley",52,12
Campylobacteriosis,2011,"Capital, Coast and Hutt Valley",752,173.5
Hepatitis A,2011,"Capital, Coast and Hutt Valley",1,suppressed
Salmonellosis,2011,"Capital, Coast and Hutt Valley",101,23.3
Tetanus,2011,"Capital, Coast and Hutt Valley",0,0
Arboviral diseases,2011,"Capital, Coast and Hutt Valley",6,1.4
Giardiasis,2011,"Capital, Coast and Hutt Valley",284,65.5
Yersiniosis,2011,Counties Manukau,53,10.9
Mumps,2011,Counties Manukau,6,1.2
Meningoencephalitis - primary amoebic,2011,Counties Manukau,0,0
Cryptosporidiosis,2011,Counties Manukau,35,7.2
Salmonellosis,2011,Counties Manukau,65,13.4
Mpox,2011,Counties Manukau,0,0
Cholera,2011,Counties Manukau,0,0
Paratyphoid fever,2011,Counties Manukau,1,suppressed
Rubella,2011,Counties Manukau,1,suppressed
Arboviral diseases,2011,Counties Manukau,7,1.4
Trichinosis,2011,Counties Manukau,0,0
Poliomyelitis,2011,Counties Manukau,0,0
Shigellosis,2011,Counties Manukau,24,4.9
Tetanus,2011,Counties Manukau,0,0
Malaria,2011,Counties Manukau,7,1.4
Rickettsial disease,2011,Counties Manukau,0,0
Invasive group A streptococcal infection,2011,Counties Manukau,0,0
Q fever,2011,Counties Manukau,0,0
Campylobacteriosis,2011,Counties Manukau,502,103.4
Hydatid disease,2011,Counties Manukau,1,suppressed
Invasive pneumococcal disease,2011,Counties Manukau,73,15
Diphtheria,2011,Counties Manukau,0,0
Legionellosis,2011,Counties Manukau,11,2.3
Hepatitis C,2011,Counties Manukau,1,suppressed
Measles,2011,Counties Manukau,78,16.1
Tuberculosis disease,2011,Counties Manukau,51,10.5
Taeniasis,2011,Counties Manukau,2,suppressed
Giardiasis,2011,Counties Manukau,195,40.2
VTEC/STEC infection,2011,Counties Manukau,16,3.3
Typhoid fever,2011,Counties Manukau,10,2.1
Hepatitis A,2011,Counties Manukau,5,1
Acute gastroenteritis,2011,Counties Manukau,47,9.7
Haemophilus influenzae type b,2011,Counties Manukau,0,0
Meningococcal disease,2011,Counties Manukau,17,3.5
Cysticercosis,2011,Counties Manukau,0,0
Toxic shellfish poisoning,2011,Counties Manukau,0,0
Hepatitis NOS,2011,Counties Manukau,3,suppressed
Leprosy,2011,Counties Manukau,1,suppressed
Brucellosis,2011,Counties Manukau,0,0
Pertussis,2011,Counties Manukau,50,10.3
Listeriosis,2011,Counties Manukau,5,1
Rheumatic fever,2011,Counties Manukau,47,9.7
Hepatitis B,2011,Counties Manukau,5,1
Rabies and other lyssaviruses,2011,Counties Manukau,0,0
Leptospirosis,2011,Counties Manukau,4,suppressed
Malaria,2011,Hawke's Bay,1,suppressed
Hepatitis NOS,2011,Hawke's Bay,0,0
Shigellosis,2011,Hawke's Bay,1,suppressed
Paratyphoid fever,2011,Hawke's Bay,0,0
Meningoencephalitis - primary amoebic,2011,Hawke's Bay,0,0
Typhoid fever,2011,Hawke's Bay,1,suppressed
Q fever,2011,Hawke's Bay,0,0
Legionellosis,2011,Hawke's Bay,3,suppressed
Brucellosis,2011,Hawke's Bay,0,0
Hepatitis C,2011,Hawke's Bay,1,suppressed
Diphtheria,2011,Hawke's Bay,0,0
Taeniasis,2011,Hawke's Bay,0,0
Rabies and other lyssaviruses,2011,Hawke's Bay,0,0
VTEC/STEC infection,2011,Hawke's Bay,4,suppressed
Measles,2011,Hawke's Bay,26,16.5
Cryptosporidiosis,2011,Hawke's Bay,16,10.2
Haemophilus influenzae type b,2011,Hawke's Bay,1,suppressed
Mumps,2011,Hawke's Bay,2,suppressed
Hydatid disease,2011,Hawke's Bay,1,suppressed
Cysticercosis,2011,Hawke's Bay,0,0
Mpox,2011,Hawke's Bay,0,0
Arboviral diseases,2011,Hawke's Bay,0,0
Pertussis,2011,Hawke's Bay,121,77
Tuberculosis disease,2011,Hawke's Bay,17,10.8
Listeriosis,2011,Hawke's Bay,0,0
Rickettsial disease,2011,Hawke's Bay,0,0
Tetanus,2011,Hawke's Bay,0,0
Cholera,2011,Hawke's Bay,0,0
Hepatitis A,2011,Hawke's Bay,2,suppressed
Rubella,2011,Hawke's Bay,0,0
Giardiasis,2011,Hawke's Bay,70,44.5
Acute gastroenteritis,2011,Hawke's Bay,1,suppressed
Invasive group A streptococcal infection,2011,Hawke's Bay,0,0
Salmonellosis,2011,Hawke's Bay,24,15.3
Leprosy,2011,Hawke's Bay,0,0
Toxic shellfish poisoning,2011,Hawke's Bay,0,0
Rheumatic fever,2011,Hawke's Bay,5,3.2
Yersiniosis,2011,Hawke's Bay,6,3.8
Poliomyelitis,2011,Hawke's Bay,0,0
Invasive pneumococcal disease,2011,Hawke's Bay,25,15.9
Meningococcal disease,2011,Hawke's Bay,4,suppressed
Trichinosis,2011,Hawke's Bay,0,0
Campylobacteriosis,2011,Hawke's Bay,325,206.7
Hepatitis B,2011,Hawke's Bay,1,suppressed
Leptospirosis,2011,Hawke's Bay,11,7
Hepatitis A,2011,Lakes,0,0
Cholera,2011,Lakes,0,0
Mumps,2011,Lakes,0,0
Invasive pneumococcal disease,2011,Lakes,29,28.1
Campylobacteriosis,2011,Lakes,140,135.8
Q fever,2011,Lakes,0,0
Hydatid disease,2011,Lakes,0,0
Diphtheria,2011,Lakes,0,0
Hepatitis B,2011,Lakes,4,suppressed
Tetanus,2011,Lakes,0,0
Meningoencephalitis - primary amoebic,2011,Lakes,0,0
Salmonellosis,2011,Lakes,31,30.1
Rickettsial disease,2011,Lakes,0,0
Legionellosis,2011,Lakes,0,0
Poliomyelitis,2011,Lakes,0,0
Paratyphoid fever,2011,Lakes,3,suppressed
Leprosy,2011,Lakes,0,0
Cysticercosis,2011,Lakes,0,0
Taeniasis,2011,Lakes,0,0
Hepatitis NOS,2011,Lakes,0,0
Pertussis,2011,Lakes,13,12.6
VTEC/STEC infection,2011,Lakes,5,4.8
Shigellosis,2011,Lakes,2,suppressed
Meningococcal disease,2011,Lakes,7,6.8
Rubella,2011,Lakes,0,0
Trichinosis,2011,Lakes,0,0
Measles,2011,Lakes,5,4.8
Leptospirosis,2011,Lakes,0,0
Hepatitis C,2011,Lakes,0,0
Arboviral diseases,2011,Lakes,3,suppressed
Invasive group A streptococcal infection,2011,Lakes,0,0
Haemophilus influenzae type b,2011,Lakes,1,suppressed
Giardiasis,2011,Lakes,46,44.6
Mpox,2011,Lakes,0,0
Tuberculosis disease,2011,Lakes,2,suppressed
Rabies and other lyssaviruses,2011,Lakes,0,0
Brucellosis,2011,Lakes,0,0
Acute gastroenteritis,2011,Lakes,12,11.6
Yersiniosis,2011,Lakes,17,16.5
Listeriosis,2011,Lakes,1,suppressed
Malaria,2011,Lakes,0,0
Rheumatic fever,2011,Lakes,8,7.8
Cryptosporidiosis,2011,Lakes,16,15.5
Typhoid fever,2011,Lakes,1,suppressed
Toxic shellfish poisoning,2011,Lakes,0,0
Brucellosis,2011,MidCentral,0,0
Giardiasis,2011,MidCentral,40,23.8
Diphtheria,2011,MidCentral,0,0
Malaria,2011,MidCentral,0,0
Taeniasis,2011,MidCentral,0,0
Cysticercosis,2011,MidCentral,0,0
Mumps,2011,MidCentral,1,suppressed
Hepatitis NOS,2011,MidCentral,1,suppressed
Tuberculosis disease,2011,MidCentral,12,7.2
Hepatitis A,2011,MidCentral,0,0
Arboviral diseases,2011,MidCentral,3,suppressed
Measles,2011,MidCentral,1,suppressed
Salmonellosis,2011,MidCentral,33,19.7
Pertussis,2011,MidCentral,20,11.9
Mpox,2011,MidCentral,0,0
Rubella,2011,MidCentral,0,0
Listeriosis,2011,MidCentral,0,0
Hepatitis C,2011,MidCentral,2,suppressed
Toxic shellfish poisoning,2011,MidCentral,0,0
Rheumatic fever,2011,MidCentral,8,4.8
Rickettsial disease,2011,MidCentral,0,0
Shigellosis,2011,MidCentral,0,0
Tetanus,2011,MidCentral,0,0
Cholera,2011,MidCentral,0,0
Poliomyelitis,2011,MidCentral,0,0
Invasive group A streptococcal infection,2011,MidCentral,0,0
Trichinosis,2011,MidCentral,0,0
Hepatitis B,2011,MidCentral,1,suppressed
Acute gastroenteritis,2011,MidCentral,98,58.4
Meningoencephalitis - primary amoebic,2011,MidCentral,0,0
Leprosy,2011,MidCentral,0,0
Q fever,2011,MidCentral,0,0
Campylobacteriosis,2011,MidCentral,239,142.4
Leptospirosis,2011,MidCentral,5,3
Yersiniosis,2011,MidCentral,5,3
Invasive pneumococcal disease,2011,MidCentral,19,11.3
Cryptosporidiosis,2011,MidCentral,25,14.9
VTEC/STEC infection,2011,MidCentral,3,suppressed
Meningococcal disease,2011,MidCentral,3,suppressed
Typhoid fever,2011,MidCentral,2,suppressed
Rabies and other lyssaviruses,2011,MidCentral,0,0
Hydatid disease,2011,MidCentral,1,suppressed
Haemophilus influenzae type b,2011,MidCentral,0,0
Legionellosis,2011,MidCentral,1,suppressed
Paratyphoid fever,2011,MidCentral,1,suppressed
Q fever,2011,Nelson Marlborough,0,0
Pertussis,2011,Nelson Marlborough,444,316
Rabies and other lyssaviruses,2011,Nelson Marlborough,0,0
Hepatitis B,2011,Nelson Marlborough,1,suppressed
Taeniasis,2011,Nelson Marlborough,0,0
Hepatitis NOS,2011,Nelson Marlborough,0,0
Rheumatic fever,2011,Nelson Marlborough,2,suppressed
VTEC/STEC infection,2011,Nelson Marlborough,3,suppressed
Poliomyelitis,2011,Nelson Marlborough,0,0
Cholera,2011,Nelson Marlborough,0,0
Measles,2011,Nelson Marlborough,1,suppressed
Typhoid fever,2011,Nelson Marlborough,0,0
Cryptosporidiosis,2011,Nelson Marlborough,11,7.8
Cysticercosis,2011,Nelson Marlborough,0,0
Rubella,2011,Nelson Marlborough,0,0
Acute gastroenteritis,2011,Nelson Marlborough,4,suppressed
Toxic shellfish poisoning,2011,Nelson Marlborough,0,0
Invasive pneumococcal disease,2011,Nelson Marlborough,18,12.8
Hepatitis C,2011,Nelson Marlborough,1,suppressed
Mpox,2011,Nelson Marlborough,0,0
Mumps,2011,Nelson Marlborough,10,7.1
Shigellosis,2011,Nelson Marlborough,0,0
Invasive group A streptococcal infection,2011,Nelson Marlborough,0,0
Meningoencephalitis - primary amoebic,2011,Nelson Marlborough,0,0
Rickettsial disease,2011,Nelson Marlborough,0,0
Trichinosis,2011,Nelson Marlborough,0,0
Leptospirosis,2011,Nelson Marlborough,2,suppressed
Yersiniosis,2011,Nelson Marlborough,7,5
Arboviral diseases,2011,Nelson Marlborough,1,suppressed
Malaria,2011,Nelson Marlborough,4,suppressed
Meningococcal disease,2011,Nelson Marlborough,2,suppressed
Diphtheria,2011,Nelson Marlborough,0,0
Legionellosis,2011,Nelson Marlborough,9,6.4
Brucellosis,2011,Nelson Marlborough,0,0
Tetanus,2011,Nelson Marlborough,0,0
Hydatid disease,2011,Nelson Marlborough,0,0
Haemophilus influenzae type b,2011,Nelson Marlborough,0,0
Salmonellosis,2011,Nelson Marlborough,45,32
Listeriosis,2011,Nelson Marlborough,0,0
Leprosy,2011,Nelson Marlborough,0,0
Campylobacteriosis,2011,Nelson Marlborough,199,141.6
Giardiasis,2011,Nelson Marlborough,70,49.8
Paratyphoid fever,2011,Nelson Marlborough,0,0
Tuberculosis disease,2011,Nelson Marlborough,4,suppressed
Hepatitis A,2011,Nelson Marlborough,1,suppressed
Salmonellosis,2011,Northland,36,22.2
Mumps,2011,Northland,1,suppressed
Poliomyelitis,2011,Northland,0,0
Mpox,2011,Northland,0,0
Meningococcal disease,2011,Northland,13,8
Rubella,2011,Northland,2,suppressed
Brucellosis,2011,Northland,0,0
Rickettsial disease,2011,Northland,0,0
Shigellosis,2011,Northland,1,suppressed
Pertussis,2011,Northland,10,6.2
Cholera,2011,Northland,0,0
Legionellosis,2011,Northland,6,3.7
Leprosy,2011,Northland,0,0
Arboviral diseases,2011,Northland,1,suppressed
Q fever,2011,Northland,0,0
Hepatitis B,2011,Northland,2,suppressed
Trichinosis,2011,Northland,0,0
Yersiniosis,2011,Northland,8,4.9
Malaria,2011,Northland,1,suppressed
VTEC/STEC infection,2011,Northland,8,4.9
Measles,2011,Northland,4,suppressed
Meningoencephalitis - primary amoebic,2011,Northland,0,0
Cryptosporidiosis,2011,Northland,29,17.8
Tetanus,2011,Northland,0,0
Hydatid disease,2011,Northland,0,0
Invasive group A streptococcal infection,2011,Northland,0,0
Diphtheria,2011,Northland,0,0
Hepatitis C,2011,Northland,0,0
Rabies and other lyssaviruses,2011,Northland,0,0
Campylobacteriosis,2011,Northland,225,138.5
Paratyphoid fever,2011,Northland,0,0
Typhoid fever,2011,Northland,0,0
Rheumatic fever,2011,Northland,18,11.1
Listeriosis,2011,Northland,1,suppressed
Hepatitis A,2011,Northland,0,0
Tuberculosis disease,2011,Northland,6,3.7
Haemophilus influenzae type b,2011,Northland,1,suppressed
Giardiasis,2011,Northland,64,39.4
Taeniasis,2011,Northland,1,suppressed
Invasive pneumococcal disease,2011,Northland,20,12.3
Toxic shellfish poisoning,2011,Northland,0,0
Cysticercosis,2011,Northland,0,0
Leptospirosis,2011,Northland,8,4.9
Hepatitis NOS,2011,Northland,0,0
Acute gastroenteritis,2011,Northland,0,0
Salmonellosis,2011,South Canterbury,33,58.2
Mumps,2011,South Canterbury,0,0
Hepatitis A,2011,South Canterbury,0,0
Typhoid fever,2011,South Canterbury,0,0
Haemophilus influenzae type b,2011,South Canterbury,1,suppressed
Cryptosporidiosis,2011,South Canterbury,29,51.1
Rubella,2011,South Canterbury,1,suppressed
Rickettsial disease,2011,South Canterbury,0,0
Mpox,2011,South Canterbury,0,0
Cholera,2011,South Canterbury,0,0
VTEC/STEC infection,2011,South Canterbury,4,suppressed
Invasive pneumococcal disease,2011,South Canterbury,8,14.1
Cysticercosis,2011,South Canterbury,0,0
Meningococcal disease,2011,South Canterbury,1,suppressed
Tetanus,2011,South Canterbury,0,0
Legionellosis,2011,South Canterbury,1,suppressed
Leprosy,2011,South Canterbury,0,0
Meningoencephalitis - primary amoebic,2011,South Canterbury,0,0
Hepatitis B,2011,South Canterbury,1,suppressed
Pertussis,2011,South Canterbury,18,31.7
Trichinosis,2011,South Canterbury,0,0
Invasive group A streptococcal infection,2011,South Canterbury,0,0
Brucellosis,2011,South Canterbury,0,0
Malaria,2011,South Canterbury,1,suppressed
Shigellosis,2011,South Canterbury,1,suppressed
Measles,2011,South Canterbury,1,suppressed
Paratyphoid fever,2011,South Canterbury,0,0
Leptospirosis,2011,South Canterbury,1,suppressed
Hydatid disease,2011,South Canterbury,1,suppressed
Q fever,2011,South Canterbury,0,0
Taeniasis,2011,South Canterbury,0,0
Toxic shellfish poisoning,2011,South Canterbury,0,0
Rabies and other lyssaviruses,2011,South Canterbury,0,0
Hepatitis NOS,2011,South Canterbury,0,0
Campylobacteriosis,2011,South Canterbury,126,222.1
Diphtheria,2011,South Canterbury,0,0
Rheumatic fever,2011,South Canterbury,0,0
Acute gastroenteritis,2011,South Canterbury,4,suppressed
Poliomyelitis,2011,South Canterbury,0,0
Yersiniosis,2011,South Canterbury,4,suppressed
Listeriosis,2011,South Canterbury,0,0
Giardiasis,2011,South Canterbury,36,63.5
Tuberculosis disease,2011,South Canterbury,0,0
Hepatitis C,2011,South Canterbury,2,suppressed
Arboviral diseases,2011,South Canterbury,1,suppressed
Legionellosis,2011,Southern,16,5.3
Measles,2011,Southern,18,5.9
Typhoid fever,2011,Southern,0,0
Mumps,2011,Southern,2,suppressed
Taeniasis,2011,Southern,0,0
Shigellosis,2011,Southern,3,suppressed
Meningoencephalitis - primary amoebic,2011,Southern,0,0
Salmonellosis,2011,Southern,150,49.4
Rickettsial disease,2011,Southern,0,0
Mpox,2011,Southern,0,0
Q fever,2011,Southern,0,0
Rabies and other lyssaviruses,2011,Southern,0,0
Cysticercosis,2011,Southern,0,0
Giardiasis,2011,Southern,121,39.8
Hepatitis NOS,2011,Southern,0,0
Cholera,2011,Southern,0,0
Campylobacteriosis,2011,Southern,561,184.6
Leprosy,2011,Southern,0,0
Invasive pneumococcal disease,2011,Southern,37,12.2
Tetanus,2011,Southern,0,0
Cryptosporidiosis,2011,Southern,64,21.1
Trichinosis,2011,Southern,0,0
Acute gastroenteritis,2011,Southern,17,5.6
Pertussis,2011,Southern,61,20.1
Rubella,2011,Southern,2,suppressed
Listeriosis,2011,Southern,2,suppressed
Poliomyelitis,2011,Southern,0,0
Haemophilus influenzae type b,2011,Southern,0,0
Paratyphoid fever,2011,Southern,1,suppressed
Hepatitis A,2011,Southern,0,0
Tuberculosis disease,2011,Southern,4,suppressed
Leptospirosis,2011,Southern,3,suppressed
Hepatitis B,2011,Southern,1,suppressed
Yersiniosis,2011,Southern,13,4.3
Hydatid disease,2011,Southern,0,0
Meningococcal disease,2011,Southern,8,2.6
VTEC/STEC infection,2011,Southern,6,2
Diphtheria,2011,Southern,0,0
Hepatitis C,2011,Southern,9,3
Toxic shellfish poisoning,2011,Southern,0,0
Invasive group A streptococcal infection,2011,Southern,0,0
Malaria,2011,Southern,2,suppressed
Rheumatic fever,2011,Southern,0,0
Brucellosis,2011,Southern,0,0
Arboviral diseases,2011,Southern,1,suppressed
Rickettsial disease,2011,Tairawhiti,0,0
Cholera,2011,Tairawhiti,0,0
Mumps,2011,Tairawhiti,0,0
Rabies and other lyssaviruses,2011,Tairawhiti,0,0
Shigellosis,2011,Tairawhiti,1,suppressed
Tetanus,2011,Tairawhiti,0,0
Legionellosis,2011,Tairawhiti,0,0
Leprosy,2011,Tairawhiti,0,0
Haemophilus influenzae type b,2011,Tairawhiti,0,0
Tuberculosis disease,2011,Tairawhiti,3,suppressed
Hydatid disease,2011,Tairawhiti,0,0
Yersiniosis,2011,Tairawhiti,3,suppressed
Salmonellosis,2011,Tairawhiti,16,34.2
Hepatitis B,2011,Tairawhiti,6,12.8
Campylobacteriosis,2011,Tairawhiti,56,119.6
Diphtheria,2011,Tairawhiti,0,0
Trichinosis,2011,Tairawhiti,0,0
Listeriosis,2011,Tairawhiti,0,0
Hepatitis C,2011,Tairawhiti,0,0
Meningococcal disease,2011,Tairawhiti,1,suppressed
Meningoencephalitis - primary amoebic,2011,Tairawhiti,0,0
VTEC/STEC infection,2011,Tairawhiti,2,suppressed
Measles,2011,Tairawhiti,3,suppressed
Poliomyelitis,2011,Tairawhiti,0,0
Rubella,2011,Tairawhiti,0,0
Q fever,2011,Tairawhiti,0,0
Leptospirosis,2011,Tairawhiti,3,suppressed
Cysticercosis,2011,Tairawhiti,0,0
Taeniasis,2011,Tairawhiti,0,0
Arboviral diseases,2011,Tairawhiti,1,suppressed
Brucellosis,2011,Tairawhiti,0,0
Giardiasis,2011,Tairawhiti,8,17.1
Pertussis,2011,Tairawhiti,38,81.1
Paratyphoid fever,2011,Tairawhiti,0,0
Cryptosporidiosis,2011,Tairawhiti,4,suppressed
Invasive pneumococcal disease,2011,Tairawhiti,5,10.7
Toxic shellfish poisoning,2011,Tairawhiti,0,0
Typhoid fever,2011,Tairawhiti,0,0
Rheumatic fever,2011,Tairawhiti,9,19.2
Mpox,2011,Tairawhiti,0,0
Invasive group A streptococcal infection,2011,Tairawhiti,0,0
Acute gastroenteritis,2011,Tairawhiti,3,suppressed
Malaria,2011,Tairawhiti,0,0
Hepatitis A,2011,Tairawhiti,0,0
Hepatitis NOS,2011,Tairawhiti,0,0
Shigellosis,2011,Taranaki,1,suppressed
Cholera,2011,Taranaki,0,0
Haemophilus influenzae type b,2011,Taranaki,1,suppressed
Rickettsial disease,2011,Taranaki,0,0
Poliomyelitis,2011,Taranaki,0,0
Leprosy,2011,Taranaki,0,0
Measles,2011,Taranaki,2,suppressed
Taeniasis,2011,Taranaki,0,0
Legionellosis,2011,Taranaki,3,suppressed
Cysticercosis,2011,Taranaki,0,0
Campylobacteriosis,2011,Taranaki,179,159.8
Hydatid disease,2011,Taranaki,0,0
Brucellosis,2011,Taranaki,0,0
Listeriosis,2011,Taranaki,0,0
Malaria,2011,Taranaki,2,suppressed
Q fever,2011,Taranaki,1,suppressed
VTEC/STEC infection,2011,Taranaki,9,8
Salmonellosis,2011,Taranaki,17,15.2
Mumps,2011,Taranaki,1,suppressed
Yersiniosis,2011,Taranaki,14,12.5
Cryptosporidiosis,2011,Taranaki,21,18.8
Mpox,2011,Taranaki,0,0
Rabies and other lyssaviruses,2011,Taranaki,0,0
Hepatitis C,2011,Taranaki,0,0
Hepatitis NOS,2011,Taranaki,0,0
Diphtheria,2011,Taranaki,0,0
Tuberculosis disease,2011,Taranaki,1,suppressed
Meningococcal disease,2011,Taranaki,3,suppressed
Typhoid fever,2011,Taranaki,0,0
Meningoencephalitis - primary amoebic,2011,Taranaki,0,0
Tetanus,2011,Taranaki,0,0
Rubella,2011,Taranaki,0,0
Acute gastroenteritis,2011,Taranaki,11,9.8
Hepatitis A,2011,Taranaki,0,0
Toxic shellfish poisoning,2011,Taranaki,0,0
Arboviral diseases,2011,Taranaki,1,suppressed
Pertussis,2011,Taranaki,30,26.8
Leptospirosis,2011,Taranaki,2,suppressed
Paratyphoid fever,2011,Taranaki,0,0
Trichinosis,2011,Taranaki,0,0
Giardiasis,2011,Taranaki,21,18.8
Invasive pneumococcal disease,2011,Taranaki,11,9.8
Invasive group A streptococcal infection,2011,Taranaki,0,0
Hepatitis B,2011,Taranaki,0,0
Rheumatic fever,2011,Taranaki,0,0
Yersiniosis,2011,Waikato,84,22.6
Mumps,2011,Waikato,1,suppressed
Cryptosporidiosis,2011,Waikato,141,38
Typhoid fever,2011,Waikato,0,0
Mpox,2011,Waikato,0,0
Rickettsial disease,2011,Waikato,2,suppressed
Invasive pneumococcal disease,2011,Waikato,46,12.4
Hepatitis A,2011,Waikato,3,suppressed
Tetanus,2011,Waikato,0,0
Cholera,2011,Waikato,0,0
Measles,2011,Waikato,30,8.1
Meningococcal disease,2011,Waikato,13,3.5
Legionellosis,2011,Waikato,5,1.3
Q fever,2011,Waikato,0,0
Diphtheria,2011,Waikato,0,0
Salmonellosis,2011,Waikato,108,29.1
VTEC/STEC infection,2011,Waikato,30,8.1
Shigellosis,2011,Waikato,5,1.3
Hydatid disease,2011,Waikato,0,0
Rubella,2011,Waikato,0,0
Leprosy,2011,Waikato,0,0
Pertussis,2011,Waikato,87,23.4
Poliomyelitis,2011,Waikato,0,0
Hepatitis C,2011,Waikato,0,0
Rheumatic fever,2011,Waikato,12,3.2
Brucellosis,2011,Waikato,0,0
Meningoencephalitis - primary amoebic,2011,Waikato,0,0
Haemophilus influenzae type b,2011,Waikato,0,0
Campylobacteriosis,2011,Waikato,687,185
Hepatitis NOS,2011,Waikato,0,0
Cysticercosis,2011,Waikato,0,0
Hepatitis B,2011,Waikato,2,suppressed
Invasive group A streptococcal infection,2011,Waikato,0,0
Giardiasis,2011,Waikato,179,48.2
Arboviral diseases,2011,Waikato,4,suppressed
Paratyphoid fever,2011,Waikato,0,0
Taeniasis,2011,Waikato,0,0
Listeriosis,2011,Waikato,2,suppressed
Trichinosis,2011,Waikato,0,0
Acute gastroenteritis,2011,Waikato,15,4
Malaria,2011,Waikato,3,suppressed
Toxic shellfish poisoning,2011,Waikato,0,0
Leptospirosis,2011,Waikato,3,suppressed
Tuberculosis disease,2011,Waikato,18,4.8
Rabies and other lyssaviruses,2011,Waikato,0,0
Taeniasis,2011,Wairarapa,0,0
Malaria,2011,Wairarapa,0,0
Tuberculosis disease,2011,Wairarapa,0,0
Diphtheria,2011,Wairarapa,0,0
Cryptosporidiosis,2011,Wairarapa,11,26.3
Mpox,2011,Wairarapa,0,0
Mumps,2011,Wairarapa,0,0
Brucellosis,2011,Wairarapa,0,0
Invasive group A streptococcal infection,2011,Wairarapa,0,0
Cysticercosis,2011,Wairarapa,0,0
Giardiasis,2011,Wairarapa,10,23.9
Measles,2011,Wairarapa,0,0
Listeriosis,2011,Wairarapa,0,0
Hepatitis NOS,2011,Wairarapa,0,0
Rheumatic fever,2011,Wairarapa,0,0
Arboviral diseases,2011,Wairarapa,0,0
Shigellosis,2011,Wairarapa,0,0
Salmonellosis,2011,Wairarapa,12,28.7
Leprosy,2011,Wairarapa,0,0
Poliomyelitis,2011,Wairarapa,0,0
Yersiniosis,2011,Wairarapa,3,suppressed
Q fever,2011,Wairarapa,0,0
Hepatitis B,2011,Wairarapa,0,0
Rabies and other lyssaviruses,2011,Wairarapa,0,0
Pertussis,2011,Wairarapa,2,suppressed
Toxic shellfish poisoning,2011,Wairarapa,0,0
Hepatitis C,2011,Wairarapa,0,0
Invasive pneumococcal disease,2011,Wairarapa,7,16.7
Cholera,2011,Wairarapa,0,0
Meningoencephalitis - primary amoebic,2011,Wairarapa,0,0
Tetanus,2011,Wairarapa,0,0
Rubella,2011,Wairarapa,0,0
Trichinosis,2011,Wairarapa,0,0
Typhoid fever,2011,Wairarapa,0,0
Legionellosis,2011,Wairarapa,1,suppressed
Campylobacteriosis,2011,Wairarapa,89,212.9
Hydatid disease,2011,Wairarapa,0,0
Acute gastroenteritis,2011,Wairarapa,3,suppressed
Meningococcal disease,2011,Wairarapa,2,suppressed
VTEC/STEC infection,2011,Wairarapa,1,suppressed
Paratyphoid fever,2011,Wairarapa,0,0
Rickettsial disease,2011,Wairarapa,0,0
Hepatitis A,2011,Wairarapa,0,0
Haemophilus influenzae type b,2011,Wairarapa,0,0
Leptospirosis,2011,Wairarapa,0,0
Arboviral diseases,2011,Waitemata,3,suppressed
Giardiasis,2011,Waitemata,201,37.3
Trichinosis,2011,Waitemata,0,0
Yersiniosis,2011,Waitemata,77,14.3
Leprosy,2011,Waitemata,0,0
Pertussis,2011,Waitemata,74,13.7
Invasive pneumococcal disease,2011,Waitemata,58,10.8
Rickettsial disease,2011,Waitemata,2,suppressed
Diphtheria,2011,Waitemata,0,0
Taeniasis,2011,Waitemata,0,0
Acute gastroenteritis,2011,Waitemata,61,11.3
Meningococcal disease,2011,Waitemata,9,1.7
Poliomyelitis,2011,Waitemata,0,0
Rubella,2011,Waitemata,3,suppressed
Malaria,2011,Waitemata,7,1.3
Brucellosis,2011,Waitemata,0,0
Rheumatic fever,2011,Waitemata,5,0.9
VTEC/STEC infection,2011,Waitemata,8,1.5
Hydatid disease,2011,Waitemata,0,0
Hepatitis B,2011,Waitemata,6,1.1
Haemophilus influenzae type b,2011,Waitemata,0,0
Mumps,2011,Waitemata,2,suppressed
Salmonellosis,2011,Waitemata,97,18
Listeriosis,2011,Waitemata,3,suppressed
Typhoid fever,2011,Waitemata,15,2.8
Meningoencephalitis - primary amoebic,2011,Waitemata,0,0
Tuberculosis disease,2011,Waitemata,34,6.3
Hepatitis NOS,2011,Waitemata,0,0
Leptospirosis,2011,Waitemata,2,suppressed
Cysticercosis,2011,Waitemata,0,0
Invasive group A streptococcal infection,2011,Waitemata,0,0
Measles,2011,Waitemata,179,33.2
Q fever,2011,Waitemata,0,0
Toxic shellfish poisoning,2011,Waitemata,0,0
Rabies and other lyssaviruses,2011,Waitemata,0,0
Hepatitis C,2011,Waitemata,2,suppressed
Mpox,2011,Waitemata,0,0
Cholera,2011,Waitemata,0,0
Shigellosis,2011,Waitemata,26,4.8
Legionellosis,2011,Waitemata,17,3.2
Cryptosporidiosis,2011,Waitemata,41,7.6
Tetanus,2011,Waitemata,0,0
Hepatitis A,2011,Waitemata,3,suppressed
Campylobacteriosis,2011,Waitemata,764,141.9
Paratyphoid fever,2011,Waitemata,0,0
Diphtheria,2011,West Coast,0,0
Mpox,2011,West Coast,0,0
Tuberculosis disease,2011,West Coast,0,0
Hepatitis C,2011,West Coast,0,0
Tetanus,2011,West Coast,0,0
Pertussis,2011,West Coast,238,719
Poliomyelitis,2011,West Coast,0,0
Yersiniosis,2011,West Coast,6,18.1
Rubella,2011,West Coast,0,0
Hepatitis NOS,2011,West Coast,0,0
Cysticercosis,2011,West Coast,0,0
Arboviral diseases,2011,West Coast,1,suppressed
Taeniasis,2011,West Coast,0,0
Salmonellosis,2011,West Coast,4,suppressed
Mumps,2011,West Coast,0,0
Hepatitis A,2011,West Coast,0,0
Legionellosis,2011,West Coast,2,suppressed
Q fever,2011,West Coast,0,0
Rabies and other lyssaviruses,2011,West Coast,0,0
Hepatitis B,2011,West Coast,0,0
Rheumatic fever,2011,West Coast,0,0
Toxic shellfish poisoning,2011,West Coast,0,0
Malaria,2011,West Coast,0,0
Brucellosis,2011,West Coast,0,0
Rickettsial disease,2011,West Coast,0,0
Measles,2011,West Coast,0,0
Hydatid disease,2011,West Coast,0,0
Invasive pneumococcal disease,2011,West Coast,0,0
Leprosy,2011,West Coast,0,0
Typhoid fever,2011,West Coast,0,0
Shigellosis,2011,West Coast,0,0
Trichinosis,2011,West Coast,0,0
Leptospirosis,2011,West Coast,2,suppressed
Invasive group A streptococcal infection,2011,West Coast,0,0
Cholera,2011,West Coast,0,0
Listeriosis,2011,West Coast,1,suppressed
Acute gastroenteritis,2011,West Coast,5,15.1
Giardiasis,2011,West Coast,16,48.3
Paratyphoid fever,2011,West Coast,0,0
Campylobacteriosis,2011,West Coast,54,163.1
Meningoencephalitis - primary amoebic,2011,West Coast,0,0
Cryptosporidiosis,2011,West Coast,4,suppressed
Meningococcal disease,2011,West Coast,1,suppressed
VTEC/STEC infection,2011,West Coast,3,suppressed
Haemophilus influenzae type b,2011,West Coast,0,0
Mumps,2011,Whanganui,1,suppressed
Taeniasis,2011,Whanganui,0,0
Shigellosis,2011,Whanganui,1,suppressed
Diphtheria,2011,Whanganui,0,0
Malaria,2011,Whanganui,0,0
Giardiasis,2011,Whanganui,8,12.7
Mpox,2011,Whanganui,0,0
Typhoid fever,2011,Whanganui,0,0
Legionellosis,2011,Whanganui,1,suppressed
Tuberculosis disease,2011,Whanganui,1,suppressed
Hepatitis C,2011,Whanganui,0,0
Hepatitis NOS,2011,Whanganui,0,0
Brucellosis,2011,Whanganui,0,0
Hepatitis A,2011,Whanganui,0,0
Invasive group A streptococcal infection,2011,Whanganui,0,0
Cholera,2011,Whanganui,0,0
Salmonellosis,2011,Whanganui,10,15.9
Acute gastroenteritis,2011,Whanganui,10,15.9
Cysticercosis,2011,Whanganui,0,0
Listeriosis,2011,Whanganui,0,0
Leprosy,2011,Whanganui,0,0
Rickettsial disease,2011,Whanganui,0,0
VTEC/STEC infection,2011,Whanganui,0,0
Measles,2011,Whanganui,0,0
Rheumatic fever,2011,Whanganui,3,suppressed
Toxic shellfish poisoning,2011,Whanganui,0,0
Tetanus,2011,Whanganui,0,0
Cryptosporidiosis,2011,Whanganui,6,9.5
Haemophilus influenzae type b,2011,Whanganui,0,0
Meningoencephalitis - primary amoebic,2011,Whanganui,0,0
Hepatitis B,2011,Whanganui,0,0
Pertussis,2011,Whanganui,13,20.6
Hydatid disease,2011,Whanganui,0,0
Rubella,2011,Whanganui,0,0
Invasive pneumococcal disease,2011,Whanganui,6,9.5
Yersiniosis,2011,Whanganui,4,suppressed
Rabies and other lyssaviruses,2011,Whanganui,0,0
Arboviral diseases,2011,Whanganui,0,0
Leptospirosis,2011,Whanganui,9,14.3
Trichinosis,2011,Whanganui,0,0
Poliomyelitis,2011,Whanganui,0,0
Meningococcal disease,2011,Whanganui,3,suppressed
Campylobacteriosis,2011,Whanganui,75,119.1
Paratyphoid fever,2011,Whanganui,0,0
Q fever,2011,Whanganui,0,0
Yersiniosis,2012,Auckland,60,13.2
Hepatitis B,2012,Auckland,3,suppressed
Salmonellosis,2012,Auckland,120,26.3
Q fever,2012,Auckland,0,0
Trichinosis,2012,Auckland,0,0
Leptospirosis,2012,Auckland,2,suppressed
Haemophilus influenzae type b,2012,Auckland,0,0
Brucellosis,2012,Auckland,0,0
Measles,2012,Auckland,8,1.8
Typhoid fever,2012,Auckland,10,2.2
Tetanus,2012,Auckland,1,suppressed
Legionellosis,2012,Auckland,21,4.6
Cysticercosis,2012,Auckland,0,0
Taeniasis,2012,Auckland,2,suppressed
Cryptosporidiosis,2012,Auckland,29,6.4
Poliomyelitis,2012,Auckland,0,0
Hepatitis C,2012,Auckland,1,suppressed
Rickettsial disease,2012,Auckland,0,0
Hepatitis NOS,2012,Auckland,1,suppressed
Campylobacteriosis,2012,Auckland,521,114.3
Leprosy,2012,Auckland,0,0
Cholera,2012,Auckland,0,0
Invasive pneumococcal disease,2012,Auckland,47,10.3
Hepatitis A,2012,Auckland,15,3.3
Mpox,2012,Auckland,0,0
Rabies and other lyssaviruses,2012,Auckland,0,0
Toxic shellfish poisoning,2012,Auckland,0,0
Invasive group A streptococcal infection,2012,Auckland,0,0
Diphtheria,2012,Auckland,0,0
Listeriosis,2012,Auckland,2,suppressed
Tuberculosis disease,2012,Auckland,57,12.5
Mumps,2012,Auckland,1,suppressed
Meningoencephalitis - primary amoebic,2012,Auckland,0,0
Hydatid disease,2012,Auckland,0,0
Rubella,2012,Auckland,0,0
Acute gastroenteritis,2012,Auckland,123,27
Shigellosis,2012,Auckland,24,5.3
Arboviral diseases,2012,Auckland,18,3.9
Giardiasis,2012,Auckland,255,55.9
Pertussis,2012,Auckland,272,59.6
Meningococcal disease,2012,Auckland,8,1.8
VTEC/STEC infection,2012,Auckland,6,1.3
Rheumatic fever,2012,Auckland,12,2.6
Malaria,2012,Auckland,12,2.6
Paratyphoid fever,2012,Auckland,8,1.8
Typhoid fever,2012,Bay of Plenty,2,suppressed
Cysticercosis,2012,Bay of Plenty,0,0
Q fever,2012,Bay of Plenty,0,0
Tetanus,2012,Bay of Plenty,0,0
Invasive pneumococcal disease,2012,Bay of Plenty,36,16.8
Leprosy,2012,Bay of Plenty,0,0
Measles,2012,Bay of Plenty,0,0
Rabies and other lyssaviruses,2012,Bay of Plenty,0,0
Acute gastroenteritis,2012,Bay of Plenty,45,21
Cryptosporidiosis,2012,Bay of Plenty,21,9.8
Haemophilus influenzae type b,2012,Bay of Plenty,1,suppressed
Brucellosis,2012,Bay of Plenty,0,0
Hepatitis NOS,2012,Bay of Plenty,0,0
Rickettsial disease,2012,Bay of Plenty,0,0
Yersiniosis,2012,Bay of Plenty,22,10.3
Campylobacteriosis,2012,Bay of Plenty,267,124.8
Meningococcal disease,2012,Bay of Plenty,5,2.3
Cholera,2012,Bay of Plenty,0,0
Hepatitis A,2012,Bay of Plenty,1,suppressed
Legionellosis,2012,Bay of Plenty,2,suppressed
Mumps,2012,Bay of Plenty,1,suppressed
Tuberculosis disease,2012,Bay of Plenty,10,4.7
Leptospirosis,2012,Bay of Plenty,4,suppressed
Diphtheria,2012,Bay of Plenty,0,0
Arboviral diseases,2012,Bay of Plenty,3,suppressed
Salmonellosis,2012,Bay of Plenty,36,16.8
Malaria,2012,Bay of Plenty,0,0
Shigellosis,2012,Bay of Plenty,7,3.3
Paratyphoid fever,2012,Bay of Plenty,1,suppressed
Rheumatic fever,2012,Bay of Plenty,3,suppressed
Giardiasis,2012,Bay of Plenty,95,44.4
Invasive group A streptococcal infection,2012,Bay of Plenty,0,0
Mpox,2012,Bay of Plenty,0,0
Rubella,2012,Bay of Plenty,0,0
Hydatid disease,2012,Bay of Plenty,0,0
Listeriosis,2012,Bay of Plenty,5,2.3
Hepatitis B,2012,Bay of Plenty,1,suppressed
Taeniasis,2012,Bay of Plenty,0,0
Toxic shellfish poisoning,2012,Bay of Plenty,19,8.9
VTEC/STEC infection,2012,Bay of Plenty,18,8.4
Meningoencephalitis - primary amoebic,2012,Bay of Plenty,0,0
Pertussis,2012,Bay of Plenty,189,88.4
Trichinosis,2012,Bay of Plenty,0,0
Poliomyelitis,2012,Bay of Plenty,0,0
Hepatitis C,2012,Bay of Plenty,0,0
Mumps,2012,Canterbury,8,1.6
Rickettsial disease,2012,Canterbury,0,0
Malaria,2012,Canterbury,3,suppressed
Cholera,2012,Canterbury,0,0
Tetanus,2012,Canterbury,0,0
Hydatid disease,2012,Canterbury,0,0
Diphtheria,2012,Canterbury,0,0
Invasive pneumococcal disease,2012,Canterbury,41,8.2
Brucellosis,2012,Canterbury,0,0
Rubella,2012,Canterbury,2,suppressed
Shigellosis,2012,Canterbury,9,1.8
Measles,2012,Canterbury,4,suppressed
Meningoencephalitis - primary amoebic,2012,Canterbury,0,0
Cysticercosis,2012,Canterbury,0,0
Arboviral diseases,2012,Canterbury,5,1
Taeniasis,2012,Canterbury,0,0
Salmonellosis,2012,Canterbury,131,26.3
Meningococcal disease,2012,Canterbury,10,2
Paratyphoid fever,2012,Canterbury,3,suppressed
Haemophilus influenzae type b,2012,Canterbury,0,0
Leprosy,2012,Canterbury,0,0
Mpox,2012,Canterbury,0,0
Cryptosporidiosis,2012,Canterbury,88,17.7
Trichinosis,2012,Canterbury,0,0
Campylobacteriosis,2012,Canterbury,1119,224.8
Pertussis,2012,Canterbury,1226,246.3
Toxic shellfish poisoning,2012,Canterbury,0,0
Tuberculosis disease,2012,Canterbury,19,3.8
Giardiasis,2012,Canterbury,193,38.8
Hepatitis NOS,2012,Canterbury,0,0
VTEC/STEC infection,2012,Canterbury,23,4.6
Poliomyelitis,2012,Canterbury,0,0
Legionellosis,2012,Canterbury,52,10.4
Yersiniosis,2012,Canterbury,58,11.7
Invasive group A streptococcal infection,2012,Canterbury,0,0
Hepatitis B,2012,Canterbury,6,1.2
Rheumatic fever,2012,Canterbury,1,suppressed
Listeriosis,2012,Canterbury,0,0
Hepatitis A,2012,Canterbury,1,suppressed
Hepatitis C,2012,Canterbury,5,1
Rabies and other lyssaviruses,2012,Canterbury,0,0
Typhoid fever,2012,Canterbury,3,suppressed
Leptospirosis,2012,Canterbury,4,suppressed
Q fever,2012,Canterbury,0,0
Acute gastroenteritis,2012,Canterbury,47,9.4
Invasive pneumococcal disease,2012,"Capital, Coast and Hutt Valley",41,9.4
Q fever,2012,"Capital, Coast and Hutt Valley",0,0
Measles,2012,"Capital, Coast and Hutt Valley",3,suppressed
Hydatid disease,2012,"Capital, Coast and Hutt Valley",0,0
Legionellosis,2012,"Capital, Coast and Hutt Valley",8,1.8
Mumps,2012,"Capital, Coast and Hutt Valley",3,suppressed
Typhoid fever,2012,"Capital, Coast and Hutt Valley",5,1.2
Cholera,2012,"Capital, Coast and Hutt Valley",0,0
Shigellosis,2012,"Capital, Coast and Hutt Valley",12,2.8
Mpox,2012,"Capital, Coast and Hutt Valley",0,0
Toxic shellfish poisoning,2012,"Capital, Coast and Hutt Valley",1,suppressed
Campylobacteriosis,2012,"Capital, Coast and Hutt Valley",601,138.2
Tetanus,2012,"Capital, Coast and Hutt Valley",1,suppressed
Taeniasis,2012,"Capital, Coast and Hutt Valley",1,suppressed
Paratyphoid fever,2012,"Capital, Coast and Hutt Valley",1,suppressed
Rickettsial disease,2012,"Capital, Coast and Hutt Valley",0,0
Leprosy,2012,"Capital, Coast and Hutt Valley",1,suppressed
Salmonellosis,2012,"Capital, Coast and Hutt Valley",76,17.5
Cysticercosis,2012,"Capital, Coast and Hutt Valley",0,0
Rabies and other lyssaviruses,2012,"Capital, Coast and Hutt Valley",0,0
Hepatitis A,2012,"Capital, Coast and Hutt Valley",7,1.6
Brucellosis,2012,"Capital, Coast and Hutt Valley",0,0
Malaria,2012,"Capital, Coast and Hutt Valley",1,suppressed
Haemophilus influenzae type b,2012,"Capital, Coast and Hutt Valley",0,0
Diphtheria,2012,"Capital, Coast and Hutt Valley",0,0
Meningoencephalitis - primary amoebic,2012,"Capital, Coast and Hutt Valley",0,0
Meningococcal disease,2012,"Capital, Coast and Hutt Valley",10,2.3
Rubella,2012,"Capital, Coast and Hutt Valley",1,suppressed
Hepatitis B,2012,"Capital, Coast and Hutt Valley",2,suppressed
Giardiasis,2012,"Capital, Coast and Hutt Valley",179,41.2
Invasive group A streptococcal infection,2012,"Capital, Coast and Hutt Valley",0,0
Hepatitis NOS,2012,"Capital, Coast and Hutt Valley",1,suppressed
Hepatitis C,2012,"Capital, Coast and Hutt Valley",3,suppressed
Trichinosis,2012,"Capital, Coast and Hutt Valley",0,0
Arboviral diseases,2012,"Capital, Coast and Hutt Valley",11,2.5
Cryptosporidiosis,2012,"Capital, Coast and Hutt Valley",145,33.4
Yersiniosis,2012,"Capital, Coast and Hutt Valley",76,17.5
Listeriosis,2012,"Capital, Coast and Hutt Valley",1,suppressed
VTEC/STEC infection,2012,"Capital, Coast and Hutt Valley",1,suppressed
Pertussis,2012,"Capital, Coast and Hutt Valley",1038,238.8
Tuberculosis disease,2012,"Capital, Coast and Hutt Valley",33,7.6
Poliomyelitis,2012,"Capital, Coast and Hutt Valley",0,0
Acute gastroenteritis,2012,"Capital, Coast and Hutt Valley",122,28.1
Leptospirosis,2012,"Capital, Coast and Hutt Valley",1,suppressed
Rheumatic fever,2012,"Capital, Coast and Hutt Valley",11,2.5
Listeriosis,2012,Counties Manukau,5,1
Brucellosis,2012,Counties Manukau,0,0
Diphtheria,2012,Counties Manukau,0,0
Yersiniosis,2012,Counties Manukau,56,11.4
Giardiasis,2012,Counties Manukau,131,26.7
Pertussis,2012,Counties Manukau,338,68.8
Salmonellosis,2012,Counties Manukau,71,14.4
Hepatitis NOS,2012,Counties Manukau,0,0
Trichinosis,2012,Counties Manukau,0,0
Q fever,2012,Counties Manukau,0,0
Legionellosis,2012,Counties Manukau,11,2.2
Rickettsial disease,2012,Counties Manukau,0,0
Malaria,2012,Counties Manukau,9,1.8
Hepatitis B,2012,Counties Manukau,6,1.2
Rubella,2012,Counties Manukau,1,suppressed
Taeniasis,2012,Counties Manukau,3,suppressed
Meningoencephalitis - primary amoebic,2012,Counties Manukau,0,0
Shigellosis,2012,Counties Manukau,24,4.9
Mumps,2012,Counties Manukau,0,0
Hydatid disease,2012,Counties Manukau,0,0
Poliomyelitis,2012,Counties Manukau,0,0
Typhoid fever,2012,Counties Manukau,13,2.6
Cryptosporidiosis,2012,Counties Manukau,38,7.7
Cholera,2012,Counties Manukau,0,0
Arboviral diseases,2012,Counties Manukau,12,2.4
Toxic shellfish poisoning,2012,Counties Manukau,0,0
Leptospirosis,2012,Counties Manukau,2,suppressed
Tetanus,2012,Counties Manukau,0,0
Tuberculosis disease,2012,Counties Manukau,45,9.2
Leprosy,2012,Counties Manukau,1,suppressed
Campylobacteriosis,2012,Counties Manukau,480,97.7
Hepatitis A,2012,Counties Manukau,15,3.1
Meningococcal disease,2012,Counties Manukau,7,1.4
Measles,2012,Counties Manukau,33,6.7
Rheumatic fever,2012,Counties Manukau,76,15.5
Invasive group A streptococcal infection,2012,Counties Manukau,0,0
Mpox,2012,Counties Manukau,0,0
Cysticercosis,2012,Counties Manukau,0,0
Hepatitis C,2012,Counties Manukau,1,suppressed
Paratyphoid fever,2012,Counties Manukau,1,suppressed
VTEC/STEC infection,2012,Counties Manukau,10,2
Haemophilus influenzae type b,2012,Counties Manukau,0,0
Invasive pneumococcal disease,2012,Counties Manukau,72,14.6
Acute gastroenteritis,2012,Counties Manukau,42,8.5
Rabies and other lyssaviruses,2012,Counties Manukau,0,0
Rabies and other lyssaviruses,2012,Hawke's Bay,0,0
Cholera,2012,Hawke's Bay,0,0
Measles,2012,Hawke's Bay,0,0
Pertussis,2012,Hawke's Bay,126,80
Rickettsial disease,2012,Hawke's Bay,0,0
Invasive group A streptococcal infection,2012,Hawke's Bay,0,0
Arboviral diseases,2012,Hawke's Bay,0,0
Meningoencephalitis - primary amoebic,2012,Hawke's Bay,0,0
Trichinosis,2012,Hawke's Bay,0,0
Taeniasis,2012,Hawke's Bay,0,0
Toxic shellfish poisoning,2012,Hawke's Bay,2,suppressed
Hepatitis B,2012,Hawke's Bay,1,suppressed
Hydatid disease,2012,Hawke's Bay,0,0
Meningococcal disease,2012,Hawke's Bay,2,suppressed
Shigellosis,2012,Hawke's Bay,1,suppressed
Mpox,2012,Hawke's Bay,0,0
Yersiniosis,2012,Hawke's Bay,12,7.6
Poliomyelitis,2012,Hawke's Bay,0,0
Q fever,2012,Hawke's Bay,0,0
Rheumatic fever,2012,Hawke's Bay,6,3.8
Leptospirosis,2012,Hawke's Bay,19,12.1
Cysticercosis,2012,Hawke's Bay,0,0
Tuberculosis disease,2012,Hawke's Bay,19,12.1
Diphtheria,2012,Hawke's Bay,0,0
Salmonellosis,2012,Hawke's Bay,29,18.4
Leprosy,2012,Hawke's Bay,0,0
VTEC/STEC infection,2012,Hawke's Bay,4,suppressed
Haemophilus influenzae type b,2012,Hawke's Bay,0,0
Invasive pneumococcal disease,2012,Hawke's Bay,20,12.7
Legionellosis,2012,Hawke's Bay,1,suppressed
Hepatitis A,2012,Hawke's Bay,2,suppressed
Typhoid fever,2012,Hawke's Bay,1,suppressed
Rubella,2012,Hawke's Bay,0,0
Hepatitis NOS,2012,Hawke's Bay,0,0
Listeriosis,2012,Hawke's Bay,4,suppressed
Acute gastroenteritis,2012,Hawke's Bay,2,suppressed
Giardiasis,2012,Hawke's Bay,60,38.1
Tetanus,2012,Hawke's Bay,0,0
Brucellosis,2012,Hawke's Bay,0,0
Campylobacteriosis,2012,Hawke's Bay,297,188.7
Paratyphoid fever,2012,Hawke's Bay,1,suppressed
Cryptosporidiosis,2012,Hawke's Bay,48,30.5
Mumps,2012,Hawke's Bay,0,0
Hepatitis C,2012,Hawke's Bay,2,suppressed
Malaria,2012,Hawke's Bay,3,suppressed
Legionellosis,2012,Lakes,0,0
Toxic shellfish poisoning,2012,Lakes,7,6.8
Acute gastroenteritis,2012,Lakes,24,23.2
Mpox,2012,Lakes,0,0
Shigellosis,2012,Lakes,0,0
Giardiasis,2012,Lakes,59,57.1
Rabies and other lyssaviruses,2012,Lakes,0,0
Q fever,2012,Lakes,0,0
Taeniasis,2012,Lakes,0,0
Cysticercosis,2012,Lakes,0,0
Meningoencephalitis - primary amoebic,2012,Lakes,0,0
Listeriosis,2012,Lakes,0,0
Invasive pneumococcal disease,2012,Lakes,14,13.6
Rickettsial disease,2012,Lakes,0,0
Mumps,2012,Lakes,0,0
Measles,2012,Lakes,0,0
Hepatitis B,2012,Lakes,1,suppressed
Arboviral diseases,2012,Lakes,0,0
Pertussis,2012,Lakes,94,91
Typhoid fever,2012,Lakes,1,suppressed
Hepatitis NOS,2012,Lakes,0,0
Malaria,2012,Lakes,1,suppressed
Haemophilus influenzae type b,2012,Lakes,0,0
Hydatid disease,2012,Lakes,0,0
Cholera,2012,Lakes,0,0
Tetanus,2012,Lakes,0,0
Yersiniosis,2012,Lakes,8,7.7
Hepatitis A,2012,Lakes,0,0
Rheumatic fever,2012,Lakes,6,5.8
Leptospirosis,2012,Lakes,0,0
Hepatitis C,2012,Lakes,0,0
Trichinosis,2012,Lakes,0,0
VTEC/STEC infection,2012,Lakes,3,suppressed
Tuberculosis disease,2012,Lakes,2,suppressed
Campylobacteriosis,2012,Lakes,166,160.8
Diphtheria,2012,Lakes,0,0
Poliomyelitis,2012,Lakes,0,0
Leprosy,2012,Lakes,0,0
Invasive group A streptococcal infection,2012,Lakes,0,0
Rubella,2012,Lakes,0,0
Meningococcal disease,2012,Lakes,5,4.8
Brucellosis,2012,Lakes,0,0
Paratyphoid fever,2012,Lakes,0,0
Salmonellosis,2012,Lakes,23,22.3
Cryptosporidiosis,2012,Lakes,22,21.3
Yersiniosis,2012,MidCentral,7,4.2
Invasive pneumococcal disease,2012,MidCentral,11,6.5
Diphtheria,2012,MidCentral,0,0
Cholera,2012,MidCentral,0,0
Poliomyelitis,2012,MidCentral,0,0
Rickettsial disease,2012,MidCentral,0,0
Tetanus,2012,MidCentral,0,0
Legionellosis,2012,MidCentral,4,suppressed
Mumps,2012,MidCentral,0,0
Taeniasis,2012,MidCentral,0,0
Rubella,2012,MidCentral,0,0
Leptospirosis,2012,MidCentral,11,6.5
Rheumatic fever,2012,MidCentral,2,suppressed
Shigellosis,2012,MidCentral,2,suppressed
Cysticercosis,2012,MidCentral,0,0
Hepatitis NOS,2012,MidCentral,0,0
Giardiasis,2012,MidCentral,20,11.9
Measles,2012,MidCentral,0,0
Salmonellosis,2012,MidCentral,31,18.4
Meningoencephalitis - primary amoebic,2012,MidCentral,0,0
Paratyphoid fever,2012,MidCentral,0,0
Hepatitis A,2012,MidCentral,0,0
Typhoid fever,2012,MidCentral,0,0
Trichinosis,2012,MidCentral,0,0
Malaria,2012,MidCentral,1,suppressed
Q fever,2012,MidCentral,0,0
Rabies and other lyssaviruses,2012,MidCentral,0,0
Listeriosis,2012,MidCentral,0,0
Hydatid disease,2012,MidCentral,0,0
Hepatitis B,2012,MidCentral,2,suppressed
Tuberculosis disease,2012,MidCentral,6,3.6
Haemophilus influenzae type b,2012,MidCentral,0,0
Pertussis,2012,MidCentral,205,121.7
Arboviral diseases,2012,MidCentral,5,3
Campylobacteriosis,2012,MidCentral,199,118.1
Meningococcal disease,2012,MidCentral,3,suppressed
Brucellosis,2012,MidCentral,0,0
Leprosy,2012,MidCentral,0,0
Cryptosporidiosis,2012,MidCentral,25,14.8
Mpox,2012,MidCentral,0,0
VTEC/STEC infection,2012,MidCentral,1,suppressed
Toxic shellfish poisoning,2012,MidCentral,0,0
Invasive group A streptococcal infection,2012,MidCentral,0,0
Acute gastroenteritis,2012,MidCentral,127,75.4
Hepatitis C,2012,MidCentral,0,0
Mpox,2012,Nelson Marlborough,0,0
Rickettsial disease,2012,Nelson Marlborough,0,0
Measles,2012,Nelson Marlborough,0,0
Campylobacteriosis,2012,Nelson Marlborough,303,214.4
Mumps,2012,Nelson Marlborough,4,suppressed
Malaria,2012,Nelson Marlborough,1,suppressed
Cholera,2012,Nelson Marlborough,0,0
Leprosy,2012,Nelson Marlborough,0,0
Shigellosis,2012,Nelson Marlborough,1,suppressed
Meningoencephalitis - primary amoebic,2012,Nelson Marlborough,0,0
Haemophilus influenzae type b,2012,Nelson Marlborough,0,0
Cysticercosis,2012,Nelson Marlborough,0,0
Invasive pneumococcal disease,2012,Nelson Marlborough,20,14.2
Invasive group A streptococcal infection,2012,Nelson Marlborough,0,0
Tetanus,2012,Nelson Marlborough,0,0
Brucellosis,2012,Nelson Marlborough,0,0
Salmonellosis,2012,Nelson Marlborough,57,40.3
Hepatitis NOS,2012,Nelson Marlborough,0,0
Hepatitis C,2012,Nelson Marlborough,2,suppressed
Rubella,2012,Nelson Marlborough,0,0
Diphtheria,2012,Nelson Marlborough,0,0
Hydatid disease,2012,Nelson Marlborough,0,0
Paratyphoid fever,2012,Nelson Marlborough,1,suppressed
Listeriosis,2012,Nelson Marlborough,0,0
Yersiniosis,2012,Nelson Marlborough,4,suppressed
Hepatitis A,2012,Nelson Marlborough,0,0
Cryptosporidiosis,2012,Nelson Marlborough,17,12
VTEC/STEC infection,2012,Nelson Marlborough,4,suppressed
Taeniasis,2012,Nelson Marlborough,0,0
Toxic shellfish poisoning,2012,Nelson Marlborough,0,0
Tuberculosis disease,2012,Nelson Marlborough,14,9.9
Poliomyelitis,2012,Nelson Marlborough,0,0
Q fever,2012,Nelson Marlborough,0,0
Typhoid fever,2012,Nelson Marlborough,0,0
Meningococcal disease,2012,Nelson Marlborough,2,suppressed
Pertussis,2012,Nelson Marlborough,674,476.9
Rheumatic fever,2012,Nelson Marlborough,0,0
Giardiasis,2012,Nelson Marlborough,67,47.4
Hepatitis B,2012,Nelson Marlborough,1,suppressed
Leptospirosis,2012,Nelson Marlborough,3,suppressed
Legionellosis,2012,Nelson Marlborough,5,3.5
Trichinosis,2012,Nelson Marlborough,0,0
Rabies and other lyssaviruses,2012,Nelson Marlborough,0,0
Arboviral diseases,2012,Nelson Marlborough,0,0
Acute gastroenteritis,2012,Nelson Marlborough,17,12
Hydatid disease,2012,Northland,0,0
Hepatitis A,2012,Northland,1,suppressed
Salmonellosis,2012,Northland,29,17.7
Mumps,2012,Northland,1,suppressed
Meningoencephalitis - primary amoebic,2012,Northland,0,0
Giardiasis,2012,Northland,43,26.3
Diphtheria,2012,Northland,0,0
Hepatitis NOS,2012,Northland,0,0
Rickettsial disease,2012,Northland,1,suppressed
Invasive pneumococcal disease,2012,Northland,23,14.1
Haemophilus influenzae type b,2012,Northland,0,0
Rubella,2012,Northland,0,0
Trichinosis,2012,Northland,0,0
Hepatitis B,2012,Northland,2,suppressed
Pertussis,2012,Northland,82,50.2
Taeniasis,2012,Northland,0,0
Hepatitis C,2012,Northland,0,0
Malaria,2012,Northland,2,suppressed
Invasive group A streptococcal infection,2012,Northland,0,0
Brucellosis,2012,Northland,0,0
Leprosy,2012,Northland,0,0
Meningococcal disease,2012,Northland,3,suppressed
Shigellosis,2012,Northland,2,suppressed
Cholera,2012,Northland,0,0
Q fever,2012,Northland,0,0
Mpox,2012,Northland,0,0
Yersiniosis,2012,Northland,16,9.8
Leptospirosis,2012,Northland,4,suppressed
Cysticercosis,2012,Northland,0,0
Arboviral diseases,2012,Northland,2,suppressed
Listeriosis,2012,Northland,0,0
Campylobacteriosis,2012,Northland,229,140.1
Tetanus,2012,Northland,0,0
Legionellosis,2012,Northland,4,suppressed
Paratyphoid fever,2012,Northland,0,0
Cryptosporidiosis,2012,Northland,37,22.6
Typhoid fever,2012,Northland,0,0
Rabies and other lyssaviruses,2012,Northland,0,0
Poliomyelitis,2012,Northland,0,0
Acute gastroenteritis,2012,Northland,1,suppressed
Toxic shellfish poisoning,2012,Northland,0,0
VTEC/STEC infection,2012,Northland,12,7.3
Tuberculosis disease,2012,Northland,3,suppressed
Rheumatic fever,2012,Northland,16,9.8
Measles,2012,Northland,8,4.9
Shigellosis,2012,South Canterbury,0,0
Diphtheria,2012,South Canterbury,0,0
Malaria,2012,South Canterbury,0,0
Meningoencephalitis - primary amoebic,2012,South Canterbury,0,0
Salmonellosis,2012,South Canterbury,29,50.8
Leprosy,2012,South Canterbury,0,0
Invasive pneumococcal disease,2012,South Canterbury,6,10.5
Mpox,2012,South Canterbury,0,0
Haemophilus influenzae type b,2012,South Canterbury,1,suppressed
Brucellosis,2012,South Canterbury,0,0
Hydatid disease,2012,South Canterbury,0,0
Hepatitis C,2012,South Canterbury,2,suppressed
Hepatitis NOS,2012,South Canterbury,0,0
Mumps,2012,South Canterbury,1,suppressed
Typhoid fever,2012,South Canterbury,0,0
Tetanus,2012,South Canterbury,0,0
Cholera,2012,South Canterbury,0,0
Rabies and other lyssaviruses,2012,South Canterbury,0,0
Pertussis,2012,South Canterbury,58,101.7
Yersiniosis,2012,South Canterbury,13,22.8
Taeniasis,2012,South Canterbury,0,0
Giardiasis,2012,South Canterbury,24,42.1
Acute gastroenteritis,2012,South Canterbury,2,suppressed
Paratyphoid fever,2012,South Canterbury,0,0
Meningococcal disease,2012,South Canterbury,3,suppressed
VTEC/STEC infection,2012,South Canterbury,4,suppressed
Measles,2012,South Canterbury,0,0
Hepatitis A,2012,South Canterbury,0,0
Legionellosis,2012,South Canterbury,2,suppressed
Rubella,2012,South Canterbury,0,0
Trichinosis,2012,South Canterbury,0,0
Hepatitis B,2012,South Canterbury,0,0
Tuberculosis disease,2012,South Canterbury,1,suppressed
Rheumatic fever,2012,South Canterbury,0,0
Listeriosis,2012,South Canterbury,1,suppressed
Rickettsial disease,2012,South Canterbury,0,0
Invasive group A streptococcal infection,2012,South Canterbury,0,0
Cysticercosis,2012,South Canterbury,0,0
Q fever,2012,South Canterbury,0,0
Poliomyelitis,2012,South Canterbury,0,0
Leptospirosis,2012,South Canterbury,2,suppressed
Arboviral diseases,2012,South Canterbury,0,0
Toxic shellfish poisoning,2012,South Canterbury,0,0
Campylobacteriosis,2012,South Canterbury,178,312
Cryptosporidiosis,2012,South Canterbury,46,80.6
Meningoencephalitis - primary amoebic,2012,Southern,0,0
Measles,2012,Southern,0,0
Invasive pneumococcal disease,2012,Southern,35,11.5
Salmonellosis,2012,Southern,169,55.4
Rickettsial disease,2012,Southern,0,0
Brucellosis,2012,Southern,0,0
Shigellosis,2012,Southern,8,2.6
Cholera,2012,Southern,0,0
VTEC/STEC infection,2012,Southern,14,4.6
Tetanus,2012,Southern,0,0
Giardiasis,2012,Southern,135,44.3
Diphtheria,2012,Southern,0,0
Leprosy,2012,Southern,0,0
Poliomyelitis,2012,Southern,0,0
Hydatid disease,2012,Southern,1,suppressed
Campylobacteriosis,2012,Southern,678,222.4
Invasive group A streptococcal infection,2012,Southern,0,0
Tuberculosis disease,2012,Southern,9,3
Mumps,2012,Southern,0,0
Yersiniosis,2012,Southern,17,5.6
Malaria,2012,Southern,0,0
Hepatitis NOS,2012,Southern,0,0
Rheumatic fever,2012,Southern,0,0
Arboviral diseases,2012,Southern,6,2
Haemophilus influenzae type b,2012,Southern,0,0
Q fever,2012,Southern,0,0
Mpox,2012,Southern,0,0
Paratyphoid fever,2012,Southern,4,suppressed
Cryptosporidiosis,2012,Southern,81,26.6
Taeniasis,2012,Southern,0,0
Cysticercosis,2012,Southern,0,0
Hepatitis A,2012,Southern,0,0
Pertussis,2012,Southern,261,85.6
Meningococcal disease,2012,Southern,5,1.6
Hepatitis C,2012,Southern,12,3.9
Hepatitis B,2012,Southern,2,suppressed
Rabies and other lyssaviruses,2012,Southern,0,0
Typhoid fever,2012,Southern,1,suppressed
Legionellosis,2012,Southern,9,3
Rubella,2012,Southern,0,0
Acute gastroenteritis,2012,Southern,12,3.9
Leptospirosis,2012,Southern,3,suppressed
Toxic shellfish poisoning,2012,Southern,0,0
Listeriosis,2012,Southern,0,0
Trichinosis,2012,Southern,0,0
Acute gastroenteritis,2012,Tairawhiti,3,suppressed
Mpox,2012,Tairawhiti,0,0
Measles,2012,Tairawhiti,0,0
Cholera,2012,Tairawhiti,0,0
Hepatitis B,2012,Tairawhiti,2,suppressed
Toxic shellfish poisoning,2012,Tairawhiti,0,0
Campylobacteriosis,2012,Tairawhiti,54,114.8
Listeriosis,2012,Tairawhiti,0,0
Invasive pneumococcal disease,2012,Tairawhiti,3,suppressed
Rickettsial disease,2012,Tairawhiti,0,0
Rabies and other lyssaviruses,2012,Tairawhiti,0,0
Tuberculosis disease,2012,Tairawhiti,2,suppressed
Yersiniosis,2012,Tairawhiti,6,12.8
Arboviral diseases,2012,Tairawhiti,1,suppressed
Rheumatic fever,2012,Tairawhiti,8,17
Salmonellosis,2012,Tairawhiti,9,19.1
Cysticercosis,2012,Tairawhiti,0,0
Taeniasis,2012,Tairawhiti,0,0
Diphtheria,2012,Tairawhiti,0,0
Mumps,2012,Tairawhiti,1,suppressed
Shigellosis,2012,Tairawhiti,0,0
Tetanus,2012,Tairawhiti,0,0
Hydatid disease,2012,Tairawhiti,0,0
Q fever,2012,Tairawhiti,0,0
Cryptosporidiosis,2012,Tairawhiti,1,suppressed
Invasive group A streptococcal infection,2012,Tairawhiti,0,0
Pertussis,2012,Tairawhiti,150,318.8
Brucellosis,2012,Tairawhiti,0,0
Hepatitis C,2012,Tairawhiti,0,0
Leprosy,2012,Tairawhiti,0,0
Giardiasis,2012,Tairawhiti,8,17
Paratyphoid fever,2012,Tairawhiti,0,0
Typhoid fever,2012,Tairawhiti,1,suppressed
Legionellosis,2012,Tairawhiti,0,0
Meningoencephalitis - primary amoebic,2012,Tairawhiti,0,0
Leptospirosis,2012,Tairawhiti,3,suppressed
Hepatitis NOS,2012,Tairawhiti,0,0
Hepatitis A,2012,Tairawhiti,0,0
Poliomyelitis,2012,Tairawhiti,0,0
Haemophilus influenzae type b,2012,Tairawhiti,0,0
Rubella,2012,Tairawhiti,0,0
Malaria,2012,Tairawhiti,0,0
VTEC/STEC infection,2012,Tairawhiti,1,suppressed
Meningococcal disease,2012,Tairawhiti,1,suppressed
Trichinosis,2012,Tairawhiti,0,0
Listeriosis,2012,Taranaki,1,suppressed
Toxic shellfish poisoning,2012,Taranaki,0,0
Cysticercosis,2012,Taranaki,0,0
Invasive group A streptococcal infection,2012,Taranaki,0,0
Arboviral diseases,2012,Taranaki,0,0
Mumps,2012,Taranaki,1,suppressed
Mpox,2012,Taranaki,0,0
Cholera,2012,Taranaki,0,0
Pertussis,2012,Taranaki,131,116.1
Cryptosporidiosis,2012,Taranaki,28,24.8
Rheumatic fever,2012,Taranaki,2,suppressed
Invasive pneumococcal disease,2012,Taranaki,13,11.5
Brucellosis,2012,Taranaki,0,0
Taeniasis,2012,Taranaki,0,0
Diphtheria,2012,Taranaki,0,0
Acute gastroenteritis,2012,Taranaki,13,11.5
Tetanus,2012,Taranaki,0,0
Meningococcal disease,2012,Taranaki,6,5.3
Measles,2012,Taranaki,0,0
Shigellosis,2012,Taranaki,4,suppressed
Campylobacteriosis,2012,Taranaki,220,195
Yersiniosis,2012,Taranaki,11,9.7
Trichinosis,2012,Taranaki,0,0
Q fever,2012,Taranaki,0,0
Rabies and other lyssaviruses,2012,Taranaki,0,0
Hepatitis B,2012,Taranaki,2,suppressed
Tuberculosis disease,2012,Taranaki,5,4.4
Malaria,2012,Taranaki,0,0
Leprosy,2012,Taranaki,0,0
Salmonellosis,2012,Taranaki,29,25.7
Meningoencephalitis - primary amoebic,2012,Taranaki,0,0
Rickettsial disease,2012,Taranaki,0,0
Hepatitis NOS,2012,Taranaki,0,0
Legionellosis,2012,Taranaki,0,0
Rubella,2012,Taranaki,0,0
Typhoid fever,2012,Taranaki,0,0
Hepatitis A,2012,Taranaki,1,suppressed
Leptospirosis,2012,Taranaki,4,suppressed
Haemophilus influenzae type b,2012,Taranaki,0,0
Hydatid disease,2012,Taranaki,0,0
Paratyphoid fever,2012,Taranaki,0,0
Hepatitis C,2012,Taranaki,3,suppressed
Poliomyelitis,2012,Taranaki,0,0
Giardiasis,2012,Taranaki,38,33.7
VTEC/STEC infection,2012,Taranaki,8,7.1
Listeriosis,2012,Waikato,3,suppressed
Toxic shellfish poisoning,2012,Waikato,1,suppressed
Diphtheria,2012,Waikato,0,0
Yersiniosis,2012,Waikato,48,12.8
Q fever,2012,Waikato,0,0
Measles,2012,Waikato,1,suppressed
Rickettsial disease,2012,Waikato,2,suppressed
Hepatitis NOS,2012,Waikato,0,0
Giardiasis,2012,Waikato,156,41.6
Pertussis,2012,Waikato,354,94.4
Brucellosis,2012,Waikato,0,0
Meningoencephalitis - primary amoebic,2012,Waikato,0,0
Taeniasis,2012,Waikato,0,0
Shigellosis,2012,Waikato,6,1.6
Haemophilus influenzae type b,2012,Waikato,1,suppressed
Cholera,2012,Waikato,0,0
Typhoid fever,2012,Waikato,0,0
Cryptosporidiosis,2012,Waikato,179,47.8
Legionellosis,2012,Waikato,9,2.4
Cysticercosis,2012,Waikato,0,0
Rabies and other lyssaviruses,2012,Waikato,0,0
Arboviral diseases,2012,Waikato,2,suppressed
Rubella,2012,Waikato,0,0
Trichinosis,2012,Waikato,0,0
Tuberculosis disease,2012,Waikato,22,5.9
Malaria,2012,Waikato,0,0
Salmonellosis,2012,Waikato,94,25.1
Campylobacteriosis,2012,Waikato,695,185.4
Meningococcal disease,2012,Waikato,5,1.3
Invasive pneumococcal disease,2012,Waikato,41,10.9
Hepatitis A,2012,Waikato,3,suppressed
Mpox,2012,Waikato,0,0
Hepatitis C,2012,Waikato,0,0
Rheumatic fever,2012,Waikato,18,4.8
Hepatitis B,2012,Waikato,3,suppressed
Poliomyelitis,2012,Waikato,0,0
Invasive group A streptococcal infection,2012,Waikato,0,0
Hydatid disease,2012,Waikato,0,0
Paratyphoid fever,2012,Waikato,0,0
Leprosy,2012,Waikato,0,0
Mumps,2012,Waikato,2,suppressed
Tetanus,2012,Waikato,0,0
Acute gastroenteritis,2012,Waikato,46,12.3
Leptospirosis,2012,Waikato,31,8.3
VTEC/STEC infection,2012,Waikato,22,5.9
Hepatitis NOS,2012,Wairarapa,0,0
Trichinosis,2012,Wairarapa,0,0
Tetanus,2012,Wairarapa,0,0
Paratyphoid fever,2012,Wairarapa,0,0
Legionellosis,2012,Wairarapa,0,0
Measles,2012,Wairarapa,0,0
Yersiniosis,2012,Wairarapa,4,suppressed
Q fever,2012,Wairarapa,0,0
Meningococcal disease,2012,Wairarapa,0,0
Meningoencephalitis - primary amoebic,2012,Wairarapa,0,0
Taeniasis,2012,Wairarapa,0,0
Toxic shellfish poisoning,2012,Wairarapa,0,0
Diphtheria,2012,Wairarapa,0,0
Rickettsial disease,2012,Wairarapa,0,0
Hydatid disease,2012,Wairarapa,0,0
Tuberculosis disease,2012,Wairarapa,0,0
Shigellosis,2012,Wairarapa,0,0
Haemophilus influenzae type b,2012,Wairarapa,0,0
Cholera,2012,Wairarapa,0,0
Typhoid fever,2012,Wairarapa,0,0
Cryptosporidiosis,2012,Wairarapa,16,38
Mpox,2012,Wairarapa,0,0
Rabies and other lyssaviruses,2012,Wairarapa,0,0
Arboviral diseases,2012,Wairarapa,0,0
Hepatitis B,2012,Wairarapa,0,0
Listeriosis,2012,Wairarapa,0,0
Salmonellosis,2012,Wairarapa,5,11.9
Leprosy,2012,Wairarapa,0,0
Hepatitis C,2012,Wairarapa,0,0
Hepatitis A,2012,Wairarapa,0,0
Campylobacteriosis,2012,Wairarapa,73,173.2
VTEC/STEC infection,2012,Wairarapa,0,0
Invasive pneumococcal disease,2012,Wairarapa,10,23.7
Rheumatic fever,2012,Wairarapa,0,0
Giardiasis,2012,Wairarapa,20,47.5
Poliomyelitis,2012,Wairarapa,0,0
Cysticercosis,2012,Wairarapa,0,0
Mumps,2012,Wairarapa,1,suppressed
Invasive group A streptococcal infection,2012,Wairarapa,0,0
Malaria,2012,Wairarapa,0,0
Brucellosis,2012,Wairarapa,0,0
Acute gastroenteritis,2012,Wairarapa,3,suppressed
Leptospirosis,2012,Wairarapa,4,suppressed
Pertussis,2012,Wairarapa,122,289.5
Rubella,2012,Wairarapa,0,0
Yersiniosis,2012,Waitemata,91,16.7
Pertussis,2012,Waitemata,275,50.4
Cholera,2012,Waitemata,0,0
Taeniasis,2012,Waitemata,0,0
Mumps,2012,Waitemata,2,suppressed
Hepatitis B,2012,Waitemata,5,0.9
Rabies and other lyssaviruses,2012,Waitemata,0,0
Mpox,2012,Waitemata,0,0
Arboviral diseases,2012,Waitemata,12,2.2
Diphtheria,2012,Waitemata,0,0
Tetanus,2012,Waitemata,0,0
Q fever,2012,Waitemata,0,0
Shigellosis,2012,Waitemata,31,5.7
Rickettsial disease,2012,Waitemata,1,suppressed
Cryptosporidiosis,2012,Waitemata,43,7.9
Hepatitis A,2012,Waitemata,36,6.6
Legionellosis,2012,Waitemata,19,3.5
Rubella,2012,Waitemata,0,0
Hepatitis NOS,2012,Waitemata,0,0
Leptospirosis,2012,Waitemata,2,suppressed
Cysticercosis,2012,Waitemata,0,0
Tuberculosis disease,2012,Waitemata,42,7.7
Meningoencephalitis - primary amoebic,2012,Waitemata,0,0
Campylobacteriosis,2012,Waitemata,773,141.7
Salmonellosis,2012,Waitemata,120,22
Haemophilus influenzae type b,2012,Waitemata,1,suppressed
Poliomyelitis,2012,Waitemata,0,0
Trichinosis,2012,Waitemata,0,0
Malaria,2012,Waitemata,5,0.9
Typhoid fever,2012,Waitemata,7,1.3
Rheumatic fever,2012,Waitemata,15,2.8
Listeriosis,2012,Waitemata,3,suppressed
Invasive pneumococcal disease,2012,Waitemata,38,7
Hydatid disease,2012,Waitemata,0,0
Meningococcal disease,2012,Waitemata,9,1.7
Measles,2012,Waitemata,10,1.8
Acute gastroenteritis,2012,Waitemata,88,16.1
Invasive group A streptococcal infection,2012,Waitemata,0,0
Giardiasis,2012,Waitemata,213,39.1
Toxic shellfish poisoning,2012,Waitemata,0,0
Hepatitis C,2012,Waitemata,0,0
VTEC/STEC infection,2012,Waitemata,14,2.6
Leprosy,2012,Waitemata,0,0
Brucellosis,2012,Waitemata,0,0
Paratyphoid fever,2012,Waitemata,2,suppressed
Salmonellosis,2012,West Coast,14,42.3
Cryptosporidiosis,2012,West Coast,10,30.2
Shigellosis,2012,West Coast,0,0
Meningococcal disease,2012,West Coast,0,0
Meningoencephalitis - primary amoebic,2012,West Coast,0,0
Malaria,2012,West Coast,0,0
Legionellosis,2012,West Coast,1,suppressed
Q fever,2012,West Coast,0,0
Diphtheria,2012,West Coast,0,0
Typhoid fever,2012,West Coast,0,0
Hepatitis NOS,2012,West Coast,0,0
Listeriosis,2012,West Coast,0,0
Haemophilus influenzae type b,2012,West Coast,0,0
Hydatid disease,2012,West Coast,0,0
Measles,2012,West Coast,1,suppressed
Paratyphoid fever,2012,West Coast,0,0
Mpox,2012,West Coast,0,0
VTEC/STEC infection,2012,West Coast,2,suppressed
Cysticercosis,2012,West Coast,0,0
Hepatitis A,2012,West Coast,0,0
Arboviral diseases,2012,West Coast,0,0
Toxic shellfish poisoning,2012,West Coast,0,0
Taeniasis,2012,West Coast,0,0
Tuberculosis disease,2012,West Coast,1,suppressed
Invasive pneumococcal disease,2012,West Coast,1,suppressed
Campylobacteriosis,2012,West Coast,72,217.5
Leprosy,2012,West Coast,0,0
Cholera,2012,West Coast,0,0
Rheumatic fever,2012,West Coast,0,0
Rickettsial disease,2012,West Coast,0,0
Mumps,2012,West Coast,0,0
Yersiniosis,2012,West Coast,2,suppressed
Hepatitis C,2012,West Coast,0,0
Hepatitis B,2012,West Coast,0,0
Giardiasis,2012,West Coast,11,33.2
Brucellosis,2012,West Coast,0,0
Tetanus,2012,West Coast,0,0
Acute gastroenteritis,2012,West Coast,7,21.1
Leptospirosis,2012,West Coast,3,suppressed
Pertussis,2012,West Coast,153,462.2
Trichinosis,2012,West Coast,0,0
Rabies and other lyssaviruses,2012,West Coast,0,0
Invasive group A streptococcal infection,2012,West Coast,0,0
Rubella,2012,West Coast,0,0
Poliomyelitis,2012,West Coast,0,0
Poliomyelitis,2012,Whanganui,0,0
Rheumatic fever,2012,Whanganui,0,0
Meningoencephalitis - primary amoebic,2012,Whanganui,0,0
Hepatitis B,2012,Whanganui,0,0
Arboviral diseases,2012,Whanganui,0,0
Rubella,2012,Whanganui,0,0
Yersiniosis,2012,Whanganui,3,suppressed
Brucellosis,2012,Whanganui,0,0
Rickettsial disease,2012,Whanganui,0,0
Measles,2012,Whanganui,0,0
Diphtheria,2012,Whanganui,0,0
Mumps,2012,Whanganui,0,0
Legionellosis,2012,Whanganui,1,suppressed
Typhoid fever,2012,Whanganui,0,0
Invasive pneumococcal disease,2012,Whanganui,6,9.6
Leptospirosis,2012,Whanganui,6,9.6
Rabies and other lyssaviruses,2012,Whanganui,0,0
Cysticercosis,2012,Whanganui,0,0
Q fever,2012,Whanganui,0,0
Hepatitis C,2012,Whanganui,0,0
Hepatitis NOS,2012,Whanganui,0,0
VTEC/STEC infection,2012,Whanganui,0,0
Shigellosis,2012,Whanganui,0,0
Tetanus,2012,Whanganui,0,0
Meningococcal disease,2012,Whanganui,1,suppressed
Campylobacteriosis,2012,Whanganui,91,145.8
Cholera,2012,Whanganui,0,0
Trichinosis,2012,Whanganui,0,0
Mpox,2012,Whanganui,0,0
Pertussis,2012,Whanganui,149,238.7
Listeriosis,2012,Whanganui,0,0
Acute gastroenteritis,2012,Whanganui,11,17.6
Taeniasis,2012,Whanganui,0,0
Malaria,2012,Whanganui,0,0
Giardiasis,2012,Whanganui,7,11.2
Hydatid disease,2012,Whanganui,0,0
Salmonellosis,2012,Whanganui,9,14.4
Tuberculosis disease,2012,Whanganui,1,suppressed
Cryptosporidiosis,2012,Whanganui,3,suppressed
Hepatitis A,2012,Whanganui,0,0
Toxic shellfish poisoning,2012,Whanganui,0,0
Haemophilus influenzae type b,2012,Whanganui,0,0
Invasive group A streptococcal infection,2012,Whanganui,0,0
Paratyphoid fever,2012,Whanganui,0,0
Leprosy,2012,Whanganui,0,0
Meningococcal disease,2013,Auckland,6,1.3
Hydatid disease,2013,Auckland,2,suppressed
Hepatitis NOS,2013,Auckland,0,0
Taeniasis,2013,Auckland,0,0
Salmonellosis,2013,Auckland,134,29.1
Tetanus,2013,Auckland,0,0
Giardiasis,2013,Auckland,189,41
Meningoencephalitis - primary amoebic,2013,Auckland,0,0
Arboviral diseases,2013,Auckland,34,7.4
Toxic shellfish poisoning,2013,Auckland,0,0
Measles,2013,Auckland,0,0
Yersiniosis,2013,Auckland,52,11.3
Paratyphoid fever,2013,Auckland,7,1.5
VTEC/STEC infection,2013,Auckland,20,4.3
Cryptosporidiosis,2013,Auckland,86,18.7
Mpox,2013,Auckland,0,0
Pertussis,2013,Auckland,237,51.5
Listeriosis,2013,Auckland,3,suppressed
Cholera,2013,Auckland,0,0
Diphtheria,2013,Auckland,0,0
Malaria,2013,Auckland,9,2
Hepatitis C,2013,Auckland,4,suppressed
Hepatitis B,2013,Auckland,4,suppressed
Brucellosis,2013,Auckland,1,suppressed
Invasive pneumococcal disease,2013,Auckland,37,8
Leptospirosis,2013,Auckland,1,suppressed
Shigellosis,2013,Auckland,37,8
Mumps,2013,Auckland,4,suppressed
Invasive group A streptococcal infection,2013,Auckland,0,0
Acute gastroenteritis,2013,Auckland,59,12.8
Typhoid fever,2013,Auckland,13,2.8
Rheumatic fever,2013,Auckland,23,5
Cysticercosis,2013,Auckland,0,0
Haemophilus influenzae type b,2013,Auckland,0,0
Tuberculosis disease,2013,Auckland,56,12.2
Rickettsial disease,2013,Auckland,1,suppressed
Leprosy,2013,Auckland,1,suppressed
Q fever,2013,Auckland,0,0
Poliomyelitis,2013,Auckland,0,0
Trichinosis,2013,Auckland,0,0
Rubella,2013,Auckland,0,0
Campylobacteriosis,2013,Auckland,598,129.9
Rabies and other lyssaviruses,2013,Auckland,0,0
Hepatitis A,2013,Auckland,7,1.5
Legionellosis,2013,Auckland,11,2.4
Meningococcal disease,2013,Bay of Plenty,2,suppressed
Arboviral diseases,2013,Bay of Plenty,6,2.8
Malaria,2013,Bay of Plenty,1,suppressed
Listeriosis,2013,Bay of Plenty,3,suppressed
VTEC/STEC infection,2013,Bay of Plenty,10,4.7
Tetanus,2013,Bay of Plenty,0,0
Taeniasis,2013,Bay of Plenty,0,0
Hepatitis NOS,2013,Bay of Plenty,0,0
Yersiniosis,2013,Bay of Plenty,36,16.7
Toxic shellfish poisoning,2013,Bay of Plenty,1,suppressed
Paratyphoid fever,2013,Bay of Plenty,0,0
Mpox,2013,Bay of Plenty,0,0
Rabies and other lyssaviruses,2013,Bay of Plenty,0,0
Hydatid disease,2013,Bay of Plenty,1,suppressed
Acute gastroenteritis,2013,Bay of Plenty,19,8.8
Tuberculosis disease,2013,Bay of Plenty,10,4.7
Invasive pneumococcal disease,2013,Bay of Plenty,36,16.7
Shigellosis,2013,Bay of Plenty,1,suppressed
Leprosy,2013,Bay of Plenty,0,0
Meningoencephalitis - primary amoebic,2013,Bay of Plenty,0,0
Typhoid fever,2013,Bay of Plenty,2,suppressed
Rheumatic fever,2013,Bay of Plenty,14,6.5
Cryptosporidiosis,2013,Bay of Plenty,36,16.7
Invasive group A streptococcal infection,2013,Bay of Plenty,0,0
Cysticercosis,2013,Bay of Plenty,0,0
Haemophilus influenzae type b,2013,Bay of Plenty,0,0
Salmonellosis,2013,Bay of Plenty,54,25.1
Giardiasis,2013,Bay of Plenty,99,46.1
Brucellosis,2013,Bay of Plenty,0,0
Q fever,2013,Bay of Plenty,0,0
Pertussis,2013,Bay of Plenty,138,64.2
Hepatitis C,2013,Bay of Plenty,0,0
Cholera,2013,Bay of Plenty,0,0
Hepatitis B,2013,Bay of Plenty,1,suppressed
Legionellosis,2013,Bay of Plenty,5,2.3
Trichinosis,2013,Bay of Plenty,0,0
Diphtheria,2013,Bay of Plenty,0,0
Campylobacteriosis,2013,Bay of Plenty,262,121.9
Rickettsial disease,2013,Bay of Plenty,0,0
Mumps,2013,Bay of Plenty,2,suppressed
Leptospirosis,2013,Bay of Plenty,7,3.3
Rubella,2013,Bay of Plenty,0,0
Poliomyelitis,2013,Bay of Plenty,0,0
Measles,2013,Bay of Plenty,0,0
Hepatitis A,2013,Bay of Plenty,2,suppressed
Cysticercosis,2013,Canterbury,0,0
Hepatitis NOS,2013,Canterbury,0,0
Tuberculosis disease,2013,Canterbury,22,4.4
Arboviral diseases,2013,Canterbury,8,1.6
Hydatid disease,2013,Canterbury,2,suppressed
Taeniasis,2013,Canterbury,0,0
Shigellosis,2013,Canterbury,7,1.4
Acute gastroenteritis,2013,Canterbury,19,3.8
Hepatitis C,2013,Canterbury,11,2.2
Legionellosis,2013,Canterbury,56,11.1
Hepatitis B,2013,Canterbury,4,suppressed
Diphtheria,2013,Canterbury,0,0
Typhoid fever,2013,Canterbury,4,suppressed
Rabies and other lyssaviruses,2013,Canterbury,0,0
VTEC/STEC infection,2013,Canterbury,27,5.4
Giardiasis,2013,Canterbury,181,35.9
Yersiniosis,2013,Canterbury,101,20
Cholera,2013,Canterbury,0,0
Rubella,2013,Canterbury,0,0
Salmonellosis,2013,Canterbury,142,28.2
Measles,2013,Canterbury,1,suppressed
Toxic shellfish poisoning,2013,Canterbury,0,0
Listeriosis,2013,Canterbury,1,suppressed
Pertussis,2013,Canterbury,581,115.2
Cryptosporidiosis,2013,Canterbury,191,37.9
Paratyphoid fever,2013,Canterbury,2,suppressed
Tetanus,2013,Canterbury,0,0
Meningoencephalitis - primary amoebic,2013,Canterbury,0,0
Rickettsial disease,2013,Canterbury,0,0
Mumps,2013,Canterbury,1,suppressed
Hepatitis A,2013,Canterbury,46,9.1
Poliomyelitis,2013,Canterbury,0,0
Rheumatic fever,2013,Canterbury,8,1.6
Q fever,2013,Canterbury,0,0
Mpox,2013,Canterbury,0,0
Invasive group A streptococcal infection,2013,Canterbury,0,0
Haemophilus influenzae type b,2013,Canterbury,0,0
Meningococcal disease,2013,Canterbury,8,1.6
Malaria,2013,Canterbury,6,1.2
Brucellosis,2013,Canterbury,0,0
Leprosy,2013,Canterbury,0,0
Trichinosis,2013,Canterbury,0,0
Campylobacteriosis,2013,Canterbury,802,159
Invasive pneumococcal disease,2013,Canterbury,38,7.5
Leptospirosis,2013,Canterbury,3,suppressed
Paratyphoid fever,2013,"Capital, Coast and Hutt Valley",2,suppressed
Tuberculosis disease,2013,"Capital, Coast and Hutt Valley",43,9.9
Meningococcal disease,2013,"Capital, Coast and Hutt Valley",4,suppressed
VTEC/STEC infection,2013,"Capital, Coast and Hutt Valley",5,1.1
Diphtheria,2013,"Capital, Coast and Hutt Valley",0,0
Taeniasis,2013,"Capital, Coast and Hutt Valley",2,suppressed
Arboviral diseases,2013,"Capital, Coast and Hutt Valley",13,3
Pertussis,2013,"Capital, Coast and Hutt Valley",333,76.4
Leprosy,2013,"Capital, Coast and Hutt Valley",1,suppressed
Hydatid disease,2013,"Capital, Coast and Hutt Valley",0,0
Cysticercosis,2013,"Capital, Coast and Hutt Valley",0,0
Acute gastroenteritis,2013,"Capital, Coast and Hutt Valley",170,39
Hepatitis NOS,2013,"Capital, Coast and Hutt Valley",0,0
Shigellosis,2013,"Capital, Coast and Hutt Valley",10,2.3
Giardiasis,2013,"Capital, Coast and Hutt Valley",202,46.3
Meningoencephalitis - primary amoebic,2013,"Capital, Coast and Hutt Valley",0,0
Typhoid fever,2013,"Capital, Coast and Hutt Valley",2,suppressed
Invasive group A streptococcal infection,2013,"Capital, Coast and Hutt Valley",0,0
Toxic shellfish poisoning,2013,"Capital, Coast and Hutt Valley",0,0
Listeriosis,2013,"Capital, Coast and Hutt Valley",2,suppressed
Rabies and other lyssaviruses,2013,"Capital, Coast and Hutt Valley",0,0
Malaria,2013,"Capital, Coast and Hutt Valley",4,suppressed
Hepatitis C,2013,"Capital, Coast and Hutt Valley",4,suppressed
Mpox,2013,"Capital, Coast and Hutt Valley",0,0
Brucellosis,2013,"Capital, Coast and Hutt Valley",0,0
Tetanus,2013,"Capital, Coast and Hutt Valley",0,0
Salmonellosis,2013,"Capital, Coast and Hutt Valley",82,18.8
Rheumatic fever,2013,"Capital, Coast and Hutt Valley",17,3.9
Cholera,2013,"Capital, Coast and Hutt Valley",0,0
Legionellosis,2013,"Capital, Coast and Hutt Valley",3,suppressed
Q fever,2013,"Capital, Coast and Hutt Valley",0,0
Rickettsial disease,2013,"Capital, Coast and Hutt Valley",0,0
Yersiniosis,2013,"Capital, Coast and Hutt Valley",66,15.1
Hepatitis B,2013,"Capital, Coast and Hutt Valley",1,suppressed
Hepatitis A,2013,"Capital, Coast and Hutt Valley",2,suppressed
Rubella,2013,"Capital, Coast and Hutt Valley",0,0
Mumps,2013,"Capital, Coast and Hutt Valley",2,suppressed
Campylobacteriosis,2013,"Capital, Coast and Hutt Valley",592,135.8
Cryptosporidiosis,2013,"Capital, Coast and Hutt Valley",144,33
Trichinosis,2013,"Capital, Coast and Hutt Valley",0,0
Leptospirosis,2013,"Capital, Coast and Hutt Valley",0,0
Invasive pneumococcal disease,2013,"Capital, Coast and Hutt Valley",38,8.7
Haemophilus influenzae type b,2013,"Capital, Coast and Hutt Valley",0,0
Measles,2013,"Capital, Coast and Hutt Valley",1,suppressed
Poliomyelitis,2013,"Capital, Coast and Hutt Valley",0,0
Toxic shellfish poisoning,2013,Counties Manukau,0,0
Legionellosis,2013,Counties Manukau,19,3.8
Invasive pneumococcal disease,2013,Counties Manukau,60,12.1
Hepatitis NOS,2013,Counties Manukau,1,suppressed
Yersiniosis,2013,Counties Manukau,49,9.9
Poliomyelitis,2013,Counties Manukau,0,0
Typhoid fever,2013,Counties Manukau,21,4.2
Rheumatic fever,2013,Counties Manukau,65,13.1
Paratyphoid fever,2013,Counties Manukau,2,suppressed
Invasive group A streptococcal infection,2013,Counties Manukau,0,0
Tetanus,2013,Counties Manukau,0,0
Leptospirosis,2013,Counties Manukau,2,suppressed
Shigellosis,2013,Counties Manukau,36,7.3
Cryptosporidiosis,2013,Counties Manukau,57,11.5
Cholera,2013,Counties Manukau,0,0
Brucellosis,2013,Counties Manukau,0,0
Hydatid disease,2013,Counties Manukau,0,0
Giardiasis,2013,Counties Manukau,189,38.1
Meningococcal disease,2013,Counties Manukau,12,2.4
Hepatitis A,2013,Counties Manukau,9,1.8
Rickettsial disease,2013,Counties Manukau,1,suppressed
Mumps,2013,Counties Manukau,1,suppressed
Pertussis,2013,Counties Manukau,301,60.7
Tuberculosis disease,2013,Counties Manukau,56,11.3
Trichinosis,2013,Counties Manukau,0,0
Hepatitis C,2013,Counties Manukau,1,suppressed
Q fever,2013,Counties Manukau,0,0
VTEC/STEC infection,2013,Counties Manukau,22,4.4
Leprosy,2013,Counties Manukau,1,suppressed
Meningoencephalitis - primary amoebic,2013,Counties Manukau,0,0
Diphtheria,2013,Counties Manukau,0,0
Mpox,2013,Counties Manukau,0,0
Measles,2013,Counties Manukau,1,suppressed
Taeniasis,2013,Counties Manukau,3,suppressed
Campylobacteriosis,2013,Counties Manukau,536,108
Rabies and other lyssaviruses,2013,Counties Manukau,0,0
Hepatitis B,2013,Counties Manukau,4,suppressed
Arboviral diseases,2013,Counties Manukau,11,2.2
Salmonellosis,2013,Counties Manukau,83,16.7
Acute gastroenteritis,2013,Counties Manukau,37,7.5
Haemophilus influenzae type b,2013,Counties Manukau,0,0
Malaria,2013,Counties Manukau,7,1.4
Rubella,2013,Counties Manukau,0,0
Listeriosis,2013,Counties Manukau,2,suppressed
Cysticercosis,2013,Counties Manukau,0,0
Taeniasis,2013,Hawke's Bay,0,0
Leprosy,2013,Hawke's Bay,0,0
Arboviral diseases,2013,Hawke's Bay,2,suppressed
Campylobacteriosis,2013,Hawke's Bay,335,212.2
Legionellosis,2013,Hawke's Bay,2,suppressed
Hepatitis NOS,2013,Hawke's Bay,0,0
Rheumatic fever,2013,Hawke's Bay,4,suppressed
Cryptosporidiosis,2013,Hawke's Bay,136,86.2
Leptospirosis,2013,Hawke's Bay,11,7
Rickettsial disease,2013,Hawke's Bay,0,0
Hydatid disease,2013,Hawke's Bay,0,0
Giardiasis,2013,Hawke's Bay,63,39.9
Listeriosis,2013,Hawke's Bay,0,0
Brucellosis,2013,Hawke's Bay,0,0
Malaria,2013,Hawke's Bay,1,suppressed
Pertussis,2013,Hawke's Bay,42,26.6
Meningoencephalitis - primary amoebic,2013,Hawke's Bay,0,0
Salmonellosis,2013,Hawke's Bay,31,19.6
Cholera,2013,Hawke's Bay,0,0
Measles,2013,Hawke's Bay,0,0
Mumps,2013,Hawke's Bay,1,suppressed
Poliomyelitis,2013,Hawke's Bay,0,0
Acute gastroenteritis,2013,Hawke's Bay,1,suppressed
Diphtheria,2013,Hawke's Bay,0,0
Tuberculosis disease,2013,Hawke's Bay,6,3.8
Rabies and other lyssaviruses,2013,Hawke's Bay,0,0
VTEC/STEC infection,2013,Hawke's Bay,2,suppressed
Hepatitis C,2013,Hawke's Bay,0,0
Paratyphoid fever,2013,Hawke's Bay,1,suppressed
Rubella,2013,Hawke's Bay,0,0
Tetanus,2013,Hawke's Bay,0,0
Shigellosis,2013,Hawke's Bay,1,suppressed
Mpox,2013,Hawke's Bay,0,0
Hepatitis A,2013,Hawke's Bay,7,4.4
Invasive group A streptococcal infection,2013,Hawke's Bay,0,0
Trichinosis,2013,Hawke's Bay,0,0
Q fever,2013,Hawke's Bay,0,0
Typhoid fever,2013,Hawke's Bay,0,0
Hepatitis B,2013,Hawke's Bay,0,0
Cysticercosis,2013,Hawke's Bay,0,0
Haemophilus influenzae type b,2013,Hawke's Bay,0,0
Meningococcal disease,2013,Hawke's Bay,3,suppressed
Toxic shellfish poisoning,2013,Hawke's Bay,0,0
Yersiniosis,2013,Hawke's Bay,14,8.9
Invasive pneumococcal disease,2013,Hawke's Bay,24,15.2
Leptospirosis,2013,Lakes,1,suppressed
Rheumatic fever,2013,Lakes,8,7.8
Campylobacteriosis,2013,Lakes,180,174.4
Q fever,2013,Lakes,0,0
Poliomyelitis,2013,Lakes,0,0
Shigellosis,2013,Lakes,1,suppressed
Toxic shellfish poisoning,2013,Lakes,0,0
Hepatitis NOS,2013,Lakes,0,0
Legionellosis,2013,Lakes,0,0
Hydatid disease,2013,Lakes,0,0
Measles,2013,Lakes,5,4.8
Meningococcal disease,2013,Lakes,3,suppressed
Typhoid fever,2013,Lakes,0,0
Pertussis,2013,Lakes,29,28.1
Paratyphoid fever,2013,Lakes,0,0
Mumps,2013,Lakes,1,suppressed
Taeniasis,2013,Lakes,0,0
Cholera,2013,Lakes,0,0
Invasive group A streptococcal infection,2013,Lakes,0,0
Giardiasis,2013,Lakes,57,55.2
Invasive pneumococcal disease,2013,Lakes,26,25.2
Diphtheria,2013,Lakes,0,0
VTEC/STEC infection,2013,Lakes,3,suppressed
Salmonellosis,2013,Lakes,19,18.4
Hepatitis A,2013,Lakes,0,0
Rickettsial disease,2013,Lakes,0,0
Mpox,2013,Lakes,0,0
Trichinosis,2013,Lakes,0,0
Arboviral diseases,2013,Lakes,4,suppressed
Cysticercosis,2013,Lakes,0,0
Rabies and other lyssaviruses,2013,Lakes,0,0
Malaria,2013,Lakes,0,0
Hepatitis C,2013,Lakes,0,0
Leprosy,2013,Lakes,0,0
Meningoencephalitis - primary amoebic,2013,Lakes,0,0
Brucellosis,2013,Lakes,0,0
Rubella,2013,Lakes,0,0
Tuberculosis disease,2013,Lakes,6,5.8
Yersiniosis,2013,Lakes,25,24.2
Listeriosis,2013,Lakes,0,0
Acute gastroenteritis,2013,Lakes,9,8.7
Haemophilus influenzae type b,2013,Lakes,0,0
Cryptosporidiosis,2013,Lakes,62,60.1
Tetanus,2013,Lakes,1,suppressed
Hepatitis B,2013,Lakes,0,0
Malaria,2013,MidCentral,6,3.6
Toxic shellfish poisoning,2013,MidCentral,0,0
Brucellosis,2013,MidCentral,0,0
Giardiasis,2013,MidCentral,38,22.5
Listeriosis,2013,MidCentral,1,suppressed
Taeniasis,2013,MidCentral,0,0
Hepatitis B,2013,MidCentral,0,0
Rabies and other lyssaviruses,2013,MidCentral,0,0
Meningococcal disease,2013,MidCentral,2,suppressed
Shigellosis,2013,MidCentral,0,0
Salmonellosis,2013,MidCentral,35,20.7
Leprosy,2013,MidCentral,3,suppressed
Leptospirosis,2013,MidCentral,6,3.6
Typhoid fever,2013,MidCentral,0,0
Poliomyelitis,2013,MidCentral,0,0
Arboviral diseases,2013,MidCentral,0,0
Diphtheria,2013,MidCentral,0,0
Hydatid disease,2013,MidCentral,0,0
Tuberculosis disease,2013,MidCentral,6,3.6
Haemophilus influenzae type b,2013,MidCentral,0,0
Hepatitis NOS,2013,MidCentral,0,0
VTEC/STEC infection,2013,MidCentral,3,suppressed
Tetanus,2013,MidCentral,0,0
Legionellosis,2013,MidCentral,3,suppressed
Rickettsial disease,2013,MidCentral,0,0
Rheumatic fever,2013,MidCentral,1,suppressed
Mpox,2013,MidCentral,0,0
Acute gastroenteritis,2013,MidCentral,69,40.9
Trichinosis,2013,MidCentral,0,0
Yersiniosis,2013,MidCentral,13,7.7
Cysticercosis,2013,MidCentral,0,0
Paratyphoid fever,2013,MidCentral,0,0
Invasive pneumococcal disease,2013,MidCentral,17,10.1
Measles,2013,MidCentral,0,0
Invasive group A streptococcal infection,2013,MidCentral,0,0
Rubella,2013,MidCentral,0,0
Hepatitis A,2013,MidCentral,1,suppressed
Cholera,2013,MidCentral,0,0
Meningoencephalitis - primary amoebic,2013,MidCentral,0,0
Q fever,2013,MidCentral,0,0
Hepatitis C,2013,MidCentral,0,0
Campylobacteriosis,2013,MidCentral,285,168.7
Pertussis,2013,MidCentral,114,67.5
Cryptosporidiosis,2013,MidCentral,46,27.2
Mumps,2013,MidCentral,0,0
Hepatitis NOS,2013,Nelson Marlborough,0,0
Arboviral diseases,2013,Nelson Marlborough,2,suppressed
Taeniasis,2013,Nelson Marlborough,0,0
Listeriosis,2013,Nelson Marlborough,1,suppressed
Leprosy,2013,Nelson Marlborough,0,0
Paratyphoid fever,2013,Nelson Marlborough,1,suppressed
Tuberculosis disease,2013,Nelson Marlborough,4,suppressed
Hydatid disease,2013,Nelson Marlborough,1,suppressed
Hepatitis C,2013,Nelson Marlborough,1,suppressed
Giardiasis,2013,Nelson Marlborough,71,49.9
Cholera,2013,Nelson Marlborough,0,0
Diphtheria,2013,Nelson Marlborough,0,0
Poliomyelitis,2013,Nelson Marlborough,0,0
Typhoid fever,2013,Nelson Marlborough,0,0
Yersiniosis,2013,Nelson Marlborough,1,suppressed
Hepatitis B,2013,Nelson Marlborough,1,suppressed
Rabies and other lyssaviruses,2013,Nelson Marlborough,0,0
Cysticercosis,2013,Nelson Marlborough,1,suppressed
Rickettsial disease,2013,Nelson Marlborough,0,0
Malaria,2013,Nelson Marlborough,1,suppressed
Legionellosis,2013,Nelson Marlborough,1,suppressed
Brucellosis,2013,Nelson Marlborough,0,0
Q fever,2013,Nelson Marlborough,0,0
Shigellosis,2013,Nelson Marlborough,1,suppressed
Cryptosporidiosis,2013,Nelson Marlborough,21,14.8
Campylobacteriosis,2013,Nelson Marlborough,188,132.2
Acute gastroenteritis,2013,Nelson Marlborough,4,suppressed
Rubella,2013,Nelson Marlborough,0,0
Invasive pneumococcal disease,2013,Nelson Marlborough,13,9.1
Toxic shellfish poisoning,2013,Nelson Marlborough,0,0
Meningococcal disease,2013,Nelson Marlborough,0,0
Salmonellosis,2013,Nelson Marlborough,52,36.6
Mpox,2013,Nelson Marlborough,0,0
Mumps,2013,Nelson Marlborough,1,suppressed
Leptospirosis,2013,Nelson Marlborough,2,suppressed
Trichinosis,2013,Nelson Marlborough,0,0
Tetanus,2013,Nelson Marlborough,0,0
Pertussis,2013,Nelson Marlborough,472,332
Measles,2013,Nelson Marlborough,0,0
Invasive group A streptococcal infection,2013,Nelson Marlborough,0,0
Hepatitis A,2013,Nelson Marlborough,1,suppressed
VTEC/STEC infection,2013,Nelson Marlborough,3,suppressed
Rheumatic fever,2013,Nelson Marlborough,0,0
Haemophilus influenzae type b,2013,Nelson Marlborough,0,0
Meningoencephalitis - primary amoebic,2013,Nelson Marlborough,0,0
Cholera,2013,Northland,0,0
Meningoencephalitis - primary amoebic,2013,Northland,0,0
Q fever,2013,Northland,0,0
Invasive group A streptococcal infection,2013,Northland,0,0
Hepatitis A,2013,Northland,4,suppressed
Typhoid fever,2013,Northland,1,suppressed
Shigellosis,2013,Northland,5,3
Tuberculosis disease,2013,Northland,1,suppressed
Paratyphoid fever,2013,Northland,0,0
Meningococcal disease,2013,Northland,4,suppressed
Hepatitis NOS,2013,Northland,0,0
Hydatid disease,2013,Northland,0,0
Rickettsial disease,2013,Northland,2,suppressed
Pertussis,2013,Northland,155,94.1
Leptospirosis,2013,Northland,2,suppressed
Rheumatic fever,2013,Northland,19,11.5
Cryptosporidiosis,2013,Northland,28,17
Listeriosis,2013,Northland,0,0
Toxic shellfish poisoning,2013,Northland,0,0
Poliomyelitis,2013,Northland,0,0
VTEC/STEC infection,2013,Northland,11,6.7
Invasive pneumococcal disease,2013,Northland,21,12.7
Diphtheria,2013,Northland,0,0
Tetanus,2013,Northland,0,0
Salmonellosis,2013,Northland,51,31
Campylobacteriosis,2013,Northland,221,134.1
Mumps,2013,Northland,4,suppressed
Legionellosis,2013,Northland,4,suppressed
Malaria,2013,Northland,1,suppressed
Trichinosis,2013,Northland,0,0
Yersiniosis,2013,Northland,10,6.1
Hepatitis B,2013,Northland,2,suppressed
Leprosy,2013,Northland,0,0
Taeniasis,2013,Northland,0,0
Giardiasis,2013,Northland,47,28.5
Rubella,2013,Northland,0,0
Mpox,2013,Northland,0,0
Haemophilus influenzae type b,2013,Northland,0,0
Measles,2013,Northland,0,0
Hepatitis C,2013,Northland,1,suppressed
Arboviral diseases,2013,Northland,3,suppressed
Rabies and other lyssaviruses,2013,Northland,0,0
Cysticercosis,2013,Northland,0,0
Acute gastroenteritis,2013,Northland,5,3
Brucellosis,2013,Northland,0,0
Leptospirosis,2013,South Canterbury,4,suppressed
Shigellosis,2013,South Canterbury,2,suppressed
Invasive group A streptococcal infection,2013,South Canterbury,0,0
Pertussis,2013,South Canterbury,52,90.3
Cholera,2013,South Canterbury,0,0
Toxic shellfish poisoning,2013,South Canterbury,0,0
Rheumatic fever,2013,South Canterbury,0,0
Cryptosporidiosis,2013,South Canterbury,38,66
Acute gastroenteritis,2013,South Canterbury,0,0
Diphtheria,2013,South Canterbury,0,0
Typhoid fever,2013,South Canterbury,0,0
Hydatid disease,2013,South Canterbury,0,0
Invasive pneumococcal disease,2013,South Canterbury,8,13.9
Meningoencephalitis - primary amoebic,2013,South Canterbury,0,0
Brucellosis,2013,South Canterbury,0,0
Salmonellosis,2013,South Canterbury,21,36.5
Rickettsial disease,2013,South Canterbury,0,0
Hepatitis A,2013,South Canterbury,1,suppressed
Legionellosis,2013,South Canterbury,2,suppressed
Poliomyelitis,2013,South Canterbury,0,0
Q fever,2013,South Canterbury,0,0
Tuberculosis disease,2013,South Canterbury,0,0
Listeriosis,2013,South Canterbury,0,0
Giardiasis,2013,South Canterbury,13,22.6
VTEC/STEC infection,2013,South Canterbury,5,8.7
Leprosy,2013,South Canterbury,0,0
Paratyphoid fever,2013,South Canterbury,1,suppressed
Meningococcal disease,2013,South Canterbury,1,suppressed
Mpox,2013,South Canterbury,0,0
Campylobacteriosis,2013,South Canterbury,167,290.1
Mumps,2013,South Canterbury,1,suppressed
Yersiniosis,2013,South Canterbury,8,13.9
Rabies and other lyssaviruses,2013,South Canterbury,0,0
Trichinosis,2013,South Canterbury,0,0
Hepatitis NOS,2013,South Canterbury,0,0
Rubella,2013,South Canterbury,0,0
Arboviral diseases,2013,South Canterbury,1,suppressed
Taeniasis,2013,South Canterbury,0,0
Measles,2013,South Canterbury,0,0
Hepatitis C,2013,South Canterbury,0,0
Tetanus,2013,South Canterbury,0,0
Malaria,2013,South Canterbury,0,0
Haemophilus influenzae type b,2013,South Canterbury,0,0
Hepatitis B,2013,South Canterbury,0,0
Cysticercosis,2013,South Canterbury,0,0
Arboviral diseases,2013,Southern,1,suppressed
Taeniasis,2013,Southern,0,0
Rabies and other lyssaviruses,2013,Southern,0,0
Toxic shellfish poisoning,2013,Southern,0,0
Cysticercosis,2013,Southern,0,0
Hepatitis C,2013,Southern,8,2.6
Campylobacteriosis,2013,Southern,562,183.4
Legionellosis,2013,Southern,9,2.9
Yersiniosis,2013,Southern,17,5.5
Diphtheria,2013,Southern,0,0
Rheumatic fever,2013,Southern,1,suppressed
Acute gastroenteritis,2013,Southern,16,5.2
Brucellosis,2013,Southern,0,0
Meningoencephalitis - primary amoebic,2013,Southern,0,0
Hepatitis NOS,2013,Southern,0,0
Salmonellosis,2013,Southern,167,54.5
Shigellosis,2013,Southern,12,3.9
Poliomyelitis,2013,Southern,0,0
Pertussis,2013,Southern,254,82.9
Q fever,2013,Southern,0,0
Hepatitis B,2013,Southern,2,suppressed
Invasive group A streptococcal infection,2013,Southern,0,0
Haemophilus influenzae type b,2013,Southern,1,suppressed
Listeriosis,2013,Southern,0,0
Hydatid disease,2013,Southern,1,suppressed
Leprosy,2013,Southern,0,0
Cholera,2013,Southern,0,0
Tetanus,2013,Southern,0,0
Rickettsial disease,2013,Southern,0,0
Hepatitis A,2013,Southern,3,suppressed
Rubella,2013,Southern,0,0
Trichinosis,2013,Southern,0,0
Leptospirosis,2013,Southern,5,1.6
Cryptosporidiosis,2013,Southern,85,27.7
Malaria,2013,Southern,0,0
Tuberculosis disease,2013,Southern,6,2
Paratyphoid fever,2013,Southern,2,suppressed
Giardiasis,2013,Southern,125,40.8
Invasive pneumococcal disease,2013,Southern,30,9.8
Measles,2013,Southern,0,0
Mumps,2013,Southern,0,0
Meningococcal disease,2013,Southern,7,2.3
Mpox,2013,Southern,0,0
VTEC/STEC infection,2013,Southern,10,3.3
Typhoid fever,2013,Southern,1,suppressed
Leptospirosis,2013,Tairawhiti,0,0
Meningoencephalitis - primary amoebic,2013,Tairawhiti,0,0
Mumps,2013,Tairawhiti,0,0
Rheumatic fever,2013,Tairawhiti,8,17
Legionellosis,2013,Tairawhiti,0,0
Hydatid disease,2013,Tairawhiti,0,0
Campylobacteriosis,2013,Tairawhiti,82,174.5
Invasive group A streptococcal infection,2013,Tairawhiti,0,0
Acute gastroenteritis,2013,Tairawhiti,0,0
Shigellosis,2013,Tairawhiti,0,0
Leprosy,2013,Tairawhiti,0,0
Cholera,2013,Tairawhiti,0,0
Salmonellosis,2013,Tairawhiti,17,36.2
Trichinosis,2013,Tairawhiti,0,0
Hepatitis A,2013,Tairawhiti,1,suppressed
Measles,2013,Tairawhiti,0,0
Diphtheria,2013,Tairawhiti,0,0
Tuberculosis disease,2013,Tairawhiti,2,suppressed
Malaria,2013,Tairawhiti,0,0
Arboviral diseases,2013,Tairawhiti,0,0
Meningococcal disease,2013,Tairawhiti,1,suppressed
Tetanus,2013,Tairawhiti,0,0
Brucellosis,2013,Tairawhiti,0,0
Pertussis,2013,Tairawhiti,55,117
Mpox,2013,Tairawhiti,0,0
Hepatitis B,2013,Tairawhiti,0,0
Rabies and other lyssaviruses,2013,Tairawhiti,0,0
Q fever,2013,Tairawhiti,0,0
Taeniasis,2013,Tairawhiti,0,0
VTEC/STEC infection,2013,Tairawhiti,1,suppressed
Invasive pneumococcal disease,2013,Tairawhiti,5,10.6
Cysticercosis,2013,Tairawhiti,0,0
Giardiasis,2013,Tairawhiti,14,29.8
Toxic shellfish poisoning,2013,Tairawhiti,0,0
Cryptosporidiosis,2013,Tairawhiti,4,suppressed
Paratyphoid fever,2013,Tairawhiti,0,0
Rubella,2013,Tairawhiti,0,0
Hepatitis C,2013,Tairawhiti,0,0
Hepatitis NOS,2013,Tairawhiti,0,0
Poliomyelitis,2013,Tairawhiti,0,0
Rickettsial disease,2013,Tairawhiti,0,0
Haemophilus influenzae type b,2013,Tairawhiti,0,0
Typhoid fever,2013,Tairawhiti,0,0
Listeriosis,2013,Tairawhiti,0,0
Yersiniosis,2013,Tairawhiti,6,12.8
Salmonellosis,2013,Taranaki,20,17.6
Mpox,2013,Taranaki,0,0
Tetanus,2013,Taranaki,0,0
Taeniasis,2013,Taranaki,0,0
Rheumatic fever,2013,Taranaki,1,suppressed
Rubella,2013,Taranaki,1,suppressed
VTEC/STEC infection,2013,Taranaki,9,7.9
Campylobacteriosis,2013,Taranaki,236,207.5
Shigellosis,2013,Taranaki,2,suppressed
Leptospirosis,2013,Taranaki,6,5.3
Hepatitis A,2013,Taranaki,0,0
Diphtheria,2013,Taranaki,0,0
Invasive group A streptococcal infection,2013,Taranaki,0,0
Listeriosis,2013,Taranaki,2,suppressed
Arboviral diseases,2013,Taranaki,1,suppressed
Hepatitis NOS,2013,Taranaki,0,0
Rabies and other lyssaviruses,2013,Taranaki,0,0
Brucellosis,2013,Taranaki,0,0
Haemophilus influenzae type b,2013,Taranaki,0,0
Pertussis,2013,Taranaki,73,64.2
Legionellosis,2013,Taranaki,2,suppressed
Mumps,2013,Taranaki,0,0
Cholera,2013,Taranaki,0,0
Toxic shellfish poisoning,2013,Taranaki,0,0
Typhoid fever,2013,Taranaki,0,0
Acute gastroenteritis,2013,Taranaki,7,6.2
Tuberculosis disease,2013,Taranaki,6,5.3
Hepatitis B,2013,Taranaki,0,0
Hydatid disease,2013,Taranaki,0,0
Giardiasis,2013,Taranaki,49,43.1
Invasive pneumococcal disease,2013,Taranaki,9,7.9
Paratyphoid fever,2013,Taranaki,0,0
Leprosy,2013,Taranaki,0,0
Cysticercosis,2013,Taranaki,0,0
Meningococcal disease,2013,Taranaki,3,suppressed
Poliomyelitis,2013,Taranaki,0,0
Measles,2013,Taranaki,0,0
Malaria,2013,Taranaki,0,0
Cryptosporidiosis,2013,Taranaki,37,32.5
Hepatitis C,2013,Taranaki,3,suppressed
Q fever,2013,Taranaki,0,0
Rickettsial disease,2013,Taranaki,1,suppressed
Yersiniosis,2013,Taranaki,14,12.3
Meningoencephalitis - primary amoebic,2013,Taranaki,0,0
Trichinosis,2013,Taranaki,0,0
Poliomyelitis,2013,Waikato,0,0
Legionellosis,2013,Waikato,5,1.3
Paratyphoid fever,2013,Waikato,0,0
Cholera,2013,Waikato,0,0
Toxic shellfish poisoning,2013,Waikato,0,0
Shigellosis,2013,Waikato,4,suppressed
Invasive group A streptococcal infection,2013,Waikato,0,0
Typhoid fever,2013,Waikato,1,suppressed
Hepatitis NOS,2013,Waikato,0,0
Yersiniosis,2013,Waikato,26,6.9
Rheumatic fever,2013,Waikato,23,6.1
Leptospirosis,2013,Waikato,5,1.3
Rickettsial disease,2013,Waikato,3,suppressed
Giardiasis,2013,Waikato,179,47.4
Leprosy,2013,Waikato,1,suppressed
Trichinosis,2013,Waikato,0,0
Arboviral diseases,2013,Waikato,1,suppressed
Pertussis,2013,Waikato,299,79.1
Salmonellosis,2013,Waikato,94,24.9
Meningococcal disease,2013,Waikato,4,suppressed
Invasive pneumococcal disease,2013,Waikato,38,10.1
Diphtheria,2013,Waikato,0,0
Q fever,2013,Waikato,0,0
Campylobacteriosis,2013,Waikato,774,204.8
Hepatitis A,2013,Waikato,1,suppressed
Meningoencephalitis - primary amoebic,2013,Waikato,0,0
Acute gastroenteritis,2013,Waikato,32,8.5
Hydatid disease,2013,Waikato,0,0
VTEC/STEC infection,2013,Waikato,44,11.6
Taeniasis,2013,Waikato,0,0
Mumps,2013,Waikato,0,0
Mpox,2013,Waikato,0,0
Rubella,2013,Waikato,0,0
Hepatitis C,2013,Waikato,1,suppressed
Rabies and other lyssaviruses,2013,Waikato,0,0
Listeriosis,2013,Waikato,0,0
Cryptosporidiosis,2013,Waikato,215,56.9
Measles,2013,Waikato,0,0
Tetanus,2013,Waikato,0,0
Brucellosis,2013,Waikato,0,0
Malaria,2013,Waikato,2,suppressed
Cysticercosis,2013,Waikato,0,0
Hepatitis B,2013,Waikato,5,1.3
Haemophilus influenzae type b,2013,Waikato,1,suppressed
Tuberculosis disease,2013,Waikato,24,6.4
Hepatitis NOS,2013,Wairarapa,0,0
Malaria,2013,Wairarapa,0,0
Poliomyelitis,2013,Wairarapa,0,0
Taeniasis,2013,Wairarapa,0,0
Acute gastroenteritis,2013,Wairarapa,9,21.2
Listeriosis,2013,Wairarapa,1,suppressed
Arboviral diseases,2013,Wairarapa,1,suppressed
Giardiasis,2013,Wairarapa,20,47.2
Paratyphoid fever,2013,Wairarapa,0,0
Legionellosis,2013,Wairarapa,0,0
Cholera,2013,Wairarapa,0,0
Rabies and other lyssaviruses,2013,Wairarapa,0,0
Yersiniosis,2013,Wairarapa,0,0
Cysticercosis,2013,Wairarapa,0,0
Tuberculosis disease,2013,Wairarapa,2,suppressed
Rheumatic fever,2013,Wairarapa,0,0
Rickettsial disease,2013,Wairarapa,0,0
Leprosy,2013,Wairarapa,0,0
Tetanus,2013,Wairarapa,0,0
Hepatitis B,2013,Wairarapa,0,0
Toxic shellfish poisoning,2013,Wairarapa,0,0
Invasive group A streptococcal infection,2013,Wairarapa,0,0
Hepatitis A,2013,Wairarapa,0,0
Pertussis,2013,Wairarapa,39,92
Salmonellosis,2013,Wairarapa,11,26
Cryptosporidiosis,2013,Wairarapa,13,30.7
Diphtheria,2013,Wairarapa,0,0
Hydatid disease,2013,Wairarapa,0,0
Mpox,2013,Wairarapa,0,0
Meningoencephalitis - primary amoebic,2013,Wairarapa,0,0
Mumps,2013,Wairarapa,1,suppressed
VTEC/STEC infection,2013,Wairarapa,1,suppressed
Rubella,2013,Wairarapa,0,0
Trichinosis,2013,Wairarapa,0,0
Leptospirosis,2013,Wairarapa,2,suppressed
Shigellosis,2013,Wairarapa,0,0
Invasive pneumococcal disease,2013,Wairarapa,7,16.5
Meningococcal disease,2013,Wairarapa,0,0
Q fever,2013,Wairarapa,0,0
Campylobacteriosis,2013,Wairarapa,68,160.5
Measles,2013,Wairarapa,0,0
Haemophilus influenzae type b,2013,Wairarapa,0,0
Brucellosis,2013,Wairarapa,0,0
Typhoid fever,2013,Wairarapa,0,0
Hepatitis C,2013,Wairarapa,0,0
Hydatid disease,2013,Waitemata,0,0
Brucellosis,2013,Waitemata,0,0
Salmonellosis,2013,Waitemata,116,21
Campylobacteriosis,2013,Waitemata,772,139.6
Tetanus,2013,Waitemata,0,0
Acute gastroenteritis,2013,Waitemata,70,12.7
Measles,2013,Waitemata,0,0
Hepatitis NOS,2013,Waitemata,0,0
Paratyphoid fever,2013,Waitemata,7,1.3
Meningococcal disease,2013,Waitemata,7,1.3
Diphtheria,2013,Waitemata,0,0
Listeriosis,2013,Waitemata,3,suppressed
Mpox,2013,Waitemata,0,0
Cholera,2013,Waitemata,0,0
Shigellosis,2013,Waitemata,18,3.3
Giardiasis,2013,Waitemata,171,30.9
Arboviral diseases,2013,Waitemata,21,3.8
Taeniasis,2013,Waitemata,1,suppressed
Rabies and other lyssaviruses,2013,Waitemata,0,0
Haemophilus influenzae type b,2013,Waitemata,0,0
Rheumatic fever,2013,Waitemata,10,1.8
Leprosy,2013,Waitemata,0,0
Meningoencephalitis - primary amoebic,2013,Waitemata,0,0
Tuberculosis disease,2013,Waitemata,22,4
Cysticercosis,2013,Waitemata,0,0
Rickettsial disease,2013,Waitemata,1,suppressed
Mumps,2013,Waitemata,4,suppressed
VTEC/STEC infection,2013,Waitemata,26,4.7
Q fever,2013,Waitemata,0,0
Pertussis,2013,Waitemata,260,47
Toxic shellfish poisoning,2013,Waitemata,0,0
Typhoid fever,2013,Waitemata,5,0.9
Hepatitis C,2013,Waitemata,0,0
Invasive group A streptococcal infection,2013,Waitemata,0,0
Malaria,2013,Waitemata,8,1.4
Hepatitis B,2013,Waitemata,1,suppressed
Leptospirosis,2013,Waitemata,1,suppressed
Legionellosis,2013,Waitemata,26,4.7
Invasive pneumococcal disease,2013,Waitemata,49,8.9
Rubella,2013,Waitemata,0,0
Yersiniosis,2013,Waitemata,41,7.4
Poliomyelitis,2013,Waitemata,0,0
Cryptosporidiosis,2013,Waitemata,121,21.9
Trichinosis,2013,Waitemata,0,0
Hepatitis A,2013,Waitemata,5,0.9
Arboviral diseases,2013,West Coast,0,0
Hydatid disease,2013,West Coast,0,0
Cysticercosis,2013,West Coast,0,0
Giardiasis,2013,West Coast,11,33.4
Leprosy,2013,West Coast,0,0
Acute gastroenteritis,2013,West Coast,8,24.3
Malaria,2013,West Coast,0,0
Rabies and other lyssaviruses,2013,West Coast,0,0
Diphtheria,2013,West Coast,0,0
Taeniasis,2013,West Coast,0,0
Listeriosis,2013,West Coast,0,0
Hepatitis B,2013,West Coast,1,suppressed
Rheumatic fever,2013,West Coast,0,0
Yersiniosis,2013,West Coast,0,0
Tuberculosis disease,2013,West Coast,1,suppressed
Rickettsial disease,2013,West Coast,0,0
Leptospirosis,2013,West Coast,1,suppressed
Legionellosis,2013,West Coast,3,suppressed
Salmonellosis,2013,West Coast,7,21.2
Poliomyelitis,2013,West Coast,0,0
Meningoencephalitis - primary amoebic,2013,West Coast,0,0
Cryptosporidiosis,2013,West Coast,8,24.3
Cholera,2013,West Coast,0,0
Q fever,2013,West Coast,0,0
Measles,2013,West Coast,0,0
Mumps,2013,West Coast,0,0
Trichinosis,2013,West Coast,0,0
Brucellosis,2013,West Coast,0,0
Hepatitis NOS,2013,West Coast,0,0
Typhoid fever,2013,West Coast,0,0
Invasive group A streptococcal infection,2013,West Coast,0,0
Hepatitis A,2013,West Coast,0,0
Mpox,2013,West Coast,0,0
Invasive pneumococcal disease,2013,West Coast,6,18.2
Toxic shellfish poisoning,2013,West Coast,0,0
VTEC/STEC infection,2013,West Coast,2,suppressed
Rubella,2013,West Coast,0,0
Pertussis,2013,West Coast,60,182.1
Tetanus,2013,West Coast,0,0
Shigellosis,2013,West Coast,0,0
Hepatitis C,2013,West Coast,0,0
Paratyphoid fever,2013,West Coast,0,0
Meningococcal disease,2013,West Coast,0,0
Campylobacteriosis,2013,West Coast,69,209.4
Haemophilus influenzae type b,2013,West Coast,0,0
Pertussis,2013,Whanganui,46,73.9
Hepatitis NOS,2013,Whanganui,0,0
Diphtheria,2013,Whanganui,0,0
Rubella,2013,Whanganui,0,0
Malaria,2013,Whanganui,1,suppressed
Toxic shellfish poisoning,2013,Whanganui,0,0
Rheumatic fever,2013,Whanganui,2,suppressed
Brucellosis,2013,Whanganui,0,0
Hydatid disease,2013,Whanganui,0,0
Taeniasis,2013,Whanganui,0,0
Hepatitis C,2013,Whanganui,2,suppressed
Listeriosis,2013,Whanganui,0,0
Meningococcal disease,2013,Whanganui,1,suppressed
Meningoencephalitis - primary amoebic,2013,Whanganui,0,0
Cholera,2013,Whanganui,0,0
Measles,2013,Whanganui,0,0
Cryptosporidiosis,2013,Whanganui,20,32.1
Leptospirosis,2013,Whanganui,1,suppressed
Typhoid fever,2013,Whanganui,0,0
Giardiasis,2013,Whanganui,11,17.7
Arboviral diseases,2013,Whanganui,1,suppressed
Rabies and other lyssaviruses,2013,Whanganui,0,0
Tuberculosis disease,2013,Whanganui,1,suppressed
Shigellosis,2013,Whanganui,0,0
Paratyphoid fever,2013,Whanganui,0,0
Invasive pneumococcal disease,2013,Whanganui,10,16.1
Tetanus,2013,Whanganui,0,0
Mpox,2013,Whanganui,0,0
Campylobacteriosis,2013,Whanganui,108,173.4
Legionellosis,2013,Whanganui,0,0
Trichinosis,2013,Whanganui,0,0
Cysticercosis,2013,Whanganui,0,0
Poliomyelitis,2013,Whanganui,0,0
Hepatitis B,2013,Whanganui,2,suppressed
Acute gastroenteritis,2013,Whanganui,23,36.9
VTEC/STEC infection,2013,Whanganui,1,suppressed
Haemophilus influenzae type b,2013,Whanganui,0,0
Salmonellosis,2013,Whanganui,7,11.2
Leprosy,2013,Whanganui,0,0
Invasive group A streptococcal infection,2013,Whanganui,0,0
Hepatitis A,2013,Whanganui,1,suppressed
Rickettsial disease,2013,Whanganui,0,0
Yersiniosis,2013,Whanganui,4,suppressed
Mumps,2013,Whanganui,0,0
Q fever,2013,Whanganui,0,0
Cysticercosis,2014,Auckland,0,0
Rabies and other lyssaviruses,2014,Auckland,0,0
Giardiasis,2014,Auckland,196,42
Taeniasis,2014,Auckland,1,suppressed
Hydatid disease,2014,Auckland,0,0
Hepatitis B,2014,Auckland,2,suppressed
Yersiniosis,2014,Auckland,72,15.4
Diphtheria,2014,Auckland,0,0
Pertussis,2014,Auckland,102,21.9
Rheumatic fever,2014,Auckland,22,4.7
Legionellosis,2014,Auckland,6,1.3
Leptospirosis,2014,Auckland,0,0
Q fever,2014,Auckland,0,0
Acute gastroenteritis,2014,Auckland,85,18.2
Invasive group A streptococcal infection,2014,Auckland,0,0
Hepatitis A,2014,Auckland,8,1.7
Poliomyelitis,2014,Auckland,0,0
Rubella,2014,Auckland,3,suppressed
Hepatitis NOS,2014,Auckland,0,0
Typhoid fever,2014,Auckland,12,2.6
Mumps,2014,Auckland,3,suppressed
Cryptosporidiosis,2014,Auckland,33,7.1
Salmonellosis,2014,Auckland,113,24.2
Arboviral diseases,2014,Auckland,74,15.9
Tuberculosis disease,2014,Auckland,69,14.8
Listeriosis,2014,Auckland,4,suppressed
Trichinosis,2014,Auckland,0,0
Haemophilus influenzae type b,2014,Auckland,1,suppressed
Meningococcal disease,2014,Auckland,3,suppressed
Mpox,2014,Auckland,0,0
Shigellosis,2014,Auckland,29,6.2
Measles,2014,Auckland,21,4.5
Toxic shellfish poisoning,2014,Auckland,1,suppressed
Invasive pneumococcal disease,2014,Auckland,54,11.6
Cholera,2014,Auckland,0,0
Tetanus,2014,Auckland,0,0
VTEC/STEC infection,2014,Auckland,14,3
Meningoencephalitis - primary amoebic,2014,Auckland,0,0
Malaria,2014,Auckland,11,2.4
Campylobacteriosis,2014,Auckland,587,125.9
Paratyphoid fever,2014,Auckland,2,suppressed
Brucellosis,2014,Auckland,0,0
Rickettsial disease,2014,Auckland,0,0
Leprosy,2014,Auckland,1,suppressed
Hepatitis C,2014,Auckland,2,suppressed
Hydatid disease,2014,Bay of Plenty,0,0
Rabies and other lyssaviruses,2014,Bay of Plenty,0,0
Acute gastroenteritis,2014,Bay of Plenty,19,8.6
Cysticercosis,2014,Bay of Plenty,0,0
Poliomyelitis,2014,Bay of Plenty,0,0
Giardiasis,2014,Bay of Plenty,92,41.8
Hepatitis B,2014,Bay of Plenty,2,suppressed
Rheumatic fever,2014,Bay of Plenty,7,3.2
Diphtheria,2014,Bay of Plenty,0,0
Yersiniosis,2014,Bay of Plenty,41,18.6
Rickettsial disease,2014,Bay of Plenty,0,0
Hepatitis A,2014,Bay of Plenty,2,suppressed
Taeniasis,2014,Bay of Plenty,0,0
Cryptosporidiosis,2014,Bay of Plenty,23,10.4
Leptospirosis,2014,Bay of Plenty,2,suppressed
Q fever,2014,Bay of Plenty,0,0
Measles,2014,Bay of Plenty,4,suppressed
Toxic shellfish poisoning,2014,Bay of Plenty,10,4.5
Hepatitis NOS,2014,Bay of Plenty,0,0
Rubella,2014,Bay of Plenty,0,0
Legionellosis,2014,Bay of Plenty,5,2.3
Salmonellosis,2014,Bay of Plenty,38,17.3
Trichinosis,2014,Bay of Plenty,0,0
Invasive group A streptococcal infection,2014,Bay of Plenty,0,0
Pertussis,2014,Bay of Plenty,42,19.1
Mpox,2014,Bay of Plenty,0,0
Haemophilus influenzae type b,2014,Bay of Plenty,0,0
Arboviral diseases,2014,Bay of Plenty,17,7.7
Typhoid fever,2014,Bay of Plenty,3,suppressed
Shigellosis,2014,Bay of Plenty,2,suppressed
Cholera,2014,Bay of Plenty,0,0
Meningoencephalitis - primary amoebic,2014,Bay of Plenty,0,0
VTEC/STEC infection,2014,Bay of Plenty,9,4.1
Listeriosis,2014,Bay of Plenty,3,suppressed
Tetanus,2014,Bay of Plenty,0,0
Mumps,2014,Bay of Plenty,2,suppressed
Paratyphoid fever,2014,Bay of Plenty,0,0
Meningococcal disease,2014,Bay of Plenty,3,suppressed
Campylobacteriosis,2014,Bay of Plenty,327,148.5
Brucellosis,2014,Bay of Plenty,0,0
Hepatitis C,2014,Bay of Plenty,0,0
Tuberculosis disease,2014,Bay of Plenty,12,5.5
Invasive pneumococcal disease,2014,Bay of Plenty,30,13.6
Malaria,2014,Bay of Plenty,1,suppressed
Leprosy,2014,Bay of Plenty,0,0
Cholera,2014,Canterbury,0,0
Cryptosporidiosis,2014,Canterbury,85,16.6
Malaria,2014,Canterbury,6,1.2
Rickettsial disease,2014,Canterbury,0,0
Pertussis,2014,Canterbury,107,20.9
Shigellosis,2014,Canterbury,6,1.2
Invasive pneumococcal disease,2014,Canterbury,40,7.8
Taeniasis,2014,Canterbury,1,suppressed
Tuberculosis disease,2014,Canterbury,25,4.9
Mpox,2014,Canterbury,0,0
Hydatid disease,2014,Canterbury,0,0
Rabies and other lyssaviruses,2014,Canterbury,0,0
Legionellosis,2014,Canterbury,40,7.8
Poliomyelitis,2014,Canterbury,0,0
Measles,2014,Canterbury,1,suppressed
Hepatitis C,2014,Canterbury,6,1.2
Rheumatic fever,2014,Canterbury,3,suppressed
Arboviral diseases,2014,Canterbury,17,3.3
Hepatitis NOS,2014,Canterbury,0,0
Mumps,2014,Canterbury,5,1
Listeriosis,2014,Canterbury,1,suppressed
Hepatitis A,2014,Canterbury,3,suppressed
Campylobacteriosis,2014,Canterbury,739,144.5
Diphtheria,2014,Canterbury,0,0
Acute gastroenteritis,2014,Canterbury,39,7.6
Invasive group A streptococcal infection,2014,Canterbury,0,0
Giardiasis,2014,Canterbury,184,36
Salmonellosis,2014,Canterbury,146,28.6
Rubella,2014,Canterbury,0,0
Hepatitis B,2014,Canterbury,8,1.6
Tetanus,2014,Canterbury,0,0
Q fever,2014,Canterbury,0,0
Leptospirosis,2014,Canterbury,2,suppressed
Meningococcal disease,2014,Canterbury,6,1.2
Cysticercosis,2014,Canterbury,0,0
Paratyphoid fever,2014,Canterbury,3,suppressed
Haemophilus influenzae type b,2014,Canterbury,0,0
Typhoid fever,2014,Canterbury,2,suppressed
Brucellosis,2014,Canterbury,0,0
Toxic shellfish poisoning,2014,Canterbury,2,suppressed
Leprosy,2014,Canterbury,1,suppressed
Meningoencephalitis - primary amoebic,2014,Canterbury,0,0
Yersiniosis,2014,Canterbury,182,35.6
Trichinosis,2014,Canterbury,0,0
VTEC/STEC infection,2014,Canterbury,22,4.3
Hydatid disease,2014,"Capital, Coast and Hutt Valley",0,0
Rheumatic fever,2014,"Capital, Coast and Hutt Valley",11,2.5
Yersiniosis,2014,"Capital, Coast and Hutt Valley",84,19
Giardiasis,2014,"Capital, Coast and Hutt Valley",163,36.9
Cysticercosis,2014,"Capital, Coast and Hutt Valley",0,0
Rabies and other lyssaviruses,2014,"Capital, Coast and Hutt Valley",0,0
Invasive group A streptococcal infection,2014,"Capital, Coast and Hutt Valley",0,0
Legionellosis,2014,"Capital, Coast and Hutt Valley",3,suppressed
Diphtheria,2014,"Capital, Coast and Hutt Valley",1,suppressed
Q fever,2014,"Capital, Coast and Hutt Valley",0,0
Listeriosis,2014,"Capital, Coast and Hutt Valley",1,suppressed
Leptospirosis,2014,"Capital, Coast and Hutt Valley",0,0
Measles,2014,"Capital, Coast and Hutt Valley",5,1.1
Cryptosporidiosis,2014,"Capital, Coast and Hutt Valley",38,8.6
Rickettsial disease,2014,"Capital, Coast and Hutt Valley",0,0
Tetanus,2014,"Capital, Coast and Hutt Valley",0,0
Poliomyelitis,2014,"Capital, Coast and Hutt Valley",0,0
Hepatitis NOS,2014,"Capital, Coast and Hutt Valley",1,suppressed
Typhoid fever,2014,"Capital, Coast and Hutt Valley",3,suppressed
Invasive pneumococcal disease,2014,"Capital, Coast and Hutt Valley",42,9.5
Hepatitis A,2014,"Capital, Coast and Hutt Valley",11,2.5
Mpox,2014,"Capital, Coast and Hutt Valley",0,0
Toxic shellfish poisoning,2014,"Capital, Coast and Hutt Valley",0,0
Arboviral diseases,2014,"Capital, Coast and Hutt Valley",15,3.4
Acute gastroenteritis,2014,"Capital, Coast and Hutt Valley",282,63.8
Brucellosis,2014,"Capital, Coast and Hutt Valley",0,0
Malaria,2014,"Capital, Coast and Hutt Valley",2,suppressed
Meningoencephalitis - primary amoebic,2014,"Capital, Coast and Hutt Valley",0,0
Campylobacteriosis,2014,"Capital, Coast and Hutt Valley",761,172.1
Pertussis,2014,"Capital, Coast and Hutt Valley",109,24.6
Cholera,2014,"Capital, Coast and Hutt Valley",0,0
Mumps,2014,"Capital, Coast and Hutt Valley",0,0
Leprosy,2014,"Capital, Coast and Hutt Valley",1,suppressed
VTEC/STEC infection,2014,"Capital, Coast and Hutt Valley",9,2
Taeniasis,2014,"Capital, Coast and Hutt Valley",1,suppressed
Trichinosis,2014,"Capital, Coast and Hutt Valley",0,0
Salmonellosis,2014,"Capital, Coast and Hutt Valley",59,13.3
Shigellosis,2014,"Capital, Coast and Hutt Valley",14,3.2
Paratyphoid fever,2014,"Capital, Coast and Hutt Valley",2,suppressed
Haemophilus influenzae type b,2014,"Capital, Coast and Hutt Valley",0,0
Hepatitis C,2014,"Capital, Coast and Hutt Valley",2,suppressed
Rubella,2014,"Capital, Coast and Hutt Valley",0,0
Hepatitis B,2014,"Capital, Coast and Hutt Valley",3,suppressed
Tuberculosis disease,2014,"Capital, Coast and Hutt Valley",47,10.6
Meningococcal disease,2014,"Capital, Coast and Hutt Valley",3,suppressed
Tetanus,2014,Counties Manukau,0,0
Hydatid disease,2014,Counties Manukau,2,suppressed
Acute gastroenteritis,2014,Counties Manukau,45,8.9
Rickettsial disease,2014,Counties Manukau,1,suppressed
Pertussis,2014,Counties Manukau,160,31.5
Legionellosis,2014,Counties Manukau,20,3.9
Malaria,2014,Counties Manukau,5,1
Q fever,2014,Counties Manukau,0,0
Toxic shellfish poisoning,2014,Counties Manukau,1,suppressed
Mpox,2014,Counties Manukau,0,0
Rubella,2014,Counties Manukau,1,suppressed
Invasive pneumococcal disease,2014,Counties Manukau,69,13.6
Salmonellosis,2014,Counties Manukau,82,16.1
Yersiniosis,2014,Counties Manukau,54,10.6
Rabies and other lyssaviruses,2014,Counties Manukau,0,0
Cysticercosis,2014,Counties Manukau,0,0
Cryptosporidiosis,2014,Counties Manukau,31,6.1
Hepatitis NOS,2014,Counties Manukau,1,suppressed
Hepatitis A,2014,Counties Manukau,18,3.5
Giardiasis,2014,Counties Manukau,167,32.9
Leprosy,2014,Counties Manukau,1,suppressed
Mumps,2014,Counties Manukau,2,suppressed
Campylobacteriosis,2014,Counties Manukau,517,101.8
Meningoencephalitis - primary amoebic,2014,Counties Manukau,0,0
Leptospirosis,2014,Counties Manukau,2,suppressed
Trichinosis,2014,Counties Manukau,0,0
Diphtheria,2014,Counties Manukau,1,suppressed
Poliomyelitis,2014,Counties Manukau,0,0
Hepatitis B,2014,Counties Manukau,3,suppressed
Tuberculosis disease,2014,Counties Manukau,50,9.8
Arboviral diseases,2014,Counties Manukau,61,12
Listeriosis,2014,Counties Manukau,7,1.4
Haemophilus influenzae type b,2014,Counties Manukau,1,suppressed
Brucellosis,2014,Counties Manukau,0,0
Meningococcal disease,2014,Counties Manukau,1,suppressed
Typhoid fever,2014,Counties Manukau,15,3
Cholera,2014,Counties Manukau,0,0
Rheumatic fever,2014,Counties Manukau,83,16.3
Measles,2014,Counties Manukau,28,5.5
VTEC/STEC infection,2014,Counties Manukau,16,3.1
Invasive group A streptococcal infection,2014,Counties Manukau,0,0
Shigellosis,2014,Counties Manukau,33,6.5
Taeniasis,2014,Counties Manukau,2,suppressed
Hepatitis C,2014,Counties Manukau,0,0
Paratyphoid fever,2014,Counties Manukau,4,suppressed
Listeriosis,2014,Hawke's Bay,0,0
Taeniasis,2014,Hawke's Bay,0,0
Trichinosis,2014,Hawke's Bay,0,0
Cysticercosis,2014,Hawke's Bay,0,0
Measles,2014,Hawke's Bay,12,7.5
Yersiniosis,2014,Hawke's Bay,17,10.6
Hydatid disease,2014,Hawke's Bay,0,0
Toxic shellfish poisoning,2014,Hawke's Bay,0,0
Diphtheria,2014,Hawke's Bay,0,0
Cholera,2014,Hawke's Bay,0,0
Invasive group A streptococcal infection,2014,Hawke's Bay,0,0
Rabies and other lyssaviruses,2014,Hawke's Bay,0,0
Acute gastroenteritis,2014,Hawke's Bay,0,0
Typhoid fever,2014,Hawke's Bay,1,suppressed
Campylobacteriosis,2014,Hawke's Bay,292,181.7
Q fever,2014,Hawke's Bay,0,0
Tuberculosis disease,2014,Hawke's Bay,4,suppressed
Rickettsial disease,2014,Hawke's Bay,0,0
Poliomyelitis,2014,Hawke's Bay,0,0
Shigellosis,2014,Hawke's Bay,2,suppressed
Legionellosis,2014,Hawke's Bay,1,suppressed
Cryptosporidiosis,2014,Hawke's Bay,25,15.6
Arboviral diseases,2014,Hawke's Bay,3,suppressed
Hepatitis A,2014,Hawke's Bay,3,suppressed
Rheumatic fever,2014,Hawke's Bay,4,suppressed
Leptospirosis,2014,Hawke's Bay,15,9.3
Pertussis,2014,Hawke's Bay,41,25.5
Hepatitis B,2014,Hawke's Bay,2,suppressed
Rubella,2014,Hawke's Bay,0,0
Giardiasis,2014,Hawke's Bay,91,56.6
Salmonellosis,2014,Hawke's Bay,41,25.5
Mumps,2014,Hawke's Bay,1,suppressed
Malaria,2014,Hawke's Bay,0,0
Mpox,2014,Hawke's Bay,0,0
Paratyphoid fever,2014,Hawke's Bay,0,0
VTEC/STEC infection,2014,Hawke's Bay,2,suppressed
Invasive pneumococcal disease,2014,Hawke's Bay,16,10
Haemophilus influenzae type b,2014,Hawke's Bay,0,0
Meningococcal disease,2014,Hawke's Bay,2,suppressed
Hepatitis C,2014,Hawke's Bay,2,suppressed
Meningoencephalitis - primary amoebic,2014,Hawke's Bay,0,0
Tetanus,2014,Hawke's Bay,0,0
Brucellosis,2014,Hawke's Bay,0,0
Hepatitis NOS,2014,Hawke's Bay,1,suppressed
Leprosy,2014,Hawke's Bay,0,0
Poliomyelitis,2014,Lakes,0,0
Hydatid disease,2014,Lakes,0,0
Rabies and other lyssaviruses,2014,Lakes,0,0
Taeniasis,2014,Lakes,0,0
Listeriosis,2014,Lakes,0,0
Measles,2014,Lakes,9,8.6
Rickettsial disease,2014,Lakes,0,0
Giardiasis,2014,Lakes,77,73.4
Hepatitis B,2014,Lakes,0,0
Q fever,2014,Lakes,0,0
Leptospirosis,2014,Lakes,3,suppressed
Hepatitis NOS,2014,Lakes,1,suppressed
Rubella,2014,Lakes,0,0
Cysticercosis,2014,Lakes,0,0
Brucellosis,2014,Lakes,0,0
Legionellosis,2014,Lakes,1,suppressed
Mpox,2014,Lakes,0,0
Arboviral diseases,2014,Lakes,2,suppressed
Tetanus,2014,Lakes,0,0
Acute gastroenteritis,2014,Lakes,13,12.4
Trichinosis,2014,Lakes,0,0
Yersiniosis,2014,Lakes,26,24.8
Rheumatic fever,2014,Lakes,6,5.7
Toxic shellfish poisoning,2014,Lakes,1,suppressed
Malaria,2014,Lakes,1,suppressed
Tuberculosis disease,2014,Lakes,5,4.8
Cryptosporidiosis,2014,Lakes,14,13.3
Campylobacteriosis,2014,Lakes,173,164.9
Hepatitis A,2014,Lakes,1,suppressed
Cholera,2014,Lakes,0,0
Salmonellosis,2014,Lakes,18,17.2
Diphtheria,2014,Lakes,0,0
Invasive group A streptococcal infection,2014,Lakes,0,0
Typhoid fever,2014,Lakes,0,0
Shigellosis,2014,Lakes,2,suppressed
Paratyphoid fever,2014,Lakes,0,0
Meningoencephalitis - primary amoebic,2014,Lakes,0,0
Pertussis,2014,Lakes,18,17.2
Leprosy,2014,Lakes,0,0
Mumps,2014,Lakes,0,0
Invasive pneumococcal disease,2014,Lakes,26,24.8
Haemophilus influenzae type b,2014,Lakes,0,0
VTEC/STEC infection,2014,Lakes,6,5.7
Meningococcal disease,2014,Lakes,0,0
Hepatitis C,2014,Lakes,0,0
Q fever,2014,MidCentral,0,0
Rheumatic fever,2014,MidCentral,2,suppressed
Poliomyelitis,2014,MidCentral,0,0
Toxic shellfish poisoning,2014,MidCentral,0,0
Leptospirosis,2014,MidCentral,4,suppressed
Cholera,2014,MidCentral,0,0
Measles,2014,MidCentral,0,0
Diphtheria,2014,MidCentral,0,0
Invasive group A streptococcal infection,2014,MidCentral,0,0
Cryptosporidiosis,2014,MidCentral,20,11.7
Shigellosis,2014,MidCentral,1,suppressed
Rabies and other lyssaviruses,2014,MidCentral,0,0
Mpox,2014,MidCentral,0,0
Pertussis,2014,MidCentral,12,7
Typhoid fever,2014,MidCentral,0,0
Rickettsial disease,2014,MidCentral,0,0
Yersiniosis,2014,MidCentral,10,5.8
Cysticercosis,2014,MidCentral,0,0
Rubella,2014,MidCentral,0,0
Salmonellosis,2014,MidCentral,23,13.4
Acute gastroenteritis,2014,MidCentral,143,83.5
Taeniasis,2014,MidCentral,0,0
Campylobacteriosis,2014,MidCentral,259,151.3
Arboviral diseases,2014,MidCentral,1,suppressed
Trichinosis,2014,MidCentral,0,0
Legionellosis,2014,MidCentral,5,2.9
Hydatid disease,2014,MidCentral,0,0
Meningoencephalitis - primary amoebic,2014,MidCentral,0,0
Mumps,2014,MidCentral,0,0
Meningococcal disease,2014,MidCentral,2,suppressed
Hepatitis A,2014,MidCentral,2,suppressed
Brucellosis,2014,MidCentral,0,0
Tetanus,2014,MidCentral,0,0
Tuberculosis disease,2014,MidCentral,14,8.2
Hepatitis NOS,2014,MidCentral,0,0
Giardiasis,2014,MidCentral,24,14
VTEC/STEC infection,2014,MidCentral,3,suppressed
Invasive pneumococcal disease,2014,MidCentral,20,11.7
Haemophilus influenzae type b,2014,MidCentral,0,0
Hepatitis B,2014,MidCentral,0,0
Listeriosis,2014,MidCentral,3,suppressed
Malaria,2014,MidCentral,0,0
Leprosy,2014,MidCentral,0,0
Paratyphoid fever,2014,MidCentral,1,suppressed
Hepatitis C,2014,MidCentral,0,0
Leptospirosis,2014,Nelson Marlborough,1,suppressed
Rickettsial disease,2014,Nelson Marlborough,0,0
Legionellosis,2014,Nelson Marlborough,4,suppressed
Invasive group A streptococcal infection,2014,Nelson Marlborough,0,0
Cryptosporidiosis,2014,Nelson Marlborough,17,11.7
Poliomyelitis,2014,Nelson Marlborough,0,0
Measles,2014,Nelson Marlborough,0,0
Giardiasis,2014,Nelson Marlborough,58,40.1
Malaria,2014,Nelson Marlborough,0,0
Arboviral diseases,2014,Nelson Marlborough,5,3.5
Meningoencephalitis - primary amoebic,2014,Nelson Marlborough,0,0
Rheumatic fever,2014,Nelson Marlborough,0,0
Pertussis,2014,Nelson Marlborough,62,42.8
Mpox,2014,Nelson Marlborough,0,0
Mumps,2014,Nelson Marlborough,1,suppressed
Brucellosis,2014,Nelson Marlborough,0,0
Typhoid fever,2014,Nelson Marlborough,1,suppressed
Diphtheria,2014,Nelson Marlborough,0,0
Acute gastroenteritis,2014,Nelson Marlborough,6,4.1
Hepatitis NOS,2014,Nelson Marlborough,0,0
Listeriosis,2014,Nelson Marlborough,0,0
Taeniasis,2014,Nelson Marlborough,0,0
Tuberculosis disease,2014,Nelson Marlborough,2,suppressed
Campylobacteriosis,2014,Nelson Marlborough,194,134
Tetanus,2014,Nelson Marlborough,0,0
Rubella,2014,Nelson Marlborough,0,0
Hepatitis A,2014,Nelson Marlborough,0,0
Q fever,2014,Nelson Marlborough,0,0
Toxic shellfish poisoning,2014,Nelson Marlborough,0,0
Invasive pneumococcal disease,2014,Nelson Marlborough,6,4.1
Hepatitis B,2014,Nelson Marlborough,2,suppressed
Cholera,2014,Nelson Marlborough,0,0
Paratyphoid fever,2014,Nelson Marlborough,0,0
Hydatid disease,2014,Nelson Marlborough,0,0
Shigellosis,2014,Nelson Marlborough,0,0
Meningococcal disease,2014,Nelson Marlborough,4,suppressed
Salmonellosis,2014,Nelson Marlborough,31,21.4
Leprosy,2014,Nelson Marlborough,0,0
Rabies and other lyssaviruses,2014,Nelson Marlborough,0,0
Yersiniosis,2014,Nelson Marlborough,2,suppressed
Trichinosis,2014,Nelson Marlborough,0,0
Cysticercosis,2014,Nelson Marlborough,0,0
Hepatitis C,2014,Nelson Marlborough,2,suppressed
Haemophilus influenzae type b,2014,Nelson Marlborough,0,0
VTEC/STEC infection,2014,Nelson Marlborough,7,4.8
Mpox,2014,Northland,0,0
Invasive pneumococcal disease,2014,Northland,26,15.5
Listeriosis,2014,Northland,1,suppressed
Hydatid disease,2014,Northland,0,0
Shigellosis,2014,Northland,2,suppressed
Mumps,2014,Northland,0,0
Taeniasis,2014,Northland,0,0
Cysticercosis,2014,Northland,0,0
Pertussis,2014,Northland,38,22.6
Hepatitis B,2014,Northland,1,suppressed
Tetanus,2014,Northland,0,0
Rubella,2014,Northland,0,0
Acute gastroenteritis,2014,Northland,2,suppressed
Measles,2014,Northland,6,3.6
Hepatitis A,2014,Northland,5,3
Rabies and other lyssaviruses,2014,Northland,0,0
Meningococcal disease,2014,Northland,3,suppressed
Diphtheria,2014,Northland,0,0
Toxic shellfish poisoning,2014,Northland,1,suppressed
Malaria,2014,Northland,1,suppressed
Yersiniosis,2014,Northland,10,5.9
Leprosy,2014,Northland,0,0
Legionellosis,2014,Northland,6,3.6
Meningoencephalitis - primary amoebic,2014,Northland,0,0
Brucellosis,2014,Northland,0,0
Cryptosporidiosis,2014,Northland,31,18.4
Rickettsial disease,2014,Northland,1,suppressed
Cholera,2014,Northland,0,0
Leptospirosis,2014,Northland,5,3
Tuberculosis disease,2014,Northland,7,4.2
Q fever,2014,Northland,0,0
Salmonellosis,2014,Northland,27,16.1
Giardiasis,2014,Northland,57,33.9
VTEC/STEC infection,2014,Northland,11,6.5
Arboviral diseases,2014,Northland,4,suppressed
Campylobacteriosis,2014,Northland,248,147.5
Haemophilus influenzae type b,2014,Northland,0,0
Invasive group A streptococcal infection,2014,Northland,0,0
Poliomyelitis,2014,Northland,0,0
Trichinosis,2014,Northland,0,0
Hepatitis NOS,2014,Northland,0,0
Paratyphoid fever,2014,Northland,0,0
Rheumatic fever,2014,Northland,16,9.5
Typhoid fever,2014,Northland,0,0
Hepatitis C,2014,Northland,5,3
Measles,2014,South Canterbury,0,0
Shigellosis,2014,South Canterbury,2,suppressed
Taeniasis,2014,South Canterbury,0,0
Tuberculosis disease,2014,South Canterbury,1,suppressed
Rickettsial disease,2014,South Canterbury,0,0
Campylobacteriosis,2014,South Canterbury,155,266.6
Cholera,2014,South Canterbury,0,0
Arboviral diseases,2014,South Canterbury,2,suppressed
Listeriosis,2014,South Canterbury,0,0
Pertussis,2014,South Canterbury,4,suppressed
Rabies and other lyssaviruses,2014,South Canterbury,0,0
Rubella,2014,South Canterbury,0,0
Hydatid disease,2014,South Canterbury,0,0
Giardiasis,2014,South Canterbury,21,36.1
Mumps,2014,South Canterbury,0,0
Diphtheria,2014,South Canterbury,0,0
Yersiniosis,2014,South Canterbury,11,18.9
Legionellosis,2014,South Canterbury,1,suppressed
Hepatitis B,2014,South Canterbury,0,0
Hepatitis A,2014,South Canterbury,1,suppressed
Brucellosis,2014,South Canterbury,0,0
Cysticercosis,2014,South Canterbury,0,0
Mpox,2014,South Canterbury,0,0
Meningoencephalitis - primary amoebic,2014,South Canterbury,0,0
Invasive pneumococcal disease,2014,South Canterbury,4,suppressed
Cryptosporidiosis,2014,South Canterbury,20,34.4
Acute gastroenteritis,2014,South Canterbury,1,suppressed
Leptospirosis,2014,South Canterbury,0,0
Rheumatic fever,2014,South Canterbury,0,0
Malaria,2014,South Canterbury,0,0
Salmonellosis,2014,South Canterbury,16,27.5
Paratyphoid fever,2014,South Canterbury,0,0
Tetanus,2014,South Canterbury,0,0
Haemophilus influenzae type b,2014,South Canterbury,0,0
Toxic shellfish poisoning,2014,South Canterbury,0,0
Q fever,2014,South Canterbury,0,0
Invasive group A streptococcal infection,2014,South Canterbury,0,0
Poliomyelitis,2014,South Canterbury,0,0
Trichinosis,2014,South Canterbury,0,0
Leprosy,2014,South Canterbury,0,0
Hepatitis NOS,2014,South Canterbury,0,0
Meningococcal disease,2014,South Canterbury,3,suppressed
VTEC/STEC infection,2014,South Canterbury,7,12
Typhoid fever,2014,South Canterbury,0,0
Hepatitis C,2014,South Canterbury,0,0
Invasive group A streptococcal infection,2014,Southern,0,0
Measles,2014,Southern,0,0
Shigellosis,2014,Southern,10,3.2
Taeniasis,2014,Southern,0,0
Rickettsial disease,2014,Southern,0,0
Mpox,2014,Southern,0,0
Campylobacteriosis,2014,Southern,559,179.7
Malaria,2014,Southern,1,suppressed
Pertussis,2014,Southern,37,11.9
Leptospirosis,2014,Southern,5,1.6
Mumps,2014,Southern,0,0
Giardiasis,2014,Southern,90,28.9
Arboviral diseases,2014,Southern,5,1.6
Hepatitis B,2014,Southern,4,suppressed
Tuberculosis disease,2014,Southern,2,suppressed
Invasive pneumococcal disease,2014,Southern,27,8.7
Acute gastroenteritis,2014,Southern,8,2.6
Cholera,2014,Southern,0,0
Hepatitis A,2014,Southern,0,0
Rabies and other lyssaviruses,2014,Southern,0,0
Diphtheria,2014,Southern,0,0
Hydatid disease,2014,Southern,0,0
Poliomyelitis,2014,Southern,0,0
Rubella,2014,Southern,0,0
Meningoencephalitis - primary amoebic,2014,Southern,0,0
Paratyphoid fever,2014,Southern,2,suppressed
Legionellosis,2014,Southern,5,1.6
Listeriosis,2014,Southern,3,suppressed
Cryptosporidiosis,2014,Southern,60,19.3
Yersiniosis,2014,Southern,31,10
Cysticercosis,2014,Southern,0,0
Salmonellosis,2014,Southern,119,38.3
Tetanus,2014,Southern,0,0
Haemophilus influenzae type b,2014,Southern,1,suppressed
Brucellosis,2014,Southern,0,0
VTEC/STEC infection,2014,Southern,14,4.5
Leprosy,2014,Southern,0,0
Typhoid fever,2014,Southern,2,suppressed
Trichinosis,2014,Southern,0,0
Toxic shellfish poisoning,2014,Southern,0,0
Q fever,2014,Southern,0,0
Meningococcal disease,2014,Southern,5,1.6
Hepatitis NOS,2014,Southern,0,0
Rheumatic fever,2014,Southern,0,0
Hepatitis C,2014,Southern,5,1.6
Taeniasis,2014,Tairawhiti,0,0
Listeriosis,2014,Tairawhiti,0,0
Hydatid disease,2014,Tairawhiti,2,suppressed
Acute gastroenteritis,2014,Tairawhiti,0,0
Measles,2014,Tairawhiti,2,suppressed
Cysticercosis,2014,Tairawhiti,0,0
Hepatitis NOS,2014,Tairawhiti,0,0
Yersiniosis,2014,Tairawhiti,7,14.7
Arboviral diseases,2014,Tairawhiti,0,0
Leptospirosis,2014,Tairawhiti,0,0
Giardiasis,2014,Tairawhiti,24,50.5
Tuberculosis disease,2014,Tairawhiti,1,suppressed
Mpox,2014,Tairawhiti,0,0
Toxic shellfish poisoning,2014,Tairawhiti,0,0
Cryptosporidiosis,2014,Tairawhiti,5,10.5
Trichinosis,2014,Tairawhiti,0,0
Poliomyelitis,2014,Tairawhiti,0,0
Rickettsial disease,2014,Tairawhiti,0,0
Malaria,2014,Tairawhiti,0,0
Legionellosis,2014,Tairawhiti,0,0
Pertussis,2014,Tairawhiti,10,21
Hepatitis B,2014,Tairawhiti,1,suppressed
Diphtheria,2014,Tairawhiti,0,0
Invasive pneumococcal disease,2014,Tairawhiti,7,14.7
Invasive group A streptococcal infection,2014,Tairawhiti,0,0
Hepatitis A,2014,Tairawhiti,0,0
Mumps,2014,Tairawhiti,1,suppressed
Hepatitis C,2014,Tairawhiti,0,0
Tetanus,2014,Tairawhiti,0,0
Q fever,2014,Tairawhiti,0,0
Rabies and other lyssaviruses,2014,Tairawhiti,0,0
Campylobacteriosis,2014,Tairawhiti,73,153.7
Salmonellosis,2014,Tairawhiti,9,18.9
Rubella,2014,Tairawhiti,0,0
Cholera,2014,Tairawhiti,0,0
Typhoid fever,2014,Tairawhiti,2,suppressed
Meningoencephalitis - primary amoebic,2014,Tairawhiti,0,0
Meningococcal disease,2014,Tairawhiti,1,suppressed
Rheumatic fever,2014,Tairawhiti,10,21
Shigellosis,2014,Tairawhiti,0,0
Leprosy,2014,Tairawhiti,0,0
VTEC/STEC infection,2014,Tairawhiti,0,0
Haemophilus influenzae type b,2014,Tairawhiti,0,0
Paratyphoid fever,2014,Tairawhiti,0,0
Brucellosis,2014,Tairawhiti,0,0
Listeriosis,2014,Taranaki,0,0
Hydatid disease,2014,Taranaki,0,0
Taeniasis,2014,Taranaki,0,0
Toxic shellfish poisoning,2014,Taranaki,0,0
Leptospirosis,2014,Taranaki,3,suppressed
Arboviral diseases,2014,Taranaki,4,suppressed
Rabies and other lyssaviruses,2014,Taranaki,0,0
Cholera,2014,Taranaki,0,0
Acute gastroenteritis,2014,Taranaki,5,4.3
Trichinosis,2014,Taranaki,0,0
Giardiasis,2014,Taranaki,25,21.7
Yersiniosis,2014,Taranaki,9,7.8
Rickettsial disease,2014,Taranaki,0,0
Mumps,2014,Taranaki,0,0
Cryptosporidiosis,2014,Taranaki,19,16.5
Malaria,2014,Taranaki,1,suppressed
Cysticercosis,2014,Taranaki,0,0
Poliomyelitis,2014,Taranaki,0,0
Typhoid fever,2014,Taranaki,0,0
Q fever,2014,Taranaki,0,0
Hepatitis B,2014,Taranaki,0,0
Measles,2014,Taranaki,4,suppressed
Hepatitis A,2014,Taranaki,0,0
Invasive group A streptococcal infection,2014,Taranaki,0,0
Legionellosis,2014,Taranaki,1,suppressed
Diphtheria,2014,Taranaki,0,0
Tuberculosis disease,2014,Taranaki,4,suppressed
Meningoencephalitis - primary amoebic,2014,Taranaki,0,0
Rheumatic fever,2014,Taranaki,0,0
Pertussis,2014,Taranaki,27,23.5
Mpox,2014,Taranaki,0,0
Salmonellosis,2014,Taranaki,15,13
Campylobacteriosis,2014,Taranaki,170,147.7
Meningococcal disease,2014,Taranaki,1,suppressed
Tetanus,2014,Taranaki,0,0
Paratyphoid fever,2014,Taranaki,1,suppressed
Hepatitis NOS,2014,Taranaki,0,0
Rubella,2014,Taranaki,0,0
Brucellosis,2014,Taranaki,0,0
Haemophilus influenzae type b,2014,Taranaki,0,0
VTEC/STEC infection,2014,Taranaki,7,6.1
Invasive pneumococcal disease,2014,Taranaki,14,12.2
Shigellosis,2014,Taranaki,3,suppressed
Hepatitis C,2014,Taranaki,4,suppressed
Leprosy,2014,Taranaki,0,0
Legionellosis,2014,Waikato,2,suppressed
Rabies and other lyssaviruses,2014,Waikato,0,0
Tuberculosis disease,2014,Waikato,17,4.4
Taeniasis,2014,Waikato,0,0
Hepatitis NOS,2014,Waikato,0,0
Salmonellosis,2014,Waikato,58,15.1
Rheumatic fever,2014,Waikato,17,4.4
Pertussis,2014,Waikato,123,32
Acute gastroenteritis,2014,Waikato,15,3.9
Toxic shellfish poisoning,2014,Waikato,2,suppressed
Hydatid disease,2014,Waikato,0,0
Cryptosporidiosis,2014,Waikato,81,21.1
Hepatitis B,2014,Waikato,2,suppressed
Arboviral diseases,2014,Waikato,14,3.6
Haemophilus influenzae type b,2014,Waikato,0,0
Giardiasis,2014,Waikato,171,44.5
Rubella,2014,Waikato,0,0
Meningoencephalitis - primary amoebic,2014,Waikato,0,0
Tetanus,2014,Waikato,0,0
Mumps,2014,Waikato,0,0
Measles,2014,Waikato,125,32.5
Mpox,2014,Waikato,0,0
Leptospirosis,2014,Waikato,7,1.8
Cysticercosis,2014,Waikato,1,suppressed
Poliomyelitis,2014,Waikato,0,0
Malaria,2014,Waikato,3,suppressed
VTEC/STEC infection,2014,Waikato,39,10.1
Listeriosis,2014,Waikato,0,0
Brucellosis,2014,Waikato,0,0
Rickettsial disease,2014,Waikato,4,suppressed
Hepatitis C,2014,Waikato,0,0
Campylobacteriosis,2014,Waikato,764,198.6
Hepatitis A,2014,Waikato,2,suppressed
Yersiniosis,2014,Waikato,58,15.1
Cholera,2014,Waikato,0,0
Diphtheria,2014,Waikato,0,0
Trichinosis,2014,Waikato,0,0
Invasive pneumococcal disease,2014,Waikato,43,11.2
Shigellosis,2014,Waikato,8,2.1
Leprosy,2014,Waikato,0,0
Paratyphoid fever,2014,Waikato,1,suppressed
Q fever,2014,Waikato,0,0
Invasive group A streptococcal infection,2014,Waikato,0,0
Meningococcal disease,2014,Waikato,5,1.3
Typhoid fever,2014,Waikato,1,suppressed
Invasive group A streptococcal infection,2014,Wairarapa,0,0
Diphtheria,2014,Wairarapa,0,0
Acute gastroenteritis,2014,Wairarapa,4,suppressed
Rabies and other lyssaviruses,2014,Wairarapa,0,0
Yersiniosis,2014,Wairarapa,2,suppressed
Rheumatic fever,2014,Wairarapa,1,suppressed
Mumps,2014,Wairarapa,1,suppressed
Cysticercosis,2014,Wairarapa,0,0
Cholera,2014,Wairarapa,0,0
Legionellosis,2014,Wairarapa,0,0
Taeniasis,2014,Wairarapa,0,0
Measles,2014,Wairarapa,0,0
Poliomyelitis,2014,Wairarapa,0,0
Mpox,2014,Wairarapa,0,0
Pertussis,2014,Wairarapa,1,suppressed
Trichinosis,2014,Wairarapa,0,0
Cryptosporidiosis,2014,Wairarapa,11,25.5
Invasive pneumococcal disease,2014,Wairarapa,6,13.9
Meningococcal disease,2014,Wairarapa,0,0
Salmonellosis,2014,Wairarapa,9,20.9
Q fever,2014,Wairarapa,0,0
Leptospirosis,2014,Wairarapa,2,suppressed
Hydatid disease,2014,Wairarapa,0,0
Giardiasis,2014,Wairarapa,21,48.7
Rickettsial disease,2014,Wairarapa,0,0
Hepatitis NOS,2014,Wairarapa,0,0
Malaria,2014,Wairarapa,0,0
Haemophilus influenzae type b,2014,Wairarapa,0,0
Tetanus,2014,Wairarapa,0,0
Meningoencephalitis - primary amoebic,2014,Wairarapa,0,0
Shigellosis,2014,Wairarapa,0,0
Campylobacteriosis,2014,Wairarapa,61,141.3
Paratyphoid fever,2014,Wairarapa,0,0
Arboviral diseases,2014,Wairarapa,1,suppressed
Typhoid fever,2014,Wairarapa,0,0
Hepatitis B,2014,Wairarapa,0,0
VTEC/STEC infection,2014,Wairarapa,1,suppressed
Hepatitis A,2014,Wairarapa,0,0
Tuberculosis disease,2014,Wairarapa,2,suppressed
Hepatitis C,2014,Wairarapa,0,0
Toxic shellfish poisoning,2014,Wairarapa,0,0
Leprosy,2014,Wairarapa,0,0
Rubella,2014,Wairarapa,0,0
Listeriosis,2014,Wairarapa,0,0
Brucellosis,2014,Wairarapa,0,0
Arboviral diseases,2014,Waitemata,55,9.8
Hydatid disease,2014,Waitemata,0,0
Rabies and other lyssaviruses,2014,Waitemata,0,0
Cysticercosis,2014,Waitemata,0,0
Giardiasis,2014,Waitemata,217,38.5
Taeniasis,2014,Waitemata,0,0
Cholera,2014,Waitemata,0,0
Leptospirosis,2014,Waitemata,1,suppressed
Acute gastroenteritis,2014,Waitemata,63,11.2
Measles,2014,Waitemata,63,11.2
Tuberculosis disease,2014,Waitemata,36,6.4
Listeriosis,2014,Waitemata,2,suppressed
Diphtheria,2014,Waitemata,0,0
Q fever,2014,Waitemata,0,0
Invasive pneumococcal disease,2014,Waitemata,47,8.3
Rheumatic fever,2014,Waitemata,14,2.5
Toxic shellfish poisoning,2014,Waitemata,0,0
Legionellosis,2014,Waitemata,17,3
Hepatitis A,2014,Waitemata,16,2.8
Leprosy,2014,Waitemata,0,0
Hepatitis B,2014,Waitemata,5,0.9
Yersiniosis,2014,Waitemata,57,10.1
Trichinosis,2014,Waitemata,0,0
Pertussis,2014,Waitemata,201,35.7
Rickettsial disease,2014,Waitemata,0,0
Mumps,2014,Waitemata,2,suppressed
Malaria,2014,Waitemata,1,suppressed
Rubella,2014,Waitemata,0,0
Invasive group A streptococcal infection,2014,Waitemata,0,0
Brucellosis,2014,Waitemata,0,0
Mpox,2014,Waitemata,0,0
Poliomyelitis,2014,Waitemata,0,0
Hepatitis NOS,2014,Waitemata,4,suppressed
Hepatitis C,2014,Waitemata,1,suppressed
Cryptosporidiosis,2014,Waitemata,54,9.6
Shigellosis,2014,Waitemata,14,2.5
Campylobacteriosis,2014,Waitemata,754,133.9
Salmonellosis,2014,Waitemata,135,24
VTEC/STEC infection,2014,Waitemata,17,3
Tetanus,2014,Waitemata,0,0
Meningococcal disease,2014,Waitemata,3,suppressed
Haemophilus influenzae type b,2014,Waitemata,1,suppressed
Typhoid fever,2014,Waitemata,1,suppressed
Paratyphoid fever,2014,Waitemata,3,suppressed
Meningoencephalitis - primary amoebic,2014,Waitemata,0,0
Cysticercosis,2014,West Coast,0,0
Invasive group A streptococcal infection,2014,West Coast,0,0
Diphtheria,2014,West Coast,0,0
Acute gastroenteritis,2014,West Coast,4,suppressed
Mpox,2014,West Coast,0,0
Cryptosporidiosis,2014,West Coast,9,27.4
Rheumatic fever,2014,West Coast,1,suppressed
Rabies and other lyssaviruses,2014,West Coast,0,0
Cholera,2014,West Coast,0,0
Q fever,2014,West Coast,0,0
Hepatitis NOS,2014,West Coast,0,0
Legionellosis,2014,West Coast,6,18.3
Hepatitis A,2014,West Coast,0,0
Measles,2014,West Coast,0,0
Trichinosis,2014,West Coast,0,0
Yersiniosis,2014,West Coast,3,suppressed
Typhoid fever,2014,West Coast,0,0
Shigellosis,2014,West Coast,0,0
Salmonellosis,2014,West Coast,7,21.3
Arboviral diseases,2014,West Coast,0,0
Hepatitis B,2014,West Coast,0,0
Listeriosis,2014,West Coast,0,0
Meningococcal disease,2014,West Coast,0,0
Rickettsial disease,2014,West Coast,0,0
Meningoencephalitis - primary amoebic,2014,West Coast,0,0
Pertussis,2014,West Coast,4,suppressed
Hydatid disease,2014,West Coast,0,0
Tetanus,2014,West Coast,0,0
Invasive pneumococcal disease,2014,West Coast,1,suppressed
Toxic shellfish poisoning,2014,West Coast,0,0
Campylobacteriosis,2014,West Coast,61,185.6
Leptospirosis,2014,West Coast,1,suppressed
Taeniasis,2014,West Coast,0,0
Paratyphoid fever,2014,West Coast,0,0
Tuberculosis disease,2014,West Coast,1,suppressed
Haemophilus influenzae type b,2014,West Coast,1,suppressed
Brucellosis,2014,West Coast,0,0
VTEC/STEC infection,2014,West Coast,0,0
Mumps,2014,West Coast,0,0
Rubella,2014,West Coast,0,0
Hepatitis C,2014,West Coast,0,0
Malaria,2014,West Coast,0,0
Giardiasis,2014,West Coast,7,21.3
Poliomyelitis,2014,West Coast,0,0
Leprosy,2014,West Coast,0,0
Leptospirosis,2014,Whanganui,3,suppressed
Taeniasis,2014,Whanganui,0,0
Toxic shellfish poisoning,2014,Whanganui,0,0
Diphtheria,2014,Whanganui,0,0
Mpox,2014,Whanganui,0,0
Q fever,2014,Whanganui,0,0
Yersiniosis,2014,Whanganui,4,suppressed
Rabies and other lyssaviruses,2014,Whanganui,0,0
Rheumatic fever,2014,Whanganui,1,suppressed
Trichinosis,2014,Whanganui,0,0
Cholera,2014,Whanganui,0,0
Cysticercosis,2014,Whanganui,0,0
Rickettsial disease,2014,Whanganui,0,0
Pertussis,2014,Whanganui,1,suppressed
Typhoid fever,2014,Whanganui,0,0
Hydatid disease,2014,Whanganui,0,0
Acute gastroenteritis,2014,Whanganui,22,34.9
Poliomyelitis,2014,Whanganui,0,0
Mumps,2014,Whanganui,0,0
Shigellosis,2014,Whanganui,0,0
Arboviral diseases,2014,Whanganui,0,0
Legionellosis,2014,Whanganui,0,0
Invasive group A streptococcal infection,2014,Whanganui,0,0
Rubella,2014,Whanganui,0,0
Measles,2014,Whanganui,0,0
Cryptosporidiosis,2014,Whanganui,8,12.7
Malaria,2014,Whanganui,0,0
Listeriosis,2014,Whanganui,0,0
Meningococcal disease,2014,Whanganui,0,0
Hepatitis B,2014,Whanganui,0,0
Hepatitis A,2014,Whanganui,2,suppressed
Meningoencephalitis - primary amoebic,2014,Whanganui,0,0
Invasive pneumococcal disease,2014,Whanganui,10,15.9
Campylobacteriosis,2014,Whanganui,88,139.6
Salmonellosis,2014,Whanganui,9,14.3
Tetanus,2014,Whanganui,0,0
Giardiasis,2014,Whanganui,24,38.1
Tuberculosis disease,2014,Whanganui,2,suppressed
Paratyphoid fever,2014,Whanganui,0,0
Leprosy,2014,Whanganui,0,0
Haemophilus influenzae type b,2014,Whanganui,0,0
VTEC/STEC infection,2014,Whanganui,3,suppressed
Hepatitis NOS,2014,Whanganui,0,0
Brucellosis,2014,Whanganui,0,0
Hepatitis C,2014,Whanganui,0,0
Invasive group A streptococcal infection,2015,Auckland,0,0
Pertussis,2015,Auckland,73,15.4
Rickettsial disease,2015,Auckland,1,suppressed
Cysticercosis,2015,Auckland,0,0
Legionellosis,2015,Auckland,14,3
Meningoencephalitis - primary amoebic,2015,Auckland,0,0
Shigellosis,2015,Auckland,26,5.5
Taeniasis,2015,Auckland,1,suppressed
Mpox,2015,Auckland,0,0
Campylobacteriosis,2015,Auckland,533,112.7
Yersiniosis,2015,Auckland,47,9.9
VTEC/STEC infection,2015,Auckland,44,9.3
Listeriosis,2015,Auckland,3,suppressed
Hepatitis A,2015,Auckland,9,1.9
Salmonellosis,2015,Auckland,122,25.8
Poliomyelitis,2015,Auckland,0,0
Hepatitis C,2015,Auckland,2,suppressed
Leptospirosis,2015,Auckland,0,0
Acute gastroenteritis,2015,Auckland,113,23.9
Malaria,2015,Auckland,8,1.7
Arboviral diseases,2015,Auckland,49,10.4
Hydatid disease,2015,Auckland,0,0
Hepatitis B,2015,Auckland,10,2.1
Tetanus,2015,Auckland,0,0
Leprosy,2015,Auckland,1,suppressed
Rabies and other lyssaviruses,2015,Auckland,0,0
Measles,2015,Auckland,0,0
Q fever,2015,Auckland,0,0
Diphtheria,2015,Auckland,0,0
Tuberculosis disease,2015,Auckland,62,13.1
Cryptosporidiosis,2015,Auckland,51,10.8
Mumps,2015,Auckland,0,0
Invasive pneumococcal disease,2015,Auckland,36,7.6
Haemophilus influenzae type b,2015,Auckland,0,0
Toxic shellfish poisoning,2015,Auckland,0,0
Giardiasis,2015,Auckland,183,38.7
Rheumatic fever,2015,Auckland,16,3.4
Brucellosis,2015,Auckland,1,suppressed
Trichinosis,2015,Auckland,0,0
Cholera,2015,Auckland,0,0
Meningococcal disease,2015,Auckland,3,suppressed
Paratyphoid fever,2015,Auckland,5,1.1
Rubella,2015,Auckland,0,0
Typhoid fever,2015,Auckland,10,2.1
Hepatitis NOS,2015,Auckland,0,0
Cholera,2015,Bay of Plenty,0,0
Legionellosis,2015,Bay of Plenty,22,9.7
Meningoencephalitis - primary amoebic,2015,Bay of Plenty,0,0
Taeniasis,2015,Bay of Plenty,0,0
Acute gastroenteritis,2015,Bay of Plenty,18,8
Malaria,2015,Bay of Plenty,2,suppressed
Invasive group A streptococcal infection,2015,Bay of Plenty,0,0
Arboviral diseases,2015,Bay of Plenty,5,2.2
Listeriosis,2015,Bay of Plenty,6,2.7
Campylobacteriosis,2015,Bay of Plenty,244,108
Tetanus,2015,Bay of Plenty,0,0
Hydatid disease,2015,Bay of Plenty,0,0
Rickettsial disease,2015,Bay of Plenty,0,0
Cryptosporidiosis,2015,Bay of Plenty,19,8.4
Diphtheria,2015,Bay of Plenty,0,0
Pertussis,2015,Bay of Plenty,20,8.8
Toxic shellfish poisoning,2015,Bay of Plenty,0,0
Hepatitis B,2015,Bay of Plenty,1,suppressed
Salmonellosis,2015,Bay of Plenty,38,16.8
Measles,2015,Bay of Plenty,1,suppressed
Invasive pneumococcal disease,2015,Bay of Plenty,29,12.8
Yersiniosis,2015,Bay of Plenty,37,16.4
Shigellosis,2015,Bay of Plenty,5,2.2
Q fever,2015,Bay of Plenty,0,0
Rabies and other lyssaviruses,2015,Bay of Plenty,0,0
Hepatitis NOS,2015,Bay of Plenty,0,0
Typhoid fever,2015,Bay of Plenty,2,suppressed
Mpox,2015,Bay of Plenty,0,0
Tuberculosis disease,2015,Bay of Plenty,7,3.1
Haemophilus influenzae type b,2015,Bay of Plenty,1,suppressed
Leptospirosis,2015,Bay of Plenty,4,suppressed
Rubella,2015,Bay of Plenty,0,0
Mumps,2015,Bay of Plenty,0,0
Cysticercosis,2015,Bay of Plenty,0,0
VTEC/STEC infection,2015,Bay of Plenty,13,5.8
Trichinosis,2015,Bay of Plenty,0,0
Rheumatic fever,2015,Bay of Plenty,8,3.5
Giardiasis,2015,Bay of Plenty,65,28.8
Poliomyelitis,2015,Bay of Plenty,0,0
Hepatitis C,2015,Bay of Plenty,0,0
Hepatitis A,2015,Bay of Plenty,4,suppressed
Paratyphoid fever,2015,Bay of Plenty,0,0
Leprosy,2015,Bay of Plenty,2,suppressed
Meningococcal disease,2015,Bay of Plenty,2,suppressed
Brucellosis,2015,Bay of Plenty,0,0
Mpox,2015,Canterbury,0,0
Salmonellosis,2015,Canterbury,155,29.5
Acute gastroenteritis,2015,Canterbury,29,5.5
Diphtheria,2015,Canterbury,0,0
Legionellosis,2015,Canterbury,39,7.4
Rabies and other lyssaviruses,2015,Canterbury,0,0
Listeriosis,2015,Canterbury,3,suppressed
Pertussis,2015,Canterbury,236,44.9
Poliomyelitis,2015,Canterbury,0,0
Hepatitis A,2015,Canterbury,4,suppressed
Haemophilus influenzae type b,2015,Canterbury,0,0
Leptospirosis,2015,Canterbury,3,suppressed
Tetanus,2015,Canterbury,0,0
Cysticercosis,2015,Canterbury,0,0
Q fever,2015,Canterbury,0,0
Hydatid disease,2015,Canterbury,1,suppressed
Yersiniosis,2015,Canterbury,162,30.8
Rheumatic fever,2015,Canterbury,3,suppressed
Taeniasis,2015,Canterbury,0,0
Rubella,2015,Canterbury,0,0
VTEC/STEC infection,2015,Canterbury,23,4.4
Meningococcal disease,2015,Canterbury,4,suppressed
Mumps,2015,Canterbury,1,suppressed
Cholera,2015,Canterbury,0,0
Measles,2015,Canterbury,1,suppressed
Cryptosporidiosis,2015,Canterbury,70,13.3
Shigellosis,2015,Canterbury,12,2.3
Trichinosis,2015,Canterbury,0,0
Toxic shellfish poisoning,2015,Canterbury,0,0
Hepatitis B,2015,Canterbury,3,suppressed
Typhoid fever,2015,Canterbury,0,0
Leprosy,2015,Canterbury,0,0
Malaria,2015,Canterbury,3,suppressed
Paratyphoid fever,2015,Canterbury,3,suppressed
Invasive pneumococcal disease,2015,Canterbury,41,7.8
Meningoencephalitis - primary amoebic,2015,Canterbury,0,0
Arboviral diseases,2015,Canterbury,9,1.7
Rickettsial disease,2015,Canterbury,0,0
Invasive group A streptococcal infection,2015,Canterbury,0,0
Hepatitis NOS,2015,Canterbury,0,0
Hepatitis C,2015,Canterbury,9,1.7
Campylobacteriosis,2015,Canterbury,728,138.5
Brucellosis,2015,Canterbury,0,0
Tuberculosis disease,2015,Canterbury,27,5.1
Giardiasis,2015,Canterbury,135,25.7
Toxic shellfish poisoning,2015,"Capital, Coast and Hutt Valley",0,0
Trichinosis,2015,"Capital, Coast and Hutt Valley",0,0
Cholera,2015,"Capital, Coast and Hutt Valley",0,0
Rickettsial disease,2015,"Capital, Coast and Hutt Valley",0,0
Legionellosis,2015,"Capital, Coast and Hutt Valley",9,2
Taeniasis,2015,"Capital, Coast and Hutt Valley",1,suppressed
Rabies and other lyssaviruses,2015,"Capital, Coast and Hutt Valley",0,0
Acute gastroenteritis,2015,"Capital, Coast and Hutt Valley",100,22.3
Shigellosis,2015,"Capital, Coast and Hutt Valley",14,3.1
Salmonellosis,2015,"Capital, Coast and Hutt Valley",86,19.1
Invasive pneumococcal disease,2015,"Capital, Coast and Hutt Valley",43,9.6
Tuberculosis disease,2015,"Capital, Coast and Hutt Valley",25,5.6
Cryptosporidiosis,2015,"Capital, Coast and Hutt Valley",36,8
Arboviral diseases,2015,"Capital, Coast and Hutt Valley",24,5.3
Giardiasis,2015,"Capital, Coast and Hutt Valley",176,39.2
Haemophilus influenzae type b,2015,"Capital, Coast and Hutt Valley",0,0
Pertussis,2015,"Capital, Coast and Hutt Valley",97,21.6
Rheumatic fever,2015,"Capital, Coast and Hutt Valley",7,1.6
Mpox,2015,"Capital, Coast and Hutt Valley",0,0
Cysticercosis,2015,"Capital, Coast and Hutt Valley",0,0
Yersiniosis,2015,"Capital, Coast and Hutt Valley",91,20.3
Campylobacteriosis,2015,"Capital, Coast and Hutt Valley",582,129.6
Hepatitis NOS,2015,"Capital, Coast and Hutt Valley",0,0
Hydatid disease,2015,"Capital, Coast and Hutt Valley",0,0
Listeriosis,2015,"Capital, Coast and Hutt Valley",4,suppressed
Typhoid fever,2015,"Capital, Coast and Hutt Valley",2,suppressed
Brucellosis,2015,"Capital, Coast and Hutt Valley",0,0
Tetanus,2015,"Capital, Coast and Hutt Valley",0,0
VTEC/STEC infection,2015,"Capital, Coast and Hutt Valley",7,1.6
Meningoencephalitis - primary amoebic,2015,"Capital, Coast and Hutt Valley",0,0
Poliomyelitis,2015,"Capital, Coast and Hutt Valley",0,0
Hepatitis A,2015,"Capital, Coast and Hutt Valley",1,suppressed
Diphtheria,2015,"Capital, Coast and Hutt Valley",0,0
Leptospirosis,2015,"Capital, Coast and Hutt Valley",2,suppressed
Mumps,2015,"Capital, Coast and Hutt Valley",1,suppressed
Hepatitis C,2015,"Capital, Coast and Hutt Valley",8,1.8
Meningococcal disease,2015,"Capital, Coast and Hutt Valley",5,1.1
Hepatitis B,2015,"Capital, Coast and Hutt Valley",3,suppressed
Q fever,2015,"Capital, Coast and Hutt Valley",0,0
Rubella,2015,"Capital, Coast and Hutt Valley",0,0
Leprosy,2015,"Capital, Coast and Hutt Valley",1,suppressed
Paratyphoid fever,2015,"Capital, Coast and Hutt Valley",2,suppressed
Invasive group A streptococcal infection,2015,"Capital, Coast and Hutt Valley",0,0
Measles,2015,"Capital, Coast and Hutt Valley",0,0
Malaria,2015,"Capital, Coast and Hutt Valley",3,suppressed
Rabies and other lyssaviruses,2015,Counties Manukau,0,0
Diphtheria,2015,Counties Manukau,2,suppressed
Cryptosporidiosis,2015,Counties Manukau,74,14.2
Pertussis,2015,Counties Manukau,142,27.2
Paratyphoid fever,2015,Counties Manukau,4,suppressed
Leptospirosis,2015,Counties Manukau,2,suppressed
Rheumatic fever,2015,Counties Manukau,36,6.9
Trichinosis,2015,Counties Manukau,0,0
Cholera,2015,Counties Manukau,0,0
Taeniasis,2015,Counties Manukau,1,suppressed
Poliomyelitis,2015,Counties Manukau,0,0
Acute gastroenteritis,2015,Counties Manukau,32,6.1
Hepatitis NOS,2015,Counties Manukau,0,0
Salmonellosis,2015,Counties Manukau,69,13.2
Hydatid disease,2015,Counties Manukau,1,suppressed
Q fever,2015,Counties Manukau,0,0
Mpox,2015,Counties Manukau,0,0
Invasive pneumococcal disease,2015,Counties Manukau,69,13.2
Cysticercosis,2015,Counties Manukau,0,0
Toxic shellfish poisoning,2015,Counties Manukau,0,0
Yersiniosis,2015,Counties Manukau,49,9.4
Campylobacteriosis,2015,Counties Manukau,488,93.4
Mumps,2015,Counties Manukau,2,suppressed
Brucellosis,2015,Counties Manukau,0,0
Hepatitis B,2015,Counties Manukau,2,suppressed
Giardiasis,2015,Counties Manukau,162,31
Listeriosis,2015,Counties Manukau,3,suppressed
Malaria,2015,Counties Manukau,8,1.5
Rickettsial disease,2015,Counties Manukau,0,0
Hepatitis A,2015,Counties Manukau,10,1.9
Meningoencephalitis - primary amoebic,2015,Counties Manukau,0,0
Arboviral diseases,2015,Counties Manukau,40,7.7
Haemophilus influenzae type b,2015,Counties Manukau,0,0
Shigellosis,2015,Counties Manukau,23,4.4
Typhoid fever,2015,Counties Manukau,20,3.8
Tetanus,2015,Counties Manukau,0,0
Leprosy,2015,Counties Manukau,0,0
Invasive group A streptococcal infection,2015,Counties Manukau,0,0
Legionellosis,2015,Counties Manukau,24,4.6
Measles,2015,Counties Manukau,2,suppressed
VTEC/STEC infection,2015,Counties Manukau,45,8.6
Hepatitis C,2015,Counties Manukau,0,0
Tuberculosis disease,2015,Counties Manukau,67,12.8
Meningococcal disease,2015,Counties Manukau,7,1.3
Rubella,2015,Counties Manukau,0,0
Q fever,2015,Hawke's Bay,0,0
Diphtheria,2015,Hawke's Bay,0,0
Shigellosis,2015,Hawke's Bay,0,0
Rabies and other lyssaviruses,2015,Hawke's Bay,0,0
Cholera,2015,Hawke's Bay,0,0
Cysticercosis,2015,Hawke's Bay,0,0
Hepatitis NOS,2015,Hawke's Bay,1,suppressed
Yersiniosis,2015,Hawke's Bay,12,7.3
Mumps,2015,Hawke's Bay,0,0
Leptospirosis,2015,Hawke's Bay,8,4.9
Rickettsial disease,2015,Hawke's Bay,0,0
Cryptosporidiosis,2015,Hawke's Bay,26,15.9
Typhoid fever,2015,Hawke's Bay,1,suppressed
Hepatitis C,2015,Hawke's Bay,1,suppressed
Arboviral diseases,2015,Hawke's Bay,0,0
Invasive group A streptococcal infection,2015,Hawke's Bay,0,0
Poliomyelitis,2015,Hawke's Bay,0,0
Brucellosis,2015,Hawke's Bay,0,0
Legionellosis,2015,Hawke's Bay,8,4.9
Taeniasis,2015,Hawke's Bay,0,0
Invasive pneumococcal disease,2015,Hawke's Bay,14,8.6
Paratyphoid fever,2015,Hawke's Bay,1,suppressed
Rheumatic fever,2015,Hawke's Bay,3,suppressed
Campylobacteriosis,2015,Hawke's Bay,246,150.4
Hydatid disease,2015,Hawke's Bay,1,suppressed
Listeriosis,2015,Hawke's Bay,0,0
Toxic shellfish poisoning,2015,Hawke's Bay,0,0
Haemophilus influenzae type b,2015,Hawke's Bay,0,0
Malaria,2015,Hawke's Bay,2,suppressed
Tetanus,2015,Hawke's Bay,0,0
Meningococcal disease,2015,Hawke's Bay,3,suppressed
Pertussis,2015,Hawke's Bay,15,9.2
Mpox,2015,Hawke's Bay,0,0
Acute gastroenteritis,2015,Hawke's Bay,1,suppressed
Hepatitis A,2015,Hawke's Bay,0,0
Trichinosis,2015,Hawke's Bay,0,0
Rubella,2015,Hawke's Bay,0,0
Tuberculosis disease,2015,Hawke's Bay,9,5.5
Hepatitis B,2015,Hawke's Bay,1,suppressed
Meningoencephalitis - primary amoebic,2015,Hawke's Bay,0,0
Giardiasis,2015,Hawke's Bay,74,45.2
Measles,2015,Hawke's Bay,0,0
Leprosy,2015,Hawke's Bay,0,0
VTEC/STEC infection,2015,Hawke's Bay,2,suppressed
Salmonellosis,2015,Hawke's Bay,24,14.7
Legionellosis,2015,Lakes,4,suppressed
Leptospirosis,2015,Lakes,1,suppressed
Diphtheria,2015,Lakes,0,0
Cryptosporidiosis,2015,Lakes,12,11.2
Hepatitis A,2015,Lakes,0,0
Tetanus,2015,Lakes,0,0
Rabies and other lyssaviruses,2015,Lakes,0,0
Cholera,2015,Lakes,0,0
Rheumatic fever,2015,Lakes,6,5.6
Taeniasis,2015,Lakes,0,0
Acute gastroenteritis,2015,Lakes,14,13.1
Poliomyelitis,2015,Lakes,0,0
Invasive pneumococcal disease,2015,Lakes,22,20.6
Paratyphoid fever,2015,Lakes,2,suppressed
Mpox,2015,Lakes,0,0
Toxic shellfish poisoning,2015,Lakes,0,0
Cysticercosis,2015,Lakes,0,0
Salmonellosis,2015,Lakes,18,16.9
Meningococcal disease,2015,Lakes,2,suppressed
Pertussis,2015,Lakes,14,13.1
Q fever,2015,Lakes,0,0
Mumps,2015,Lakes,0,0
Yersiniosis,2015,Lakes,12,11.2
Haemophilus influenzae type b,2015,Lakes,0,0
Trichinosis,2015,Lakes,0,0
Campylobacteriosis,2015,Lakes,163,152.7
Meningoencephalitis - primary amoebic,2015,Lakes,0,0
Arboviral diseases,2015,Lakes,3,suppressed
Brucellosis,2015,Lakes,0,0
Listeriosis,2015,Lakes,0,0
Invasive group A streptococcal infection,2015,Lakes,0,0
Rickettsial disease,2015,Lakes,0,0
Malaria,2015,Lakes,0,0
Shigellosis,2015,Lakes,1,suppressed
Rubella,2015,Lakes,0,0
Leprosy,2015,Lakes,0,0
VTEC/STEC infection,2015,Lakes,5,4.7
Measles,2015,Lakes,0,0
Hepatitis C,2015,Lakes,0,0
Hydatid disease,2015,Lakes,0,0
Typhoid fever,2015,Lakes,0,0
Giardiasis,2015,Lakes,60,56.2
Hepatitis NOS,2015,Lakes,0,0
Hepatitis B,2015,Lakes,2,suppressed
Tuberculosis disease,2015,Lakes,7,6.6
Mpox,2015,MidCentral,0,0
Listeriosis,2015,MidCentral,0,0
Typhoid fever,2015,MidCentral,1,suppressed
Meningoencephalitis - primary amoebic,2015,MidCentral,0,0
Cryptosporidiosis,2015,MidCentral,42,24.2
Hepatitis NOS,2015,MidCentral,0,0
Acute gastroenteritis,2015,MidCentral,71,40.9
Taeniasis,2015,MidCentral,0,0
Pertussis,2015,MidCentral,23,13.2
Measles,2015,MidCentral,4,suppressed
Legionellosis,2015,MidCentral,19,10.9
Toxic shellfish poisoning,2015,MidCentral,0,0
Tetanus,2015,MidCentral,0,0
Rheumatic fever,2015,MidCentral,3,suppressed
Yersiniosis,2015,MidCentral,10,5.8
Q fever,2015,MidCentral,0,0
Diphtheria,2015,MidCentral,0,0
Rabies and other lyssaviruses,2015,MidCentral,0,0
Hepatitis C,2015,MidCentral,0,0
Haemophilus influenzae type b,2015,MidCentral,0,0
Hepatitis A,2015,MidCentral,5,2.9
Meningococcal disease,2015,MidCentral,3,suppressed
Invasive group A streptococcal infection,2015,MidCentral,0,0
Arboviral diseases,2015,MidCentral,1,suppressed
Shigellosis,2015,MidCentral,3,suppressed
Paratyphoid fever,2015,MidCentral,0,0
Trichinosis,2015,MidCentral,0,0
Cysticercosis,2015,MidCentral,0,0
Invasive pneumococcal disease,2015,MidCentral,14,8.1
Cholera,2015,MidCentral,0,0
Mumps,2015,MidCentral,0,0
Giardiasis,2015,MidCentral,29,16.7
VTEC/STEC infection,2015,MidCentral,3,suppressed
Tuberculosis disease,2015,MidCentral,7,4
Leprosy,2015,MidCentral,0,0
Brucellosis,2015,MidCentral,0,0
Hydatid disease,2015,MidCentral,0,0
Salmonellosis,2015,MidCentral,38,21.9
Rickettsial disease,2015,MidCentral,0,0
Poliomyelitis,2015,MidCentral,0,0
Malaria,2015,MidCentral,0,0
Leptospirosis,2015,MidCentral,3,suppressed
Rubella,2015,MidCentral,0,0
Hepatitis B,2015,MidCentral,2,suppressed
Campylobacteriosis,2015,MidCentral,196,112.9
Rickettsial disease,2015,Nelson Marlborough,0,0
Toxic shellfish poisoning,2015,Nelson Marlborough,3,suppressed
Diphtheria,2015,Nelson Marlborough,0,0
Legionellosis,2015,Nelson Marlborough,4,suppressed
Pertussis,2015,Nelson Marlborough,73,49.5
Mpox,2015,Nelson Marlborough,0,0
Rabies and other lyssaviruses,2015,Nelson Marlborough,0,0
Acute gastroenteritis,2015,Nelson Marlborough,1,suppressed
Leptospirosis,2015,Nelson Marlborough,5,3.4
Taeniasis,2015,Nelson Marlborough,0,0
Measles,2015,Nelson Marlborough,0,0
VTEC/STEC infection,2015,Nelson Marlborough,12,8.1
Cryptosporidiosis,2015,Nelson Marlborough,12,8.1
Hepatitis A,2015,Nelson Marlborough,0,0
Yersiniosis,2015,Nelson Marlborough,10,6.8
Cysticercosis,2015,Nelson Marlborough,0,0
Meningoencephalitis - primary amoebic,2015,Nelson Marlborough,0,0
Shigellosis,2015,Nelson Marlborough,0,0
Arboviral diseases,2015,Nelson Marlborough,5,3.4
Giardiasis,2015,Nelson Marlborough,64,43.4
Poliomyelitis,2015,Nelson Marlborough,0,0
Typhoid fever,2015,Nelson Marlborough,1,suppressed
Trichinosis,2015,Nelson Marlborough,0,0
Meningococcal disease,2015,Nelson Marlborough,1,suppressed
Invasive pneumococcal disease,2015,Nelson Marlborough,11,7.5
Invasive group A streptococcal infection,2015,Nelson Marlborough,0,0
Mumps,2015,Nelson Marlborough,0,0
Rheumatic fever,2015,Nelson Marlborough,0,0
Q fever,2015,Nelson Marlborough,0,0
Listeriosis,2015,Nelson Marlborough,1,suppressed
Salmonellosis,2015,Nelson Marlborough,29,19.7
Rubella,2015,Nelson Marlborough,0,0
Hydatid disease,2015,Nelson Marlborough,0,0
Brucellosis,2015,Nelson Marlborough,0,0
Hepatitis B,2015,Nelson Marlborough,1,suppressed
Tetanus,2015,Nelson Marlborough,1,suppressed
Haemophilus influenzae type b,2015,Nelson Marlborough,0,0
Cholera,2015,Nelson Marlborough,0,0
Hepatitis C,2015,Nelson Marlborough,1,suppressed
Tuberculosis disease,2015,Nelson Marlborough,3,suppressed
Hepatitis NOS,2015,Nelson Marlborough,0,0
Paratyphoid fever,2015,Nelson Marlborough,2,suppressed
Campylobacteriosis,2015,Nelson Marlborough,217,147.2
Malaria,2015,Nelson Marlborough,1,suppressed
Leprosy,2015,Nelson Marlborough,0,0
Rabies and other lyssaviruses,2015,Northland,0,0
Acute gastroenteritis,2015,Northland,1,suppressed
Leptospirosis,2015,Northland,0,0
Rheumatic fever,2015,Northland,4,suppressed
Yersiniosis,2015,Northland,8,4.6
Pertussis,2015,Northland,36,20.9
Q fever,2015,Northland,0,0
Poliomyelitis,2015,Northland,0,0
Cryptosporidiosis,2015,Northland,27,15.7
Cysticercosis,2015,Northland,0,0
Taeniasis,2015,Northland,0,0
Hepatitis NOS,2015,Northland,0,0
Trichinosis,2015,Northland,0,0
Shigellosis,2015,Northland,0,0
Hepatitis A,2015,Northland,2,suppressed
Diphtheria,2015,Northland,0,0
Brucellosis,2015,Northland,0,0
Hepatitis B,2015,Northland,1,suppressed
Invasive group A streptococcal infection,2015,Northland,0,0
Arboviral diseases,2015,Northland,0,0
Typhoid fever,2015,Northland,0,0
Legionellosis,2015,Northland,13,7.6
Salmonellosis,2015,Northland,40,23.2
Rubella,2015,Northland,0,0
Listeriosis,2015,Northland,0,0
Hydatid disease,2015,Northland,0,0
Mpox,2015,Northland,0,0
Invasive pneumococcal disease,2015,Northland,28,16.3
Rickettsial disease,2015,Northland,1,suppressed
Cholera,2015,Northland,0,0
Toxic shellfish poisoning,2015,Northland,0,0
Malaria,2015,Northland,0,0
Giardiasis,2015,Northland,61,35.4
Meningoencephalitis - primary amoebic,2015,Northland,0,0
Campylobacteriosis,2015,Northland,254,147.6
Mumps,2015,Northland,3,suppressed
Tuberculosis disease,2015,Northland,3,suppressed
Meningococcal disease,2015,Northland,8,4.6
Leprosy,2015,Northland,0,0
Measles,2015,Northland,0,0
VTEC/STEC infection,2015,Northland,24,13.9
Haemophilus influenzae type b,2015,Northland,0,0
Paratyphoid fever,2015,Northland,0,0
Tetanus,2015,Northland,0,0
Hepatitis C,2015,Northland,3,suppressed
Toxic shellfish poisoning,2015,South Canterbury,0,0
Taeniasis,2015,South Canterbury,0,0
Cysticercosis,2015,South Canterbury,0,0
Diphtheria,2015,South Canterbury,0,0
Hepatitis NOS,2015,South Canterbury,0,0
Yersiniosis,2015,South Canterbury,16,27.2
Poliomyelitis,2015,South Canterbury,0,0
Measles,2015,South Canterbury,0,0
Q fever,2015,South Canterbury,0,0
Hydatid disease,2015,South Canterbury,0,0
Arboviral diseases,2015,South Canterbury,1,suppressed
Leptospirosis,2015,South Canterbury,1,suppressed
Rabies and other lyssaviruses,2015,South Canterbury,0,0
Haemophilus influenzae type b,2015,South Canterbury,0,0
Legionellosis,2015,South Canterbury,3,suppressed
Cholera,2015,South Canterbury,0,0
Brucellosis,2015,South Canterbury,0,0
Cryptosporidiosis,2015,South Canterbury,14,23.8
Rickettsial disease,2015,South Canterbury,0,0
Acute gastroenteritis,2015,South Canterbury,1,suppressed
Tetanus,2015,South Canterbury,0,0
Rheumatic fever,2015,South Canterbury,0,0
Malaria,2015,South Canterbury,0,0
Giardiasis,2015,South Canterbury,13,22.1
Trichinosis,2015,South Canterbury,0,0
Tuberculosis disease,2015,South Canterbury,0,0
Mpox,2015,South Canterbury,0,0
Pertussis,2015,South Canterbury,4,suppressed
Hepatitis A,2015,South Canterbury,0,0
Campylobacteriosis,2015,South Canterbury,126,214.3
Rubella,2015,South Canterbury,0,0
Invasive group A streptococcal infection,2015,South Canterbury,0,0
Typhoid fever,2015,South Canterbury,0,0
Listeriosis,2015,South Canterbury,0,0
Hepatitis B,2015,South Canterbury,0,0
Hepatitis C,2015,South Canterbury,0,0
Leprosy,2015,South Canterbury,0,0
Meningoencephalitis - primary amoebic,2015,South Canterbury,0,0
Mumps,2015,South Canterbury,0,0
Salmonellosis,2015,South Canterbury,26,44.2
Invasive pneumococcal disease,2015,South Canterbury,3,suppressed
VTEC/STEC infection,2015,South Canterbury,6,10.2
Paratyphoid fever,2015,South Canterbury,0,0
Shigellosis,2015,South Canterbury,0,0
Meningococcal disease,2015,South Canterbury,1,suppressed
Pertussis,2015,Southern,169,53.3
Diphtheria,2015,Southern,0,0
Acute gastroenteritis,2015,Southern,12,3.8
Mumps,2015,Southern,0,0
Yersiniosis,2015,Southern,38,12
Toxic shellfish poisoning,2015,Southern,0,0
Cysticercosis,2015,Southern,0,0
Cryptosporidiosis,2015,Southern,61,19.2
Tetanus,2015,Southern,0,0
Listeriosis,2015,Southern,1,suppressed
Rabies and other lyssaviruses,2015,Southern,0,0
Poliomyelitis,2015,Southern,0,0
Q fever,2015,Southern,0,0
Invasive group A streptococcal infection,2015,Southern,0,0
Tuberculosis disease,2015,Southern,6,1.9
Rubella,2015,Southern,0,0
Paratyphoid fever,2015,Southern,2,suppressed
Hepatitis NOS,2015,Southern,1,suppressed
Cholera,2015,Southern,0,0
Measles,2015,Southern,0,0
Shigellosis,2015,Southern,7,2.2
Hepatitis A,2015,Southern,3,suppressed
Rickettsial disease,2015,Southern,0,0
Trichinosis,2015,Southern,0,0
Typhoid fever,2015,Southern,3,suppressed
Rheumatic fever,2015,Southern,0,0
Taeniasis,2015,Southern,0,0
Arboviral diseases,2015,Southern,8,2.5
Hepatitis B,2015,Southern,0,0
Haemophilus influenzae type b,2015,Southern,0,0
Invasive pneumococcal disease,2015,Southern,31,9.8
Meningoencephalitis - primary amoebic,2015,Southern,0,0
Legionellosis,2015,Southern,12,3.8
Campylobacteriosis,2015,Southern,512,161.6
Mpox,2015,Southern,0,0
Giardiasis,2015,Southern,72,22.7
Hydatid disease,2015,Southern,0,0
VTEC/STEC infection,2015,Southern,16,5
Leptospirosis,2015,Southern,8,2.5
Brucellosis,2015,Southern,0,0
Leprosy,2015,Southern,1,suppressed
Malaria,2015,Southern,1,suppressed
Salmonellosis,2015,Southern,136,42.9
Meningococcal disease,2015,Southern,4,suppressed
Hepatitis C,2015,Southern,3,suppressed
Cryptosporidiosis,2015,Tairawhiti,4,suppressed
Rabies and other lyssaviruses,2015,Tairawhiti,0,0
Acute gastroenteritis,2015,Tairawhiti,3,suppressed
Salmonellosis,2015,Tairawhiti,13,27
Leptospirosis,2015,Tairawhiti,0,0
Cholera,2015,Tairawhiti,0,0
Shigellosis,2015,Tairawhiti,0,0
Toxic shellfish poisoning,2015,Tairawhiti,0,0
Rheumatic fever,2015,Tairawhiti,3,suppressed
Hepatitis A,2015,Tairawhiti,1,suppressed
Diphtheria,2015,Tairawhiti,0,0
Cysticercosis,2015,Tairawhiti,0,0
Poliomyelitis,2015,Tairawhiti,0,0
Yersiniosis,2015,Tairawhiti,10,20.8
Meningoencephalitis - primary amoebic,2015,Tairawhiti,0,0
Q fever,2015,Tairawhiti,0,0
Invasive pneumococcal disease,2015,Tairawhiti,7,14.6
Rubella,2015,Tairawhiti,0,0
Campylobacteriosis,2015,Tairawhiti,49,101.9
Trichinosis,2015,Tairawhiti,0,0
Invasive group A streptococcal infection,2015,Tairawhiti,0,0
Brucellosis,2015,Tairawhiti,0,0
Mumps,2015,Tairawhiti,1,suppressed
Mpox,2015,Tairawhiti,0,0
Measles,2015,Tairawhiti,0,0
Giardiasis,2015,Tairawhiti,21,43.7
Rickettsial disease,2015,Tairawhiti,0,0
Leprosy,2015,Tairawhiti,0,0
Tetanus,2015,Tairawhiti,0,0
Paratyphoid fever,2015,Tairawhiti,0,0
Arboviral diseases,2015,Tairawhiti,1,suppressed
Typhoid fever,2015,Tairawhiti,0,0
Meningococcal disease,2015,Tairawhiti,1,suppressed
Taeniasis,2015,Tairawhiti,0,0
Pertussis,2015,Tairawhiti,5,10.4
Hepatitis NOS,2015,Tairawhiti,0,0
Legionellosis,2015,Tairawhiti,0,0
Haemophilus influenzae type b,2015,Tairawhiti,0,0
Listeriosis,2015,Tairawhiti,0,0
Hydatid disease,2015,Tairawhiti,1,suppressed
Malaria,2015,Tairawhiti,0,0
Tuberculosis disease,2015,Tairawhiti,1,suppressed
Hepatitis B,2015,Tairawhiti,0,0
Hepatitis C,2015,Tairawhiti,0,0
VTEC/STEC infection,2015,Tairawhiti,0,0
Rabies and other lyssaviruses,2015,Taranaki,0,0
Toxic shellfish poisoning,2015,Taranaki,0,0
Salmonellosis,2015,Taranaki,25,21.4
Cysticercosis,2015,Taranaki,0,0
Cryptosporidiosis,2015,Taranaki,24,20.6
Rheumatic fever,2015,Taranaki,2,suppressed
Cholera,2015,Taranaki,0,0
Q fever,2015,Taranaki,0,0
Campylobacteriosis,2015,Taranaki,225,192.7
Shigellosis,2015,Taranaki,1,suppressed
Diphtheria,2015,Taranaki,0,0
Arboviral diseases,2015,Taranaki,1,suppressed
Pertussis,2015,Taranaki,11,9.4
Invasive pneumococcal disease,2015,Taranaki,7,6
Hepatitis A,2015,Taranaki,0,0
Poliomyelitis,2015,Taranaki,0,0
Invasive group A streptococcal infection,2015,Taranaki,0,0
Yersiniosis,2015,Taranaki,16,13.7
Legionellosis,2015,Taranaki,4,suppressed
Leprosy,2015,Taranaki,0,0
Hepatitis NOS,2015,Taranaki,0,0
Brucellosis,2015,Taranaki,0,0
Mumps,2015,Taranaki,3,suppressed
Rubella,2015,Taranaki,0,0
Tetanus,2015,Taranaki,0,0
Giardiasis,2015,Taranaki,28,24
Mpox,2015,Taranaki,0,0
Typhoid fever,2015,Taranaki,0,0
Rickettsial disease,2015,Taranaki,0,0
Paratyphoid fever,2015,Taranaki,0,0
Leptospirosis,2015,Taranaki,4,suppressed
Trichinosis,2015,Taranaki,0,0
Haemophilus influenzae type b,2015,Taranaki,0,0
Taeniasis,2015,Taranaki,0,0
Meningococcal disease,2015,Taranaki,3,suppressed
Measles,2015,Taranaki,0,0
Tuberculosis disease,2015,Taranaki,2,suppressed
Hepatitis C,2015,Taranaki,4,suppressed
Listeriosis,2015,Taranaki,0,0
Hydatid disease,2015,Taranaki,0,0
Meningoencephalitis - primary amoebic,2015,Taranaki,0,0
Hepatitis B,2015,Taranaki,2,suppressed
Malaria,2015,Taranaki,0,0
VTEC/STEC infection,2015,Taranaki,8,6.9
Acute gastroenteritis,2015,Taranaki,7,6
Rabies and other lyssaviruses,2015,Waikato,0,0
Leptospirosis,2015,Waikato,9,2.3
Cholera,2015,Waikato,0,0
Cryptosporidiosis,2015,Waikato,116,29.5
Taeniasis,2015,Waikato,0,0
Trichinosis,2015,Waikato,0,0
Poliomyelitis,2015,Waikato,0,0
Rheumatic fever,2015,Waikato,9,2.3
Yersiniosis,2015,Waikato,48,12.2
Legionellosis,2015,Waikato,18,4.6
Acute gastroenteritis,2015,Waikato,7,1.8
Listeriosis,2015,Waikato,1,suppressed
Campylobacteriosis,2015,Waikato,599,152.4
Rickettsial disease,2015,Waikato,1,suppressed
Diphtheria,2015,Waikato,0,0
Cysticercosis,2015,Waikato,1,suppressed
Hydatid disease,2015,Waikato,0,0
Paratyphoid fever,2015,Waikato,6,1.5
Salmonellosis,2015,Waikato,63,16
Brucellosis,2015,Waikato,0,0
Pertussis,2015,Waikato,91,23.2
Q fever,2015,Waikato,0,0
Mpox,2015,Waikato,0,0
Invasive pneumococcal disease,2015,Waikato,39,9.9
Malaria,2015,Waikato,0,0
Toxic shellfish poisoning,2015,Waikato,0,0
Typhoid fever,2015,Waikato,1,suppressed
Mumps,2015,Waikato,0,0
Haemophilus influenzae type b,2015,Waikato,0,0
Hepatitis A,2015,Waikato,0,0
Meningoencephalitis - primary amoebic,2015,Waikato,0,0
Invasive group A streptococcal infection,2015,Waikato,0,0
Meningococcal disease,2015,Waikato,4,suppressed
Giardiasis,2015,Waikato,113,28.8
Shigellosis,2015,Waikato,6,1.5
Tetanus,2015,Waikato,0,0
Rubella,2015,Waikato,0,0
Hepatitis B,2015,Waikato,2,suppressed
Measles,2015,Waikato,2,suppressed
Hepatitis NOS,2015,Waikato,0,0
VTEC/STEC infection,2015,Waikato,53,13.5
Tuberculosis disease,2015,Waikato,23,5.9
Arboviral diseases,2015,Waikato,10,2.5
Hepatitis C,2015,Waikato,0,0
Leprosy,2015,Waikato,0,0
Pertussis,2015,Wairarapa,6,13.6
Cryptosporidiosis,2015,Wairarapa,11,25
Rabies and other lyssaviruses,2015,Wairarapa,0,0
Invasive group A streptococcal infection,2015,Wairarapa,0,0
Measles,2015,Wairarapa,0,0
Leptospirosis,2015,Wairarapa,3,suppressed
Toxic shellfish poisoning,2015,Wairarapa,0,0
Cholera,2015,Wairarapa,0,0
Trichinosis,2015,Wairarapa,0,0
Meningococcal disease,2015,Wairarapa,1,suppressed
Arboviral diseases,2015,Wairarapa,0,0
Leprosy,2015,Wairarapa,0,0
Tetanus,2015,Wairarapa,0,0
Poliomyelitis,2015,Wairarapa,0,0
Campylobacteriosis,2015,Wairarapa,72,163.7
Q fever,2015,Wairarapa,0,0
Diphtheria,2015,Wairarapa,0,0
Haemophilus influenzae type b,2015,Wairarapa,0,0
Invasive pneumococcal disease,2015,Wairarapa,6,13.6
Mpox,2015,Wairarapa,0,0
Mumps,2015,Wairarapa,0,0
Hepatitis A,2015,Wairarapa,0,0
Meningoencephalitis - primary amoebic,2015,Wairarapa,0,0
Cysticercosis,2015,Wairarapa,0,0
Shigellosis,2015,Wairarapa,0,0
Yersiniosis,2015,Wairarapa,1,suppressed
Giardiasis,2015,Wairarapa,14,31.8
Malaria,2015,Wairarapa,0,0
Hepatitis C,2015,Wairarapa,0,0
Acute gastroenteritis,2015,Wairarapa,5,11.4
Rickettsial disease,2015,Wairarapa,0,0
Paratyphoid fever,2015,Wairarapa,1,suppressed
Legionellosis,2015,Wairarapa,3,suppressed
Salmonellosis,2015,Wairarapa,10,22.7
Tuberculosis disease,2015,Wairarapa,0,0
Rubella,2015,Wairarapa,0,0
VTEC/STEC infection,2015,Wairarapa,1,suppressed
Hepatitis NOS,2015,Wairarapa,1,suppressed
Rheumatic fever,2015,Wairarapa,1,suppressed
Typhoid fever,2015,Wairarapa,0,0
Listeriosis,2015,Wairarapa,1,suppressed
Brucellosis,2015,Wairarapa,0,0
Hydatid disease,2015,Wairarapa,0,0
Taeniasis,2015,Wairarapa,0,0
Hepatitis B,2015,Wairarapa,0,0
Acute gastroenteritis,2015,Waitemata,65,11.3
Q fever,2015,Waitemata,0,0
Legionellosis,2015,Waitemata,45,7.8
Cholera,2015,Waitemata,0,0
Invasive group A streptococcal infection,2015,Waitemata,0,0
Cysticercosis,2015,Waitemata,0,0
Taeniasis,2015,Waitemata,2,suppressed
Rickettsial disease,2015,Waitemata,5,0.9
Leptospirosis,2015,Waitemata,2,suppressed
Cryptosporidiosis,2015,Waitemata,83,14.4
Typhoid fever,2015,Waitemata,2,suppressed
Arboviral diseases,2015,Waitemata,29,5
Tetanus,2015,Waitemata,0,0
Brucellosis,2015,Waitemata,0,0
Toxic shellfish poisoning,2015,Waitemata,0,0
VTEC/STEC infection,2015,Waitemata,62,10.8
Hydatid disease,2015,Waitemata,0,0
Diphtheria,2015,Waitemata,0,0
Mpox,2015,Waitemata,0,0
Giardiasis,2015,Waitemata,211,36.7
Pertussis,2015,Waitemata,131,22.8
Campylobacteriosis,2015,Waitemata,818,142.2
Tuberculosis disease,2015,Waitemata,40,7
Hepatitis NOS,2015,Waitemata,1,suppressed
Poliomyelitis,2015,Waitemata,0,0
Rabies and other lyssaviruses,2015,Waitemata,0,0
Salmonellosis,2015,Waitemata,143,24.9
Hepatitis A,2015,Waitemata,8,1.4
Malaria,2015,Waitemata,10,1.7
Meningoencephalitis - primary amoebic,2015,Waitemata,0,0
Listeriosis,2015,Waitemata,2,suppressed
Rheumatic fever,2015,Waitemata,9,1.6
Invasive pneumococcal disease,2015,Waitemata,35,6.1
Yersiniosis,2015,Waitemata,54,9.4
Haemophilus influenzae type b,2015,Waitemata,0,0
Hepatitis B,2015,Waitemata,4,suppressed
Shigellosis,2015,Waitemata,13,2.3
Mumps,2015,Waitemata,2,suppressed
Trichinosis,2015,Waitemata,0,0
Measles,2015,Waitemata,0,0
Meningococcal disease,2015,Waitemata,10,1.7
Rubella,2015,Waitemata,0,0
Hepatitis C,2015,Waitemata,2,suppressed
Paratyphoid fever,2015,Waitemata,5,0.9
Leprosy,2015,Waitemata,0,0
Rabies and other lyssaviruses,2015,West Coast,0,0
Arboviral diseases,2015,West Coast,0,0
Diphtheria,2015,West Coast,0,0
Cholera,2015,West Coast,0,0
Toxic shellfish poisoning,2015,West Coast,0,0
Mpox,2015,West Coast,0,0
Mumps,2015,West Coast,0,0
Hepatitis A,2015,West Coast,0,0
Measles,2015,West Coast,0,0
Haemophilus influenzae type b,2015,West Coast,2,suppressed
Leptospirosis,2015,West Coast,4,suppressed
Q fever,2015,West Coast,0,0
Cryptosporidiosis,2015,West Coast,5,15.2
Trichinosis,2015,West Coast,0,0
Rubella,2015,West Coast,0,0
Meningococcal disease,2015,West Coast,1,suppressed
Poliomyelitis,2015,West Coast,0,0
Invasive pneumococcal disease,2015,West Coast,4,suppressed
Invasive group A streptococcal infection,2015,West Coast,0,0
Cysticercosis,2015,West Coast,0,0
Hepatitis C,2015,West Coast,1,suppressed
Paratyphoid fever,2015,West Coast,0,0
Campylobacteriosis,2015,West Coast,80,243.5
Hepatitis NOS,2015,West Coast,0,0
Shigellosis,2015,West Coast,0,0
Yersiniosis,2015,West Coast,7,21.3
Malaria,2015,West Coast,0,0
Meningoencephalitis - primary amoebic,2015,West Coast,0,0
Acute gastroenteritis,2015,West Coast,6,18.3
Listeriosis,2015,West Coast,0,0
Pertussis,2015,West Coast,1,suppressed
Salmonellosis,2015,West Coast,7,21.3
Legionellosis,2015,West Coast,4,suppressed
Rheumatic fever,2015,West Coast,0,0
Rickettsial disease,2015,West Coast,0,0
Hydatid disease,2015,West Coast,0,0
VTEC/STEC infection,2015,West Coast,3,suppressed
Taeniasis,2015,West Coast,0,0
Giardiasis,2015,West Coast,11,33.5
Leprosy,2015,West Coast,0,0
Tetanus,2015,West Coast,0,0
Tuberculosis disease,2015,West Coast,1,suppressed
Brucellosis,2015,West Coast,0,0
Typhoid fever,2015,West Coast,0,0
Hepatitis B,2015,West Coast,0,0
Diphtheria,2015,Whanganui,0,0
Yersiniosis,2015,Whanganui,6,9.4
Taeniasis,2015,Whanganui,0,0
Meningococcal disease,2015,Whanganui,1,suppressed
Cysticercosis,2015,Whanganui,0,0
Mpox,2015,Whanganui,0,0
Hepatitis NOS,2015,Whanganui,0,0
Rabies and other lyssaviruses,2015,Whanganui,0,0
Leptospirosis,2015,Whanganui,4,suppressed
Mumps,2015,Whanganui,0,0
Q fever,2015,Whanganui,0,0
Listeriosis,2015,Whanganui,1,suppressed
Toxic shellfish poisoning,2015,Whanganui,0,0
Legionellosis,2015,Whanganui,1,suppressed
Hepatitis B,2015,Whanganui,0,0
Meningoencephalitis - primary amoebic,2015,Whanganui,0,0
Tetanus,2015,Whanganui,0,0
Rheumatic fever,2015,Whanganui,0,0
Measles,2015,Whanganui,0,0
Shigellosis,2015,Whanganui,0,0
Invasive group A streptococcal infection,2015,Whanganui,0,0
Poliomyelitis,2015,Whanganui,0,0
Acute gastroenteritis,2015,Whanganui,17,26.6
Haemophilus influenzae type b,2015,Whanganui,0,0
Hydatid disease,2015,Whanganui,0,0
Hepatitis A,2015,Whanganui,0,0
Pertussis,2015,Whanganui,21,32.8
Invasive pneumococcal disease,2015,Whanganui,7,10.9
Arboviral diseases,2015,Whanganui,0,0
Typhoid fever,2015,Whanganui,0,0
Trichinosis,2015,Whanganui,0,0
Rickettsial disease,2015,Whanganui,0,0
Cholera,2015,Whanganui,0,0
Cryptosporidiosis,2015,Whanganui,9,14.1
Leprosy,2015,Whanganui,0,0
Hepatitis C,2015,Whanganui,1,suppressed
Tuberculosis disease,2015,Whanganui,3,suppressed
Malaria,2015,Whanganui,0,0
Salmonellosis,2015,Whanganui,9,14.1
Giardiasis,2015,Whanganui,18,28.1
VTEC/STEC infection,2015,Whanganui,3,suppressed
Brucellosis,2015,Whanganui,0,0
Campylobacteriosis,2015,Whanganui,86,134.4
Rubella,2015,Whanganui,0,0
Paratyphoid fever,2015,Whanganui,1,suppressed
Rabies and other lyssaviruses,2016,Auckland,0,0
Trichinosis,2016,Auckland,0,0
Leptospirosis,2016,Auckland,1,suppressed
Mpox,2016,Auckland,0,0
Diphtheria,2016,Auckland,0,0
Measles,2016,Auckland,2,suppressed
Giardiasis,2016,Auckland,180,37.4
Poliomyelitis,2016,Auckland,0,0
Cholera,2016,Auckland,0,0
Salmonellosis,2016,Auckland,103,21.4
Cryptosporidiosis,2016,Auckland,101,21
Rubella,2016,Auckland,0,0
Leprosy,2016,Auckland,0,0
Pertussis,2016,Auckland,54,11.2
Haemophilus influenzae type b,2016,Auckland,1,suppressed
Toxic shellfish poisoning,2016,Auckland,0,0
Q fever,2016,Auckland,0,0
Cysticercosis,2016,Auckland,0,0
Rheumatic fever,2016,Auckland,24,5
Meningococcal disease,2016,Auckland,5,1
Mumps,2016,Auckland,2,suppressed
Malaria,2016,Auckland,9,1.9
Hepatitis A,2016,Auckland,6,1.2
Meningoencephalitis - primary amoebic,2016,Auckland,0,0
Shigellosis,2016,Auckland,31,6.4
Brucellosis,2016,Auckland,0,0
Campylobacteriosis,2016,Auckland,520,108
Rickettsial disease,2016,Auckland,0,0
Listeriosis,2016,Auckland,5,1
Hepatitis C,2016,Auckland,0,0
Invasive pneumococcal disease,2016,Auckland,54,11.2
Hepatitis NOS,2016,Auckland,2,suppressed
Tetanus,2016,Auckland,0,0
Legionellosis,2016,Auckland,27,5.6
Invasive group A streptococcal infection,2016,Auckland,0,0
Yersiniosis,2016,Auckland,97,20.2
Taeniasis,2016,Auckland,0,0
VTEC/STEC infection,2016,Auckland,45,9.3
Acute gastroenteritis,2016,Auckland,99,20.6
Hydatid disease,2016,Auckland,0,0
Typhoid fever,2016,Auckland,12,2.5
Arboviral diseases,2016,Auckland,60,12.5
Hepatitis B,2016,Auckland,8,1.7
Tuberculosis disease,2016,Auckland,57,11.8
Paratyphoid fever,2016,Auckland,9,1.9
Invasive pneumococcal disease,2016,Bay of Plenty,33,14.2
Rabies and other lyssaviruses,2016,Bay of Plenty,0,0
Salmonellosis,2016,Bay of Plenty,41,17.6
Hydatid disease,2016,Bay of Plenty,0,0
Cysticercosis,2016,Bay of Plenty,0,0
Hepatitis NOS,2016,Bay of Plenty,0,0
Haemophilus influenzae type b,2016,Bay of Plenty,0,0
Rubella,2016,Bay of Plenty,1,suppressed
Leptospirosis,2016,Bay of Plenty,3,suppressed
Mpox,2016,Bay of Plenty,0,0
Legionellosis,2016,Bay of Plenty,25,10.7
Cryptosporidiosis,2016,Bay of Plenty,16,6.9
Cholera,2016,Bay of Plenty,0,0
Rheumatic fever,2016,Bay of Plenty,8,3.4
Shigellosis,2016,Bay of Plenty,8,3.4
VTEC/STEC infection,2016,Bay of Plenty,21,9
Campylobacteriosis,2016,Bay of Plenty,246,105.6
Malaria,2016,Bay of Plenty,2,suppressed
Taeniasis,2016,Bay of Plenty,1,suppressed
Pertussis,2016,Bay of Plenty,51,21.9
Mumps,2016,Bay of Plenty,0,0
Invasive group A streptococcal infection,2016,Bay of Plenty,0,0
Arboviral diseases,2016,Bay of Plenty,20,8.6
Yersiniosis,2016,Bay of Plenty,50,21.5
Meningoencephalitis - primary amoebic,2016,Bay of Plenty,0,0
Rickettsial disease,2016,Bay of Plenty,0,0
Q fever,2016,Bay of Plenty,0,0
Hepatitis B,2016,Bay of Plenty,1,suppressed
Listeriosis,2016,Bay of Plenty,4,suppressed
Hepatitis C,2016,Bay of Plenty,0,0
Meningococcal disease,2016,Bay of Plenty,7,3
Giardiasis,2016,Bay of Plenty,71,30.5
Tetanus,2016,Bay of Plenty,0,0
Acute gastroenteritis,2016,Bay of Plenty,28,12
Leprosy,2016,Bay of Plenty,0,0
Typhoid fever,2016,Bay of Plenty,2,suppressed
Paratyphoid fever,2016,Bay of Plenty,1,suppressed
Trichinosis,2016,Bay of Plenty,0,0
Toxic shellfish poisoning,2016,Bay of Plenty,0,0
Poliomyelitis,2016,Bay of Plenty,0,0
Tuberculosis disease,2016,Bay of Plenty,11,4.7
Hepatitis A,2016,Bay of Plenty,0,0
Measles,2016,Bay of Plenty,0,0
Diphtheria,2016,Bay of Plenty,0,0
Brucellosis,2016,Bay of Plenty,0,0
Toxic shellfish poisoning,2016,Canterbury,0,0
Cholera,2016,Canterbury,0,0
Cysticercosis,2016,Canterbury,0,0
Rabies and other lyssaviruses,2016,Canterbury,0,0
Hepatitis A,2016,Canterbury,1,suppressed
Leptospirosis,2016,Canterbury,1,suppressed
Diphtheria,2016,Canterbury,1,suppressed
Q fever,2016,Canterbury,0,0
Cryptosporidiosis,2016,Canterbury,106,19.6
Typhoid fever,2016,Canterbury,1,suppressed
Yersiniosis,2016,Canterbury,186,34.4
Trichinosis,2016,Canterbury,0,0
Rickettsial disease,2016,Canterbury,0,0
Taeniasis,2016,Canterbury,0,0
Hydatid disease,2016,Canterbury,0,0
Pertussis,2016,Canterbury,278,51.4
Haemophilus influenzae type b,2016,Canterbury,0,0
Measles,2016,Canterbury,0,0
Brucellosis,2016,Canterbury,0,0
Rheumatic fever,2016,Canterbury,4,suppressed
Tetanus,2016,Canterbury,0,0
Salmonellosis,2016,Canterbury,134,24.8
Shigellosis,2016,Canterbury,10,1.8
Mpox,2016,Canterbury,0,0
Poliomyelitis,2016,Canterbury,0,0
Legionellosis,2016,Canterbury,37,6.8
Leprosy,2016,Canterbury,0,0
Meningococcal disease,2016,Canterbury,3,suppressed
Arboviral diseases,2016,Canterbury,25,4.6
Hepatitis NOS,2016,Canterbury,1,suppressed
Meningoencephalitis - primary amoebic,2016,Canterbury,0,0
Campylobacteriosis,2016,Canterbury,760,140.5
Paratyphoid fever,2016,Canterbury,5,0.9
Invasive group A streptococcal infection,2016,Canterbury,0,0
Listeriosis,2016,Canterbury,3,suppressed
Mumps,2016,Canterbury,0,0
Invasive pneumococcal disease,2016,Canterbury,44,8.1
Hepatitis C,2016,Canterbury,7,1.3
VTEC/STEC infection,2016,Canterbury,16,3
Giardiasis,2016,Canterbury,167,30.9
Tuberculosis disease,2016,Canterbury,28,5.2
Malaria,2016,Canterbury,3,suppressed
Rubella,2016,Canterbury,1,suppressed
Acute gastroenteritis,2016,Canterbury,40,7.4
Hepatitis B,2016,Canterbury,4,suppressed
Pertussis,2016,"Capital, Coast and Hutt Valley",140,30.6
Salmonellosis,2016,"Capital, Coast and Hutt Valley",100,21.9
Invasive pneumococcal disease,2016,"Capital, Coast and Hutt Valley",35,7.7
Mpox,2016,"Capital, Coast and Hutt Valley",0,0
Cholera,2016,"Capital, Coast and Hutt Valley",0,0
Rheumatic fever,2016,"Capital, Coast and Hutt Valley",10,2.2
Rubella,2016,"Capital, Coast and Hutt Valley",0,0
Cysticercosis,2016,"Capital, Coast and Hutt Valley",0,0
Cryptosporidiosis,2016,"Capital, Coast and Hutt Valley",75,16.4
Q fever,2016,"Capital, Coast and Hutt Valley",0,0
Legionellosis,2016,"Capital, Coast and Hutt Valley",20,4.4
Tuberculosis disease,2016,"Capital, Coast and Hutt Valley",23,5
VTEC/STEC infection,2016,"Capital, Coast and Hutt Valley",6,1.3
Haemophilus influenzae type b,2016,"Capital, Coast and Hutt Valley",0,0
Taeniasis,2016,"Capital, Coast and Hutt Valley",2,suppressed
Measles,2016,"Capital, Coast and Hutt Valley",6,1.3
Invasive group A streptococcal infection,2016,"Capital, Coast and Hutt Valley",0,0
Campylobacteriosis,2016,"Capital, Coast and Hutt Valley",608,133
Paratyphoid fever,2016,"Capital, Coast and Hutt Valley",3,suppressed
Meningoencephalitis - primary amoebic,2016,"Capital, Coast and Hutt Valley",0,0
Leptospirosis,2016,"Capital, Coast and Hutt Valley",1,suppressed
Rickettsial disease,2016,"Capital, Coast and Hutt Valley",0,0
Toxic shellfish poisoning,2016,"Capital, Coast and Hutt Valley",0,0
Hepatitis NOS,2016,"Capital, Coast and Hutt Valley",0,0
Arboviral diseases,2016,"Capital, Coast and Hutt Valley",39,8.5
Mumps,2016,"Capital, Coast and Hutt Valley",2,suppressed
Typhoid fever,2016,"Capital, Coast and Hutt Valley",1,suppressed
Giardiasis,2016,"Capital, Coast and Hutt Valley",158,34.6
Tetanus,2016,"Capital, Coast and Hutt Valley",0,0
Hepatitis A,2016,"Capital, Coast and Hutt Valley",6,1.3
Rabies and other lyssaviruses,2016,"Capital, Coast and Hutt Valley",0,0
Leprosy,2016,"Capital, Coast and Hutt Valley",0,0
Acute gastroenteritis,2016,"Capital, Coast and Hutt Valley",104,22.8
Diphtheria,2016,"Capital, Coast and Hutt Valley",0,0
Hepatitis C,2016,"Capital, Coast and Hutt Valley",4,suppressed
Shigellosis,2016,"Capital, Coast and Hutt Valley",12,2.6
Hydatid disease,2016,"Capital, Coast and Hutt Valley",0,0
Hepatitis B,2016,"Capital, Coast and Hutt Valley",3,suppressed
Poliomyelitis,2016,"Capital, Coast and Hutt Valley",0,0
Brucellosis,2016,"Capital, Coast and Hutt Valley",0,0
Malaria,2016,"Capital, Coast and Hutt Valley",0,0
Yersiniosis,2016,"Capital, Coast and Hutt Valley",118,25.8
Trichinosis,2016,"Capital, Coast and Hutt Valley",0,0
Meningococcal disease,2016,"Capital, Coast and Hutt Valley",7,1.5
Listeriosis,2016,"Capital, Coast and Hutt Valley",5,1.1
Salmonellosis,2016,Counties Manukau,75,13.9
Yersiniosis,2016,Counties Manukau,55,10.2
Cryptosporidiosis,2016,Counties Manukau,94,17.5
Q fever,2016,Counties Manukau,0,0
Cholera,2016,Counties Manukau,0,0
Typhoid fever,2016,Counties Manukau,13,2.4
Leprosy,2016,Counties Manukau,0,0
Arboviral diseases,2016,Counties Manukau,59,11
Legionellosis,2016,Counties Manukau,23,4.3
Tetanus,2016,Counties Manukau,0,0
Measles,2016,Counties Manukau,6,1.1
Mumps,2016,Counties Manukau,4,suppressed
Rickettsial disease,2016,Counties Manukau,1,suppressed
Invasive group A streptococcal infection,2016,Counties Manukau,0,0
Hepatitis A,2016,Counties Manukau,4,suppressed
Meningoencephalitis - primary amoebic,2016,Counties Manukau,0,0
Haemophilus influenzae type b,2016,Counties Manukau,1,suppressed
Cysticercosis,2016,Counties Manukau,0,0
Diphtheria,2016,Counties Manukau,0,0
Rheumatic fever,2016,Counties Manukau,44,8.2
Rabies and other lyssaviruses,2016,Counties Manukau,0,0
Mpox,2016,Counties Manukau,0,0
Shigellosis,2016,Counties Manukau,34,6.3
Invasive pneumococcal disease,2016,Counties Manukau,85,15.8
Meningococcal disease,2016,Counties Manukau,12,2.2
Acute gastroenteritis,2016,Counties Manukau,44,8.2
Malaria,2016,Counties Manukau,0,0
Campylobacteriosis,2016,Counties Manukau,506,94
Brucellosis,2016,Counties Manukau,0,0
Hepatitis C,2016,Counties Manukau,0,0
Leptospirosis,2016,Counties Manukau,5,0.9
Rubella,2016,Counties Manukau,0,0
Poliomyelitis,2016,Counties Manukau,0,0
Toxic shellfish poisoning,2016,Counties Manukau,0,0
Hepatitis NOS,2016,Counties Manukau,3,suppressed
Trichinosis,2016,Counties Manukau,0,0
VTEC/STEC infection,2016,Counties Manukau,64,11.9
Taeniasis,2016,Counties Manukau,1,suppressed
Giardiasis,2016,Counties Manukau,185,34.4
Hydatid disease,2016,Counties Manukau,1,suppressed
Pertussis,2016,Counties Manukau,50,9.3
Paratyphoid fever,2016,Counties Manukau,4,suppressed
Tuberculosis disease,2016,Counties Manukau,63,11.7
Listeriosis,2016,Counties Manukau,4,suppressed
Hepatitis B,2016,Counties Manukau,6,1.1
Legionellosis,2016,Hawke's Bay,4,suppressed
Cysticercosis,2016,Hawke's Bay,0,0
Invasive pneumococcal disease,2016,Hawke's Bay,13,7.8
Pertussis,2016,Hawke's Bay,16,9.6
Poliomyelitis,2016,Hawke's Bay,0,0
Cryptosporidiosis,2016,Hawke's Bay,24,14.4
Q fever,2016,Hawke's Bay,0,0
VTEC/STEC infection,2016,Hawke's Bay,9,5.4
Rickettsial disease,2016,Hawke's Bay,0,0
Tetanus,2016,Hawke's Bay,0,0
Rabies and other lyssaviruses,2016,Hawke's Bay,0,0
Mpox,2016,Hawke's Bay,0,0
Leptospirosis,2016,Hawke's Bay,12,7.2
Salmonellosis,2016,Hawke's Bay,38,22.8
Rubella,2016,Hawke's Bay,0,0
Diphtheria,2016,Hawke's Bay,0,0
Hepatitis C,2016,Hawke's Bay,1,suppressed
Giardiasis,2016,Hawke's Bay,77,46.2
Shigellosis,2016,Hawke's Bay,3,suppressed
Arboviral diseases,2016,Hawke's Bay,11,6.6
Campylobacteriosis,2016,Hawke's Bay,1334,799.9
Yersiniosis,2016,Hawke's Bay,19,11.4
Taeniasis,2016,Hawke's Bay,0,0
Measles,2016,Hawke's Bay,0,0
Hepatitis NOS,2016,Hawke's Bay,0,0
Rheumatic fever,2016,Hawke's Bay,8,4.8
Invasive group A streptococcal infection,2016,Hawke's Bay,0,0
Mumps,2016,Hawke's Bay,1,suppressed
Hepatitis A,2016,Hawke's Bay,0,0
Malaria,2016,Hawke's Bay,1,suppressed
Meningococcal disease,2016,Hawke's Bay,2,suppressed
Meningoencephalitis - primary amoebic,2016,Hawke's Bay,0,0
Tuberculosis disease,2016,Hawke's Bay,16,9.6
Cholera,2016,Hawke's Bay,0,0
Typhoid fever,2016,Hawke's Bay,0,0
Trichinosis,2016,Hawke's Bay,0,0
Hydatid disease,2016,Hawke's Bay,0,0
Toxic shellfish poisoning,2016,Hawke's Bay,0,0
Hepatitis B,2016,Hawke's Bay,1,suppressed
Brucellosis,2016,Hawke's Bay,0,0
Paratyphoid fever,2016,Hawke's Bay,3,suppressed
Leprosy,2016,Hawke's Bay,0,0
Listeriosis,2016,Hawke's Bay,2,suppressed
Acute gastroenteritis,2016,Hawke's Bay,3,suppressed
Haemophilus influenzae type b,2016,Hawke's Bay,0,0
Yersiniosis,2016,Lakes,25,22.9
Mumps,2016,Lakes,2,suppressed
Pertussis,2016,Lakes,44,40.3
Cholera,2016,Lakes,0,0
Campylobacteriosis,2016,Lakes,130,119.1
Rubella,2016,Lakes,0,0
Shigellosis,2016,Lakes,0,0
Hepatitis A,2016,Lakes,0,0
Legionellosis,2016,Lakes,2,suppressed
Q fever,2016,Lakes,0,0
Rabies and other lyssaviruses,2016,Lakes,0,0
Diphtheria,2016,Lakes,0,0
Measles,2016,Lakes,0,0
Arboviral diseases,2016,Lakes,3,suppressed
Salmonellosis,2016,Lakes,22,20.2
Invasive pneumococcal disease,2016,Lakes,22,20.2
Meningoencephalitis - primary amoebic,2016,Lakes,0,0
Paratyphoid fever,2016,Lakes,0,0
Brucellosis,2016,Lakes,0,0
Cryptosporidiosis,2016,Lakes,22,20.2
Taeniasis,2016,Lakes,0,0
Rheumatic fever,2016,Lakes,5,4.6
Cysticercosis,2016,Lakes,0,0
Giardiasis,2016,Lakes,48,44
Tetanus,2016,Lakes,0,0
Toxic shellfish poisoning,2016,Lakes,1,suppressed
Haemophilus influenzae type b,2016,Lakes,0,0
Tuberculosis disease,2016,Lakes,6,5.5
Mpox,2016,Lakes,0,0
VTEC/STEC infection,2016,Lakes,7,6.4
Leprosy,2016,Lakes,0,0
Rickettsial disease,2016,Lakes,0,0
Hepatitis B,2016,Lakes,0,0
Hydatid disease,2016,Lakes,0,0
Invasive group A streptococcal infection,2016,Lakes,0,0
Leptospirosis,2016,Lakes,1,suppressed
Hepatitis C,2016,Lakes,1,suppressed
Typhoid fever,2016,Lakes,1,suppressed
Hepatitis NOS,2016,Lakes,0,0
Meningococcal disease,2016,Lakes,1,suppressed
Poliomyelitis,2016,Lakes,0,0
Listeriosis,2016,Lakes,0,0
Malaria,2016,Lakes,0,0
Trichinosis,2016,Lakes,0,0
Acute gastroenteritis,2016,Lakes,12,11
Mpox,2016,MidCentral,0,0
Yersiniosis,2016,MidCentral,14,7.9
Legionellosis,2016,MidCentral,4,suppressed
Pertussis,2016,MidCentral,27,15.3
Meningoencephalitis - primary amoebic,2016,MidCentral,0,0
Q fever,2016,MidCentral,0,0
Hepatitis NOS,2016,MidCentral,0,0
Rheumatic fever,2016,MidCentral,4,suppressed
Giardiasis,2016,MidCentral,39,22.1
Taeniasis,2016,MidCentral,0,0
Cholera,2016,MidCentral,0,0
Malaria,2016,MidCentral,1,suppressed
Shigellosis,2016,MidCentral,0,0
Salmonellosis,2016,MidCentral,45,25.5
Hydatid disease,2016,MidCentral,0,0
Rickettsial disease,2016,MidCentral,0,0
Cryptosporidiosis,2016,MidCentral,55,31.2
Brucellosis,2016,MidCentral,0,0
Measles,2016,MidCentral,21,11.9
Poliomyelitis,2016,MidCentral,0,0
Hepatitis B,2016,MidCentral,0,0
Hepatitis C,2016,MidCentral,0,0
Mumps,2016,MidCentral,0,0
Meningococcal disease,2016,MidCentral,2,suppressed
Campylobacteriosis,2016,MidCentral,294,166.7
Typhoid fever,2016,MidCentral,0,0
Rubella,2016,MidCentral,0,0
Rabies and other lyssaviruses,2016,MidCentral,0,0
Acute gastroenteritis,2016,MidCentral,43,24.4
Paratyphoid fever,2016,MidCentral,0,0
Listeriosis,2016,MidCentral,0,0
Tuberculosis disease,2016,MidCentral,7,4
Haemophilus influenzae type b,2016,MidCentral,0,0
Leptospirosis,2016,MidCentral,4,suppressed
Tetanus,2016,MidCentral,0,0
Invasive pneumococcal disease,2016,MidCentral,9,5.1
Diphtheria,2016,MidCentral,0,0
Invasive group A streptococcal infection,2016,MidCentral,0,0
Arboviral diseases,2016,MidCentral,5,2.8
Cysticercosis,2016,MidCentral,0,0
Toxic shellfish poisoning,2016,MidCentral,0,0
Trichinosis,2016,MidCentral,0,0
Hepatitis A,2016,MidCentral,0,0
Leprosy,2016,MidCentral,0,0
VTEC/STEC infection,2016,MidCentral,5,2.8
Rubella,2016,Nelson Marlborough,0,0
Cholera,2016,Nelson Marlborough,0,0
Legionellosis,2016,Nelson Marlborough,11,7.3
Typhoid fever,2016,Nelson Marlborough,1,suppressed
Rheumatic fever,2016,Nelson Marlborough,0,0
Hepatitis A,2016,Nelson Marlborough,4,suppressed
Rabies and other lyssaviruses,2016,Nelson Marlborough,0,0
Cryptosporidiosis,2016,Nelson Marlborough,23,15.3
Salmonellosis,2016,Nelson Marlborough,30,20
Taeniasis,2016,Nelson Marlborough,0,0
Meningoencephalitis - primary amoebic,2016,Nelson Marlborough,0,0
Toxic shellfish poisoning,2016,Nelson Marlborough,1,suppressed
Brucellosis,2016,Nelson Marlborough,0,0
Paratyphoid fever,2016,Nelson Marlborough,0,0
Yersiniosis,2016,Nelson Marlborough,9,6
Tetanus,2016,Nelson Marlborough,0,0
Cysticercosis,2016,Nelson Marlborough,0,0
Rickettsial disease,2016,Nelson Marlborough,0,0
Acute gastroenteritis,2016,Nelson Marlborough,3,suppressed
Diphtheria,2016,Nelson Marlborough,0,0
Leptospirosis,2016,Nelson Marlborough,3,suppressed
Invasive pneumococcal disease,2016,Nelson Marlborough,9,6
Giardiasis,2016,Nelson Marlborough,49,32.6
Pertussis,2016,Nelson Marlborough,39,26
Campylobacteriosis,2016,Nelson Marlborough,173,115.1
Trichinosis,2016,Nelson Marlborough,0,0
Leprosy,2016,Nelson Marlborough,0,0
Mpox,2016,Nelson Marlborough,0,0
Hepatitis NOS,2016,Nelson Marlborough,0,0
Arboviral diseases,2016,Nelson Marlborough,9,6
Invasive group A streptococcal infection,2016,Nelson Marlborough,0,0
Q fever,2016,Nelson Marlborough,0,0
Measles,2016,Nelson Marlborough,3,suppressed
Tuberculosis disease,2016,Nelson Marlborough,5,3.3
Haemophilus influenzae type b,2016,Nelson Marlborough,0,0
Hydatid disease,2016,Nelson Marlborough,0,0
Shigellosis,2016,Nelson Marlborough,2,suppressed
Meningococcal disease,2016,Nelson Marlborough,1,suppressed
Poliomyelitis,2016,Nelson Marlborough,0,0
Malaria,2016,Nelson Marlborough,1,suppressed
VTEC/STEC infection,2016,Nelson Marlborough,8,5.3
Hepatitis B,2016,Nelson Marlborough,0,0
Mumps,2016,Nelson Marlborough,0,0
Listeriosis,2016,Nelson Marlborough,3,suppressed
Hepatitis C,2016,Nelson Marlborough,6,4
Legionellosis,2016,Northland,21,11.9
Q fever,2016,Northland,0,0
Invasive group A streptococcal infection,2016,Northland,0,0
Cryptosporidiosis,2016,Northland,106,60.1
Cholera,2016,Northland,0,0
Poliomyelitis,2016,Northland,0,0
Typhoid fever,2016,Northland,0,0
Rabies and other lyssaviruses,2016,Northland,0,0
Salmonellosis,2016,Northland,38,21.5
Tetanus,2016,Northland,0,0
Mumps,2016,Northland,0,0
Rheumatic fever,2016,Northland,4,suppressed
Yersiniosis,2016,Northland,27,15.3
Arboviral diseases,2016,Northland,5,2.8
Hepatitis A,2016,Northland,2,suppressed
Meningoencephalitis - primary amoebic,2016,Northland,0,0
Rickettsial disease,2016,Northland,0,0
Shigellosis,2016,Northland,4,suppressed
Measles,2016,Northland,6,3.4
Acute gastroenteritis,2016,Northland,14,7.9
Cysticercosis,2016,Northland,0,0
Campylobacteriosis,2016,Northland,289,163.9
Brucellosis,2016,Northland,0,0
Hepatitis C,2016,Northland,1,suppressed
Paratyphoid fever,2016,Northland,0,0
Mpox,2016,Northland,0,0
Rubella,2016,Northland,0,0
Pertussis,2016,Northland,9,5.1
Leptospirosis,2016,Northland,15,8.5
Malaria,2016,Northland,1,suppressed
Listeriosis,2016,Northland,0,0
Haemophilus influenzae type b,2016,Northland,0,0
Invasive pneumococcal disease,2016,Northland,32,18.1
Diphtheria,2016,Northland,0,0
Toxic shellfish poisoning,2016,Northland,0,0
Leprosy,2016,Northland,0,0
Meningococcal disease,2016,Northland,2,suppressed
Giardiasis,2016,Northland,57,32.3
Hepatitis NOS,2016,Northland,0,0
Taeniasis,2016,Northland,0,0
Trichinosis,2016,Northland,0,0
Tuberculosis disease,2016,Northland,2,suppressed
VTEC/STEC infection,2016,Northland,47,26.7
Hydatid disease,2016,Northland,0,0
Hepatitis B,2016,Northland,1,suppressed
Cryptosporidiosis,2016,South Canterbury,16,26.8
Rabies and other lyssaviruses,2016,South Canterbury,0,0
Poliomyelitis,2016,South Canterbury,0,0
Rheumatic fever,2016,South Canterbury,0,0
Measles,2016,South Canterbury,0,0
Leptospirosis,2016,South Canterbury,0,0
Q fever,2016,South Canterbury,0,0
Typhoid fever,2016,South Canterbury,0,0
Cholera,2016,South Canterbury,0,0
Legionellosis,2016,South Canterbury,2,suppressed
Salmonellosis,2016,South Canterbury,22,36.8
Mumps,2016,South Canterbury,0,0
Cysticercosis,2016,South Canterbury,0,0
Haemophilus influenzae type b,2016,South Canterbury,0,0
Arboviral diseases,2016,South Canterbury,3,suppressed
Diphtheria,2016,South Canterbury,0,0
Mpox,2016,South Canterbury,0,0
Invasive group A streptococcal infection,2016,South Canterbury,0,0
Hepatitis A,2016,South Canterbury,0,0
Invasive pneumococcal disease,2016,South Canterbury,11,18.4
Taeniasis,2016,South Canterbury,0,0
Rickettsial disease,2016,South Canterbury,0,0
Meningococcal disease,2016,South Canterbury,0,0
Shigellosis,2016,South Canterbury,0,0
Hepatitis C,2016,South Canterbury,3,suppressed
Paratyphoid fever,2016,South Canterbury,0,0
Yersiniosis,2016,South Canterbury,15,25.1
Rubella,2016,South Canterbury,0,0
Malaria,2016,South Canterbury,0,0
Acute gastroenteritis,2016,South Canterbury,0,0
Brucellosis,2016,South Canterbury,0,0
Pertussis,2016,South Canterbury,8,13.4
Campylobacteriosis,2016,South Canterbury,150,251
Hepatitis NOS,2016,South Canterbury,0,0
Toxic shellfish poisoning,2016,South Canterbury,1,suppressed
Trichinosis,2016,South Canterbury,0,0
Giardiasis,2016,South Canterbury,17,28.4
VTEC/STEC infection,2016,South Canterbury,7,11.7
Hepatitis B,2016,South Canterbury,0,0
Tetanus,2016,South Canterbury,0,0
Meningoencephalitis - primary amoebic,2016,South Canterbury,0,0
Tuberculosis disease,2016,South Canterbury,2,suppressed
Listeriosis,2016,South Canterbury,0,0
Hydatid disease,2016,South Canterbury,0,0
Leprosy,2016,South Canterbury,0,0
Cholera,2016,Southern,0,0
Q fever,2016,Southern,0,0
Rabies and other lyssaviruses,2016,Southern,0,0
Cryptosporidiosis,2016,Southern,59,18.2
Cysticercosis,2016,Southern,0,0
Leptospirosis,2016,Southern,6,1.9
Diphtheria,2016,Southern,0,0
Rickettsial disease,2016,Southern,0,0
Leprosy,2016,Southern,0,0
Poliomyelitis,2016,Southern,0,0
Paratyphoid fever,2016,Southern,3,suppressed
Trichinosis,2016,Southern,0,0
Yersiniosis,2016,Southern,56,17.3
Measles,2016,Southern,1,suppressed
Invasive group A streptococcal infection,2016,Southern,0,0
Pertussis,2016,Southern,62,19.2
Tetanus,2016,Southern,0,0
Legionellosis,2016,Southern,14,4.3
Haemophilus influenzae type b,2016,Southern,0,0
Rheumatic fever,2016,Southern,0,0
Typhoid fever,2016,Southern,1,suppressed
Brucellosis,2016,Southern,0,0
Shigellosis,2016,Southern,7,2.2
Mpox,2016,Southern,0,0
Arboviral diseases,2016,Southern,13,4
Taeniasis,2016,Southern,0,0
Invasive pneumococcal disease,2016,Southern,25,7.7
Salmonellosis,2016,Southern,108,33.4
Campylobacteriosis,2016,Southern,567,175.1
Hepatitis C,2016,Southern,3,suppressed
Hepatitis A,2016,Southern,3,suppressed
Meningococcal disease,2016,Southern,19,5.9
Hepatitis NOS,2016,Southern,0,0
Malaria,2016,Southern,0,0
Listeriosis,2016,Southern,2,suppressed
Meningoencephalitis - primary amoebic,2016,Southern,0,0
Giardiasis,2016,Southern,90,27.8
Acute gastroenteritis,2016,Southern,16,4.9
Mumps,2016,Southern,1,suppressed
VTEC/STEC infection,2016,Southern,31,9.6
Hydatid disease,2016,Southern,0,0
Rubella,2016,Southern,0,0
Toxic shellfish poisoning,2016,Southern,0,0
Hepatitis B,2016,Southern,2,suppressed
Tuberculosis disease,2016,Southern,7,2.2
Q fever,2016,Tairawhiti,0,0
Yersiniosis,2016,Tairawhiti,6,12.3
Rubella,2016,Tairawhiti,0,0
Cysticercosis,2016,Tairawhiti,0,0
Legionellosis,2016,Tairawhiti,0,0
Mpox,2016,Tairawhiti,0,0
Hydatid disease,2016,Tairawhiti,0,0
Cholera,2016,Tairawhiti,0,0
Leptospirosis,2016,Tairawhiti,1,suppressed
Rheumatic fever,2016,Tairawhiti,2,suppressed
Brucellosis,2016,Tairawhiti,0,0
Invasive pneumococcal disease,2016,Tairawhiti,10,20.5
Leprosy,2016,Tairawhiti,0,0
Hepatitis A,2016,Tairawhiti,0,0
Campylobacteriosis,2016,Tairawhiti,74,151.8
Rickettsial disease,2016,Tairawhiti,0,0
Rabies and other lyssaviruses,2016,Tairawhiti,0,0
Invasive group A streptococcal infection,2016,Tairawhiti,0,0
Trichinosis,2016,Tairawhiti,0,0
Giardiasis,2016,Tairawhiti,75,153.9
Measles,2016,Tairawhiti,0,0
Taeniasis,2016,Tairawhiti,0,0
Haemophilus influenzae type b,2016,Tairawhiti,0,0
Meningoencephalitis - primary amoebic,2016,Tairawhiti,0,0
Mumps,2016,Tairawhiti,0,0
Typhoid fever,2016,Tairawhiti,0,0
VTEC/STEC infection,2016,Tairawhiti,0,0
Poliomyelitis,2016,Tairawhiti,0,0
Pertussis,2016,Tairawhiti,2,suppressed
Salmonellosis,2016,Tairawhiti,52,106.7
Cryptosporidiosis,2016,Tairawhiti,12,24.6
Arboviral diseases,2016,Tairawhiti,4,suppressed
Hepatitis C,2016,Tairawhiti,0,0
Hepatitis NOS,2016,Tairawhiti,0,0
Hepatitis B,2016,Tairawhiti,0,0
Diphtheria,2016,Tairawhiti,0,0
Tetanus,2016,Tairawhiti,0,0
Tuberculosis disease,2016,Tairawhiti,1,suppressed
Malaria,2016,Tairawhiti,0,0
Acute gastroenteritis,2016,Tairawhiti,1,suppressed
Meningococcal disease,2016,Tairawhiti,0,0
Shigellosis,2016,Tairawhiti,4,suppressed
Toxic shellfish poisoning,2016,Tairawhiti,0,0
Listeriosis,2016,Tairawhiti,1,suppressed
Paratyphoid fever,2016,Tairawhiti,0,0
Rheumatic fever,2016,Taranaki,1,suppressed
Cryptosporidiosis,2016,Taranaki,44,37.1
Mpox,2016,Taranaki,0,0
Invasive pneumococcal disease,2016,Taranaki,3,suppressed
Q fever,2016,Taranaki,0,0
Poliomyelitis,2016,Taranaki,0,0
Arboviral diseases,2016,Taranaki,5,4.2
Haemophilus influenzae type b,2016,Taranaki,0,0
Invasive group A streptococcal infection,2016,Taranaki,0,0
Hepatitis A,2016,Taranaki,1,suppressed
Campylobacteriosis,2016,Taranaki,236,199
Pertussis,2016,Taranaki,85,71.7
Cysticercosis,2016,Taranaki,0,0
Legionellosis,2016,Taranaki,3,suppressed
Measles,2016,Taranaki,0,0
Rabies and other lyssaviruses,2016,Taranaki,0,0
Acute gastroenteritis,2016,Taranaki,8,6.7
Taeniasis,2016,Taranaki,0,0
Mumps,2016,Taranaki,0,0
Tuberculosis disease,2016,Taranaki,3,suppressed
Typhoid fever,2016,Taranaki,0,0
VTEC/STEC infection,2016,Taranaki,14,11.8
Shigellosis,2016,Taranaki,0,0
Yersiniosis,2016,Taranaki,7,5.9
Cholera,2016,Taranaki,0,0
Salmonellosis,2016,Taranaki,26,21.9
Trichinosis,2016,Taranaki,0,0
Giardiasis,2016,Taranaki,40,33.7
Meningococcal disease,2016,Taranaki,0,0
Leptospirosis,2016,Taranaki,5,4.2
Hepatitis C,2016,Taranaki,4,suppressed
Malaria,2016,Taranaki,0,0
Tetanus,2016,Taranaki,0,0
Hydatid disease,2016,Taranaki,0,0
Rickettsial disease,2016,Taranaki,0,0
Meningoencephalitis - primary amoebic,2016,Taranaki,0,0
Hepatitis NOS,2016,Taranaki,0,0
Paratyphoid fever,2016,Taranaki,1,suppressed
Diphtheria,2016,Taranaki,0,0
Hepatitis B,2016,Taranaki,2,suppressed
Leprosy,2016,Taranaki,0,0
Listeriosis,2016,Taranaki,0,0
Toxic shellfish poisoning,2016,Taranaki,0,0
Rubella,2016,Taranaki,0,0
Brucellosis,2016,Taranaki,0,0
Q fever,2016,Waikato,0,0
Tetanus,2016,Waikato,1,suppressed
Pertussis,2016,Waikato,131,32.6
Rickettsial disease,2016,Waikato,2,suppressed
Cholera,2016,Waikato,0,0
Typhoid fever,2016,Waikato,3,suppressed
Legionellosis,2016,Waikato,16,4
Yersiniosis,2016,Waikato,52,12.9
Cryptosporidiosis,2016,Waikato,122,30.3
Shigellosis,2016,Waikato,16,4
Invasive pneumococcal disease,2016,Waikato,30,7.5
Hepatitis A,2016,Waikato,0,0
Rheumatic fever,2016,Waikato,6,1.5
Cysticercosis,2016,Waikato,0,0
Acute gastroenteritis,2016,Waikato,8,2
VTEC/STEC infection,2016,Waikato,43,10.7
Haemophilus influenzae type b,2016,Waikato,0,0
Campylobacteriosis,2016,Waikato,564,140.3
Brucellosis,2016,Waikato,0,0
Leptospirosis,2016,Waikato,21,5.2
Diphtheria,2016,Waikato,0,0
Salmonellosis,2016,Waikato,114,28.4
Rubella,2016,Waikato,0,0
Leprosy,2016,Waikato,0,0
Measles,2016,Waikato,56,13.9
Invasive group A streptococcal infection,2016,Waikato,0,0
Arboviral diseases,2016,Waikato,20,5
Rabies and other lyssaviruses,2016,Waikato,0,0
Mpox,2016,Waikato,0,0
Listeriosis,2016,Waikato,3,suppressed
Meningoencephalitis - primary amoebic,2016,Waikato,0,0
Mumps,2016,Waikato,0,0
Taeniasis,2016,Waikato,0,0
Poliomyelitis,2016,Waikato,0,0
Trichinosis,2016,Waikato,0,0
Malaria,2016,Waikato,2,suppressed
Tuberculosis disease,2016,Waikato,25,6.2
Hepatitis NOS,2016,Waikato,0,0
Hepatitis C,2016,Waikato,0,0
Paratyphoid fever,2016,Waikato,0,0
Meningococcal disease,2016,Waikato,8,2
Giardiasis,2016,Waikato,132,32.8
Hydatid disease,2016,Waikato,0,0
Toxic shellfish poisoning,2016,Waikato,0,0
Hepatitis B,2016,Waikato,3,suppressed
Poliomyelitis,2016,Wairarapa,0,0
Measles,2016,Wairarapa,0,0
Salmonellosis,2016,Wairarapa,12,26.8
Pertussis,2016,Wairarapa,1,suppressed
Yersiniosis,2016,Wairarapa,5,11.2
VTEC/STEC infection,2016,Wairarapa,1,suppressed
Taeniasis,2016,Wairarapa,0,0
Mpox,2016,Wairarapa,0,0
Giardiasis,2016,Wairarapa,11,24.5
Rheumatic fever,2016,Wairarapa,0,0
Acute gastroenteritis,2016,Wairarapa,10,22.3
Rickettsial disease,2016,Wairarapa,0,0
Campylobacteriosis,2016,Wairarapa,73,162.9
Shigellosis,2016,Wairarapa,0,0
Tuberculosis disease,2016,Wairarapa,2,suppressed
Cryptosporidiosis,2016,Wairarapa,20,44.6
Listeriosis,2016,Wairarapa,0,0
Hepatitis C,2016,Wairarapa,1,suppressed
Typhoid fever,2016,Wairarapa,0,0
Hepatitis B,2016,Wairarapa,1,suppressed
Legionellosis,2016,Wairarapa,3,suppressed
Tetanus,2016,Wairarapa,0,0
Rabies and other lyssaviruses,2016,Wairarapa,0,0
Leptospirosis,2016,Wairarapa,0,0
Invasive group A streptococcal infection,2016,Wairarapa,0,0
Cysticercosis,2016,Wairarapa,0,0
Toxic shellfish poisoning,2016,Wairarapa,0,0
Hydatid disease,2016,Wairarapa,0,0
Q fever,2016,Wairarapa,0,0
Hepatitis NOS,2016,Wairarapa,0,0
Rubella,2016,Wairarapa,0,0
Meningoencephalitis - primary amoebic,2016,Wairarapa,0,0
Diphtheria,2016,Wairarapa,0,0
Cholera,2016,Wairarapa,0,0
Meningococcal disease,2016,Wairarapa,1,suppressed
Invasive pneumococcal disease,2016,Wairarapa,3,suppressed
Brucellosis,2016,Wairarapa,0,0
Trichinosis,2016,Wairarapa,0,0
Mumps,2016,Wairarapa,0,0
Hepatitis A,2016,Wairarapa,0,0
Leprosy,2016,Wairarapa,0,0
Malaria,2016,Wairarapa,1,suppressed
Haemophilus influenzae type b,2016,Wairarapa,0,0
Paratyphoid fever,2016,Wairarapa,1,suppressed
Arboviral diseases,2016,Wairarapa,1,suppressed
Rabies and other lyssaviruses,2016,Waitemata,0,0
Measles,2016,Waitemata,2,suppressed
Mpox,2016,Waitemata,0,0
Cryptosporidiosis,2016,Waitemata,145,24.6
Tetanus,2016,Waitemata,0,0
Legionellosis,2016,Waitemata,32,5.4
Rheumatic fever,2016,Waitemata,16,2.7
Trichinosis,2016,Waitemata,0,0
Cholera,2016,Waitemata,0,0
Leptospirosis,2016,Waitemata,3,suppressed
Haemophilus influenzae type b,2016,Waitemata,0,0
Giardiasis,2016,Waitemata,195,33.1
Leprosy,2016,Waitemata,0,0
Rubella,2016,Waitemata,1,suppressed
Paratyphoid fever,2016,Waitemata,2,suppressed
Diphtheria,2016,Waitemata,0,0
Toxic shellfish poisoning,2016,Waitemata,0,0
Hepatitis A,2016,Waitemata,7,1.2
Cysticercosis,2016,Waitemata,0,0
Meningococcal disease,2016,Waitemata,5,0.8
Mumps,2016,Waitemata,7,1.2
Poliomyelitis,2016,Waitemata,0,0
Invasive pneumococcal disease,2016,Waitemata,57,9.7
Pertussis,2016,Waitemata,84,14.3
Q fever,2016,Waitemata,0,0
Malaria,2016,Waitemata,5,0.8
Arboviral diseases,2016,Waitemata,39,6.6
Campylobacteriosis,2016,Waitemata,773,131.4
Hepatitis NOS,2016,Waitemata,2,suppressed
Yersiniosis,2016,Waitemata,105,17.8
Salmonellosis,2016,Waitemata,113,19.2
Taeniasis,2016,Waitemata,0,0
Tuberculosis disease,2016,Waitemata,34,5.8
Hepatitis C,2016,Waitemata,0,0
Hydatid disease,2016,Waitemata,1,suppressed
Rickettsial disease,2016,Waitemata,2,suppressed
Typhoid fever,2016,Waitemata,3,suppressed
Meningoencephalitis - primary amoebic,2016,Waitemata,0,0
Shigellosis,2016,Waitemata,42,7.1
Brucellosis,2016,Waitemata,0,0
Acute gastroenteritis,2016,Waitemata,55,9.3
VTEC/STEC infection,2016,Waitemata,88,15
Listeriosis,2016,Waitemata,4,suppressed
Invasive group A streptococcal infection,2016,Waitemata,0,0
Hepatitis B,2016,Waitemata,2,suppressed
Legionellosis,2016,West Coast,3,suppressed
Pertussis,2016,West Coast,2,suppressed
Q fever,2016,West Coast,0,0
Salmonellosis,2016,West Coast,7,21.3
Yersiniosis,2016,West Coast,6,18.2
Typhoid fever,2016,West Coast,0,0
Taeniasis,2016,West Coast,0,0
Shigellosis,2016,West Coast,0,0
Mumps,2016,West Coast,1,suppressed
Rabies and other lyssaviruses,2016,West Coast,0,0
Rickettsial disease,2016,West Coast,0,0
Meningococcal disease,2016,West Coast,0,0
Campylobacteriosis,2016,West Coast,58,176.2
Giardiasis,2016,West Coast,7,21.3
Diphtheria,2016,West Coast,0,0
Hepatitis A,2016,West Coast,1,suppressed
Cysticercosis,2016,West Coast,0,0
Meningoencephalitis - primary amoebic,2016,West Coast,0,0
Rubella,2016,West Coast,0,0
Hepatitis B,2016,West Coast,0,0
Hepatitis NOS,2016,West Coast,0,0
Poliomyelitis,2016,West Coast,0,0
Cryptosporidiosis,2016,West Coast,2,suppressed
Invasive pneumococcal disease,2016,West Coast,0,0
Paratyphoid fever,2016,West Coast,0,0
Rheumatic fever,2016,West Coast,0,0
Brucellosis,2016,West Coast,0,0
Listeriosis,2016,West Coast,0,0
Leptospirosis,2016,West Coast,1,suppressed
Cholera,2016,West Coast,0,0
Acute gastroenteritis,2016,West Coast,8,24.3
Mpox,2016,West Coast,0,0
Tetanus,2016,West Coast,0,0
Invasive group A streptococcal infection,2016,West Coast,0,0
Measles,2016,West Coast,0,0
Tuberculosis disease,2016,West Coast,1,suppressed
Hydatid disease,2016,West Coast,0,0
Haemophilus influenzae type b,2016,West Coast,0,0
Trichinosis,2016,West Coast,0,0
Malaria,2016,West Coast,0,0
Arboviral diseases,2016,West Coast,1,suppressed
VTEC/STEC infection,2016,West Coast,1,suppressed
Leprosy,2016,West Coast,0,0
Hepatitis C,2016,West Coast,0,0
Toxic shellfish poisoning,2016,West Coast,0,0
Cysticercosis,2016,Whanganui,0,0
Typhoid fever,2016,Whanganui,0,0
Arboviral diseases,2016,Whanganui,1,suppressed
Pertussis,2016,Whanganui,10,15.4
Legionellosis,2016,Whanganui,0,0
Salmonellosis,2016,Whanganui,11,16.9
Hepatitis C,2016,Whanganui,0,0
Rabies and other lyssaviruses,2016,Whanganui,0,0
Yersiniosis,2016,Whanganui,6,9.2
Q fever,2016,Whanganui,0,0
Shigellosis,2016,Whanganui,1,suppressed
Hydatid disease,2016,Whanganui,0,0
Listeriosis,2016,Whanganui,0,0
Meningoencephalitis - primary amoebic,2016,Whanganui,0,0
Hepatitis NOS,2016,Whanganui,0,0
Hepatitis A,2016,Whanganui,0,0
Cholera,2016,Whanganui,0,0
Tetanus,2016,Whanganui,0,0
Mpox,2016,Whanganui,0,0
Measles,2016,Whanganui,0,0
Diphtheria,2016,Whanganui,0,0
Leptospirosis,2016,Whanganui,2,suppressed
Poliomyelitis,2016,Whanganui,0,0
Invasive pneumococcal disease,2016,Whanganui,5,7.7
Meningococcal disease,2016,Whanganui,0,0
Malaria,2016,Whanganui,0,0
Brucellosis,2016,Whanganui,0,0
Giardiasis,2016,Whanganui,18,27.7
Paratyphoid fever,2016,Whanganui,0,0
Rickettsial disease,2016,Whanganui,0,0
Rheumatic fever,2016,Whanganui,0,0
Invasive group A streptococcal infection,2016,Whanganui,0,0
Tuberculosis disease,2016,Whanganui,2,suppressed
Cryptosporidiosis,2016,Whanganui,20,30.8
Campylobacteriosis,2016,Whanganui,102,156.9
Rubella,2016,Whanganui,0,0
Mumps,2016,Whanganui,0,0
Toxic shellfish poisoning,2016,Whanganui,0,0
Hepatitis B,2016,Whanganui,0,0
Trichinosis,2016,Whanganui,0,0
Leprosy,2016,Whanganui,0,0
Haemophilus influenzae type b,2016,Whanganui,0,0
VTEC/STEC infection,2016,Whanganui,4,suppressed
Taeniasis,2016,Whanganui,0,0
Acute gastroenteritis,2016,Whanganui,14,21.5
Mpox,2017,Auckland,0,0
Diphtheria,2017,Auckland,1,suppressed
Salmonellosis,2017,Auckland,125,25.6
Legionellosis,2017,Auckland,9,1.8
Acute gastroenteritis,2017,Auckland,50,10.2
Q fever,2017,Auckland,0,0
Cryptosporidiosis,2017,Auckland,85,17.4
Meningoencephalitis - primary amoebic,2017,Auckland,0,0
Cholera,2017,Auckland,0,0
Rabies and other lyssaviruses,2017,Auckland,0,0
Measles,2017,Auckland,1,suppressed
Invasive group A streptococcal infection,2017,Auckland,0,0
Pertussis,2017,Auckland,171,35
Invasive pneumococcal disease,2017,Auckland,40,8.2
Mumps,2017,Auckland,312,63.9
Hepatitis A,2017,Auckland,6,1.2
Tetanus,2017,Auckland,0,0
Rickettsial disease,2017,Auckland,2,suppressed
Cysticercosis,2017,Auckland,0,0
Poliomyelitis,2017,Auckland,0,0
Haemophilus influenzae type b,2017,Auckland,1,suppressed
Rheumatic fever,2017,Auckland,23,4.7
Leptospirosis,2017,Auckland,1,suppressed
Hydatid disease,2017,Auckland,0,0
Hepatitis C,2017,Auckland,3,suppressed
Rubella,2017,Auckland,0,0
Yersiniosis,2017,Auckland,104,21.3
Campylobacteriosis,2017,Auckland,532,109
Tuberculosis disease,2017,Auckland,62,12.7
Taeniasis,2017,Auckland,1,suppressed
Paratyphoid fever,2017,Auckland,6,1.2
Brucellosis,2017,Auckland,0,0
Hepatitis NOS,2017,Auckland,3,suppressed
Typhoid fever,2017,Auckland,16,3.3
Trichinosis,2017,Auckland,0,0
Leprosy,2017,Auckland,0,0
VTEC/STEC infection,2017,Auckland,39,8
Malaria,2017,Auckland,7,1.4
Shigellosis,2017,Auckland,60,12.3
Giardiasis,2017,Auckland,216,44.3
Meningococcal disease,2017,Auckland,8,1.6
Hepatitis B,2017,Auckland,3,suppressed
Toxic shellfish poisoning,2017,Auckland,0,0
Listeriosis,2017,Auckland,3,suppressed
Arboviral diseases,2017,Auckland,34,7
Q fever,2017,Bay of Plenty,0,0
Pertussis,2017,Bay of Plenty,129,53.4
Legionellosis,2017,Bay of Plenty,17,7
Cysticercosis,2017,Bay of Plenty,0,0
Diphtheria,2017,Bay of Plenty,0,0
Rabies and other lyssaviruses,2017,Bay of Plenty,0,0
Rickettsial disease,2017,Bay of Plenty,0,0
Campylobacteriosis,2017,Bay of Plenty,228,94.4
Cholera,2017,Bay of Plenty,0,0
Rheumatic fever,2017,Bay of Plenty,6,2.5
Poliomyelitis,2017,Bay of Plenty,0,0
Cryptosporidiosis,2017,Bay of Plenty,33,13.7
Tetanus,2017,Bay of Plenty,0,0
Mpox,2017,Bay of Plenty,0,0
Meningoencephalitis - primary amoebic,2017,Bay of Plenty,0,0
Yersiniosis,2017,Bay of Plenty,56,23.2
Shigellosis,2017,Bay of Plenty,4,suppressed
Hepatitis A,2017,Bay of Plenty,0,0
Leptospirosis,2017,Bay of Plenty,5,2.1
Leprosy,2017,Bay of Plenty,0,0
Taeniasis,2017,Bay of Plenty,0,0
Invasive group A streptococcal infection,2017,Bay of Plenty,0,0
Invasive pneumococcal disease,2017,Bay of Plenty,46,19
Trichinosis,2017,Bay of Plenty,0,0
Toxic shellfish poisoning,2017,Bay of Plenty,1,suppressed
Rubella,2017,Bay of Plenty,0,0
Salmonellosis,2017,Bay of Plenty,37,15.3
Malaria,2017,Bay of Plenty,1,suppressed
Meningococcal disease,2017,Bay of Plenty,9,3.7
Haemophilus influenzae type b,2017,Bay of Plenty,1,suppressed
Measles,2017,Bay of Plenty,2,suppressed
Paratyphoid fever,2017,Bay of Plenty,2,suppressed
Brucellosis,2017,Bay of Plenty,0,0
Hepatitis B,2017,Bay of Plenty,0,0
Mumps,2017,Bay of Plenty,5,2.1
Tuberculosis disease,2017,Bay of Plenty,9,3.7
Arboviral diseases,2017,Bay of Plenty,7,2.9
Listeriosis,2017,Bay of Plenty,3,suppressed
Typhoid fever,2017,Bay of Plenty,0,0
VTEC/STEC infection,2017,Bay of Plenty,24,9.9
Hydatid disease,2017,Bay of Plenty,0,0
Acute gastroenteritis,2017,Bay of Plenty,8,3.3
Hepatitis NOS,2017,Bay of Plenty,0,0
Giardiasis,2017,Bay of Plenty,105,43.5
Hepatitis C,2017,Bay of Plenty,0,0
Legionellosis,2017,Canterbury,72,13
Q fever,2017,Canterbury,0,0
Mumps,2017,Canterbury,21,3.8
Campylobacteriosis,2017,Canterbury,864,156.3
Cholera,2017,Canterbury,0,0
Rickettsial disease,2017,Canterbury,0,0
Mpox,2017,Canterbury,0,0
Salmonellosis,2017,Canterbury,200,36.2
Poliomyelitis,2017,Canterbury,0,0
Pertussis,2017,Canterbury,243,44
Tetanus,2017,Canterbury,0,0
Yersiniosis,2017,Canterbury,156,28.2
Invasive pneumococcal disease,2017,Canterbury,39,7.1
Rubella,2017,Canterbury,0,0
Brucellosis,2017,Canterbury,0,0
Paratyphoid fever,2017,Canterbury,1,suppressed
Giardiasis,2017,Canterbury,145,26.2
Hepatitis A,2017,Canterbury,5,0.9
Cryptosporidiosis,2017,Canterbury,150,27.1
Listeriosis,2017,Canterbury,1,suppressed
Leprosy,2017,Canterbury,0,0
Arboviral diseases,2017,Canterbury,21,3.8
Meningoencephalitis - primary amoebic,2017,Canterbury,0,0
Typhoid fever,2017,Canterbury,1,suppressed
Rabies and other lyssaviruses,2017,Canterbury,0,0
Hepatitis C,2017,Canterbury,2,suppressed
Measles,2017,Canterbury,1,suppressed
Hepatitis NOS,2017,Canterbury,1,suppressed
Malaria,2017,Canterbury,3,suppressed
Cysticercosis,2017,Canterbury,0,0
Tuberculosis disease,2017,Canterbury,34,6.2
Shigellosis,2017,Canterbury,15,2.7
Haemophilus influenzae type b,2017,Canterbury,0,0
Meningococcal disease,2017,Canterbury,11,2
Rheumatic fever,2017,Canterbury,4,suppressed
Taeniasis,2017,Canterbury,0,0
Toxic shellfish poisoning,2017,Canterbury,0,0
VTEC/STEC infection,2017,Canterbury,24,4.3
Hepatitis B,2017,Canterbury,2,suppressed
Invasive group A streptococcal infection,2017,Canterbury,0,0
Hydatid disease,2017,Canterbury,0,0
Acute gastroenteritis,2017,Canterbury,36,6.5
Trichinosis,2017,Canterbury,0,0
Leptospirosis,2017,Canterbury,8,1.4
Diphtheria,2017,Canterbury,0,0
Q fever,2017,"Capital, Coast and Hutt Valley",0,0
Mpox,2017,"Capital, Coast and Hutt Valley",0,0
Poliomyelitis,2017,"Capital, Coast and Hutt Valley",0,0
Cholera,2017,"Capital, Coast and Hutt Valley",0,0
Rickettsial disease,2017,"Capital, Coast and Hutt Valley",1,suppressed
Legionellosis,2017,"Capital, Coast and Hutt Valley",8,1.7
Pertussis,2017,"Capital, Coast and Hutt Valley",212,45.7
Cryptosporidiosis,2017,"Capital, Coast and Hutt Valley",42,9.1
Rheumatic fever,2017,"Capital, Coast and Hutt Valley",9,1.9
Tetanus,2017,"Capital, Coast and Hutt Valley",0,0
Rubella,2017,"Capital, Coast and Hutt Valley",0,0
Invasive pneumococcal disease,2017,"Capital, Coast and Hutt Valley",46,9.9
Campylobacteriosis,2017,"Capital, Coast and Hutt Valley",498,107.4
Hepatitis A,2017,"Capital, Coast and Hutt Valley",3,suppressed
Meningoencephalitis - primary amoebic,2017,"Capital, Coast and Hutt Valley",0,0
Rabies and other lyssaviruses,2017,"Capital, Coast and Hutt Valley",0,0
Yersiniosis,2017,"Capital, Coast and Hutt Valley",122,26.3
Diphtheria,2017,"Capital, Coast and Hutt Valley",0,0
Cysticercosis,2017,"Capital, Coast and Hutt Valley",0,0
Tuberculosis disease,2017,"Capital, Coast and Hutt Valley",32,6.9
Typhoid fever,2017,"Capital, Coast and Hutt Valley",1,suppressed
Salmonellosis,2017,"Capital, Coast and Hutt Valley",100,21.6
Arboviral diseases,2017,"Capital, Coast and Hutt Valley",13,2.8
Leprosy,2017,"Capital, Coast and Hutt Valley",0,0
Invasive group A streptococcal infection,2017,"Capital, Coast and Hutt Valley",0,0
Mumps,2017,"Capital, Coast and Hutt Valley",31,6.7
Shigellosis,2017,"Capital, Coast and Hutt Valley",22,4.7
Hepatitis NOS,2017,"Capital, Coast and Hutt Valley",0,0
Toxic shellfish poisoning,2017,"Capital, Coast and Hutt Valley",0,0
Leptospirosis,2017,"Capital, Coast and Hutt Valley",2,suppressed
Measles,2017,"Capital, Coast and Hutt Valley",1,suppressed
Paratyphoid fever,2017,"Capital, Coast and Hutt Valley",3,suppressed
Haemophilus influenzae type b,2017,"Capital, Coast and Hutt Valley",0,0
Malaria,2017,"Capital, Coast and Hutt Valley",6,1.3
VTEC/STEC infection,2017,"Capital, Coast and Hutt Valley",12,2.6
Taeniasis,2017,"Capital, Coast and Hutt Valley",0,0
Giardiasis,2017,"Capital, Coast and Hutt Valley",139,30
Hepatitis B,2017,"Capital, Coast and Hutt Valley",2,suppressed
Meningococcal disease,2017,"Capital, Coast and Hutt Valley",10,2.2
Hepatitis C,2017,"Capital, Coast and Hutt Valley",2,suppressed
Brucellosis,2017,"Capital, Coast and Hutt Valley",0,0
Listeriosis,2017,"Capital, Coast and Hutt Valley",0,0
Acute gastroenteritis,2017,"Capital, Coast and Hutt Valley",72,15.5
Trichinosis,2017,"Capital, Coast and Hutt Valley",0,0
Hydatid disease,2017,"Capital, Coast and Hutt Valley",0,0
Pertussis,2017,Counties Manukau,117,21.1
Q fever,2017,Counties Manukau,0,0
Trichinosis,2017,Counties Manukau,0,0
Mumps,2017,Counties Manukau,472,85.2
Arboviral diseases,2017,Counties Manukau,47,8.5
Cholera,2017,Counties Manukau,0,0
Typhoid fever,2017,Counties Manukau,22,4
Giardiasis,2017,Counties Manukau,189,34.1
VTEC/STEC infection,2017,Counties Manukau,60,10.8
Measles,2017,Counties Manukau,0,0
Yersiniosis,2017,Counties Manukau,69,12.5
Mpox,2017,Counties Manukau,0,0
Rickettsial disease,2017,Counties Manukau,1,suppressed
Diphtheria,2017,Counties Manukau,0,0
Invasive group A streptococcal infection,2017,Counties Manukau,0,0
Cryptosporidiosis,2017,Counties Manukau,140,25.3
Rabies and other lyssaviruses,2017,Counties Manukau,0,0
Hepatitis NOS,2017,Counties Manukau,0,0
Listeriosis,2017,Counties Manukau,4,suppressed
Taeniasis,2017,Counties Manukau,0,0
Hydatid disease,2017,Counties Manukau,0,0
Hepatitis A,2017,Counties Manukau,21,3.8
Invasive pneumococcal disease,2017,Counties Manukau,78,14.1
Shigellosis,2017,Counties Manukau,58,10.5
Legionellosis,2017,Counties Manukau,19,3.4
Rheumatic fever,2017,Counties Manukau,49,8.8
Meningoencephalitis - primary amoebic,2017,Counties Manukau,0,0
Poliomyelitis,2017,Counties Manukau,0,0
Tuberculosis disease,2017,Counties Manukau,59,10.7
Malaria,2017,Counties Manukau,4,suppressed
Hepatitis B,2017,Counties Manukau,6,1.1
Meningococcal disease,2017,Counties Manukau,21,3.8
Rubella,2017,Counties Manukau,0,0
Campylobacteriosis,2017,Counties Manukau,467,84.3
Salmonellosis,2017,Counties Manukau,71,12.8
Brucellosis,2017,Counties Manukau,1,suppressed
Acute gastroenteritis,2017,Counties Manukau,20,3.6
Hepatitis C,2017,Counties Manukau,0,0
Cysticercosis,2017,Counties Manukau,0,0
Leprosy,2017,Counties Manukau,1,suppressed
Paratyphoid fever,2017,Counties Manukau,3,suppressed
Haemophilus influenzae type b,2017,Counties Manukau,0,0
Toxic shellfish poisoning,2017,Counties Manukau,0,0
Leptospirosis,2017,Counties Manukau,0,0
Tetanus,2017,Counties Manukau,0,0
Cholera,2017,Hawke's Bay,0,0
Rickettsial disease,2017,Hawke's Bay,0,0
Q fever,2017,Hawke's Bay,0,0
Malaria,2017,Hawke's Bay,1,suppressed
Taeniasis,2017,Hawke's Bay,0,0
Meningococcal disease,2017,Hawke's Bay,5,2.9
Hepatitis B,2017,Hawke's Bay,2,suppressed
Legionellosis,2017,Hawke's Bay,2,suppressed
Rubella,2017,Hawke's Bay,0,0
Yersiniosis,2017,Hawke's Bay,34,20
Mumps,2017,Hawke's Bay,3,suppressed
Leptospirosis,2017,Hawke's Bay,13,7.7
Pertussis,2017,Hawke's Bay,101,59.5
VTEC/STEC infection,2017,Hawke's Bay,11,6.5
Rabies and other lyssaviruses,2017,Hawke's Bay,0,0
Campylobacteriosis,2017,Hawke's Bay,270,159.2
Acute gastroenteritis,2017,Hawke's Bay,2,suppressed
Hepatitis C,2017,Hawke's Bay,1,suppressed
Meningoencephalitis - primary amoebic,2017,Hawke's Bay,0,0
Salmonellosis,2017,Hawke's Bay,29,17.1
Tetanus,2017,Hawke's Bay,0,0
Invasive pneumococcal disease,2017,Hawke's Bay,23,13.6
Cryptosporidiosis,2017,Hawke's Bay,20,11.8
Trichinosis,2017,Hawke's Bay,0,0
Diphtheria,2017,Hawke's Bay,0,0
Poliomyelitis,2017,Hawke's Bay,0,0
Toxic shellfish poisoning,2017,Hawke's Bay,0,0
Listeriosis,2017,Hawke's Bay,1,suppressed
Measles,2017,Hawke's Bay,0,0
Mpox,2017,Hawke's Bay,0,0
Shigellosis,2017,Hawke's Bay,11,6.5
Brucellosis,2017,Hawke's Bay,0,0
Paratyphoid fever,2017,Hawke's Bay,10,5.9
Giardiasis,2017,Hawke's Bay,65,38.3
Hepatitis A,2017,Hawke's Bay,0,0
Invasive group A streptococcal infection,2017,Hawke's Bay,0,0
Cysticercosis,2017,Hawke's Bay,0,0
Rheumatic fever,2017,Hawke's Bay,5,2.9
Typhoid fever,2017,Hawke's Bay,1,suppressed
Hepatitis NOS,2017,Hawke's Bay,0,0
Tuberculosis disease,2017,Hawke's Bay,12,7.1
Arboviral diseases,2017,Hawke's Bay,2,suppressed
Leprosy,2017,Hawke's Bay,0,0
Haemophilus influenzae type b,2017,Hawke's Bay,0,0
Hydatid disease,2017,Hawke's Bay,0,0
Q fever,2017,Lakes,0,0
Measles,2017,Lakes,0,0
Cholera,2017,Lakes,0,0
Yersiniosis,2017,Lakes,21,18.8
Poliomyelitis,2017,Lakes,0,0
Legionellosis,2017,Lakes,5,4.5
Taeniasis,2017,Lakes,0,0
Hepatitis NOS,2017,Lakes,0,0
Arboviral diseases,2017,Lakes,3,suppressed
Hepatitis C,2017,Lakes,0,0
Acute gastroenteritis,2017,Lakes,9,8.1
Rickettsial disease,2017,Lakes,0,0
Tetanus,2017,Lakes,0,0
Pertussis,2017,Lakes,49,44
Rubella,2017,Lakes,0,0
Cysticercosis,2017,Lakes,0,0
Giardiasis,2017,Lakes,49,44
Hydatid disease,2017,Lakes,0,0
Toxic shellfish poisoning,2017,Lakes,0,0
Tuberculosis disease,2017,Lakes,2,suppressed
Campylobacteriosis,2017,Lakes,158,141.8
Hepatitis A,2017,Lakes,0,0
Brucellosis,2017,Lakes,0,0
Malaria,2017,Lakes,1,suppressed
Mpox,2017,Lakes,0,0
Meningoencephalitis - primary amoebic,2017,Lakes,0,0
Rabies and other lyssaviruses,2017,Lakes,0,0
Leprosy,2017,Lakes,0,0
Meningococcal disease,2017,Lakes,2,suppressed
Listeriosis,2017,Lakes,0,0
Shigellosis,2017,Lakes,4,suppressed
Rheumatic fever,2017,Lakes,2,suppressed
Leptospirosis,2017,Lakes,2,suppressed
Salmonellosis,2017,Lakes,24,21.5
Hepatitis B,2017,Lakes,0,0
Paratyphoid fever,2017,Lakes,0,0
Diphtheria,2017,Lakes,0,0
Invasive group A streptococcal infection,2017,Lakes,0,0
VTEC/STEC infection,2017,Lakes,12,10.8
Invasive pneumococcal disease,2017,Lakes,17,15.3
Haemophilus influenzae type b,2017,Lakes,0,0
Cryptosporidiosis,2017,Lakes,20,18
Trichinosis,2017,Lakes,0,0
Mumps,2017,Lakes,3,suppressed
Typhoid fever,2017,Lakes,2,suppressed
Legionellosis,2017,MidCentral,3,suppressed
Cysticercosis,2017,MidCentral,0,0
Campylobacteriosis,2017,MidCentral,270,150.8
Cryptosporidiosis,2017,MidCentral,59,33
Q fever,2017,MidCentral,0,0
Mpox,2017,MidCentral,0,0
Invasive pneumococcal disease,2017,MidCentral,17,9.5
Yersiniosis,2017,MidCentral,16,8.9
Pertussis,2017,MidCentral,39,21.8
Shigellosis,2017,MidCentral,3,suppressed
Tetanus,2017,MidCentral,0,0
Diphtheria,2017,MidCentral,0,0
Cholera,2017,MidCentral,0,0
Hepatitis A,2017,MidCentral,4,suppressed
VTEC/STEC infection,2017,MidCentral,5,2.8
Mumps,2017,MidCentral,11,6.1
Measles,2017,MidCentral,7,3.9
Invasive group A streptococcal infection,2017,MidCentral,0,0
Rickettsial disease,2017,MidCentral,0,0
Brucellosis,2017,MidCentral,0,0
Paratyphoid fever,2017,MidCentral,2,suppressed
Arboviral diseases,2017,MidCentral,7,3.9
Taeniasis,2017,MidCentral,0,0
Rubella,2017,MidCentral,0,0
Leprosy,2017,MidCentral,0,0
Salmonellosis,2017,MidCentral,38,21.2
Poliomyelitis,2017,MidCentral,0,0
Acute gastroenteritis,2017,MidCentral,38,21.2
Typhoid fever,2017,MidCentral,2,suppressed
Hepatitis C,2017,MidCentral,1,suppressed
Hydatid disease,2017,MidCentral,0,0
Tuberculosis disease,2017,MidCentral,7,3.9
Trichinosis,2017,MidCentral,0,0
Meningoencephalitis - primary amoebic,2017,MidCentral,0,0
Haemophilus influenzae type b,2017,MidCentral,0,0
Meningococcal disease,2017,MidCentral,2,suppressed
Listeriosis,2017,MidCentral,1,suppressed
Giardiasis,2017,MidCentral,34,19
Rabies and other lyssaviruses,2017,MidCentral,0,0
Rheumatic fever,2017,MidCentral,2,suppressed
Hepatitis NOS,2017,MidCentral,1,suppressed
Malaria,2017,MidCentral,0,0
Toxic shellfish poisoning,2017,MidCentral,0,0
Hepatitis B,2017,MidCentral,0,0
Leptospirosis,2017,MidCentral,7,3.9
Legionellosis,2017,Nelson Marlborough,10,6.5
Poliomyelitis,2017,Nelson Marlborough,0,0
Mpox,2017,Nelson Marlborough,0,0
Tetanus,2017,Nelson Marlborough,0,0
Hepatitis A,2017,Nelson Marlborough,0,0
Q fever,2017,Nelson Marlborough,0,0
Yersiniosis,2017,Nelson Marlborough,8,5.2
Rickettsial disease,2017,Nelson Marlborough,0,0
Campylobacteriosis,2017,Nelson Marlborough,212,138.7
Cholera,2017,Nelson Marlborough,0,0
Pertussis,2017,Nelson Marlborough,247,161.6
Brucellosis,2017,Nelson Marlborough,0,0
Cysticercosis,2017,Nelson Marlborough,0,0
Shigellosis,2017,Nelson Marlborough,1,suppressed
Rubella,2017,Nelson Marlborough,0,0
Rheumatic fever,2017,Nelson Marlborough,1,suppressed
Salmonellosis,2017,Nelson Marlborough,30,19.6
Rabies and other lyssaviruses,2017,Nelson Marlborough,0,0
Paratyphoid fever,2017,Nelson Marlborough,1,suppressed
Hydatid disease,2017,Nelson Marlborough,0,0
Giardiasis,2017,Nelson Marlborough,47,30.8
Meningoencephalitis - primary amoebic,2017,Nelson Marlborough,0,0
Invasive group A streptococcal infection,2017,Nelson Marlborough,0,0
Tuberculosis disease,2017,Nelson Marlborough,4,suppressed
Leprosy,2017,Nelson Marlborough,0,0
Mumps,2017,Nelson Marlborough,13,8.5
Hepatitis NOS,2017,Nelson Marlborough,0,0
Haemophilus influenzae type b,2017,Nelson Marlborough,0,0
Cryptosporidiosis,2017,Nelson Marlborough,83,54.3
Hepatitis C,2017,Nelson Marlborough,3,suppressed
Invasive pneumococcal disease,2017,Nelson Marlborough,15,9.8
Measles,2017,Nelson Marlborough,0,0
Toxic shellfish poisoning,2017,Nelson Marlborough,0,0
Hepatitis B,2017,Nelson Marlborough,2,suppressed
Arboviral diseases,2017,Nelson Marlborough,4,suppressed
VTEC/STEC infection,2017,Nelson Marlborough,8,5.2
Listeriosis,2017,Nelson Marlborough,2,suppressed
Acute gastroenteritis,2017,Nelson Marlborough,1,suppressed
Leptospirosis,2017,Nelson Marlborough,5,3.3
Meningococcal disease,2017,Nelson Marlborough,0,0
Typhoid fever,2017,Nelson Marlborough,1,suppressed
Malaria,2017,Nelson Marlborough,3,suppressed
Taeniasis,2017,Nelson Marlborough,0,0
Trichinosis,2017,Nelson Marlborough,0,0
Diphtheria,2017,Nelson Marlborough,0,0
Measles,2017,Northland,0,0
Yersiniosis,2017,Northland,22,12.1
Arboviral diseases,2017,Northland,2,suppressed
Hepatitis C,2017,Northland,2,suppressed
Pertussis,2017,Northland,72,39.7
Legionellosis,2017,Northland,20,11
Mumps,2017,Northland,29,16
Campylobacteriosis,2017,Northland,253,139.7
Taeniasis,2017,Northland,0,0
Listeriosis,2017,Northland,2,suppressed
VTEC/STEC infection,2017,Northland,71,39.2
Meningococcal disease,2017,Northland,5,2.8
Meningoencephalitis - primary amoebic,2017,Northland,0,0
Invasive pneumococcal disease,2017,Northland,26,14.4
Q fever,2017,Northland,0,0
Haemophilus influenzae type b,2017,Northland,0,0
Mpox,2017,Northland,0,0
Diphtheria,2017,Northland,0,0
Cholera,2017,Northland,0,0
Cysticercosis,2017,Northland,0,0
Hepatitis NOS,2017,Northland,0,0
Malaria,2017,Northland,4,suppressed
Hydatid disease,2017,Northland,0,0
Brucellosis,2017,Northland,0,0
Typhoid fever,2017,Northland,0,0
Shigellosis,2017,Northland,8,4.4
Tetanus,2017,Northland,0,0
Hepatitis A,2017,Northland,3,suppressed
Salmonellosis,2017,Northland,59,32.6
Rheumatic fever,2017,Northland,11,6.1
Rickettsial disease,2017,Northland,0,0
Invasive group A streptococcal infection,2017,Northland,0,0
Rabies and other lyssaviruses,2017,Northland,0,0
Tuberculosis disease,2017,Northland,3,suppressed
Leptospirosis,2017,Northland,7,3.9
Acute gastroenteritis,2017,Northland,13,7.2
Toxic shellfish poisoning,2017,Northland,4,suppressed
Paratyphoid fever,2017,Northland,0,0
Giardiasis,2017,Northland,79,43.6
Rubella,2017,Northland,0,0
Poliomyelitis,2017,Northland,0,0
Trichinosis,2017,Northland,0,0
Cryptosporidiosis,2017,Northland,53,29.3
Hepatitis B,2017,Northland,1,suppressed
Leprosy,2017,Northland,0,0
Q fever,2017,South Canterbury,0,0
Yersiniosis,2017,South Canterbury,17,28.1
Cholera,2017,South Canterbury,0,0
Rickettsial disease,2017,South Canterbury,0,0
Campylobacteriosis,2017,South Canterbury,147,243.2
Shigellosis,2017,South Canterbury,0,0
Legionellosis,2017,South Canterbury,4,suppressed
Paratyphoid fever,2017,South Canterbury,0,0
Hepatitis A,2017,South Canterbury,0,0
Pertussis,2017,South Canterbury,18,29.8
Mumps,2017,South Canterbury,0,0
Measles,2017,South Canterbury,1,suppressed
Arboviral diseases,2017,South Canterbury,2,suppressed
Listeriosis,2017,South Canterbury,1,suppressed
Rubella,2017,South Canterbury,0,0
VTEC/STEC infection,2017,South Canterbury,11,18.2
Meningoencephalitis - primary amoebic,2017,South Canterbury,0,0
Invasive pneumococcal disease,2017,South Canterbury,4,suppressed
Tuberculosis disease,2017,South Canterbury,0,0
Cryptosporidiosis,2017,South Canterbury,37,61.2
Cysticercosis,2017,South Canterbury,0,0
Acute gastroenteritis,2017,South Canterbury,2,suppressed
Giardiasis,2017,South Canterbury,25,41.4
Meningococcal disease,2017,South Canterbury,0,0
Taeniasis,2017,South Canterbury,0,0
Toxic shellfish poisoning,2017,South Canterbury,0,0
Tetanus,2017,South Canterbury,0,0
Invasive group A streptococcal infection,2017,South Canterbury,0,0
Brucellosis,2017,South Canterbury,0,0
Leprosy,2017,South Canterbury,0,0
Mpox,2017,South Canterbury,0,0
Malaria,2017,South Canterbury,0,0
Salmonellosis,2017,South Canterbury,22,36.4
Poliomyelitis,2017,South Canterbury,0,0
Hydatid disease,2017,South Canterbury,0,0
Hepatitis C,2017,South Canterbury,0,0
Rabies and other lyssaviruses,2017,South Canterbury,0,0
Rheumatic fever,2017,South Canterbury,0,0
Haemophilus influenzae type b,2017,South Canterbury,0,0
Typhoid fever,2017,South Canterbury,0,0
Diphtheria,2017,South Canterbury,0,0
Trichinosis,2017,South Canterbury,0,0
Hepatitis B,2017,South Canterbury,0,0
Leptospirosis,2017,South Canterbury,1,suppressed
Hepatitis NOS,2017,South Canterbury,1,suppressed
Mpox,2017,Southern,0,0
Pertussis,2017,Southern,235,71.1
Rickettsial disease,2017,Southern,0,0
Cholera,2017,Southern,0,0
Legionellosis,2017,Southern,18,5.4
Mumps,2017,Southern,49,14.8
Giardiasis,2017,Southern,93,28.1
Yersiniosis,2017,Southern,54,16.3
Hepatitis A,2017,Southern,2,suppressed
Measles,2017,Southern,0,0
VTEC/STEC infection,2017,Southern,136,41.2
Salmonellosis,2017,Southern,99,30
Rubella,2017,Southern,0,0
Invasive pneumococcal disease,2017,Southern,32,9.7
Hepatitis B,2017,Southern,3,suppressed
Hepatitis C,2017,Southern,3,suppressed
Tetanus,2017,Southern,0,0
Q fever,2017,Southern,0,0
Shigellosis,2017,Southern,14,4.2
Meningoencephalitis - primary amoebic,2017,Southern,0,0
Arboviral diseases,2017,Southern,5,1.5
Campylobacteriosis,2017,Southern,744,225.2
Listeriosis,2017,Southern,0,0
Rabies and other lyssaviruses,2017,Southern,0,0
Paratyphoid fever,2017,Southern,0,0
Leprosy,2017,Southern,0,0
Cysticercosis,2017,Southern,0,0
Haemophilus influenzae type b,2017,Southern,1,suppressed
Hepatitis NOS,2017,Southern,0,0
Taeniasis,2017,Southern,0,0
Tuberculosis disease,2017,Southern,9,2.7
Acute gastroenteritis,2017,Southern,14,4.2
Brucellosis,2017,Southern,0,0
Cryptosporidiosis,2017,Southern,147,44.5
Rheumatic fever,2017,Southern,2,suppressed
Hydatid disease,2017,Southern,1,suppressed
Invasive group A streptococcal infection,2017,Southern,0,0
Meningococcal disease,2017,Southern,7,2.1
Poliomyelitis,2017,Southern,0,0
Malaria,2017,Southern,2,suppressed
Typhoid fever,2017,Southern,4,suppressed
Toxic shellfish poisoning,2017,Southern,0,0
Leptospirosis,2017,Southern,5,1.5
Diphtheria,2017,Southern,0,0
Trichinosis,2017,Southern,0,0
Q fever,2017,Tairawhiti,0,0
Giardiasis,2017,Tairawhiti,38,77.2
Poliomyelitis,2017,Tairawhiti,0,0
Yersiniosis,2017,Tairawhiti,10,20.3
Hepatitis C,2017,Tairawhiti,0,0
Acute gastroenteritis,2017,Tairawhiti,1,suppressed
Taeniasis,2017,Tairawhiti,0,0
Measles,2017,Tairawhiti,0,0
Legionellosis,2017,Tairawhiti,0,0
Cholera,2017,Tairawhiti,0,0
Mpox,2017,Tairawhiti,0,0
Rickettsial disease,2017,Tairawhiti,0,0
Tetanus,2017,Tairawhiti,0,0
Rubella,2017,Tairawhiti,0,0
Malaria,2017,Tairawhiti,0,0
Meningococcal disease,2017,Tairawhiti,1,suppressed
Tuberculosis disease,2017,Tairawhiti,1,suppressed
Diphtheria,2017,Tairawhiti,0,0
Leprosy,2017,Tairawhiti,0,0
Pertussis,2017,Tairawhiti,18,36.6
Hepatitis A,2017,Tairawhiti,0,0
Salmonellosis,2017,Tairawhiti,22,44.7
Hepatitis NOS,2017,Tairawhiti,0,0
Leptospirosis,2017,Tairawhiti,1,suppressed
Listeriosis,2017,Tairawhiti,0,0
Hepatitis B,2017,Tairawhiti,1,suppressed
Meningoencephalitis - primary amoebic,2017,Tairawhiti,0,0
VTEC/STEC infection,2017,Tairawhiti,1,suppressed
Toxic shellfish poisoning,2017,Tairawhiti,0,0
Campylobacteriosis,2017,Tairawhiti,53,107.6
Cryptosporidiosis,2017,Tairawhiti,26,52.8
Rabies and other lyssaviruses,2017,Tairawhiti,0,0
Invasive group A streptococcal infection,2017,Tairawhiti,0,0
Rheumatic fever,2017,Tairawhiti,2,suppressed
Shigellosis,2017,Tairawhiti,1,suppressed
Hydatid disease,2017,Tairawhiti,0,0
Paratyphoid fever,2017,Tairawhiti,2,suppressed
Cysticercosis,2017,Tairawhiti,0,0
Invasive pneumococcal disease,2017,Tairawhiti,7,14.2
Brucellosis,2017,Tairawhiti,0,0
Haemophilus influenzae type b,2017,Tairawhiti,0,0
Trichinosis,2017,Tairawhiti,0,0
Mumps,2017,Tairawhiti,0,0
Typhoid fever,2017,Tairawhiti,0,0
Arboviral diseases,2017,Tairawhiti,1,suppressed
Cholera,2017,Taranaki,0,0
Taeniasis,2017,Taranaki,0,0
Meningococcal disease,2017,Taranaki,1,suppressed
Hepatitis A,2017,Taranaki,0,0
Legionellosis,2017,Taranaki,2,suppressed
Acute gastroenteritis,2017,Taranaki,0,0
Mpox,2017,Taranaki,0,0
Measles,2017,Taranaki,0,0
Rickettsial disease,2017,Taranaki,0,0
Pertussis,2017,Taranaki,57,47.4
Malaria,2017,Taranaki,2,suppressed
Yersiniosis,2017,Taranaki,25,20.8
Hydatid disease,2017,Taranaki,0,0
Hepatitis C,2017,Taranaki,3,suppressed
Tetanus,2017,Taranaki,0,0
Rabies and other lyssaviruses,2017,Taranaki,0,0
Salmonellosis,2017,Taranaki,27,22.5
Rubella,2017,Taranaki,0,0
Rheumatic fever,2017,Taranaki,0,0
Arboviral diseases,2017,Taranaki,5,4.2
Toxic shellfish poisoning,2017,Taranaki,0,0
Listeriosis,2017,Taranaki,0,0
Invasive pneumococcal disease,2017,Taranaki,11,9.2
Meningoencephalitis - primary amoebic,2017,Taranaki,0,0
Diphtheria,2017,Taranaki,0,0
Shigellosis,2017,Taranaki,2,suppressed
Poliomyelitis,2017,Taranaki,0,0
Invasive group A streptococcal infection,2017,Taranaki,0,0
Giardiasis,2017,Taranaki,26,21.6
Q fever,2017,Taranaki,0,0
Typhoid fever,2017,Taranaki,0,0
Hepatitis NOS,2017,Taranaki,0,0
Leprosy,2017,Taranaki,0,0
Hepatitis B,2017,Taranaki,1,suppressed
Leptospirosis,2017,Taranaki,5,4.2
Brucellosis,2017,Taranaki,0,0
Cryptosporidiosis,2017,Taranaki,25,20.8
Trichinosis,2017,Taranaki,0,0
Campylobacteriosis,2017,Taranaki,226,188.1
Mumps,2017,Taranaki,9,7.5
Paratyphoid fever,2017,Taranaki,1,suppressed
Haemophilus influenzae type b,2017,Taranaki,0,0
Cysticercosis,2017,Taranaki,0,0
Tuberculosis disease,2017,Taranaki,4,suppressed
VTEC/STEC infection,2017,Taranaki,12,10
Q fever,2017,Waikato,0,0
Measles,2017,Waikato,0,0
Giardiasis,2017,Waikato,168,40.8
Pertussis,2017,Waikato,194,47.1
Poliomyelitis,2017,Waikato,0,0
Taeniasis,2017,Waikato,0,0
Hepatitis NOS,2017,Waikato,0,0
Arboviral diseases,2017,Waikato,10,2.4
Rickettsial disease,2017,Waikato,0,0
Invasive pneumococcal disease,2017,Waikato,48,11.6
Invasive group A streptococcal infection,2017,Waikato,0,0
Cholera,2017,Waikato,0,0
Rheumatic fever,2017,Waikato,21,5.1
Rubella,2017,Waikato,1,suppressed
Hepatitis C,2017,Waikato,0,0
Cryptosporidiosis,2017,Waikato,120,29.1
Hydatid disease,2017,Waikato,0,0
VTEC/STEC infection,2017,Waikato,35,8.5
Haemophilus influenzae type b,2017,Waikato,1,suppressed
Tuberculosis disease,2017,Waikato,29,7
Mpox,2017,Waikato,0,0
Hepatitis A,2017,Waikato,7,1.7
Leprosy,2017,Waikato,1,suppressed
Legionellosis,2017,Waikato,7,1.7
Meningococcal disease,2017,Waikato,10,2.4
Cysticercosis,2017,Waikato,0,0
Acute gastroenteritis,2017,Waikato,8,1.9
Listeriosis,2017,Waikato,1,suppressed
Yersiniosis,2017,Waikato,59,14.3
Hepatitis B,2017,Waikato,2,suppressed
Meningoencephalitis - primary amoebic,2017,Waikato,0,0
Typhoid fever,2017,Waikato,2,suppressed
Toxic shellfish poisoning,2017,Waikato,0,0
Salmonellosis,2017,Waikato,105,25.5
Tetanus,2017,Waikato,0,0
Rabies and other lyssaviruses,2017,Waikato,0,0
Paratyphoid fever,2017,Waikato,1,suppressed
Malaria,2017,Waikato,3,suppressed
Trichinosis,2017,Waikato,0,0
Shigellosis,2017,Waikato,6,1.5
Mumps,2017,Waikato,77,18.7
Leptospirosis,2017,Waikato,54,13.1
Diphtheria,2017,Waikato,0,0
Campylobacteriosis,2017,Waikato,562,136.4
Brucellosis,2017,Waikato,0,0
Q fever,2017,Wairarapa,0,0
Legionellosis,2017,Wairarapa,0,0
Haemophilus influenzae type b,2017,Wairarapa,0,0
Mpox,2017,Wairarapa,0,0
Pertussis,2017,Wairarapa,11,24.1
Invasive pneumococcal disease,2017,Wairarapa,8,17.5
Cysticercosis,2017,Wairarapa,0,0
Hepatitis A,2017,Wairarapa,0,0
Cholera,2017,Wairarapa,0,0
Tetanus,2017,Wairarapa,0,0
VTEC/STEC infection,2017,Wairarapa,1,suppressed
Campylobacteriosis,2017,Wairarapa,79,173.2
Acute gastroenteritis,2017,Wairarapa,1,suppressed
Typhoid fever,2017,Wairarapa,0,0
Mumps,2017,Wairarapa,0,0
Brucellosis,2017,Wairarapa,0,0
Yersiniosis,2017,Wairarapa,15,32.9
Rickettsial disease,2017,Wairarapa,0,0
Taeniasis,2017,Wairarapa,0,0
Diphtheria,2017,Wairarapa,0,0
Cryptosporidiosis,2017,Wairarapa,20,43.9
Invasive group A streptococcal infection,2017,Wairarapa,0,0
Rubella,2017,Wairarapa,0,0
Tuberculosis disease,2017,Wairarapa,4,suppressed
Shigellosis,2017,Wairarapa,0,0
Measles,2017,Wairarapa,0,0
Poliomyelitis,2017,Wairarapa,0,0
Salmonellosis,2017,Wairarapa,13,28.5
Hepatitis NOS,2017,Wairarapa,0,0
Meningoencephalitis - primary amoebic,2017,Wairarapa,0,0
Arboviral diseases,2017,Wairarapa,0,0
Toxic shellfish poisoning,2017,Wairarapa,0,0
Hepatitis C,2017,Wairarapa,0,0
Hydatid disease,2017,Wairarapa,0,0
Leprosy,2017,Wairarapa,0,0
Giardiasis,2017,Wairarapa,29,63.6
Paratyphoid fever,2017,Wairarapa,0,0
Listeriosis,2017,Wairarapa,0,0
Meningococcal disease,2017,Wairarapa,1,suppressed
Rabies and other lyssaviruses,2017,Wairarapa,0,0
Leptospirosis,2017,Wairarapa,4,suppressed
Trichinosis,2017,Wairarapa,0,0
Rheumatic fever,2017,Wairarapa,0,0
Hepatitis B,2017,Wairarapa,0,0
Malaria,2017,Wairarapa,0,0
Legionellosis,2017,Waitemata,21,3.5
Hepatitis NOS,2017,Waitemata,3,suppressed
Rheumatic fever,2017,Waitemata,14,2.3
Cysticercosis,2017,Waitemata,0,0
Q fever,2017,Waitemata,0,0
Salmonellosis,2017,Waitemata,110,18.2
Shigellosis,2017,Waitemata,32,5.3
Cholera,2017,Waitemata,0,0
Mpox,2017,Waitemata,0,0
Rickettsial disease,2017,Waitemata,0,0
Cryptosporidiosis,2017,Waitemata,108,17.9
Pertussis,2017,Waitemata,199,33
Trichinosis,2017,Waitemata,0,0
Hydatid disease,2017,Waitemata,0,0
Invasive pneumococcal disease,2017,Waitemata,46,7.6
Acute gastroenteritis,2017,Waitemata,23,3.8
Campylobacteriosis,2017,Waitemata,766,127.1
Tetanus,2017,Waitemata,0,0
Leptospirosis,2017,Waitemata,7,1.2
Paratyphoid fever,2017,Waitemata,5,0.8
Hepatitis A,2017,Waitemata,7,1.2
Haemophilus influenzae type b,2017,Waitemata,0,0
Yersiniosis,2017,Waitemata,116,19.2
Diphtheria,2017,Waitemata,0,0
Rabies and other lyssaviruses,2017,Waitemata,0,0
Invasive group A streptococcal infection,2017,Waitemata,0,0
Rubella,2017,Waitemata,0,0
Mumps,2017,Waitemata,296,49.1
Measles,2017,Waitemata,2,suppressed
Meningococcal disease,2017,Waitemata,13,2.2
Taeniasis,2017,Waitemata,3,suppressed
Typhoid fever,2017,Waitemata,6,1
Meningoencephalitis - primary amoebic,2017,Waitemata,0,0
Leprosy,2017,Waitemata,1,suppressed
Poliomyelitis,2017,Waitemata,0,0
Hepatitis C,2017,Waitemata,1,suppressed
VTEC/STEC infection,2017,Waitemata,78,12.9
Hepatitis B,2017,Waitemata,2,suppressed
Giardiasis,2017,Waitemata,176,29.2
Tuberculosis disease,2017,Waitemata,37,6.1
Brucellosis,2017,Waitemata,0,0
Toxic shellfish poisoning,2017,Waitemata,0,0
Listeriosis,2017,Waitemata,1,suppressed
Arboviral diseases,2017,Waitemata,22,3.6
Malaria,2017,Waitemata,5,0.8
Hepatitis A,2017,West Coast,0,0
Pertussis,2017,West Coast,10,30.6
Measles,2017,West Coast,0,0
Rickettsial disease,2017,West Coast,0,0
Yersiniosis,2017,West Coast,3,suppressed
Tetanus,2017,West Coast,0,0
Cholera,2017,West Coast,0,0
Rubella,2017,West Coast,0,0
Invasive pneumococcal disease,2017,West Coast,6,18.3
Mumps,2017,West Coast,0,0
Tuberculosis disease,2017,West Coast,0,0
Q fever,2017,West Coast,0,0
Poliomyelitis,2017,West Coast,0,0
Hepatitis NOS,2017,West Coast,0,0
Brucellosis,2017,West Coast,0,0
Mpox,2017,West Coast,0,0
Arboviral diseases,2017,West Coast,0,0
Salmonellosis,2017,West Coast,5,15.3
Cysticercosis,2017,West Coast,0,0
Shigellosis,2017,West Coast,1,suppressed
Haemophilus influenzae type b,2017,West Coast,0,0
Paratyphoid fever,2017,West Coast,0,0
Taeniasis,2017,West Coast,0,0
Meningococcal disease,2017,West Coast,3,suppressed
Rabies and other lyssaviruses,2017,West Coast,0,0
Legionellosis,2017,West Coast,4,suppressed
Meningoencephalitis - primary amoebic,2017,West Coast,0,0
Leprosy,2017,West Coast,0,0
Acute gastroenteritis,2017,West Coast,5,15.3
Giardiasis,2017,West Coast,5,15.3
Campylobacteriosis,2017,West Coast,61,186.4
Hepatitis C,2017,West Coast,0,0
Listeriosis,2017,West Coast,0,0
Diphtheria,2017,West Coast,0,0
Cryptosporidiosis,2017,West Coast,6,18.3
Typhoid fever,2017,West Coast,0,0
Toxic shellfish poisoning,2017,West Coast,0,0
Hydatid disease,2017,West Coast,0,0
VTEC/STEC infection,2017,West Coast,2,suppressed
Trichinosis,2017,West Coast,0,0
Rheumatic fever,2017,West Coast,0,0
Malaria,2017,West Coast,0,0
Hepatitis B,2017,West Coast,0,0
Leptospirosis,2017,West Coast,3,suppressed
Invasive group A streptococcal infection,2017,West Coast,0,0
Yersiniosis,2017,Whanganui,10,15.2
Cryptosporidiosis,2017,Whanganui,18,27.3
Rabies and other lyssaviruses,2017,Whanganui,0,0
Salmonellosis,2017,Whanganui,11,16.7
Q fever,2017,Whanganui,0,0
Rickettsial disease,2017,Whanganui,0,0
Pertussis,2017,Whanganui,20,30.3
Mumps,2017,Whanganui,7,10.6
Rubella,2017,Whanganui,0,0
Taeniasis,2017,Whanganui,0,0
Trichinosis,2017,Whanganui,0,0
Cholera,2017,Whanganui,0,0
Legionellosis,2017,Whanganui,0,0
Shigellosis,2017,Whanganui,2,suppressed
VTEC/STEC infection,2017,Whanganui,5,7.6
Paratyphoid fever,2017,Whanganui,0,0
Invasive pneumococcal disease,2017,Whanganui,12,18.2
Hepatitis A,2017,Whanganui,0,0
Cysticercosis,2017,Whanganui,0,0
Mpox,2017,Whanganui,0,0
Toxic shellfish poisoning,2017,Whanganui,0,0
Invasive group A streptococcal infection,2017,Whanganui,0,0
Acute gastroenteritis,2017,Whanganui,16,24.3
Brucellosis,2017,Whanganui,0,0
Meningoencephalitis - primary amoebic,2017,Whanganui,0,0
Campylobacteriosis,2017,Whanganui,92,139.6
Measles,2017,Whanganui,0,0
Poliomyelitis,2017,Whanganui,0,0
Hepatitis NOS,2017,Whanganui,1,suppressed
Tetanus,2017,Whanganui,0,0
Haemophilus influenzae type b,2017,Whanganui,0,0
Tuberculosis disease,2017,Whanganui,0,0
Typhoid fever,2017,Whanganui,1,suppressed
Hydatid disease,2017,Whanganui,0,0
Diphtheria,2017,Whanganui,0,0
Hepatitis C,2017,Whanganui,0,0
Listeriosis,2017,Whanganui,1,suppressed
Leprosy,2017,Whanganui,0,0
Arboviral diseases,2017,Whanganui,2,suppressed
Hepatitis B,2017,Whanganui,0,0
Malaria,2017,Whanganui,0,0
Rheumatic fever,2017,Whanganui,1,suppressed
Meningococcal disease,2017,Whanganui,3,suppressed
Giardiasis,2017,Whanganui,20,30.3
Leptospirosis,2017,Whanganui,8,12.1
Q fever,2018,Auckland,0,0
Measles,2018,Auckland,3,suppressed
Mpox,2018,Auckland,0,0
Rickettsial disease,2018,Auckland,1,suppressed
Typhoid fever,2018,Auckland,8,1.6
Invasive pneumococcal disease,2018,Auckland,35,7.1
Hepatitis C,2018,Auckland,5,1
Yersiniosis,2018,Auckland,147,29.8
Campylobacteriosis,2018,Auckland,585,118.6
Mumps,2018,Auckland,91,18.4
Hydatid disease,2018,Auckland,0,0
Taeniasis,2018,Auckland,2,suppressed
Salmonellosis,2018,Auckland,92,18.7
Cholera,2018,Auckland,1,suppressed
Shigellosis,2018,Auckland,49,9.9
Hepatitis A,2018,Auckland,16,3.2
Brucellosis,2018,Auckland,2,suppressed
Leptospirosis,2018,Auckland,2,suppressed
Listeriosis,2018,Auckland,3,suppressed
Tuberculosis disease,2018,Auckland,38,7.7
Rubella,2018,Auckland,0,0
Paratyphoid fever,2018,Auckland,5,1
Meningoencephalitis - primary amoebic,2018,Auckland,0,0
Arboviral diseases,2018,Auckland,62,12.6
Acute gastroenteritis,2018,Auckland,5,1
Rabies and other lyssaviruses,2018,Auckland,0,0
Tetanus,2018,Auckland,0,0
Legionellosis,2018,Auckland,18,3.6
Haemophilus influenzae type b,2018,Auckland,0,0
Giardiasis,2018,Auckland,233,47.2
Cryptosporidiosis,2018,Auckland,170,34.5
Malaria,2018,Auckland,7,1.4
Meningococcal disease,2018,Auckland,12,2.4
Hepatitis B,2018,Auckland,7,1.4
VTEC/STEC infection,2018,Auckland,75,15.2
Leprosy,2018,Auckland,0,0
Pertussis,2018,Auckland,208,42.2
Rheumatic fever,2018,Auckland,20,4.1
Invasive group A streptococcal infection,2018,Auckland,0,0
Diphtheria,2018,Auckland,0,0
Toxic shellfish poisoning,2018,Auckland,0,0
Trichinosis,2018,Auckland,0,0
Hepatitis NOS,2018,Auckland,1,suppressed
Cysticercosis,2018,Auckland,0,0
Poliomyelitis,2018,Auckland,0,0
Shigellosis,2018,Bay of Plenty,8,3.2
Tuberculosis disease,2018,Bay of Plenty,14,5.6
Paratyphoid fever,2018,Bay of Plenty,0,0
Invasive pneumococcal disease,2018,Bay of Plenty,31,12.4
Q fever,2018,Bay of Plenty,0,0
Hepatitis C,2018,Bay of Plenty,0,0
Hepatitis A,2018,Bay of Plenty,0,0
VTEC/STEC infection,2018,Bay of Plenty,18,7.2
Meningoencephalitis - primary amoebic,2018,Bay of Plenty,0,0
Salmonellosis,2018,Bay of Plenty,45,18
Arboviral diseases,2018,Bay of Plenty,11,4.4
Typhoid fever,2018,Bay of Plenty,1,suppressed
Campylobacteriosis,2018,Bay of Plenty,242,96.9
Pertussis,2018,Bay of Plenty,309,123.7
Malaria,2018,Bay of Plenty,0,0
Meningococcal disease,2018,Bay of Plenty,10,4
Taeniasis,2018,Bay of Plenty,0,0
Toxic shellfish poisoning,2018,Bay of Plenty,1,suppressed
Brucellosis,2018,Bay of Plenty,0,0
Giardiasis,2018,Bay of Plenty,82,32.8
Haemophilus influenzae type b,2018,Bay of Plenty,1,suppressed
Leprosy,2018,Bay of Plenty,1,suppressed
Tetanus,2018,Bay of Plenty,0,0
Cholera,2018,Bay of Plenty,0,0
Poliomyelitis,2018,Bay of Plenty,0,0
Rickettsial disease,2018,Bay of Plenty,0,0
Cryptosporidiosis,2018,Bay of Plenty,54,21.6
Leptospirosis,2018,Bay of Plenty,7,2.8
Listeriosis,2018,Bay of Plenty,2,suppressed
Invasive group A streptococcal infection,2018,Bay of Plenty,0,0
Hepatitis NOS,2018,Bay of Plenty,0,0
Measles,2018,Bay of Plenty,0,0
Hydatid disease,2018,Bay of Plenty,0,0
Legionellosis,2018,Bay of Plenty,12,4.8
Rubella,2018,Bay of Plenty,0,0
Mumps,2018,Bay of Plenty,7,2.8
Yersiniosis,2018,Bay of Plenty,69,27.6
Hepatitis B,2018,Bay of Plenty,0,0
Rabies and other lyssaviruses,2018,Bay of Plenty,0,0
Trichinosis,2018,Bay of Plenty,0,0
Diphtheria,2018,Bay of Plenty,0,0
Rheumatic fever,2018,Bay of Plenty,6,2.4
Mpox,2018,Bay of Plenty,0,0
Acute gastroenteritis,2018,Bay of Plenty,13,5.2
Cysticercosis,2018,Bay of Plenty,0,0
Taeniasis,2018,Canterbury,0,0
Hepatitis A,2018,Canterbury,4,suppressed
Meningococcal disease,2018,Canterbury,10,1.8
Haemophilus influenzae type b,2018,Canterbury,0,0
Hepatitis C,2018,Canterbury,10,1.8
Q fever,2018,Canterbury,0,0
Tuberculosis disease,2018,Canterbury,27,4.8
Cysticercosis,2018,Canterbury,0,0
Typhoid fever,2018,Canterbury,7,1.2
Hepatitis NOS,2018,Canterbury,1,suppressed
Yersiniosis,2018,Canterbury,184,32.8
Malaria,2018,Canterbury,2,suppressed
Legionellosis,2018,Canterbury,51,9.1
Pertussis,2018,Canterbury,178,31.7
Campylobacteriosis,2018,Canterbury,762,135.9
Rheumatic fever,2018,Canterbury,3,suppressed
Leptospirosis,2018,Canterbury,7,1.2
Rabies and other lyssaviruses,2018,Canterbury,0,0
Cryptosporidiosis,2018,Canterbury,99,17.7
Toxic shellfish poisoning,2018,Canterbury,0,0
Measles,2018,Canterbury,13,2.3
Acute gastroenteritis,2018,Canterbury,47,8.4
VTEC/STEC infection,2018,Canterbury,39,7
Shigellosis,2018,Canterbury,14,2.5
Leprosy,2018,Canterbury,0,0
Paratyphoid fever,2018,Canterbury,2,suppressed
Rickettsial disease,2018,Canterbury,0,0
Mpox,2018,Canterbury,0,0
Hepatitis B,2018,Canterbury,3,suppressed
Poliomyelitis,2018,Canterbury,0,0
Invasive group A streptococcal infection,2018,Canterbury,0,0
Diphtheria,2018,Canterbury,0,0
Arboviral diseases,2018,Canterbury,23,4.1
Listeriosis,2018,Canterbury,3,suppressed
Meningoencephalitis - primary amoebic,2018,Canterbury,0,0
Hydatid disease,2018,Canterbury,0,0
Mumps,2018,Canterbury,4,suppressed
Invasive pneumococcal disease,2018,Canterbury,42,7.5
Cholera,2018,Canterbury,0,0
Salmonellosis,2018,Canterbury,167,29.8
Giardiasis,2018,Canterbury,167,29.8
Trichinosis,2018,Canterbury,0,0
Tetanus,2018,Canterbury,0,0
Brucellosis,2018,Canterbury,0,0
Rubella,2018,Canterbury,0,0
Hepatitis C,2018,"Capital, Coast and Hutt Valley",1,suppressed
Shigellosis,2018,"Capital, Coast and Hutt Valley",19,4
Meningococcal disease,2018,"Capital, Coast and Hutt Valley",8,1.7
Haemophilus influenzae type b,2018,"Capital, Coast and Hutt Valley",0,0
Meningoencephalitis - primary amoebic,2018,"Capital, Coast and Hutt Valley",0,0
Arboviral diseases,2018,"Capital, Coast and Hutt Valley",16,3.4
Legionellosis,2018,"Capital, Coast and Hutt Valley",2,suppressed
Rubella,2018,"Capital, Coast and Hutt Valley",1,suppressed
Rickettsial disease,2018,"Capital, Coast and Hutt Valley",0,0
Cholera,2018,"Capital, Coast and Hutt Valley",0,0
Toxic shellfish poisoning,2018,"Capital, Coast and Hutt Valley",0,0
Rabies and other lyssaviruses,2018,"Capital, Coast and Hutt Valley",0,0
Hepatitis NOS,2018,"Capital, Coast and Hutt Valley",0,0
Malaria,2018,"Capital, Coast and Hutt Valley",7,1.5
Taeniasis,2018,"Capital, Coast and Hutt Valley",0,0
Leprosy,2018,"Capital, Coast and Hutt Valley",0,0
Invasive pneumococcal disease,2018,"Capital, Coast and Hutt Valley",48,10.2
Brucellosis,2018,"Capital, Coast and Hutt Valley",0,0
Tetanus,2018,"Capital, Coast and Hutt Valley",0,0
Campylobacteriosis,2018,"Capital, Coast and Hutt Valley",627,133.5
Pertussis,2018,"Capital, Coast and Hutt Valley",359,76.4
Mumps,2018,"Capital, Coast and Hutt Valley",11,2.3
Cryptosporidiosis,2018,"Capital, Coast and Hutt Valley",244,51.9
Hepatitis B,2018,"Capital, Coast and Hutt Valley",1,suppressed
Invasive group A streptococcal infection,2018,"Capital, Coast and Hutt Valley",0,0
Rheumatic fever,2018,"Capital, Coast and Hutt Valley",11,2.3
Measles,2018,"Capital, Coast and Hutt Valley",1,suppressed
Hydatid disease,2018,"Capital, Coast and Hutt Valley",0,0
Tuberculosis disease,2018,"Capital, Coast and Hutt Valley",40,8.5
Typhoid fever,2018,"Capital, Coast and Hutt Valley",8,1.7
VTEC/STEC infection,2018,"Capital, Coast and Hutt Valley",117,24.9
Hepatitis A,2018,"Capital, Coast and Hutt Valley",1,suppressed
Yersiniosis,2018,"Capital, Coast and Hutt Valley",174,37
Diphtheria,2018,"Capital, Coast and Hutt Valley",0,0
Q fever,2018,"Capital, Coast and Hutt Valley",0,0
Trichinosis,2018,"Capital, Coast and Hutt Valley",0,0
Leptospirosis,2018,"Capital, Coast and Hutt Valley",1,suppressed
Mpox,2018,"Capital, Coast and Hutt Valley",0,0
Giardiasis,2018,"Capital, Coast and Hutt Valley",181,38.5
Acute gastroenteritis,2018,"Capital, Coast and Hutt Valley",57,12.1
Cysticercosis,2018,"Capital, Coast and Hutt Valley",0,0
Salmonellosis,2018,"Capital, Coast and Hutt Valley",114,24.3
Listeriosis,2018,"Capital, Coast and Hutt Valley",5,1.1
Poliomyelitis,2018,"Capital, Coast and Hutt Valley",0,0
Paratyphoid fever,2018,"Capital, Coast and Hutt Valley",2,suppressed
Malaria,2018,Counties Manukau,3,suppressed
Diphtheria,2018,Counties Manukau,0,0
Salmonellosis,2018,Counties Manukau,87,15.3
Cysticercosis,2018,Counties Manukau,0,0
Rickettsial disease,2018,Counties Manukau,0,0
Toxic shellfish poisoning,2018,Counties Manukau,0,0
Rubella,2018,Counties Manukau,0,0
Invasive group A streptococcal infection,2018,Counties Manukau,0,0
Rabies and other lyssaviruses,2018,Counties Manukau,0,0
Hepatitis B,2018,Counties Manukau,5,0.9
Invasive pneumococcal disease,2018,Counties Manukau,93,16.4
Trichinosis,2018,Counties Manukau,0,0
Typhoid fever,2018,Counties Manukau,16,2.8
Brucellosis,2018,Counties Manukau,0,0
Listeriosis,2018,Counties Manukau,4,suppressed
Hepatitis A,2018,Counties Manukau,8,1.4
Legionellosis,2018,Counties Manukau,22,3.9
Cholera,2018,Counties Manukau,0,0
Hepatitis C,2018,Counties Manukau,1,suppressed
Q fever,2018,Counties Manukau,0,0
Taeniasis,2018,Counties Manukau,2,suppressed
Cryptosporidiosis,2018,Counties Manukau,206,36.3
Paratyphoid fever,2018,Counties Manukau,2,suppressed
Shigellosis,2018,Counties Manukau,34,6
Haemophilus influenzae type b,2018,Counties Manukau,0,0
Meningoencephalitis - primary amoebic,2018,Counties Manukau,0,0
Yersiniosis,2018,Counties Manukau,90,15.9
Rheumatic fever,2018,Counties Manukau,89,15.7
Leptospirosis,2018,Counties Manukau,4,suppressed
Mpox,2018,Counties Manukau,0,0
VTEC/STEC infection,2018,Counties Manukau,66,11.6
Tuberculosis disease,2018,Counties Manukau,68,12
Mumps,2018,Counties Manukau,96,16.9
Hydatid disease,2018,Counties Manukau,0,0
Tetanus,2018,Counties Manukau,0,0
Arboviral diseases,2018,Counties Manukau,80,14.1
Pertussis,2018,Counties Manukau,220,38.8
Giardiasis,2018,Counties Manukau,150,26.5
Measles,2018,Counties Manukau,0,0
Hepatitis NOS,2018,Counties Manukau,2,suppressed
Meningococcal disease,2018,Counties Manukau,13,2.3
Poliomyelitis,2018,Counties Manukau,0,0
Campylobacteriosis,2018,Counties Manukau,577,101.8
Leprosy,2018,Counties Manukau,2,suppressed
Acute gastroenteritis,2018,Counties Manukau,3,suppressed
Hepatitis A,2018,Hawke's Bay,3,suppressed
Rickettsial disease,2018,Hawke's Bay,0,0
Giardiasis,2018,Hawke's Bay,68,39.4
Cholera,2018,Hawke's Bay,0,0
Meningoencephalitis - primary amoebic,2018,Hawke's Bay,0,0
Arboviral diseases,2018,Hawke's Bay,5,2.9
Typhoid fever,2018,Hawke's Bay,0,0
Paratyphoid fever,2018,Hawke's Bay,2,suppressed
Tetanus,2018,Hawke's Bay,0,0
Taeniasis,2018,Hawke's Bay,0,0
Hydatid disease,2018,Hawke's Bay,0,0
Shigellosis,2018,Hawke's Bay,9,5.2
Brucellosis,2018,Hawke's Bay,0,0
Rubella,2018,Hawke's Bay,0,0
Yersiniosis,2018,Hawke's Bay,41,23.8
Acute gastroenteritis,2018,Hawke's Bay,0,0
Campylobacteriosis,2018,Hawke's Bay,294,170.5
Salmonellosis,2018,Hawke's Bay,36,20.9
Toxic shellfish poisoning,2018,Hawke's Bay,0,0
Invasive pneumococcal disease,2018,Hawke's Bay,32,18.6
Tuberculosis disease,2018,Hawke's Bay,6,3.5
Mumps,2018,Hawke's Bay,11,6.4
Hepatitis C,2018,Hawke's Bay,3,suppressed
Mpox,2018,Hawke's Bay,0,0
Leprosy,2018,Hawke's Bay,0,0
Cysticercosis,2018,Hawke's Bay,0,0
Haemophilus influenzae type b,2018,Hawke's Bay,0,0
Malaria,2018,Hawke's Bay,2,suppressed
Hepatitis B,2018,Hawke's Bay,0,0
Rabies and other lyssaviruses,2018,Hawke's Bay,0,0
Meningococcal disease,2018,Hawke's Bay,0,0
Measles,2018,Hawke's Bay,0,0
Hepatitis NOS,2018,Hawke's Bay,1,suppressed
Listeriosis,2018,Hawke's Bay,0,0
VTEC/STEC infection,2018,Hawke's Bay,52,30.2
Rheumatic fever,2018,Hawke's Bay,4,suppressed
Q fever,2018,Hawke's Bay,0,0
Leptospirosis,2018,Hawke's Bay,19,11
Cryptosporidiosis,2018,Hawke's Bay,77,44.7
Pertussis,2018,Hawke's Bay,75,43.5
Legionellosis,2018,Hawke's Bay,0,0
Diphtheria,2018,Hawke's Bay,0,0
Trichinosis,2018,Hawke's Bay,0,0
Invasive group A streptococcal infection,2018,Hawke's Bay,0,0
Poliomyelitis,2018,Hawke's Bay,0,0
Malaria,2018,Lakes,0,0
Rabies and other lyssaviruses,2018,Lakes,0,0
Rickettsial disease,2018,Lakes,0,0
Cysticercosis,2018,Lakes,0,0
Tetanus,2018,Lakes,0,0
Q fever,2018,Lakes,0,0
Typhoid fever,2018,Lakes,1,suppressed
Trichinosis,2018,Lakes,0,0
Invasive group A streptococcal infection,2018,Lakes,0,0
Salmonellosis,2018,Lakes,22,19.4
Poliomyelitis,2018,Lakes,0,0
Taeniasis,2018,Lakes,0,0
Hepatitis B,2018,Lakes,0,0
Meningococcal disease,2018,Lakes,3,suppressed
Shigellosis,2018,Lakes,2,suppressed
Invasive pneumococcal disease,2018,Lakes,25,22
Brucellosis,2018,Lakes,0,0
Yersiniosis,2018,Lakes,51,45
Pertussis,2018,Lakes,84,74.1
Legionellosis,2018,Lakes,3,suppressed
Cholera,2018,Lakes,0,0
Rheumatic fever,2018,Lakes,3,suppressed
Diphtheria,2018,Lakes,0,0
Cryptosporidiosis,2018,Lakes,25,22
Hepatitis C,2018,Lakes,0,0
Hepatitis NOS,2018,Lakes,0,0
Leprosy,2018,Lakes,0,0
Meningoencephalitis - primary amoebic,2018,Lakes,0,0
Haemophilus influenzae type b,2018,Lakes,1,suppressed
Rubella,2018,Lakes,0,0
Mpox,2018,Lakes,0,0
Hepatitis A,2018,Lakes,0,0
Campylobacteriosis,2018,Lakes,154,135.8
Leptospirosis,2018,Lakes,4,suppressed
Measles,2018,Lakes,0,0
Listeriosis,2018,Lakes,0,0
Toxic shellfish poisoning,2018,Lakes,0,0
Tuberculosis disease,2018,Lakes,5,4.4
Giardiasis,2018,Lakes,32,28.2
Acute gastroenteritis,2018,Lakes,10,8.8
VTEC/STEC infection,2018,Lakes,10,8.8
Paratyphoid fever,2018,Lakes,0,0
Arboviral diseases,2018,Lakes,0,0
Mumps,2018,Lakes,42,37
Hydatid disease,2018,Lakes,0,0
Meningoencephalitis - primary amoebic,2018,MidCentral,0,0
Typhoid fever,2018,MidCentral,0,0
Hepatitis NOS,2018,MidCentral,0,0
Salmonellosis,2018,MidCentral,27,14.9
Hydatid disease,2018,MidCentral,0,0
Shigellosis,2018,MidCentral,0,0
Haemophilus influenzae type b,2018,MidCentral,0,0
Invasive pneumococcal disease,2018,MidCentral,13,7.2
Listeriosis,2018,MidCentral,1,suppressed
Taeniasis,2018,MidCentral,0,0
Leprosy,2018,MidCentral,0,0
Rabies and other lyssaviruses,2018,MidCentral,0,0
VTEC/STEC infection,2018,MidCentral,8,4.4
Q fever,2018,MidCentral,0,0
Paratyphoid fever,2018,MidCentral,0,0
Hepatitis C,2018,MidCentral,0,0
Mpox,2018,MidCentral,0,0
Rheumatic fever,2018,MidCentral,2,suppressed
Rubella,2018,MidCentral,0,0
Rickettsial disease,2018,MidCentral,0,0
Malaria,2018,MidCentral,0,0
Arboviral diseases,2018,MidCentral,7,3.9
Tuberculosis disease,2018,MidCentral,9,5
Giardiasis,2018,MidCentral,43,23.7
Measles,2018,MidCentral,0,0
Hepatitis A,2018,MidCentral,2,suppressed
Legionellosis,2018,MidCentral,2,suppressed
Mumps,2018,MidCentral,2,suppressed
Campylobacteriosis,2018,MidCentral,297,163.5
Cryptosporidiosis,2018,MidCentral,80,44
Toxic shellfish poisoning,2018,MidCentral,0,0
Leptospirosis,2018,MidCentral,6,3.3
Hepatitis B,2018,MidCentral,0,0
Brucellosis,2018,MidCentral,0,0
Pertussis,2018,MidCentral,47,25.9
Acute gastroenteritis,2018,MidCentral,1,suppressed
Meningococcal disease,2018,MidCentral,4,suppressed
Poliomyelitis,2018,MidCentral,0,0
Trichinosis,2018,MidCentral,0,0
Tetanus,2018,MidCentral,0,0
Cholera,2018,MidCentral,0,0
Diphtheria,2018,MidCentral,0,0
Cysticercosis,2018,MidCentral,0,0
Invasive group A streptococcal infection,2018,MidCentral,0,0
Yersiniosis,2018,MidCentral,15,8.3
Campylobacteriosis,2018,Nelson Marlborough,239,153.8
Meningococcal disease,2018,Nelson Marlborough,4,suppressed
Acute gastroenteritis,2018,Nelson Marlborough,8,5.1
Yersiniosis,2018,Nelson Marlborough,45,29
Rickettsial disease,2018,Nelson Marlborough,0,0
Malaria,2018,Nelson Marlborough,1,suppressed
Rabies and other lyssaviruses,2018,Nelson Marlborough,0,0
Measles,2018,Nelson Marlborough,2,suppressed
Hepatitis C,2018,Nelson Marlborough,5,3.2
Taeniasis,2018,Nelson Marlborough,0,0
Arboviral diseases,2018,Nelson Marlborough,7,4.5
Meningoencephalitis - primary amoebic,2018,Nelson Marlborough,0,0
Brucellosis,2018,Nelson Marlborough,1,suppressed
Mumps,2018,Nelson Marlborough,9,5.8
Tetanus,2018,Nelson Marlborough,0,0
Salmonellosis,2018,Nelson Marlborough,40,25.7
Pertussis,2018,Nelson Marlborough,369,237.5
Q fever,2018,Nelson Marlborough,0,0
Cholera,2018,Nelson Marlborough,0,0
Hepatitis B,2018,Nelson Marlborough,2,suppressed
Cryptosporidiosis,2018,Nelson Marlborough,34,21.9
Listeriosis,2018,Nelson Marlborough,1,suppressed
Toxic shellfish poisoning,2018,Nelson Marlborough,1,suppressed
Hepatitis NOS,2018,Nelson Marlborough,1,suppressed
Shigellosis,2018,Nelson Marlborough,12,7.7
Typhoid fever,2018,Nelson Marlborough,0,0
VTEC/STEC infection,2018,Nelson Marlborough,66,42.5
Rubella,2018,Nelson Marlborough,0,0
Hepatitis A,2018,Nelson Marlborough,3,suppressed
Paratyphoid fever,2018,Nelson Marlborough,1,suppressed
Cysticercosis,2018,Nelson Marlborough,0,0
Mpox,2018,Nelson Marlborough,0,0
Diphtheria,2018,Nelson Marlborough,0,0
Rheumatic fever,2018,Nelson Marlborough,1,suppressed
Leptospirosis,2018,Nelson Marlborough,2,suppressed
Haemophilus influenzae type b,2018,Nelson Marlborough,0,0
Hydatid disease,2018,Nelson Marlborough,0,0
Tuberculosis disease,2018,Nelson Marlborough,5,3.2
Giardiasis,2018,Nelson Marlborough,35,22.5
Poliomyelitis,2018,Nelson Marlborough,0,0
Leprosy,2018,Nelson Marlborough,0,0
Invasive pneumococcal disease,2018,Nelson Marlborough,17,10.9
Invasive group A streptococcal infection,2018,Nelson Marlborough,0,0
Legionellosis,2018,Nelson Marlborough,3,suppressed
Trichinosis,2018,Nelson Marlborough,0,0
Cryptosporidiosis,2018,Northland,72,38.8
Rickettsial disease,2018,Northland,0,0
Rabies and other lyssaviruses,2018,Northland,0,0
Malaria,2018,Northland,2,suppressed
Cysticercosis,2018,Northland,0,0
Mpox,2018,Northland,0,0
Tetanus,2018,Northland,0,0
Typhoid fever,2018,Northland,0,0
Tuberculosis disease,2018,Northland,3,suppressed
Diphtheria,2018,Northland,0,0
Hepatitis B,2018,Northland,1,suppressed
Q fever,2018,Northland,0,0
Salmonellosis,2018,Northland,33,17.8
Brucellosis,2018,Northland,0,0
Shigellosis,2018,Northland,2,suppressed
Trichinosis,2018,Northland,0,0
Cholera,2018,Northland,0,0
Leptospirosis,2018,Northland,8,4.3
Toxic shellfish poisoning,2018,Northland,0,0
Hepatitis A,2018,Northland,2,suppressed
Meningoencephalitis - primary amoebic,2018,Northland,0,0
Invasive pneumococcal disease,2018,Northland,30,16.1
Hepatitis C,2018,Northland,0,0
Listeriosis,2018,Northland,2,suppressed
Campylobacteriosis,2018,Northland,244,131.4
Yersiniosis,2018,Northland,25,13.5
Rubella,2018,Northland,0,0
Paratyphoid fever,2018,Northland,0,0
Invasive group A streptococcal infection,2018,Northland,0,0
Taeniasis,2018,Northland,0,0
Legionellosis,2018,Northland,11,5.9
Rheumatic fever,2018,Northland,13,7
Haemophilus influenzae type b,2018,Northland,1,suppressed
Hydatid disease,2018,Northland,0,0
Giardiasis,2018,Northland,56,30.1
Meningococcal disease,2018,Northland,13,7
Poliomyelitis,2018,Northland,0,0
Measles,2018,Northland,0,0
Arboviral diseases,2018,Northland,7,3.8
Mumps,2018,Northland,22,11.8
Acute gastroenteritis,2018,Northland,41,22.1
VTEC/STEC infection,2018,Northland,68,36.6
Pertussis,2018,Northland,114,61.4
Leprosy,2018,Northland,0,0
Hepatitis NOS,2018,Northland,0,0
Rabies and other lyssaviruses,2018,South Canterbury,0,0
Tetanus,2018,South Canterbury,0,0
Tuberculosis disease,2018,South Canterbury,3,suppressed
Rickettsial disease,2018,South Canterbury,0,0
Toxic shellfish poisoning,2018,South Canterbury,0,0
Diphtheria,2018,South Canterbury,0,0
Meningococcal disease,2018,South Canterbury,1,suppressed
Cryptosporidiosis,2018,South Canterbury,21,34.5
Salmonellosis,2018,South Canterbury,14,23
Mpox,2018,South Canterbury,0,0
Hepatitis A,2018,South Canterbury,0,0
Legionellosis,2018,South Canterbury,0,0
Q fever,2018,South Canterbury,0,0
Cysticercosis,2018,South Canterbury,0,0
Hepatitis B,2018,South Canterbury,1,suppressed
Malaria,2018,South Canterbury,0,0
Invasive group A streptococcal infection,2018,South Canterbury,0,0
Taeniasis,2018,South Canterbury,0,0
Brucellosis,2018,South Canterbury,0,0
Haemophilus influenzae type b,2018,South Canterbury,0,0
Meningoencephalitis - primary amoebic,2018,South Canterbury,0,0
Rubella,2018,South Canterbury,0,0
Cholera,2018,South Canterbury,0,0
Listeriosis,2018,South Canterbury,0,0
Campylobacteriosis,2018,South Canterbury,150,246.6
Rheumatic fever,2018,South Canterbury,0,0
Arboviral diseases,2018,South Canterbury,1,suppressed
VTEC/STEC infection,2018,South Canterbury,11,18.1
Trichinosis,2018,South Canterbury,0,0
Shigellosis,2018,South Canterbury,1,suppressed
Pertussis,2018,South Canterbury,18,29.6
Paratyphoid fever,2018,South Canterbury,0,0
Measles,2018,South Canterbury,0,0
Yersiniosis,2018,South Canterbury,17,27.9
Typhoid fever,2018,South Canterbury,0,0
Leptospirosis,2018,South Canterbury,0,0
Leprosy,2018,South Canterbury,0,0
Poliomyelitis,2018,South Canterbury,0,0
Acute gastroenteritis,2018,South Canterbury,0,0
Mumps,2018,South Canterbury,2,suppressed
Hepatitis NOS,2018,South Canterbury,0,0
Hepatitis C,2018,South Canterbury,1,suppressed
Invasive pneumococcal disease,2018,South Canterbury,2,suppressed
Giardiasis,2018,South Canterbury,25,41.1
Hydatid disease,2018,South Canterbury,0,0
Meningococcal disease,2018,Southern,12,3.6
Diphtheria,2018,Southern,0,0
Measles,2018,Southern,8,2.4
Rickettsial disease,2018,Southern,0,0
Haemophilus influenzae type b,2018,Southern,0,0
Hepatitis NOS,2018,Southern,0,0
Poliomyelitis,2018,Southern,0,0
Q fever,2018,Southern,0,0
Salmonellosis,2018,Southern,117,34.7
Pertussis,2018,Southern,94,27.9
Tuberculosis disease,2018,Southern,9,2.7
Acute gastroenteritis,2018,Southern,6,1.8
Rheumatic fever,2018,Southern,2,suppressed
Malaria,2018,Southern,1,suppressed
Campylobacteriosis,2018,Southern,721,213.7
Cholera,2018,Southern,0,0
Trichinosis,2018,Southern,0,0
Hepatitis C,2018,Southern,5,1.5
Hepatitis B,2018,Southern,3,suppressed
Rabies and other lyssaviruses,2018,Southern,0,0
Brucellosis,2018,Southern,0,0
Paratyphoid fever,2018,Southern,0,0
Mpox,2018,Southern,0,0
Tetanus,2018,Southern,0,0
Yersiniosis,2018,Southern,68,20.2
Invasive group A streptococcal infection,2018,Southern,0,0
Cysticercosis,2018,Southern,0,0
Cryptosporidiosis,2018,Southern,113,33.5
Listeriosis,2018,Southern,2,suppressed
Typhoid fever,2018,Southern,2,suppressed
Meningoencephalitis - primary amoebic,2018,Southern,0,0
Taeniasis,2018,Southern,0,0
Rubella,2018,Southern,0,0
VTEC/STEC infection,2018,Southern,216,64
Legionellosis,2018,Southern,19,5.6
Mumps,2018,Southern,45,13.3
Toxic shellfish poisoning,2018,Southern,0,0
Arboviral diseases,2018,Southern,9,2.7
Invasive pneumococcal disease,2018,Southern,39,11.6
Leptospirosis,2018,Southern,3,suppressed
Leprosy,2018,Southern,0,0
Giardiasis,2018,Southern,84,24.9
Shigellosis,2018,Southern,5,1.5
Hepatitis A,2018,Southern,10,3
Hydatid disease,2018,Southern,0,0
Measles,2018,Tairawhiti,0,0
Cholera,2018,Tairawhiti,0,0
Brucellosis,2018,Tairawhiti,0,0
Yersiniosis,2018,Tairawhiti,3,suppressed
Shigellosis,2018,Tairawhiti,1,suppressed
Typhoid fever,2018,Tairawhiti,0,0
Campylobacteriosis,2018,Tairawhiti,54,109
Rheumatic fever,2018,Tairawhiti,2,suppressed
Pertussis,2018,Tairawhiti,14,28.3
Cryptosporidiosis,2018,Tairawhiti,10,20.2
Cysticercosis,2018,Tairawhiti,0,0
Tuberculosis disease,2018,Tairawhiti,0,0
Hydatid disease,2018,Tairawhiti,0,0
Taeniasis,2018,Tairawhiti,0,0
Salmonellosis,2018,Tairawhiti,12,24.2
Meningoencephalitis - primary amoebic,2018,Tairawhiti,0,0
Haemophilus influenzae type b,2018,Tairawhiti,0,0
Tetanus,2018,Tairawhiti,0,0
VTEC/STEC infection,2018,Tairawhiti,3,suppressed
Legionellosis,2018,Tairawhiti,0,0
Leptospirosis,2018,Tairawhiti,6,12.1
Diphtheria,2018,Tairawhiti,0,0
Rickettsial disease,2018,Tairawhiti,0,0
Arboviral diseases,2018,Tairawhiti,0,0
Rabies and other lyssaviruses,2018,Tairawhiti,0,0
Hepatitis C,2018,Tairawhiti,0,0
Paratyphoid fever,2018,Tairawhiti,0,0
Hepatitis NOS,2018,Tairawhiti,0,0
Mumps,2018,Tairawhiti,2,suppressed
Rubella,2018,Tairawhiti,0,0
Poliomyelitis,2018,Tairawhiti,0,0
Hepatitis A,2018,Tairawhiti,0,0
Mpox,2018,Tairawhiti,0,0
Toxic shellfish poisoning,2018,Tairawhiti,0,0
Giardiasis,2018,Tairawhiti,34,68.6
Listeriosis,2018,Tairawhiti,0,0
Meningococcal disease,2018,Tairawhiti,1,suppressed
Leprosy,2018,Tairawhiti,0,0
Invasive pneumococcal disease,2018,Tairawhiti,6,12.1
Q fever,2018,Tairawhiti,0,0
Malaria,2018,Tairawhiti,1,suppressed
Acute gastroenteritis,2018,Tairawhiti,0,0
Hepatitis B,2018,Tairawhiti,0,0
Trichinosis,2018,Tairawhiti,0,0
Invasive group A streptococcal infection,2018,Tairawhiti,0,0
Hydatid disease,2018,Taranaki,0,0
Campylobacteriosis,2018,Taranaki,222,182.9
Invasive pneumococcal disease,2018,Taranaki,19,15.7
Taeniasis,2018,Taranaki,0,0
Legionellosis,2018,Taranaki,4,suppressed
Mpox,2018,Taranaki,0,0
Cysticercosis,2018,Taranaki,0,0
Yersiniosis,2018,Taranaki,22,18.1
Rickettsial disease,2018,Taranaki,0,0
Arboviral diseases,2018,Taranaki,5,4.1
Brucellosis,2018,Taranaki,0,0
Hepatitis C,2018,Taranaki,1,suppressed
Giardiasis,2018,Taranaki,25,20.6
Hepatitis NOS,2018,Taranaki,0,0
Meningoencephalitis - primary amoebic,2018,Taranaki,0,0
Shigellosis,2018,Taranaki,4,suppressed
Haemophilus influenzae type b,2018,Taranaki,0,0
Hepatitis A,2018,Taranaki,0,0
Tetanus,2018,Taranaki,0,0
Pertussis,2018,Taranaki,36,29.7
Tuberculosis disease,2018,Taranaki,4,suppressed
Paratyphoid fever,2018,Taranaki,0,0
Diphtheria,2018,Taranaki,0,0
Acute gastroenteritis,2018,Taranaki,2,suppressed
Typhoid fever,2018,Taranaki,0,0
Rubella,2018,Taranaki,0,0
Salmonellosis,2018,Taranaki,36,29.7
VTEC/STEC infection,2018,Taranaki,9,7.4
Meningococcal disease,2018,Taranaki,4,suppressed
Rheumatic fever,2018,Taranaki,1,suppressed
Cholera,2018,Taranaki,0,0
Hepatitis B,2018,Taranaki,3,suppressed
Measles,2018,Taranaki,0,0
Listeriosis,2018,Taranaki,0,0
Rabies and other lyssaviruses,2018,Taranaki,0,0
Leprosy,2018,Taranaki,0,0
Q fever,2018,Taranaki,0,0
Toxic shellfish poisoning,2018,Taranaki,0,0
Mumps,2018,Taranaki,3,suppressed
Trichinosis,2018,Taranaki,0,0
Leptospirosis,2018,Taranaki,2,suppressed
Invasive group A streptococcal infection,2018,Taranaki,0,0
Cryptosporidiosis,2018,Taranaki,37,30.5
Poliomyelitis,2018,Taranaki,0,0
Malaria,2018,Taranaki,1,suppressed
Mpox,2018,Waikato,0,0
Toxic shellfish poisoning,2018,Waikato,1,suppressed
Malaria,2018,Waikato,3,suppressed
Hepatitis B,2018,Waikato,0,0
Invasive group A streptococcal infection,2018,Waikato,0,0
Q fever,2018,Waikato,0,0
Typhoid fever,2018,Waikato,4,suppressed
Rickettsial disease,2018,Waikato,2,suppressed
Brucellosis,2018,Waikato,0,0
Salmonellosis,2018,Waikato,112,26.6
Rheumatic fever,2018,Waikato,12,2.9
Trichinosis,2018,Waikato,0,0
Legionellosis,2018,Waikato,6,1.4
Rabies and other lyssaviruses,2018,Waikato,0,0
Meningococcal disease,2018,Waikato,8,1.9
Taeniasis,2018,Waikato,0,0
Cysticercosis,2018,Waikato,1,suppressed
Leprosy,2018,Waikato,0,0
Shigellosis,2018,Waikato,17,4
Invasive pneumococcal disease,2018,Waikato,48,11.4
Rubella,2018,Waikato,0,0
Tetanus,2018,Waikato,0,0
Listeriosis,2018,Waikato,1,suppressed
Campylobacteriosis,2018,Waikato,676,160.6
Cholera,2018,Waikato,0,0
Hepatitis NOS,2018,Waikato,0,0
Acute gastroenteritis,2018,Waikato,16,3.8
Diphtheria,2018,Waikato,0,0
Tuberculosis disease,2018,Waikato,19,4.5
Giardiasis,2018,Waikato,151,35.9
Hydatid disease,2018,Waikato,0,0
Paratyphoid fever,2018,Waikato,0,0
Haemophilus influenzae type b,2018,Waikato,0,0
Leptospirosis,2018,Waikato,23,5.5
Poliomyelitis,2018,Waikato,0,0
Yersiniosis,2018,Waikato,85,20.2
Pertussis,2018,Waikato,326,77.4
Cryptosporidiosis,2018,Waikato,132,31.4
Mumps,2018,Waikato,9,2.1
Measles,2018,Waikato,1,suppressed
Meningoencephalitis - primary amoebic,2018,Waikato,0,0
Arboviral diseases,2018,Waikato,23,5.5
Hepatitis C,2018,Waikato,0,0
Hepatitis A,2018,Waikato,6,1.4
VTEC/STEC infection,2018,Waikato,56,13.3
Leprosy,2018,Wairarapa,0,0
Meningoencephalitis - primary amoebic,2018,Wairarapa,0,0
Hepatitis B,2018,Wairarapa,1,suppressed
Invasive pneumococcal disease,2018,Wairarapa,10,21.4
Salmonellosis,2018,Wairarapa,10,21.4
Taeniasis,2018,Wairarapa,0,0
Hepatitis NOS,2018,Wairarapa,0,0
Hepatitis C,2018,Wairarapa,0,0
Legionellosis,2018,Wairarapa,0,0
Haemophilus influenzae type b,2018,Wairarapa,0,0
Cryptosporidiosis,2018,Wairarapa,20,42.7
Rickettsial disease,2018,Wairarapa,0,0
Malaria,2018,Wairarapa,0,0
Giardiasis,2018,Wairarapa,22,47
Measles,2018,Wairarapa,0,0
Toxic shellfish poisoning,2018,Wairarapa,0,0
Arboviral diseases,2018,Wairarapa,0,0
Shigellosis,2018,Wairarapa,0,0
Mumps,2018,Wairarapa,0,0
Hydatid disease,2018,Wairarapa,0,0
Campylobacteriosis,2018,Wairarapa,79,168.7
Mpox,2018,Wairarapa,0,0
Rabies and other lyssaviruses,2018,Wairarapa,0,0
Q fever,2018,Wairarapa,0,0
Cysticercosis,2018,Wairarapa,0,0
Listeriosis,2018,Wairarapa,1,suppressed
VTEC/STEC infection,2018,Wairarapa,28,59.8
Diphtheria,2018,Wairarapa,0,0
Paratyphoid fever,2018,Wairarapa,0,0
Brucellosis,2018,Wairarapa,0,0
Tuberculosis disease,2018,Wairarapa,2,suppressed
Cholera,2018,Wairarapa,0,0
Pertussis,2018,Wairarapa,66,140.9
Meningococcal disease,2018,Wairarapa,1,suppressed
Typhoid fever,2018,Wairarapa,0,0
Acute gastroenteritis,2018,Wairarapa,4,suppressed
Invasive group A streptococcal infection,2018,Wairarapa,0,0
Hepatitis A,2018,Wairarapa,0,0
Rheumatic fever,2018,Wairarapa,1,suppressed
Tetanus,2018,Wairarapa,0,0
Rubella,2018,Wairarapa,0,0
Trichinosis,2018,Wairarapa,0,0
Poliomyelitis,2018,Wairarapa,0,0
Leptospirosis,2018,Wairarapa,3,suppressed
Yersiniosis,2018,Wairarapa,20,42.7
Rickettsial disease,2018,Waitemata,0,0
Invasive pneumococcal disease,2018,Waitemata,51,8.3
Yersiniosis,2018,Waitemata,133,21.6
Pertussis,2018,Waitemata,273,44.4
Q fever,2018,Waitemata,0,0
Mumps,2018,Waitemata,77,12.5
Tetanus,2018,Waitemata,0,0
Paratyphoid fever,2018,Waitemata,3,suppressed
Salmonellosis,2018,Waitemata,107,17.4
Cholera,2018,Waitemata,0,0
Acute gastroenteritis,2018,Waitemata,8,1.3
Campylobacteriosis,2018,Waitemata,903,146.8
Brucellosis,2018,Waitemata,0,0
Meningoencephalitis - primary amoebic,2018,Waitemata,0,0
Arboviral diseases,2018,Waitemata,50,8.1
Measles,2018,Waitemata,2,suppressed
Poliomyelitis,2018,Waitemata,0,0
Mpox,2018,Waitemata,0,0
Taeniasis,2018,Waitemata,0,0
Shigellosis,2018,Waitemata,39,6.3
Typhoid fever,2018,Waitemata,5,0.8
Hepatitis C,2018,Waitemata,1,suppressed
VTEC/STEC infection,2018,Waitemata,78,12.7
Tuberculosis disease,2018,Waitemata,51,8.3
Hepatitis A,2018,Waitemata,11,1.8
Hepatitis NOS,2018,Waitemata,1,suppressed
Rubella,2018,Waitemata,0,0
Leprosy,2018,Waitemata,0,0
Hydatid disease,2018,Waitemata,0,0
Haemophilus influenzae type b,2018,Waitemata,0,0
Cryptosporidiosis,2018,Waitemata,198,32.2
Meningococcal disease,2018,Waitemata,13,2.1
Giardiasis,2018,Waitemata,177,28.8
Rabies and other lyssaviruses,2018,Waitemata,0,0
Diphtheria,2018,Waitemata,0,0
Trichinosis,2018,Waitemata,0,0
Listeriosis,2018,Waitemata,4,suppressed
Hepatitis B,2018,Waitemata,5,0.8
Cysticercosis,2018,Waitemata,0,0
Toxic shellfish poisoning,2018,Waitemata,0,0
Legionellosis,2018,Waitemata,21,3.4
Rheumatic fever,2018,Waitemata,15,2.4
Malaria,2018,Waitemata,6,1
Leptospirosis,2018,Waitemata,7,1.1
Invasive group A streptococcal infection,2018,Waitemata,0,0
Meningoencephalitis - primary amoebic,2018,West Coast,0,0
Taeniasis,2018,West Coast,0,0
Tuberculosis disease,2018,West Coast,0,0
Hepatitis NOS,2018,West Coast,0,0
Meningococcal disease,2018,West Coast,0,0
Salmonellosis,2018,West Coast,14,43.2
Campylobacteriosis,2018,West Coast,50,154.3
Leprosy,2018,West Coast,0,0
Hydatid disease,2018,West Coast,0,0
Rabies and other lyssaviruses,2018,West Coast,0,0
Cysticercosis,2018,West Coast,0,0
Arboviral diseases,2018,West Coast,0,0
Q fever,2018,West Coast,0,0
Measles,2018,West Coast,0,0
Acute gastroenteritis,2018,West Coast,4,suppressed
Paratyphoid fever,2018,West Coast,1,suppressed
Hepatitis C,2018,West Coast,1,suppressed
Cholera,2018,West Coast,0,0
Shigellosis,2018,West Coast,0,0
Haemophilus influenzae type b,2018,West Coast,0,0
Malaria,2018,West Coast,0,0
Cryptosporidiosis,2018,West Coast,6,18.5
Hepatitis A,2018,West Coast,0,0
Legionellosis,2018,West Coast,0,0
Giardiasis,2018,West Coast,6,18.5
Rickettsial disease,2018,West Coast,0,0
Hepatitis B,2018,West Coast,0,0
Trichinosis,2018,West Coast,0,0
Invasive group A streptococcal infection,2018,West Coast,0,0
Rheumatic fever,2018,West Coast,0,0
Mumps,2018,West Coast,1,suppressed
VTEC/STEC infection,2018,West Coast,1,suppressed
Brucellosis,2018,West Coast,0,0
Diphtheria,2018,West Coast,0,0
Listeriosis,2018,West Coast,0,0
Yersiniosis,2018,West Coast,8,24.7
Pertussis,2018,West Coast,152,469
Poliomyelitis,2018,West Coast,0,0
Typhoid fever,2018,West Coast,0,0
Toxic shellfish poisoning,2018,West Coast,0,0
Tetanus,2018,West Coast,0,0
Invasive pneumococcal disease,2018,West Coast,4,suppressed
Rubella,2018,West Coast,0,0
Mpox,2018,West Coast,0,0
Leptospirosis,2018,West Coast,1,suppressed
Hepatitis NOS,2018,Whanganui,0,0
Typhoid fever,2018,Whanganui,1,suppressed
Rickettsial disease,2018,Whanganui,0,0
Campylobacteriosis,2018,Whanganui,81,121.5
Hydatid disease,2018,Whanganui,0,0
Taeniasis,2018,Whanganui,0,0
Tuberculosis disease,2018,Whanganui,2,suppressed
Invasive pneumococcal disease,2018,Whanganui,12,18
Shigellosis,2018,Whanganui,1,suppressed
Salmonellosis,2018,Whanganui,15,22.5
Meningoencephalitis - primary amoebic,2018,Whanganui,0,0
Rabies and other lyssaviruses,2018,Whanganui,0,0
Meningococcal disease,2018,Whanganui,3,suppressed
Haemophilus influenzae type b,2018,Whanganui,0,0
Hepatitis C,2018,Whanganui,0,0
Leprosy,2018,Whanganui,0,0
VTEC/STEC infection,2018,Whanganui,4,suppressed
Giardiasis,2018,Whanganui,14,21
Rubella,2018,Whanganui,0,0
Tetanus,2018,Whanganui,0,0
Mpox,2018,Whanganui,0,0
Brucellosis,2018,Whanganui,0,0
Q fever,2018,Whanganui,0,0
Cysticercosis,2018,Whanganui,0,0
Hepatitis B,2018,Whanganui,0,0
Diphtheria,2018,Whanganui,0,0
Acute gastroenteritis,2018,Whanganui,3,suppressed
Arboviral diseases,2018,Whanganui,2,suppressed
Measles,2018,Whanganui,0,0
Hepatitis A,2018,Whanganui,2,suppressed
Rheumatic fever,2018,Whanganui,1,suppressed
Mumps,2018,Whanganui,1,suppressed
Poliomyelitis,2018,Whanganui,0,0
Toxic shellfish poisoning,2018,Whanganui,0,0
Malaria,2018,Whanganui,0,0
Leptospirosis,2018,Whanganui,4,suppressed
Legionellosis,2018,Whanganui,1,suppressed
Paratyphoid fever,2018,Whanganui,0,0
Invasive group A streptococcal infection,2018,Whanganui,0,0
Trichinosis,2018,Whanganui,0,0
Listeriosis,2018,Whanganui,1,suppressed
Cholera,2018,Whanganui,0,0
Yersiniosis,2018,Whanganui,4,suppressed
Cryptosporidiosis,2018,Whanganui,15,22.5
Pertussis,2018,Whanganui,13,19.5
Salmonellosis,2019,Auckland,118,23.7
Paratyphoid fever,2019,Auckland,6,1.2
Hydatid disease,2019,Auckland,0,0
Toxic shellfish poisoning,2019,Auckland,1,suppressed
Mpox,2019,Auckland,0,0
Cysticercosis,2019,Auckland,0,0
Arboviral diseases,2019,Auckland,49,9.9
Shigellosis,2019,Auckland,66,13.3
Malaria,2019,Auckland,5,1
Hepatitis NOS,2019,Auckland,3,suppressed
Rheumatic fever,2019,Auckland,16,3.2
Giardiasis,2019,Auckland,205,41.2
Campylobacteriosis,2019,Auckland,515,103.5
Cholera,2019,Auckland,0,0
Invasive pneumococcal disease,2019,Auckland,41,8.2
Meningoencephalitis - primary amoebic,2019,Auckland,0,0
Q fever,2019,Auckland,0,0
Legionellosis,2019,Auckland,12,2.4
Rubella,2019,Auckland,0,0
Diphtheria,2019,Auckland,0,0
Rabies and other lyssaviruses,2019,Auckland,0,0
Invasive group A streptococcal infection,2019,Auckland,0,0
Hepatitis B,2019,Auckland,2,suppressed
Brucellosis,2019,Auckland,0,0
Tuberculosis disease,2019,Auckland,45,9
Measles,2019,Auckland,274,55.1
VTEC/STEC infection,2019,Auckland,77,15.5
Rickettsial disease,2019,Auckland,1,suppressed
Mumps,2019,Auckland,72,14.5
Cryptosporidiosis,2019,Auckland,94,18.9
Leptospirosis,2019,Auckland,1,suppressed
Haemophilus influenzae type b,2019,Auckland,0,0
Listeriosis,2019,Auckland,3,suppressed
Acute gastroenteritis,2019,Auckland,13,2.6
Trichinosis,2019,Auckland,0,0
Hepatitis A,2019,Auckland,9,1.8
Yersiniosis,2019,Auckland,154,31
Hepatitis C,2019,Auckland,1,suppressed
Meningococcal disease,2019,Auckland,12,2.4
Typhoid fever,2019,Auckland,4,suppressed
Leprosy,2019,Auckland,0,0
Pertussis,2019,Auckland,80,16.1
Tetanus,2019,Auckland,0,0
Taeniasis,2019,Auckland,1,suppressed
Poliomyelitis,2019,Auckland,0,0
Q fever,2019,Bay of Plenty,0,0
Toxic shellfish poisoning,2019,Bay of Plenty,0,0
Arboviral diseases,2019,Bay of Plenty,18,7
Acute gastroenteritis,2019,Bay of Plenty,119,46.6
Cholera,2019,Bay of Plenty,0,0
Brucellosis,2019,Bay of Plenty,0,0
Tuberculosis disease,2019,Bay of Plenty,7,2.7
Legionellosis,2019,Bay of Plenty,11,4.3
Mpox,2019,Bay of Plenty,0,0
Yersiniosis,2019,Bay of Plenty,59,23.1
Invasive pneumococcal disease,2019,Bay of Plenty,36,14.1
Invasive group A streptococcal infection,2019,Bay of Plenty,0,0
Paratyphoid fever,2019,Bay of Plenty,0,0
Rickettsial disease,2019,Bay of Plenty,1,suppressed
Cryptosporidiosis,2019,Bay of Plenty,30,11.7
Rabies and other lyssaviruses,2019,Bay of Plenty,0,0
Leptospirosis,2019,Bay of Plenty,4,suppressed
Diphtheria,2019,Bay of Plenty,0,0
Hepatitis B,2019,Bay of Plenty,1,suppressed
Hepatitis C,2019,Bay of Plenty,0,0
Cysticercosis,2019,Bay of Plenty,0,0
Taeniasis,2019,Bay of Plenty,0,0
Measles,2019,Bay of Plenty,45,17.6
Meningoencephalitis - primary amoebic,2019,Bay of Plenty,0,0
Pertussis,2019,Bay of Plenty,85,33.3
Hepatitis A,2019,Bay of Plenty,0,0
Rubella,2019,Bay of Plenty,0,0
Typhoid fever,2019,Bay of Plenty,2,suppressed
Rheumatic fever,2019,Bay of Plenty,8,3.1
Poliomyelitis,2019,Bay of Plenty,0,0
Malaria,2019,Bay of Plenty,2,suppressed
Mumps,2019,Bay of Plenty,8,3.1
Giardiasis,2019,Bay of Plenty,130,50.9
Hydatid disease,2019,Bay of Plenty,0,0
Salmonellosis,2019,Bay of Plenty,58,22.7
Trichinosis,2019,Bay of Plenty,0,0
Shigellosis,2019,Bay of Plenty,12,4.7
Leprosy,2019,Bay of Plenty,0,0
Tetanus,2019,Bay of Plenty,0,0
Haemophilus influenzae type b,2019,Bay of Plenty,0,0
Hepatitis NOS,2019,Bay of Plenty,0,0
VTEC/STEC infection,2019,Bay of Plenty,75,29.4
Listeriosis,2019,Bay of Plenty,1,suppressed
Campylobacteriosis,2019,Bay of Plenty,289,113.2
Meningococcal disease,2019,Bay of Plenty,11,4.3
Cholera,2019,Canterbury,0,0
Rheumatic fever,2019,Canterbury,3,suppressed
Hepatitis NOS,2019,Canterbury,0,0
Q fever,2019,Canterbury,0,0
Pertussis,2019,Canterbury,70,12.3
Leptospirosis,2019,Canterbury,2,suppressed
Rickettsial disease,2019,Canterbury,0,0
Hydatid disease,2019,Canterbury,0,0
Meningoencephalitis - primary amoebic,2019,Canterbury,0,0
Measles,2019,Canterbury,44,7.7
Salmonellosis,2019,Canterbury,141,24.8
Leprosy,2019,Canterbury,0,0
Poliomyelitis,2019,Canterbury,0,0
Haemophilus influenzae type b,2019,Canterbury,0,0
Hepatitis A,2019,Canterbury,4,suppressed
Rubella,2019,Canterbury,0,0
Legionellosis,2019,Canterbury,41,7.2
Cysticercosis,2019,Canterbury,0,0
Cryptosporidiosis,2019,Canterbury,121,21.2
Rabies and other lyssaviruses,2019,Canterbury,0,0
Hepatitis B,2019,Canterbury,4,suppressed
Hepatitis C,2019,Canterbury,7,1.2
Taeniasis,2019,Canterbury,0,0
Meningococcal disease,2019,Canterbury,11,1.9
Invasive pneumococcal disease,2019,Canterbury,34,6
Mumps,2019,Canterbury,4,suppressed
Typhoid fever,2019,Canterbury,4,suppressed
Yersiniosis,2019,Canterbury,153,26.9
Tetanus,2019,Canterbury,0,0
Toxic shellfish poisoning,2019,Canterbury,0,0
Listeriosis,2019,Canterbury,5,0.9
Trichinosis,2019,Canterbury,0,0
Mpox,2019,Canterbury,0,0
Campylobacteriosis,2019,Canterbury,714,125.3
Giardiasis,2019,Canterbury,159,27.9
Tuberculosis disease,2019,Canterbury,31,5.4
Paratyphoid fever,2019,Canterbury,1,suppressed
VTEC/STEC infection,2019,Canterbury,67,11.8
Brucellosis,2019,Canterbury,1,suppressed
Shigellosis,2019,Canterbury,18,3.2
Invasive group A streptococcal infection,2019,Canterbury,0,0
Arboviral diseases,2019,Canterbury,19,3.3
Malaria,2019,Canterbury,2,suppressed
Acute gastroenteritis,2019,Canterbury,27,4.7
Diphtheria,2019,Canterbury,1,suppressed
Legionellosis,2019,"Capital, Coast and Hutt Valley",6,1.3
Pertussis,2019,"Capital, Coast and Hutt Valley",218,46
Arboviral diseases,2019,"Capital, Coast and Hutt Valley",7,1.5
Rickettsial disease,2019,"Capital, Coast and Hutt Valley",0,0
Acute gastroenteritis,2019,"Capital, Coast and Hutt Valley",57,12
Meningoencephalitis - primary amoebic,2019,"Capital, Coast and Hutt Valley",0,0
Tuberculosis disease,2019,"Capital, Coast and Hutt Valley",30,6.3
Cryptosporidiosis,2019,"Capital, Coast and Hutt Valley",58,12.2
Rubella,2019,"Capital, Coast and Hutt Valley",0,0
Leptospirosis,2019,"Capital, Coast and Hutt Valley",0,0
Rheumatic fever,2019,"Capital, Coast and Hutt Valley",9,1.9
Cysticercosis,2019,"Capital, Coast and Hutt Valley",0,0
Trichinosis,2019,"Capital, Coast and Hutt Valley",0,0
Toxic shellfish poisoning,2019,"Capital, Coast and Hutt Valley",0,0
Diphtheria,2019,"Capital, Coast and Hutt Valley",0,0
Paratyphoid fever,2019,"Capital, Coast and Hutt Valley",1,suppressed
Brucellosis,2019,"Capital, Coast and Hutt Valley",0,0
Taeniasis,2019,"Capital, Coast and Hutt Valley",0,0
VTEC/STEC infection,2019,"Capital, Coast and Hutt Valley",113,23.8
Invasive pneumococcal disease,2019,"Capital, Coast and Hutt Valley",41,8.7
Yersiniosis,2019,"Capital, Coast and Hutt Valley",189,39.9
Tetanus,2019,"Capital, Coast and Hutt Valley",0,0
Mumps,2019,"Capital, Coast and Hutt Valley",13,2.7
Cholera,2019,"Capital, Coast and Hutt Valley",0,0
Poliomyelitis,2019,"Capital, Coast and Hutt Valley",0,0
Q fever,2019,"Capital, Coast and Hutt Valley",0,0
Hepatitis C,2019,"Capital, Coast and Hutt Valley",0,0
Malaria,2019,"Capital, Coast and Hutt Valley",5,1.1
Hepatitis B,2019,"Capital, Coast and Hutt Valley",3,suppressed
Hydatid disease,2019,"Capital, Coast and Hutt Valley",0,0
Campylobacteriosis,2019,"Capital, Coast and Hutt Valley",482,101.7
Measles,2019,"Capital, Coast and Hutt Valley",32,6.8
Leprosy,2019,"Capital, Coast and Hutt Valley",1,suppressed
Shigellosis,2019,"Capital, Coast and Hutt Valley",21,4.4
Listeriosis,2019,"Capital, Coast and Hutt Valley",5,1.1
Typhoid fever,2019,"Capital, Coast and Hutt Valley",2,suppressed
Haemophilus influenzae type b,2019,"Capital, Coast and Hutt Valley",0,0
Mpox,2019,"Capital, Coast and Hutt Valley",0,0
Meningococcal disease,2019,"Capital, Coast and Hutt Valley",15,3.2
Salmonellosis,2019,"Capital, Coast and Hutt Valley",112,23.6
Invasive group A streptococcal infection,2019,"Capital, Coast and Hutt Valley",0,0
Rabies and other lyssaviruses,2019,"Capital, Coast and Hutt Valley",0,0
Hepatitis A,2019,"Capital, Coast and Hutt Valley",2,suppressed
Giardiasis,2019,"Capital, Coast and Hutt Valley",171,36.1
Hepatitis NOS,2019,"Capital, Coast and Hutt Valley",0,0
Hepatitis B,2019,Counties Manukau,5,0.9
Toxic shellfish poisoning,2019,Counties Manukau,0,0
Campylobacteriosis,2019,Counties Manukau,487,84.3
Rickettsial disease,2019,Counties Manukau,0,0
Cholera,2019,Counties Manukau,0,0
Pertussis,2019,Counties Manukau,115,19.9
Q fever,2019,Counties Manukau,0,0
Malaria,2019,Counties Manukau,3,suppressed
Brucellosis,2019,Counties Manukau,0,0
Arboviral diseases,2019,Counties Manukau,24,4.2
Giardiasis,2019,Counties Manukau,173,29.9
Typhoid fever,2019,Counties Manukau,23,4
Yersiniosis,2019,Counties Manukau,108,18.7
Meningoencephalitis - primary amoebic,2019,Counties Manukau,0,0
Invasive pneumococcal disease,2019,Counties Manukau,67,11.6
Legionellosis,2019,Counties Manukau,18,3.1
Cryptosporidiosis,2019,Counties Manukau,114,19.7
Tetanus,2019,Counties Manukau,0,0
Hydatid disease,2019,Counties Manukau,0,0
Acute gastroenteritis,2019,Counties Manukau,18,3.1
Invasive group A streptococcal infection,2019,Counties Manukau,0,0
VTEC/STEC infection,2019,Counties Manukau,64,11.1
Tuberculosis disease,2019,Counties Manukau,78,13.5
Measles,2019,Counties Manukau,1156,200.1
Hepatitis NOS,2019,Counties Manukau,2,suppressed
Leptospirosis,2019,Counties Manukau,9,1.6
Shigellosis,2019,Counties Manukau,35,6.1
Mumps,2019,Counties Manukau,40,6.9
Hepatitis A,2019,Counties Manukau,19,3.3
Trichinosis,2019,Counties Manukau,0,0
Salmonellosis,2019,Counties Manukau,108,18.7
Rabies and other lyssaviruses,2019,Counties Manukau,0,0
Cysticercosis,2019,Counties Manukau,0,0
Haemophilus influenzae type b,2019,Counties Manukau,0,0
Leprosy,2019,Counties Manukau,1,suppressed
Hepatitis C,2019,Counties Manukau,3,suppressed
Taeniasis,2019,Counties Manukau,4,suppressed
Poliomyelitis,2019,Counties Manukau,0,0
Rubella,2019,Counties Manukau,0,0
Paratyphoid fever,2019,Counties Manukau,4,suppressed
Rheumatic fever,2019,Counties Manukau,63,10.9
Meningococcal disease,2019,Counties Manukau,23,4
Listeriosis,2019,Counties Manukau,2,suppressed
Mpox,2019,Counties Manukau,0,0
Diphtheria,2019,Counties Manukau,0,0
Toxic shellfish poisoning,2019,Hawke's Bay,0,0
Invasive group A streptococcal infection,2019,Hawke's Bay,0,0
Hepatitis B,2019,Hawke's Bay,2,suppressed
Taeniasis,2019,Hawke's Bay,0,0
Leprosy,2019,Hawke's Bay,0,0
Hydatid disease,2019,Hawke's Bay,0,0
Rabies and other lyssaviruses,2019,Hawke's Bay,0,0
Rheumatic fever,2019,Hawke's Bay,5,2.9
Giardiasis,2019,Hawke's Bay,73,42
Paratyphoid fever,2019,Hawke's Bay,1,suppressed
Yersiniosis,2019,Hawke's Bay,38,21.9
Measles,2019,Hawke's Bay,26,15
Hepatitis C,2019,Hawke's Bay,0,0
Hepatitis NOS,2019,Hawke's Bay,0,0
Cryptosporidiosis,2019,Hawke's Bay,46,26.5
Acute gastroenteritis,2019,Hawke's Bay,1,suppressed
Trichinosis,2019,Hawke's Bay,0,0
Cholera,2019,Hawke's Bay,0,0
Tuberculosis disease,2019,Hawke's Bay,7,4
Meningoencephalitis - primary amoebic,2019,Hawke's Bay,0,0
Meningococcal disease,2019,Hawke's Bay,2,suppressed
Diphtheria,2019,Hawke's Bay,0,0
Pertussis,2019,Hawke's Bay,26,15
Leptospirosis,2019,Hawke's Bay,8,4.6
Listeriosis,2019,Hawke's Bay,1,suppressed
Salmonellosis,2019,Hawke's Bay,31,17.8
Q fever,2019,Hawke's Bay,0,0
Poliomyelitis,2019,Hawke's Bay,0,0
Rubella,2019,Hawke's Bay,0,0
Mpox,2019,Hawke's Bay,0,0
Tetanus,2019,Hawke's Bay,0,0
Arboviral diseases,2019,Hawke's Bay,3,suppressed
Campylobacteriosis,2019,Hawke's Bay,260,149.7
Malaria,2019,Hawke's Bay,0,0
Rickettsial disease,2019,Hawke's Bay,0,0
Hepatitis A,2019,Hawke's Bay,2,suppressed
Mumps,2019,Hawke's Bay,0,0
Legionellosis,2019,Hawke's Bay,2,suppressed
VTEC/STEC infection,2019,Hawke's Bay,55,31.7
Cysticercosis,2019,Hawke's Bay,0,0
Shigellosis,2019,Hawke's Bay,3,suppressed
Invasive pneumococcal disease,2019,Hawke's Bay,28,16.1
Typhoid fever,2019,Hawke's Bay,3,suppressed
Haemophilus influenzae type b,2019,Hawke's Bay,0,0
Brucellosis,2019,Hawke's Bay,0,0
Tuberculosis disease,2019,Lakes,3,suppressed
Invasive pneumococcal disease,2019,Lakes,19,16.5
Acute gastroenteritis,2019,Lakes,41,35.7
Invasive group A streptococcal infection,2019,Lakes,0,0
Hydatid disease,2019,Lakes,0,0
Hepatitis NOS,2019,Lakes,0,0
Hepatitis C,2019,Lakes,0,0
Malaria,2019,Lakes,0,0
Arboviral diseases,2019,Lakes,4,suppressed
Haemophilus influenzae type b,2019,Lakes,1,suppressed
Diphtheria,2019,Lakes,0,0
Giardiasis,2019,Lakes,43,37.5
Cryptosporidiosis,2019,Lakes,12,10.5
Rabies and other lyssaviruses,2019,Lakes,0,0
Taeniasis,2019,Lakes,0,0
Salmonellosis,2019,Lakes,34,29.6
Leprosy,2019,Lakes,0,0
Meningoencephalitis - primary amoebic,2019,Lakes,0,0
Typhoid fever,2019,Lakes,0,0
Cholera,2019,Lakes,0,0
Yersiniosis,2019,Lakes,21,18.3
Pertussis,2019,Lakes,14,12.2
Toxic shellfish poisoning,2019,Lakes,0,0
Rheumatic fever,2019,Lakes,3,suppressed
Trichinosis,2019,Lakes,0,0
Meningococcal disease,2019,Lakes,3,suppressed
Paratyphoid fever,2019,Lakes,0,0
Hepatitis B,2019,Lakes,3,suppressed
VTEC/STEC infection,2019,Lakes,46,40.1
Tetanus,2019,Lakes,0,0
Measles,2019,Lakes,30,26.1
Shigellosis,2019,Lakes,6,5.2
Poliomyelitis,2019,Lakes,0,0
Q fever,2019,Lakes,0,0
Leptospirosis,2019,Lakes,1,suppressed
Mpox,2019,Lakes,0,0
Rickettsial disease,2019,Lakes,0,0
Brucellosis,2019,Lakes,0,0
Campylobacteriosis,2019,Lakes,151,131.5
Legionellosis,2019,Lakes,3,suppressed
Rubella,2019,Lakes,0,0
Hepatitis A,2019,Lakes,1,suppressed
Cysticercosis,2019,Lakes,0,0
Listeriosis,2019,Lakes,1,suppressed
Mumps,2019,Lakes,5,4.4
Q fever,2019,MidCentral,0,0
Hepatitis NOS,2019,MidCentral,0,0
Taeniasis,2019,MidCentral,0,0
Paratyphoid fever,2019,MidCentral,0,0
Hepatitis A,2019,MidCentral,2,suppressed
Cholera,2019,MidCentral,0,0
Acute gastroenteritis,2019,MidCentral,1,suppressed
Trichinosis,2019,MidCentral,0,0
Rabies and other lyssaviruses,2019,MidCentral,0,0
Diphtheria,2019,MidCentral,0,0
Leptospirosis,2019,MidCentral,6,3.3
Salmonellosis,2019,MidCentral,32,17.4
Brucellosis,2019,MidCentral,0,0
Arboviral diseases,2019,MidCentral,8,4.3
Rheumatic fever,2019,MidCentral,7,3.8
Giardiasis,2019,MidCentral,48,26.1
Pertussis,2019,MidCentral,25,13.6
Mumps,2019,MidCentral,1,suppressed
Cysticercosis,2019,MidCentral,0,0
Rubella,2019,MidCentral,1,suppressed
Invasive group A streptococcal infection,2019,MidCentral,0,0
Listeriosis,2019,MidCentral,2,suppressed
Hydatid disease,2019,MidCentral,0,0
Cryptosporidiosis,2019,MidCentral,62,33.7
Shigellosis,2019,MidCentral,0,0
Leprosy,2019,MidCentral,0,0
Meningoencephalitis - primary amoebic,2019,MidCentral,0,0
VTEC/STEC infection,2019,MidCentral,9,4.9
Yersiniosis,2019,MidCentral,19,10.3
Invasive pneumococcal disease,2019,MidCentral,17,9.2
Meningococcal disease,2019,MidCentral,5,2.7
Haemophilus influenzae type b,2019,MidCentral,0,0
Poliomyelitis,2019,MidCentral,0,0
Mpox,2019,MidCentral,0,0
Rickettsial disease,2019,MidCentral,0,0
Tuberculosis disease,2019,MidCentral,5,2.7
Toxic shellfish poisoning,2019,MidCentral,0,0
Hepatitis B,2019,MidCentral,1,suppressed
Typhoid fever,2019,MidCentral,1,suppressed
Legionellosis,2019,MidCentral,3,suppressed
Campylobacteriosis,2019,MidCentral,261,141.9
Tetanus,2019,MidCentral,0,0
Hepatitis C,2019,MidCentral,0,0
Malaria,2019,MidCentral,0,0
Measles,2019,MidCentral,10,5.4
Cysticercosis,2019,Nelson Marlborough,0,0
Q fever,2019,Nelson Marlborough,0,0
Shigellosis,2019,Nelson Marlborough,5,3.2
Tuberculosis disease,2019,Nelson Marlborough,7,4.5
Pertussis,2019,Nelson Marlborough,91,57.9
Invasive pneumococcal disease,2019,Nelson Marlborough,10,6.4
Mpox,2019,Nelson Marlborough,0,0
Tetanus,2019,Nelson Marlborough,0,0
Rheumatic fever,2019,Nelson Marlborough,0,0
Toxic shellfish poisoning,2019,Nelson Marlborough,0,0
Diphtheria,2019,Nelson Marlborough,0,0
Poliomyelitis,2019,Nelson Marlborough,0,0
Salmonellosis,2019,Nelson Marlborough,32,20.4
Measles,2019,Nelson Marlborough,1,suppressed
Meningoencephalitis - primary amoebic,2019,Nelson Marlborough,0,0
Leprosy,2019,Nelson Marlborough,1,suppressed
Campylobacteriosis,2019,Nelson Marlborough,205,130.5
Rickettsial disease,2019,Nelson Marlborough,0,0
Cholera,2019,Nelson Marlborough,0,0
Legionellosis,2019,Nelson Marlborough,7,4.5
Rubella,2019,Nelson Marlborough,0,0
Listeriosis,2019,Nelson Marlborough,0,0
Cryptosporidiosis,2019,Nelson Marlborough,30,19.1
Malaria,2019,Nelson Marlborough,1,suppressed
Hydatid disease,2019,Nelson Marlborough,0,0
Giardiasis,2019,Nelson Marlborough,81,51.6
Hepatitis C,2019,Nelson Marlborough,3,suppressed
Hepatitis NOS,2019,Nelson Marlborough,0,0
Meningococcal disease,2019,Nelson Marlborough,1,suppressed
Brucellosis,2019,Nelson Marlborough,0,0
Mumps,2019,Nelson Marlborough,4,suppressed
Yersiniosis,2019,Nelson Marlborough,64,40.7
Leptospirosis,2019,Nelson Marlborough,6,3.8
Rabies and other lyssaviruses,2019,Nelson Marlborough,0,0
Acute gastroenteritis,2019,Nelson Marlborough,11,7
Trichinosis,2019,Nelson Marlborough,0,0
Taeniasis,2019,Nelson Marlborough,0,0
Hepatitis A,2019,Nelson Marlborough,0,0
Invasive group A streptococcal infection,2019,Nelson Marlborough,0,0
Arboviral diseases,2019,Nelson Marlborough,5,3.2
Haemophilus influenzae type b,2019,Nelson Marlborough,0,0
Paratyphoid fever,2019,Nelson Marlborough,0,0
Typhoid fever,2019,Nelson Marlborough,1,suppressed
VTEC/STEC infection,2019,Nelson Marlborough,56,35.6
Hepatitis B,2019,Nelson Marlborough,0,0
Cholera,2019,Northland,0,0
Hydatid disease,2019,Northland,0,0
Toxic shellfish poisoning,2019,Northland,0,0
Tetanus,2019,Northland,0,0
Shigellosis,2019,Northland,3,suppressed
Legionellosis,2019,Northland,8,4.3
Pertussis,2019,Northland,69,36.7
Leptospirosis,2019,Northland,10,5.3
Arboviral diseases,2019,Northland,6,3.2
Hepatitis NOS,2019,Northland,0,0
Rabies and other lyssaviruses,2019,Northland,0,0
Giardiasis,2019,Northland,94,50
Q fever,2019,Northland,0,0
Brucellosis,2019,Northland,0,0
Meningoencephalitis - primary amoebic,2019,Northland,0,0
Campylobacteriosis,2019,Northland,249,132.5
Yersiniosis,2019,Northland,12,6.4
Invasive pneumococcal disease,2019,Northland,26,13.8
Rubella,2019,Northland,0,0
Cysticercosis,2019,Northland,0,0
Cryptosporidiosis,2019,Northland,42,22.3
Taeniasis,2019,Northland,0,0
Salmonellosis,2019,Northland,36,19.2
Invasive group A streptococcal infection,2019,Northland,0,0
Hepatitis B,2019,Northland,0,0
Malaria,2019,Northland,1,suppressed
Leprosy,2019,Northland,0,0
Tuberculosis disease,2019,Northland,6,3.2
Measles,2019,Northland,134,71.3
VTEC/STEC infection,2019,Northland,68,36.2
Rickettsial disease,2019,Northland,1,suppressed
Mumps,2019,Northland,1,suppressed
Trichinosis,2019,Northland,0,0
Hepatitis A,2019,Northland,0,0
Mpox,2019,Northland,0,0
Paratyphoid fever,2019,Northland,1,suppressed
Rheumatic fever,2019,Northland,13,6.9
Poliomyelitis,2019,Northland,0,0
Haemophilus influenzae type b,2019,Northland,0,0
Typhoid fever,2019,Northland,3,suppressed
Hepatitis C,2019,Northland,3,suppressed
Meningococcal disease,2019,Northland,9,4.8
Listeriosis,2019,Northland,0,0
Acute gastroenteritis,2019,Northland,22,11.7
Diphtheria,2019,Northland,0,0
Tuberculosis disease,2019,South Canterbury,3,suppressed
Rubella,2019,South Canterbury,0,0
Pertussis,2019,South Canterbury,0,0
Mpox,2019,South Canterbury,0,0
Yersiniosis,2019,South Canterbury,8,13.1
Salmonellosis,2019,South Canterbury,21,34.3
Arboviral diseases,2019,South Canterbury,3,suppressed
Legionellosis,2019,South Canterbury,0,0
Hepatitis NOS,2019,South Canterbury,0,0
Listeriosis,2019,South Canterbury,2,suppressed
Invasive pneumococcal disease,2019,South Canterbury,6,9.8
Cryptosporidiosis,2019,South Canterbury,16,26.2
Cholera,2019,South Canterbury,0,0
Taeniasis,2019,South Canterbury,0,0
Q fever,2019,South Canterbury,0,0
Hydatid disease,2019,South Canterbury,1,suppressed
Giardiasis,2019,South Canterbury,29,47.4
Meningoencephalitis - primary amoebic,2019,South Canterbury,0,0
Meningococcal disease,2019,South Canterbury,0,0
Tetanus,2019,South Canterbury,0,0
VTEC/STEC infection,2019,South Canterbury,17,27.8
Leptospirosis,2019,South Canterbury,1,suppressed
Rickettsial disease,2019,South Canterbury,0,0
Cysticercosis,2019,South Canterbury,0,0
Poliomyelitis,2019,South Canterbury,0,0
Measles,2019,South Canterbury,2,suppressed
Paratyphoid fever,2019,South Canterbury,0,0
Invasive group A streptococcal infection,2019,South Canterbury,0,0
Rabies and other lyssaviruses,2019,South Canterbury,0,0
Typhoid fever,2019,South Canterbury,0,0
Shigellosis,2019,South Canterbury,0,0
Haemophilus influenzae type b,2019,South Canterbury,0,0
Campylobacteriosis,2019,South Canterbury,142,232.1
Diphtheria,2019,South Canterbury,0,0
Hepatitis A,2019,South Canterbury,0,0
Malaria,2019,South Canterbury,0,0
Trichinosis,2019,South Canterbury,0,0
Hepatitis C,2019,South Canterbury,0,0
Hepatitis B,2019,South Canterbury,0,0
Rheumatic fever,2019,South Canterbury,0,0
Mumps,2019,South Canterbury,0,0
Brucellosis,2019,South Canterbury,1,suppressed
Toxic shellfish poisoning,2019,South Canterbury,0,0
Acute gastroenteritis,2019,South Canterbury,4,suppressed
Leprosy,2019,South Canterbury,0,0
Taeniasis,2019,Southern,0,0
Yersiniosis,2019,Southern,93,27.2
Cholera,2019,Southern,0,0
Cysticercosis,2019,Southern,0,0
Salmonellosis,2019,Southern,142,41.6
Rickettsial disease,2019,Southern,0,0
Hepatitis NOS,2019,Southern,0,0
Meningoencephalitis - primary amoebic,2019,Southern,0,0
Poliomyelitis,2019,Southern,0,0
Hydatid disease,2019,Southern,0,0
Hepatitis A,2019,Southern,2,suppressed
Leprosy,2019,Southern,1,suppressed
Measles,2019,Southern,73,21.4
Pertussis,2019,Southern,44,12.9
Rheumatic fever,2019,Southern,3,suppressed
Legionellosis,2019,Southern,20,5.9
Q fever,2019,Southern,1,suppressed
Mpox,2019,Southern,0,0
Paratyphoid fever,2019,Southern,1,suppressed
Arboviral diseases,2019,Southern,10,2.9
Tuberculosis disease,2019,Southern,15,4.4
Hepatitis C,2019,Southern,4,suppressed
Leptospirosis,2019,Southern,5,1.5
Tetanus,2019,Southern,0,0
Mumps,2019,Southern,24,7
Shigellosis,2019,Southern,7,2
Listeriosis,2019,Southern,1,suppressed
Trichinosis,2019,Southern,0,0
Malaria,2019,Southern,1,suppressed
Rubella,2019,Southern,0,0
Giardiasis,2019,Southern,94,27.5
Invasive group A streptococcal infection,2019,Southern,0,0
Meningococcal disease,2019,Southern,6,1.8
Cryptosporidiosis,2019,Southern,138,40.4
Hepatitis B,2019,Southern,3,suppressed
Haemophilus influenzae type b,2019,Southern,1,suppressed
Campylobacteriosis,2019,Southern,536,156.9
Diphtheria,2019,Southern,0,0
Invasive pneumococcal disease,2019,Southern,28,8.2
Acute gastroenteritis,2019,Southern,10,2.9
Rabies and other lyssaviruses,2019,Southern,0,0
VTEC/STEC infection,2019,Southern,201,58.9
Typhoid fever,2019,Southern,1,suppressed
Brucellosis,2019,Southern,0,0
Toxic shellfish poisoning,2019,Southern,0,0
Taeniasis,2019,Tairawhiti,0,0
Diphtheria,2019,Tairawhiti,0,0
Acute gastroenteritis,2019,Tairawhiti,1,suppressed
Hydatid disease,2019,Tairawhiti,0,0
Toxic shellfish poisoning,2019,Tairawhiti,0,0
Salmonellosis,2019,Tairawhiti,10,19.9
Leprosy,2019,Tairawhiti,0,0
Measles,2019,Tairawhiti,0,0
Hepatitis B,2019,Tairawhiti,0,0
Rabies and other lyssaviruses,2019,Tairawhiti,0,0
Q fever,2019,Tairawhiti,0,0
Yersiniosis,2019,Tairawhiti,4,suppressed
Paratyphoid fever,2019,Tairawhiti,0,0
Meningoencephalitis - primary amoebic,2019,Tairawhiti,0,0
Malaria,2019,Tairawhiti,0,0
Trichinosis,2019,Tairawhiti,0,0
Tuberculosis disease,2019,Tairawhiti,4,suppressed
Pertussis,2019,Tairawhiti,10,19.9
Brucellosis,2019,Tairawhiti,0,0
Hepatitis C,2019,Tairawhiti,0,0
Rickettsial disease,2019,Tairawhiti,0,0
Invasive group A streptococcal infection,2019,Tairawhiti,0,0
Giardiasis,2019,Tairawhiti,37,73.6
Poliomyelitis,2019,Tairawhiti,0,0
Cysticercosis,2019,Tairawhiti,0,0
Meningococcal disease,2019,Tairawhiti,2,suppressed
Shigellosis,2019,Tairawhiti,1,suppressed
Cryptosporidiosis,2019,Tairawhiti,15,29.8
Arboviral diseases,2019,Tairawhiti,3,suppressed
Invasive pneumococcal disease,2019,Tairawhiti,4,suppressed
Leptospirosis,2019,Tairawhiti,5,9.9
Hepatitis NOS,2019,Tairawhiti,0,0
Legionellosis,2019,Tairawhiti,1,suppressed
Listeriosis,2019,Tairawhiti,0,0
Rheumatic fever,2019,Tairawhiti,1,suppressed
Tetanus,2019,Tairawhiti,0,0
Cholera,2019,Tairawhiti,0,0
VTEC/STEC infection,2019,Tairawhiti,1,suppressed
Mumps,2019,Tairawhiti,2,suppressed
Mpox,2019,Tairawhiti,0,0
Haemophilus influenzae type b,2019,Tairawhiti,0,0
Rubella,2019,Tairawhiti,0,0
Campylobacteriosis,2019,Tairawhiti,44,87.5
Typhoid fever,2019,Tairawhiti,1,suppressed
Hepatitis A,2019,Tairawhiti,0,0
Toxic shellfish poisoning,2019,Taranaki,0,0
Hepatitis C,2019,Taranaki,1,suppressed
Hydatid disease,2019,Taranaki,0,0
Measles,2019,Taranaki,7,5.7
Hepatitis B,2019,Taranaki,0,0
Q fever,2019,Taranaki,0,0
Meningoencephalitis - primary amoebic,2019,Taranaki,0,0
Diphtheria,2019,Taranaki,0,0
Giardiasis,2019,Taranaki,27,21.9
Rabies and other lyssaviruses,2019,Taranaki,0,0
Arboviral diseases,2019,Taranaki,5,4.1
Meningococcal disease,2019,Taranaki,1,suppressed
Leprosy,2019,Taranaki,0,0
Hepatitis NOS,2019,Taranaki,0,0
Cholera,2019,Taranaki,0,0
Poliomyelitis,2019,Taranaki,0,0
Rheumatic fever,2019,Taranaki,1,suppressed
Cryptosporidiosis,2019,Taranaki,19,15.4
Acute gastroenteritis,2019,Taranaki,2,suppressed
Paratyphoid fever,2019,Taranaki,0,0
Invasive pneumococcal disease,2019,Taranaki,21,17
Taeniasis,2019,Taranaki,0,0
Tuberculosis disease,2019,Taranaki,4,suppressed
Brucellosis,2019,Taranaki,0,0
Legionellosis,2019,Taranaki,3,suppressed
Rickettsial disease,2019,Taranaki,0,0
Pertussis,2019,Taranaki,55,44.6
Yersiniosis,2019,Taranaki,12,9.7
Rubella,2019,Taranaki,0,0
Trichinosis,2019,Taranaki,0,0
Invasive group A streptococcal infection,2019,Taranaki,0,0
Malaria,2019,Taranaki,0,0
Hepatitis A,2019,Taranaki,0,0
Typhoid fever,2019,Taranaki,0,0
Mumps,2019,Taranaki,3,suppressed
Salmonellosis,2019,Taranaki,39,31.7
Mpox,2019,Taranaki,0,0
Campylobacteriosis,2019,Taranaki,223,181
Listeriosis,2019,Taranaki,0,0
Leptospirosis,2019,Taranaki,5,4.1
Tetanus,2019,Taranaki,0,0
VTEC/STEC infection,2019,Taranaki,9,7.3
Cysticercosis,2019,Taranaki,0,0
Haemophilus influenzae type b,2019,Taranaki,0,0
Shigellosis,2019,Taranaki,3,suppressed
Typhoid fever,2019,Waikato,6,1.4
Giardiasis,2019,Waikato,187,43.7
Cryptosporidiosis,2019,Waikato,112,26.2
Cholera,2019,Waikato,0,0
Acute gastroenteritis,2019,Waikato,123,28.7
Toxic shellfish poisoning,2019,Waikato,0,0
Hepatitis NOS,2019,Waikato,2,suppressed
Hepatitis B,2019,Waikato,2,suppressed
Measles,2019,Waikato,51,11.9
Tuberculosis disease,2019,Waikato,30,7
Pertussis,2019,Waikato,141,33
Leprosy,2019,Waikato,1,suppressed
Tetanus,2019,Waikato,0,0
Invasive pneumococcal disease,2019,Waikato,44,10.3
Diphtheria,2019,Waikato,0,0
Invasive group A streptococcal infection,2019,Waikato,0,0
Malaria,2019,Waikato,2,suppressed
Hydatid disease,2019,Waikato,0,0
Meningococcal disease,2019,Waikato,10,2.3
Brucellosis,2019,Waikato,0,0
Hepatitis C,2019,Waikato,0,0
VTEC/STEC infection,2019,Waikato,107,25
Mumps,2019,Waikato,25,5.8
Yersiniosis,2019,Waikato,75,17.5
Legionellosis,2019,Waikato,4,suppressed
Mpox,2019,Waikato,0,0
Arboviral diseases,2019,Waikato,40,9.3
Cysticercosis,2019,Waikato,0,0
Q fever,2019,Waikato,0,0
Trichinosis,2019,Waikato,0,0
Paratyphoid fever,2019,Waikato,0,0
Rabies and other lyssaviruses,2019,Waikato,0,0
Taeniasis,2019,Waikato,0,0
Salmonellosis,2019,Waikato,96,22.4
Rickettsial disease,2019,Waikato,1,suppressed
Campylobacteriosis,2019,Waikato,619,144.7
Haemophilus influenzae type b,2019,Waikato,0,0
Poliomyelitis,2019,Waikato,0,0
Listeriosis,2019,Waikato,3,suppressed
Rheumatic fever,2019,Waikato,14,3.3
Hepatitis A,2019,Waikato,15,3.5
Shigellosis,2019,Waikato,5,1.2
Rubella,2019,Waikato,0,0
Meningoencephalitis - primary amoebic,2019,Waikato,0,0
Leptospirosis,2019,Waikato,15,3.5
Pertussis,2019,Wairarapa,11,23.1
Cysticercosis,2019,Wairarapa,0,0
Giardiasis,2019,Wairarapa,21,44.2
Cholera,2019,Wairarapa,0,0
Yersiniosis,2019,Wairarapa,30,63.1
Paratyphoid fever,2019,Wairarapa,0,0
Rheumatic fever,2019,Wairarapa,0,0
Invasive group A streptococcal infection,2019,Wairarapa,0,0
Mumps,2019,Wairarapa,0,0
Toxic shellfish poisoning,2019,Wairarapa,0,0
Salmonellosis,2019,Wairarapa,14,29.5
Leptospirosis,2019,Wairarapa,1,suppressed
Hepatitis A,2019,Wairarapa,0,0
Shigellosis,2019,Wairarapa,2,suppressed
Cryptosporidiosis,2019,Wairarapa,9,18.9
Diphtheria,2019,Wairarapa,0,0
Listeriosis,2019,Wairarapa,1,suppressed
Arboviral diseases,2019,Wairarapa,3,suppressed
Acute gastroenteritis,2019,Wairarapa,14,29.5
Hepatitis B,2019,Wairarapa,0,0
Brucellosis,2019,Wairarapa,0,0
Meningoencephalitis - primary amoebic,2019,Wairarapa,0,0
Campylobacteriosis,2019,Wairarapa,108,227.2
VTEC/STEC infection,2019,Wairarapa,30,63.1
Legionellosis,2019,Wairarapa,0,0
Invasive pneumococcal disease,2019,Wairarapa,7,14.7
Poliomyelitis,2019,Wairarapa,0,0
Haemophilus influenzae type b,2019,Wairarapa,0,0
Q fever,2019,Wairarapa,0,0
Hepatitis NOS,2019,Wairarapa,0,0
Tuberculosis disease,2019,Wairarapa,0,0
Trichinosis,2019,Wairarapa,0,0
Malaria,2019,Wairarapa,0,0
Leprosy,2019,Wairarapa,0,0
Tetanus,2019,Wairarapa,0,0
Measles,2019,Wairarapa,1,suppressed
Typhoid fever,2019,Wairarapa,0,0
Mpox,2019,Wairarapa,0,0
Rickettsial disease,2019,Wairarapa,0,0
Hydatid disease,2019,Wairarapa,0,0
Taeniasis,2019,Wairarapa,0,0
Hepatitis C,2019,Wairarapa,0,0
Rubella,2019,Wairarapa,0,0
Rabies and other lyssaviruses,2019,Wairarapa,0,0
Meningococcal disease,2019,Wairarapa,2,suppressed
Hepatitis NOS,2019,Waitemata,2,suppressed
Salmonellosis,2019,Waitemata,144,23
Arboviral diseases,2019,Waitemata,31,4.9
Hepatitis B,2019,Waitemata,1,suppressed
Taeniasis,2019,Waitemata,0,0
Paratyphoid fever,2019,Waitemata,2,suppressed
Hydatid disease,2019,Waitemata,0,0
Toxic shellfish poisoning,2019,Waitemata,0,0
Tetanus,2019,Waitemata,0,0
Mpox,2019,Waitemata,0,0
Rheumatic fever,2019,Waitemata,21,3.4
Rabies and other lyssaviruses,2019,Waitemata,0,0
Q fever,2019,Waitemata,0,0
Meningococcal disease,2019,Waitemata,23,3.7
Shigellosis,2019,Waitemata,26,4.1
Haemophilus influenzae type b,2019,Waitemata,0,0
Giardiasis,2019,Waitemata,166,26.5
VTEC/STEC infection,2019,Waitemata,102,16.3
Legionellosis,2019,Waitemata,13,2.1
Invasive pneumococcal disease,2019,Waitemata,48,7.7
Campylobacteriosis,2019,Waitemata,793,126.5
Cryptosporidiosis,2019,Waitemata,103,16.4
Trichinosis,2019,Waitemata,0,0
Acute gastroenteritis,2019,Waitemata,9,1.4
Invasive group A streptococcal infection,2019,Waitemata,0,0
Meningoencephalitis - primary amoebic,2019,Waitemata,0,0
Malaria,2019,Waitemata,5,0.8
Cholera,2019,Waitemata,0,0
Brucellosis,2019,Waitemata,0,0
Pertussis,2019,Waitemata,120,19.1
Typhoid fever,2019,Waitemata,3,suppressed
Leptospirosis,2019,Waitemata,1,suppressed
Rickettsial disease,2019,Waitemata,0,0
Diphtheria,2019,Waitemata,0,0
Poliomyelitis,2019,Waitemata,0,0
Measles,2019,Waitemata,304,48.5
Listeriosis,2019,Waitemata,3,suppressed
Hepatitis C,2019,Waitemata,1,suppressed
Leprosy,2019,Waitemata,1,suppressed
Cysticercosis,2019,Waitemata,0,0
Hepatitis A,2019,Waitemata,11,1.8
Yersiniosis,2019,Waitemata,143,22.8
Mumps,2019,Waitemata,62,9.9
Tuberculosis disease,2019,Waitemata,40,6.4
Rubella,2019,Waitemata,1,suppressed
Pertussis,2019,West Coast,18,55
Mpox,2019,West Coast,0,0
Legionellosis,2019,West Coast,8,24.5
Cholera,2019,West Coast,0,0
Q fever,2019,West Coast,0,0
Acute gastroenteritis,2019,West Coast,1,suppressed
Rheumatic fever,2019,West Coast,0,0
Arboviral diseases,2019,West Coast,2,suppressed
Toxic shellfish poisoning,2019,West Coast,0,0
Typhoid fever,2019,West Coast,0,0
Yersiniosis,2019,West Coast,0,0
Leptospirosis,2019,West Coast,5,15.3
Campylobacteriosis,2019,West Coast,45,137.6
Diphtheria,2019,West Coast,0,0
Giardiasis,2019,West Coast,2,suppressed
Measles,2019,West Coast,0,0
Cysticercosis,2019,West Coast,0,0
Taeniasis,2019,West Coast,0,0
Hepatitis NOS,2019,West Coast,0,0
Rickettsial disease,2019,West Coast,0,0
Rubella,2019,West Coast,0,0
Invasive pneumococcal disease,2019,West Coast,4,suppressed
Hepatitis A,2019,West Coast,0,0
Cryptosporidiosis,2019,West Coast,7,21.4
Malaria,2019,West Coast,0,0
Hydatid disease,2019,West Coast,0,0
Poliomyelitis,2019,West Coast,0,0
Salmonellosis,2019,West Coast,12,36.7
Leprosy,2019,West Coast,0,0
Meningoencephalitis - primary amoebic,2019,West Coast,0,0
Tuberculosis disease,2019,West Coast,2,suppressed
Haemophilus influenzae type b,2019,West Coast,0,0
Mumps,2019,West Coast,0,0
Hepatitis C,2019,West Coast,1,suppressed
Tetanus,2019,West Coast,0,0
Listeriosis,2019,West Coast,0,0
Invasive group A streptococcal infection,2019,West Coast,0,0
Brucellosis,2019,West Coast,0,0
Hepatitis B,2019,West Coast,0,0
Rabies and other lyssaviruses,2019,West Coast,0,0
Shigellosis,2019,West Coast,0,0
Trichinosis,2019,West Coast,0,0
VTEC/STEC infection,2019,West Coast,0,0
Paratyphoid fever,2019,West Coast,0,0
Meningococcal disease,2019,West Coast,0,0
Giardiasis,2019,Whanganui,9,13.4
Hydatid disease,2019,Whanganui,0,0
Toxic shellfish poisoning,2019,Whanganui,0,0
Hepatitis NOS,2019,Whanganui,0,0
Cryptosporidiosis,2019,Whanganui,7,10.4
Paratyphoid fever,2019,Whanganui,0,0
Cholera,2019,Whanganui,0,0
Diphtheria,2019,Whanganui,0,0
Meningococcal disease,2019,Whanganui,3,suppressed
Tuberculosis disease,2019,Whanganui,0,0
Invasive group A streptococcal infection,2019,Whanganui,0,0
Taeniasis,2019,Whanganui,0,0
Q fever,2019,Whanganui,0,0
Poliomyelitis,2019,Whanganui,0,0
Arboviral diseases,2019,Whanganui,5,7.4
Rheumatic fever,2019,Whanganui,1,suppressed
Rabies and other lyssaviruses,2019,Whanganui,0,0
Salmonellosis,2019,Whanganui,10,14.8
Yersiniosis,2019,Whanganui,3,suppressed
Hepatitis A,2019,Whanganui,0,0
Listeriosis,2019,Whanganui,1,suppressed
Rickettsial disease,2019,Whanganui,0,0
Cysticercosis,2019,Whanganui,0,0
Mpox,2019,Whanganui,0,0
Meningoencephalitis - primary amoebic,2019,Whanganui,0,0
Hepatitis B,2019,Whanganui,1,suppressed
Malaria,2019,Whanganui,0,0
Rubella,2019,Whanganui,0,0
Legionellosis,2019,Whanganui,1,suppressed
Haemophilus influenzae type b,2019,Whanganui,0,0
Pertussis,2019,Whanganui,14,20.8
Trichinosis,2019,Whanganui,0,0
Tetanus,2019,Whanganui,0,0
Invasive pneumococcal disease,2019,Whanganui,14,20.8
Acute gastroenteritis,2019,Whanganui,11,16.3
Brucellosis,2019,Whanganui,0,0
Mumps,2019,Whanganui,0,0
VTEC/STEC infection,2019,Whanganui,6,8.9
Measles,2019,Whanganui,0,0
Shigellosis,2019,Whanganui,1,suppressed
Leprosy,2019,Whanganui,0,0
Leptospirosis,2019,Whanganui,4,suppressed
Typhoid fever,2019,Whanganui,0,0
Hepatitis C,2019,Whanganui,0,0
Campylobacteriosis,2019,Whanganui,80,118.7
Hydatid disease,2020,Auckland,0,0
Rickettsial disease,2020,Auckland,1,suppressed
Meningoencephalitis - primary amoebic,2020,Auckland,0,0
Haemophilus influenzae type b,2020,Auckland,0,0
Pertussis,2020,Auckland,17,3.4
Cholera,2020,Auckland,0,0
Yersiniosis,2020,Auckland,146,29.1
Toxic shellfish poisoning,2020,Auckland,0,0
Leptospirosis,2020,Auckland,0,0
Invasive pneumococcal disease,2020,Auckland,22,4.4
Leprosy,2020,Auckland,1,suppressed
Measles,2020,Auckland,1,suppressed
Taeniasis,2020,Auckland,0,0
Salmonellosis,2020,Auckland,58,11.6
Tetanus,2020,Auckland,0,0
Hepatitis A,2020,Auckland,2,suppressed
VTEC/STEC infection,2020,Auckland,46,9.2
Campylobacteriosis,2020,Auckland,389,77.5
Q fever,2020,Auckland,0,0
Acute gastroenteritis,2020,Auckland,20,4
Paratyphoid fever,2020,Auckland,2,suppressed
Hepatitis B,2020,Auckland,3,suppressed
Rabies and other lyssaviruses,2020,Auckland,0,0
Hepatitis C,2020,Auckland,0,0
Meningococcal disease,2020,Auckland,4,suppressed
Hepatitis NOS,2020,Auckland,2,suppressed
Legionellosis,2020,Auckland,6,1.2
Rubella,2020,Auckland,0,0
Mumps,2020,Auckland,28,5.6
Invasive group A streptococcal infection,2020,Auckland,0,0
Giardiasis,2020,Auckland,98,19.5
Poliomyelitis,2020,Auckland,0,0
Diphtheria,2020,Auckland,0,0
Typhoid fever,2020,Auckland,8,1.6
Rheumatic fever,2020,Auckland,16,3.2
Malaria,2020,Auckland,4,suppressed
Arboviral diseases,2020,Auckland,15,3
Mpox,2020,Auckland,0,0
Shigellosis,2020,Auckland,14,2.8
Brucellosis,2020,Auckland,0,0
Tuberculosis disease,2020,Auckland,51,10.2
Listeriosis,2020,Auckland,5,1
Cryptosporidiosis,2020,Auckland,47,9.4
Cysticercosis,2020,Auckland,0,0
Trichinosis,2020,Auckland,0,0
Pertussis,2020,Bay of Plenty,10,3.8
Leprosy,2020,Bay of Plenty,0,0
Rickettsial disease,2020,Bay of Plenty,0,0
Leptospirosis,2020,Bay of Plenty,4,suppressed
Hepatitis B,2020,Bay of Plenty,1,suppressed
Measles,2020,Bay of Plenty,0,0
Yersiniosis,2020,Bay of Plenty,78,29.6
Cholera,2020,Bay of Plenty,0,0
Tuberculosis disease,2020,Bay of Plenty,15,5.7
Campylobacteriosis,2020,Bay of Plenty,262,99.3
Meningococcal disease,2020,Bay of Plenty,2,suppressed
Hydatid disease,2020,Bay of Plenty,0,0
Invasive pneumococcal disease,2020,Bay of Plenty,22,8.3
Hepatitis C,2020,Bay of Plenty,1,suppressed
Legionellosis,2020,Bay of Plenty,12,4.5
Hepatitis A,2020,Bay of Plenty,0,0
Toxic shellfish poisoning,2020,Bay of Plenty,0,0
Rabies and other lyssaviruses,2020,Bay of Plenty,0,0
Taeniasis,2020,Bay of Plenty,0,0
Arboviral diseases,2020,Bay of Plenty,2,suppressed
Hepatitis NOS,2020,Bay of Plenty,0,0
VTEC/STEC infection,2020,Bay of Plenty,55,20.8
Tetanus,2020,Bay of Plenty,0,0
Mumps,2020,Bay of Plenty,2,suppressed
Haemophilus influenzae type b,2020,Bay of Plenty,0,0
Giardiasis,2020,Bay of Plenty,91,34.5
Acute gastroenteritis,2020,Bay of Plenty,59,22.4
Q fever,2020,Bay of Plenty,0,0
Diphtheria,2020,Bay of Plenty,0,0
Salmonellosis,2020,Bay of Plenty,22,8.3
Brucellosis,2020,Bay of Plenty,0,0
Paratyphoid fever,2020,Bay of Plenty,5,1.9
Rubella,2020,Bay of Plenty,0,0
Typhoid fever,2020,Bay of Plenty,0,0
Invasive group A streptococcal infection,2020,Bay of Plenty,0,0
Meningoencephalitis - primary amoebic,2020,Bay of Plenty,0,0
Cryptosporidiosis,2020,Bay of Plenty,31,11.8
Poliomyelitis,2020,Bay of Plenty,0,0
Shigellosis,2020,Bay of Plenty,2,suppressed
Malaria,2020,Bay of Plenty,2,suppressed
Trichinosis,2020,Bay of Plenty,0,0
Cysticercosis,2020,Bay of Plenty,0,0
Listeriosis,2020,Bay of Plenty,5,1.9
Rheumatic fever,2020,Bay of Plenty,9,3.4
Mpox,2020,Bay of Plenty,0,0
Giardiasis,2020,Canterbury,106,18.2
Rabies and other lyssaviruses,2020,Canterbury,0,0
Arboviral diseases,2020,Canterbury,6,1
Campylobacteriosis,2020,Canterbury,550,94.3
Rheumatic fever,2020,Canterbury,3,suppressed
Taeniasis,2020,Canterbury,0,0
Pertussis,2020,Canterbury,9,1.5
Hydatid disease,2020,Canterbury,0,0
Paratyphoid fever,2020,Canterbury,3,suppressed
Invasive group A streptococcal infection,2020,Canterbury,0,0
Acute gastroenteritis,2020,Canterbury,46,7.9
Meningoencephalitis - primary amoebic,2020,Canterbury,0,0
Toxic shellfish poisoning,2020,Canterbury,0,0
Salmonellosis,2020,Canterbury,110,18.9
Tetanus,2020,Canterbury,0,0
Hepatitis A,2020,Canterbury,4,suppressed
Measles,2020,Canterbury,0,0
Yersiniosis,2020,Canterbury,128,22
Cryptosporidiosis,2020,Canterbury,56,9.6
Listeriosis,2020,Canterbury,2,suppressed
Poliomyelitis,2020,Canterbury,0,0
Q fever,2020,Canterbury,0,0
Hepatitis B,2020,Canterbury,0,0
Brucellosis,2020,Canterbury,1,suppressed
Tuberculosis disease,2020,Canterbury,24,4.1
Meningococcal disease,2020,Canterbury,6,1
Shigellosis,2020,Canterbury,2,suppressed
Rubella,2020,Canterbury,0,0
Cholera,2020,Canterbury,0,0
Hepatitis C,2020,Canterbury,8,1.4
Cysticercosis,2020,Canterbury,0,0
Diphtheria,2020,Canterbury,0,0
Mpox,2020,Canterbury,0,0
Leptospirosis,2020,Canterbury,3,suppressed
Invasive pneumococcal disease,2020,Canterbury,31,5.3
Malaria,2020,Canterbury,1,suppressed
Leprosy,2020,Canterbury,0,0
Trichinosis,2020,Canterbury,0,0
Typhoid fever,2020,Canterbury,1,suppressed
Legionellosis,2020,Canterbury,44,7.5
Hepatitis NOS,2020,Canterbury,3,suppressed
Haemophilus influenzae type b,2020,Canterbury,0,0
Rickettsial disease,2020,Canterbury,0,0
VTEC/STEC infection,2020,Canterbury,82,14.1
Mumps,2020,Canterbury,3,suppressed
Hepatitis C,2020,"Capital, Coast and Hutt Valley",3,suppressed
Pertussis,2020,"Capital, Coast and Hutt Valley",27,5.6
Invasive pneumococcal disease,2020,"Capital, Coast and Hutt Valley",26,5.4
Yersiniosis,2020,"Capital, Coast and Hutt Valley",176,36.7
Hepatitis NOS,2020,"Capital, Coast and Hutt Valley",0,0
Taeniasis,2020,"Capital, Coast and Hutt Valley",0,0
Hydatid disease,2020,"Capital, Coast and Hutt Valley",0,0
Invasive group A streptococcal infection,2020,"Capital, Coast and Hutt Valley",0,0
Hepatitis B,2020,"Capital, Coast and Hutt Valley",0,0
Meningococcal disease,2020,"Capital, Coast and Hutt Valley",3,suppressed
Campylobacteriosis,2020,"Capital, Coast and Hutt Valley",358,74.7
Salmonellosis,2020,"Capital, Coast and Hutt Valley",39,8.1
Leptospirosis,2020,"Capital, Coast and Hutt Valley",0,0
Paratyphoid fever,2020,"Capital, Coast and Hutt Valley",0,0
Rabies and other lyssaviruses,2020,"Capital, Coast and Hutt Valley",0,0
Hepatitis A,2020,"Capital, Coast and Hutt Valley",3,suppressed
Rickettsial disease,2020,"Capital, Coast and Hutt Valley",0,0
Tuberculosis disease,2020,"Capital, Coast and Hutt Valley",33,6.9
Tetanus,2020,"Capital, Coast and Hutt Valley",0,0
Acute gastroenteritis,2020,"Capital, Coast and Hutt Valley",72,15
Giardiasis,2020,"Capital, Coast and Hutt Valley",75,15.7
Typhoid fever,2020,"Capital, Coast and Hutt Valley",3,suppressed
Cholera,2020,"Capital, Coast and Hutt Valley",0,0
Haemophilus influenzae type b,2020,"Capital, Coast and Hutt Valley",0,0
Legionellosis,2020,"Capital, Coast and Hutt Valley",5,1
Diphtheria,2020,"Capital, Coast and Hutt Valley",0,0
Malaria,2020,"Capital, Coast and Hutt Valley",1,suppressed
Toxic shellfish poisoning,2020,"Capital, Coast and Hutt Valley",0,0
Rubella,2020,"Capital, Coast and Hutt Valley",0,0
VTEC/STEC infection,2020,"Capital, Coast and Hutt Valley",79,16.5
Arboviral diseases,2020,"Capital, Coast and Hutt Valley",5,1
Meningoencephalitis - primary amoebic,2020,"Capital, Coast and Hutt Valley",0,0
Mpox,2020,"Capital, Coast and Hutt Valley",0,0
Poliomyelitis,2020,"Capital, Coast and Hutt Valley",0,0
Q fever,2020,"Capital, Coast and Hutt Valley",0,0
Cryptosporidiosis,2020,"Capital, Coast and Hutt Valley",43,9
Leprosy,2020,"Capital, Coast and Hutt Valley",2,suppressed
Measles,2020,"Capital, Coast and Hutt Valley",1,suppressed
Brucellosis,2020,"Capital, Coast and Hutt Valley",0,0
Rheumatic fever,2020,"Capital, Coast and Hutt Valley",16,3.3
Cysticercosis,2020,"Capital, Coast and Hutt Valley",0,0
Listeriosis,2020,"Capital, Coast and Hutt Valley",3,suppressed
Mumps,2020,"Capital, Coast and Hutt Valley",9,1.9
Trichinosis,2020,"Capital, Coast and Hutt Valley",0,0
Shigellosis,2020,"Capital, Coast and Hutt Valley",4,suppressed
Hydatid disease,2020,Counties Manukau,0,0
Hepatitis B,2020,Counties Manukau,1,suppressed
Rabies and other lyssaviruses,2020,Counties Manukau,0,0
Giardiasis,2020,Counties Manukau,120,20.3
Diphtheria,2020,Counties Manukau,0,0
Paratyphoid fever,2020,Counties Manukau,3,suppressed
Mpox,2020,Counties Manukau,0,0
Legionellosis,2020,Counties Manukau,21,3.5
Poliomyelitis,2020,Counties Manukau,0,0
Acute gastroenteritis,2020,Counties Manukau,16,2.7
Malaria,2020,Counties Manukau,2,suppressed
Yersiniosis,2020,Counties Manukau,108,18.3
Rickettsial disease,2020,Counties Manukau,0,0
Toxic shellfish poisoning,2020,Counties Manukau,0,0
Meningoencephalitis - primary amoebic,2020,Counties Manukau,0,0
Measles,2020,Counties Manukau,4,suppressed
Cholera,2020,Counties Manukau,0,0
Rheumatic fever,2020,Counties Manukau,41,6.9
Trichinosis,2020,Counties Manukau,0,0
Cryptosporidiosis,2020,Counties Manukau,66,11.2
Typhoid fever,2020,Counties Manukau,8,1.4
Q fever,2020,Counties Manukau,0,0
Leprosy,2020,Counties Manukau,0,0
Listeriosis,2020,Counties Manukau,6,1
Campylobacteriosis,2020,Counties Manukau,420,71
Leptospirosis,2020,Counties Manukau,3,suppressed
Invasive pneumococcal disease,2020,Counties Manukau,56,9.5
Hepatitis C,2020,Counties Manukau,0,0
Arboviral diseases,2020,Counties Manukau,5,0.8
Haemophilus influenzae type b,2020,Counties Manukau,0,0
Cysticercosis,2020,Counties Manukau,0,0
Tetanus,2020,Counties Manukau,0,0
Mumps,2020,Counties Manukau,20,3.4
Hepatitis NOS,2020,Counties Manukau,1,suppressed
Taeniasis,2020,Counties Manukau,1,suppressed
Invasive group A streptococcal infection,2020,Counties Manukau,0,0
Salmonellosis,2020,Counties Manukau,67,11.3
Pertussis,2020,Counties Manukau,10,1.7
VTEC/STEC infection,2020,Counties Manukau,34,5.7
Brucellosis,2020,Counties Manukau,0,0
Rubella,2020,Counties Manukau,0,0
Tuberculosis disease,2020,Counties Manukau,68,11.5
Hepatitis A,2020,Counties Manukau,6,1
Shigellosis,2020,Counties Manukau,16,2.7
Meningococcal disease,2020,Counties Manukau,4,suppressed
Meningoencephalitis - primary amoebic,2020,Hawke's Bay,0,0
Cryptosporidiosis,2020,Hawke's Bay,23,12.9
Pertussis,2020,Hawke's Bay,8,4.5
Rheumatic fever,2020,Hawke's Bay,7,3.9
Invasive pneumococcal disease,2020,Hawke's Bay,16,9
Legionellosis,2020,Hawke's Bay,4,suppressed
Diphtheria,2020,Hawke's Bay,0,0
Rubella,2020,Hawke's Bay,0,0
Rickettsial disease,2020,Hawke's Bay,0,0
Leptospirosis,2020,Hawke's Bay,7,3.9
Tetanus,2020,Hawke's Bay,0,0
Mpox,2020,Hawke's Bay,0,0
Leprosy,2020,Hawke's Bay,0,0
Listeriosis,2020,Hawke's Bay,0,0
Yersiniosis,2020,Hawke's Bay,50,28.1
Cysticercosis,2020,Hawke's Bay,0,0
Invasive group A streptococcal infection,2020,Hawke's Bay,0,0
Meningococcal disease,2020,Hawke's Bay,1,suppressed
Hydatid disease,2020,Hawke's Bay,0,0
Taeniasis,2020,Hawke's Bay,0,0
Haemophilus influenzae type b,2020,Hawke's Bay,0,0
Hepatitis A,2020,Hawke's Bay,1,suppressed
Arboviral diseases,2020,Hawke's Bay,4,suppressed
Mumps,2020,Hawke's Bay,1,suppressed
Shigellosis,2020,Hawke's Bay,0,0
Brucellosis,2020,Hawke's Bay,0,0
Q fever,2020,Hawke's Bay,0,0
Campylobacteriosis,2020,Hawke's Bay,232,130.6
Acute gastroenteritis,2020,Hawke's Bay,2,suppressed
Toxic shellfish poisoning,2020,Hawke's Bay,0,0
Salmonellosis,2020,Hawke's Bay,23,12.9
Malaria,2020,Hawke's Bay,1,suppressed
Tuberculosis disease,2020,Hawke's Bay,6,3.4
Measles,2020,Hawke's Bay,0,0
Typhoid fever,2020,Hawke's Bay,0,0
VTEC/STEC infection,2020,Hawke's Bay,40,22.5
Hepatitis NOS,2020,Hawke's Bay,0,0
Cholera,2020,Hawke's Bay,0,0
Giardiasis,2020,Hawke's Bay,67,37.7
Poliomyelitis,2020,Hawke's Bay,0,0
Trichinosis,2020,Hawke's Bay,0,0
Rabies and other lyssaviruses,2020,Hawke's Bay,0,0
Hepatitis B,2020,Hawke's Bay,2,suppressed
Paratyphoid fever,2020,Hawke's Bay,0,0
Hepatitis C,2020,Hawke's Bay,2,suppressed
Invasive group A streptococcal infection,2020,Lakes,0,0
Q fever,2020,Lakes,0,0
Cryptosporidiosis,2020,Lakes,14,12
Rheumatic fever,2020,Lakes,5,4.3
Diphtheria,2020,Lakes,0,0
Meningococcal disease,2020,Lakes,3,suppressed
Hepatitis NOS,2020,Lakes,0,0
Toxic shellfish poisoning,2020,Lakes,0,0
Giardiasis,2020,Lakes,41,35
Listeriosis,2020,Lakes,0,0
Invasive pneumococcal disease,2020,Lakes,14,12
Poliomyelitis,2020,Lakes,0,0
Hepatitis B,2020,Lakes,1,suppressed
Acute gastroenteritis,2020,Lakes,22,18.8
Trichinosis,2020,Lakes,0,0
Hepatitis C,2020,Lakes,0,0
Leptospirosis,2020,Lakes,3,suppressed
Hydatid disease,2020,Lakes,0,0
Pertussis,2020,Lakes,1,suppressed
Typhoid fever,2020,Lakes,2,suppressed
Mumps,2020,Lakes,2,suppressed
Cysticercosis,2020,Lakes,0,0
Mpox,2020,Lakes,0,0
Arboviral diseases,2020,Lakes,0,0
Taeniasis,2020,Lakes,0,0
Paratyphoid fever,2020,Lakes,0,0
Rabies and other lyssaviruses,2020,Lakes,0,0
Hepatitis A,2020,Lakes,0,0
Legionellosis,2020,Lakes,4,suppressed
Leprosy,2020,Lakes,0,0
Tetanus,2020,Lakes,0,0
Yersiniosis,2020,Lakes,35,29.9
Malaria,2020,Lakes,1,suppressed
Campylobacteriosis,2020,Lakes,136,116.3
Cholera,2020,Lakes,0,0
VTEC/STEC infection,2020,Lakes,24,20.5
Brucellosis,2020,Lakes,0,0
Haemophilus influenzae type b,2020,Lakes,0,0
Salmonellosis,2020,Lakes,21,18
Tuberculosis disease,2020,Lakes,3,suppressed
Rickettsial disease,2020,Lakes,0,0
Measles,2020,Lakes,0,0
Meningoencephalitis - primary amoebic,2020,Lakes,0,0
Shigellosis,2020,Lakes,0,0
Rubella,2020,Lakes,0,0
Hydatid disease,2020,MidCentral,0,0
Rheumatic fever,2020,MidCentral,6,3.2
Campylobacteriosis,2020,MidCentral,249,133.5
Typhoid fever,2020,MidCentral,1,suppressed
Rabies and other lyssaviruses,2020,MidCentral,0,0
Pertussis,2020,MidCentral,15,8
Meningoencephalitis - primary amoebic,2020,MidCentral,0,0
Tetanus,2020,MidCentral,0,0
Leptospirosis,2020,MidCentral,3,suppressed
Brucellosis,2020,MidCentral,0,0
Mpox,2020,MidCentral,0,0
Poliomyelitis,2020,MidCentral,0,0
Hepatitis A,2020,MidCentral,0,0
Q fever,2020,MidCentral,0,0
Hepatitis NOS,2020,MidCentral,1,suppressed
Hepatitis B,2020,MidCentral,1,suppressed
Shigellosis,2020,MidCentral,1,suppressed
Acute gastroenteritis,2020,MidCentral,5,2.7
Toxic shellfish poisoning,2020,MidCentral,0,0
Leprosy,2020,MidCentral,0,0
Diphtheria,2020,MidCentral,0,0
Mumps,2020,MidCentral,2,suppressed
Invasive pneumococcal disease,2020,MidCentral,11,5.9
Tuberculosis disease,2020,MidCentral,3,suppressed
Meningococcal disease,2020,MidCentral,1,suppressed
Cryptosporidiosis,2020,MidCentral,37,19.8
Giardiasis,2020,MidCentral,33,17.7
Haemophilus influenzae type b,2020,MidCentral,0,0
Rubella,2020,MidCentral,0,0
Malaria,2020,MidCentral,0,0
Salmonellosis,2020,MidCentral,16,8.6
Cholera,2020,MidCentral,0,0
Cysticercosis,2020,MidCentral,0,0
Measles,2020,MidCentral,0,0
Rickettsial disease,2020,MidCentral,0,0
Arboviral diseases,2020,MidCentral,2,suppressed
Paratyphoid fever,2020,MidCentral,0,0
Trichinosis,2020,MidCentral,0,0
Taeniasis,2020,MidCentral,0,0
Yersiniosis,2020,MidCentral,19,10.2
Hepatitis C,2020,MidCentral,0,0
Legionellosis,2020,MidCentral,3,suppressed
Invasive group A streptococcal infection,2020,MidCentral,0,0
Listeriosis,2020,MidCentral,1,suppressed
VTEC/STEC infection,2020,MidCentral,5,2.7
Hydatid disease,2020,Nelson Marlborough,0,0
Rabies and other lyssaviruses,2020,Nelson Marlborough,0,0
Invasive pneumococcal disease,2020,Nelson Marlborough,2,suppressed
Taeniasis,2020,Nelson Marlborough,0,0
Yersiniosis,2020,Nelson Marlborough,43,26.5
Campylobacteriosis,2020,Nelson Marlborough,174,107.2
Hepatitis NOS,2020,Nelson Marlborough,0,0
Meningococcal disease,2020,Nelson Marlborough,0,0
Giardiasis,2020,Nelson Marlborough,29,17.9
Acute gastroenteritis,2020,Nelson Marlborough,8,4.9
Legionellosis,2020,Nelson Marlborough,12,7.4
Rubella,2020,Nelson Marlborough,0,0
Arboviral diseases,2020,Nelson Marlborough,3,suppressed
Toxic shellfish poisoning,2020,Nelson Marlborough,0,0
Rheumatic fever,2020,Nelson Marlborough,0,0
Salmonellosis,2020,Nelson Marlborough,27,16.6
Meningoencephalitis - primary amoebic,2020,Nelson Marlborough,0,0
VTEC/STEC infection,2020,Nelson Marlborough,51,31.4
Tetanus,2020,Nelson Marlborough,0,0
Haemophilus influenzae type b,2020,Nelson Marlborough,0,0
Diphtheria,2020,Nelson Marlborough,0,0
Cryptosporidiosis,2020,Nelson Marlborough,16,9.9
Paratyphoid fever,2020,Nelson Marlborough,0,0
Invasive group A streptococcal infection,2020,Nelson Marlborough,0,0
Brucellosis,2020,Nelson Marlborough,0,0
Malaria,2020,Nelson Marlborough,0,0
Leptospirosis,2020,Nelson Marlborough,0,0
Shigellosis,2020,Nelson Marlborough,1,suppressed
Rickettsial disease,2020,Nelson Marlborough,0,0
Tuberculosis disease,2020,Nelson Marlborough,8,4.9
Typhoid fever,2020,Nelson Marlborough,0,0
Cholera,2020,Nelson Marlborough,0,0
Hepatitis B,2020,Nelson Marlborough,3,suppressed
Trichinosis,2020,Nelson Marlborough,0,0
Listeriosis,2020,Nelson Marlborough,3,suppressed
Q fever,2020,Nelson Marlborough,0,0
Mpox,2020,Nelson Marlborough,0,0
Leprosy,2020,Nelson Marlborough,0,0
Hepatitis C,2020,Nelson Marlborough,3,suppressed
Measles,2020,Nelson Marlborough,0,0
Hepatitis A,2020,Nelson Marlborough,0,0
Pertussis,2020,Nelson Marlborough,7,4.3
Mumps,2020,Nelson Marlborough,1,suppressed
Poliomyelitis,2020,Nelson Marlborough,0,0
Cysticercosis,2020,Nelson Marlborough,0,0
Hepatitis B,2020,Northland,0,0
Cryptosporidiosis,2020,Northland,24,12.5
Hydatid disease,2020,Northland,0,0
Acute gastroenteritis,2020,Northland,14,7.3
Cysticercosis,2020,Northland,0,0
Toxic shellfish poisoning,2020,Northland,0,0
Taeniasis,2020,Northland,0,0
Diphtheria,2020,Northland,0,0
Trichinosis,2020,Northland,0,0
Pertussis,2020,Northland,7,3.6
Invasive group A streptococcal infection,2020,Northland,0,0
Rheumatic fever,2020,Northland,5,2.6
Arboviral diseases,2020,Northland,3,suppressed
Rabies and other lyssaviruses,2020,Northland,0,0
Malaria,2020,Northland,1,suppressed
Poliomyelitis,2020,Northland,0,0
Invasive pneumococcal disease,2020,Northland,24,12.5
Rickettsial disease,2020,Northland,0,0
Hepatitis A,2020,Northland,0,0
Mpox,2020,Northland,0,0
Giardiasis,2020,Northland,71,36.8
Q fever,2020,Northland,0,0
Hepatitis NOS,2020,Northland,0,0
Paratyphoid fever,2020,Northland,0,0
Legionellosis,2020,Northland,8,4.2
Salmonellosis,2020,Northland,30,15.6
Leptospirosis,2020,Northland,5,2.6
Mumps,2020,Northland,0,0
Cholera,2020,Northland,0,0
Rubella,2020,Northland,0,0
Listeriosis,2020,Northland,0,0
Hepatitis C,2020,Northland,0,0
Leprosy,2020,Northland,0,0
Yersiniosis,2020,Northland,22,11.4
Typhoid fever,2020,Northland,0,0
VTEC/STEC infection,2020,Northland,65,33.7
Tetanus,2020,Northland,0,0
Meningoencephalitis - primary amoebic,2020,Northland,0,0
Campylobacteriosis,2020,Northland,207,107.4
Haemophilus influenzae type b,2020,Northland,0,0
Brucellosis,2020,Northland,0,0
Measles,2020,Northland,0,0
Tuberculosis disease,2020,Northland,5,2.6
Shigellosis,2020,Northland,0,0
Meningococcal disease,2020,Northland,1,suppressed
Acute gastroenteritis,2020,South Canterbury,2,suppressed
Measles,2020,South Canterbury,0,0
Tuberculosis disease,2020,South Canterbury,3,suppressed
Giardiasis,2020,South Canterbury,11,17.8
Cysticercosis,2020,South Canterbury,0,0
Diphtheria,2020,South Canterbury,0,0
Meningococcal disease,2020,South Canterbury,0,0
Toxic shellfish poisoning,2020,South Canterbury,0,0
Mpox,2020,South Canterbury,0,0
Hepatitis B,2020,South Canterbury,1,suppressed
Cryptosporidiosis,2020,South Canterbury,30,48.6
Brucellosis,2020,South Canterbury,0,0
Rheumatic fever,2020,South Canterbury,0,0
Rickettsial disease,2020,South Canterbury,0,0
Arboviral diseases,2020,South Canterbury,0,0
Invasive group A streptococcal infection,2020,South Canterbury,0,0
Q fever,2020,South Canterbury,0,0
Hydatid disease,2020,South Canterbury,0,0
Typhoid fever,2020,South Canterbury,0,0
Taeniasis,2020,South Canterbury,0,0
Salmonellosis,2020,South Canterbury,15,24.3
Yersiniosis,2020,South Canterbury,11,17.8
Mumps,2020,South Canterbury,0,0
Cholera,2020,South Canterbury,0,0
Paratyphoid fever,2020,South Canterbury,0,0
Poliomyelitis,2020,South Canterbury,0,0
Trichinosis,2020,South Canterbury,0,0
Malaria,2020,South Canterbury,0,0
Legionellosis,2020,South Canterbury,4,suppressed
Pertussis,2020,South Canterbury,0,0
Hepatitis NOS,2020,South Canterbury,1,suppressed
Leprosy,2020,South Canterbury,0,0
Haemophilus influenzae type b,2020,South Canterbury,0,0
Rubella,2020,South Canterbury,0,0
Hepatitis A,2020,South Canterbury,0,0
Tetanus,2020,South Canterbury,0,0
Rabies and other lyssaviruses,2020,South Canterbury,0,0
Listeriosis,2020,South Canterbury,0,0
Leptospirosis,2020,South Canterbury,0,0
Hepatitis C,2020,South Canterbury,1,suppressed
Invasive pneumococcal disease,2020,South Canterbury,7,11.4
Campylobacteriosis,2020,South Canterbury,129,209.2
Shigellosis,2020,South Canterbury,2,suppressed
VTEC/STEC infection,2020,South Canterbury,17,27.6
Meningoencephalitis - primary amoebic,2020,South Canterbury,0,0
Poliomyelitis,2020,Southern,0,0
Meningoencephalitis - primary amoebic,2020,Southern,0,0
Cysticercosis,2020,Southern,0,0
Toxic shellfish poisoning,2020,Southern,0,0
Arboviral diseases,2020,Southern,2,suppressed
Brucellosis,2020,Southern,0,0
Giardiasis,2020,Southern,57,16.4
Measles,2020,Southern,0,0
Acute gastroenteritis,2020,Southern,7,2
Campylobacteriosis,2020,Southern,519,149.1
Tuberculosis disease,2020,Southern,9,2.6
Pertussis,2020,Southern,7,2
Paratyphoid fever,2020,Southern,0,0
Rheumatic fever,2020,Southern,2,suppressed
Mpox,2020,Southern,0,0
Invasive group A streptococcal infection,2020,Southern,0,0
Trichinosis,2020,Southern,0,0
Malaria,2020,Southern,0,0
Hydatid disease,2020,Southern,0,0
Hepatitis C,2020,Southern,8,2.3
Salmonellosis,2020,Southern,67,19.2
Hepatitis NOS,2020,Southern,0,0
Typhoid fever,2020,Southern,0,0
Cholera,2020,Southern,0,0
Hepatitis A,2020,Southern,0,0
Yersiniosis,2020,Southern,100,28.7
Q fever,2020,Southern,0,0
Diphtheria,2020,Southern,0,0
Taeniasis,2020,Southern,0,0
Listeriosis,2020,Southern,2,suppressed
Invasive pneumococcal disease,2020,Southern,18,5.2
Rabies and other lyssaviruses,2020,Southern,0,0
Rubella,2020,Southern,0,0
Meningococcal disease,2020,Southern,0,0
Leptospirosis,2020,Southern,5,1.4
Cryptosporidiosis,2020,Southern,116,33.3
Rickettsial disease,2020,Southern,1,suppressed
Legionellosis,2020,Southern,15,4.3
Leprosy,2020,Southern,0,0
Tetanus,2020,Southern,0,0
Mumps,2020,Southern,48,13.8
Hepatitis B,2020,Southern,1,suppressed
Shigellosis,2020,Southern,3,suppressed
VTEC/STEC infection,2020,Southern,146,41.9
Haemophilus influenzae type b,2020,Southern,0,0
Invasive group A streptococcal infection,2020,Tairawhiti,0,0
Mpox,2020,Tairawhiti,0,0
Giardiasis,2020,Tairawhiti,27,52.6
Cysticercosis,2020,Tairawhiti,0,0
Arboviral diseases,2020,Tairawhiti,0,0
Acute gastroenteritis,2020,Tairawhiti,5,9.7
Q fever,2020,Tairawhiti,0,0
Listeriosis,2020,Tairawhiti,0,0
Cholera,2020,Tairawhiti,0,0
Yersiniosis,2020,Tairawhiti,7,13.6
Leptospirosis,2020,Tairawhiti,2,suppressed
Meningococcal disease,2020,Tairawhiti,0,0
Rabies and other lyssaviruses,2020,Tairawhiti,0,0
Hydatid disease,2020,Tairawhiti,0,0
Cryptosporidiosis,2020,Tairawhiti,7,13.6
Meningoencephalitis - primary amoebic,2020,Tairawhiti,0,0
Pertussis,2020,Tairawhiti,0,0
Rickettsial disease,2020,Tairawhiti,0,0
Hepatitis NOS,2020,Tairawhiti,0,0
Diphtheria,2020,Tairawhiti,0,0
Salmonellosis,2020,Tairawhiti,8,15.6
Paratyphoid fever,2020,Tairawhiti,0,0
Toxic shellfish poisoning,2020,Tairawhiti,0,0
Taeniasis,2020,Tairawhiti,0,0
Tuberculosis disease,2020,Tairawhiti,3,suppressed
Tetanus,2020,Tairawhiti,0,0
Campylobacteriosis,2020,Tairawhiti,63,122.7
Legionellosis,2020,Tairawhiti,0,0
Invasive pneumococcal disease,2020,Tairawhiti,6,11.7
VTEC/STEC infection,2020,Tairawhiti,1,suppressed
Poliomyelitis,2020,Tairawhiti,0,0
Rheumatic fever,2020,Tairawhiti,2,suppressed
Malaria,2020,Tairawhiti,0,0
Hepatitis B,2020,Tairawhiti,1,suppressed
Hepatitis C,2020,Tairawhiti,1,suppressed
Brucellosis,2020,Tairawhiti,0,0
Haemophilus influenzae type b,2020,Tairawhiti,0,0
Rubella,2020,Tairawhiti,0,0
Hepatitis A,2020,Tairawhiti,0,0
Mumps,2020,Tairawhiti,1,suppressed
Trichinosis,2020,Tairawhiti,0,0
Shigellosis,2020,Tairawhiti,0,0
Measles,2020,Tairawhiti,0,0
Typhoid fever,2020,Tairawhiti,0,0
Leprosy,2020,Tairawhiti,0,0
Cysticercosis,2020,Taranaki,0,0
Legionellosis,2020,Taranaki,0,0
Giardiasis,2020,Taranaki,33,26.3
Diphtheria,2020,Taranaki,0,0
Cholera,2020,Taranaki,0,0
Mpox,2020,Taranaki,0,0
Pertussis,2020,Taranaki,6,4.8
Campylobacteriosis,2020,Taranaki,195,155.7
Rabies and other lyssaviruses,2020,Taranaki,0,0
Taeniasis,2020,Taranaki,0,0
Acute gastroenteritis,2020,Taranaki,1,suppressed
Arboviral diseases,2020,Taranaki,0,0
Mumps,2020,Taranaki,4,suppressed
Tetanus,2020,Taranaki,0,0
Salmonellosis,2020,Taranaki,30,23.9
Cryptosporidiosis,2020,Taranaki,36,28.7
Paratyphoid fever,2020,Taranaki,0,0
Yersiniosis,2020,Taranaki,43,34.3
Invasive pneumococcal disease,2020,Taranaki,11,8.8
Hepatitis B,2020,Taranaki,0,0
Meningococcal disease,2020,Taranaki,1,suppressed
Rheumatic fever,2020,Taranaki,0,0
Hydatid disease,2020,Taranaki,0,0
Meningoencephalitis - primary amoebic,2020,Taranaki,0,0
Hepatitis A,2020,Taranaki,0,0
Rubella,2020,Taranaki,0,0
Shigellosis,2020,Taranaki,2,suppressed
Rickettsial disease,2020,Taranaki,0,0
Brucellosis,2020,Taranaki,0,0
Q fever,2020,Taranaki,0,0
Leptospirosis,2020,Taranaki,2,suppressed
Listeriosis,2020,Taranaki,0,0
Hepatitis NOS,2020,Taranaki,0,0
Toxic shellfish poisoning,2020,Taranaki,0,0
Invasive group A streptococcal infection,2020,Taranaki,0,0
Leprosy,2020,Taranaki,0,0
Measles,2020,Taranaki,1,suppressed
Haemophilus influenzae type b,2020,Taranaki,0,0
VTEC/STEC infection,2020,Taranaki,45,35.9
Tuberculosis disease,2020,Taranaki,2,suppressed
Poliomyelitis,2020,Taranaki,0,0
Trichinosis,2020,Taranaki,0,0
Hepatitis C,2020,Taranaki,0,0
Malaria,2020,Taranaki,0,0
Typhoid fever,2020,Taranaki,0,0
Toxic shellfish poisoning,2020,Waikato,0,0
Poliomyelitis,2020,Waikato,0,0
Hydatid disease,2020,Waikato,0,0
Malaria,2020,Waikato,1,suppressed
Acute gastroenteritis,2020,Waikato,38,8.7
Campylobacteriosis,2020,Waikato,596,136
Trichinosis,2020,Waikato,0,0
Rheumatic fever,2020,Waikato,21,4.8
Rickettsial disease,2020,Waikato,3,suppressed
Cryptosporidiosis,2020,Waikato,110,25.1
Meningoencephalitis - primary amoebic,2020,Waikato,0,0
Diphtheria,2020,Waikato,0,0
Giardiasis,2020,Waikato,153,34.9
Measles,2020,Waikato,0,0
Pertussis,2020,Waikato,14,3.2
Invasive pneumococcal disease,2020,Waikato,44,10
Hepatitis B,2020,Waikato,2,suppressed
Q fever,2020,Waikato,0,0
Listeriosis,2020,Waikato,3,suppressed
Arboviral diseases,2020,Waikato,3,suppressed
Leptospirosis,2020,Waikato,19,4.3
Tetanus,2020,Waikato,0,0
Tuberculosis disease,2020,Waikato,32,7.3
Hepatitis A,2020,Waikato,1,suppressed
Typhoid fever,2020,Waikato,0,0
Cholera,2020,Waikato,0,0
Cysticercosis,2020,Waikato,0,0
Meningococcal disease,2020,Waikato,4,suppressed
Taeniasis,2020,Waikato,0,0
Rabies and other lyssaviruses,2020,Waikato,0,0
Hepatitis C,2020,Waikato,0,0
Invasive group A streptococcal infection,2020,Waikato,0,0
Legionellosis,2020,Waikato,7,1.6
Leprosy,2020,Waikato,0,0
VTEC/STEC infection,2020,Waikato,85,19.4
Paratyphoid fever,2020,Waikato,0,0
Mumps,2020,Waikato,2,suppressed
Haemophilus influenzae type b,2020,Waikato,0,0
Mpox,2020,Waikato,0,0
Salmonellosis,2020,Waikato,82,18.7
Yersiniosis,2020,Waikato,109,24.9
Brucellosis,2020,Waikato,0,0
Hepatitis NOS,2020,Waikato,1,suppressed
Shigellosis,2020,Waikato,3,suppressed
Rubella,2020,Waikato,0,0
Mpox,2020,Wairarapa,0,0
Meningoencephalitis - primary amoebic,2020,Wairarapa,0,0
Tetanus,2020,Wairarapa,0,0
Typhoid fever,2020,Wairarapa,0,0
Hydatid disease,2020,Wairarapa,0,0
Hepatitis B,2020,Wairarapa,0,0
Pertussis,2020,Wairarapa,1,suppressed
Leptospirosis,2020,Wairarapa,1,suppressed
Brucellosis,2020,Wairarapa,0,0
Tuberculosis disease,2020,Wairarapa,1,suppressed
Paratyphoid fever,2020,Wairarapa,0,0
Mumps,2020,Wairarapa,0,0
VTEC/STEC infection,2020,Wairarapa,20,40.9
Shigellosis,2020,Wairarapa,0,0
Leprosy,2020,Wairarapa,0,0
Diphtheria,2020,Wairarapa,0,0
Poliomyelitis,2020,Wairarapa,0,0
Toxic shellfish poisoning,2020,Wairarapa,0,0
Cysticercosis,2020,Wairarapa,0,0
Q fever,2020,Wairarapa,0,0
Malaria,2020,Wairarapa,0,0
Salmonellosis,2020,Wairarapa,7,14.3
Invasive pneumococcal disease,2020,Wairarapa,7,14.3
Arboviral diseases,2020,Wairarapa,0,0
Hepatitis A,2020,Wairarapa,0,0
Acute gastroenteritis,2020,Wairarapa,2,suppressed
Cholera,2020,Wairarapa,0,0
Trichinosis,2020,Wairarapa,0,0
Rheumatic fever,2020,Wairarapa,0,0
Haemophilus influenzae type b,2020,Wairarapa,0,0
Rabies and other lyssaviruses,2020,Wairarapa,0,0
Hepatitis NOS,2020,Wairarapa,0,0
Giardiasis,2020,Wairarapa,16,32.7
Listeriosis,2020,Wairarapa,1,suppressed
Cryptosporidiosis,2020,Wairarapa,6,12.3
Campylobacteriosis,2020,Wairarapa,85,173.9
Rubella,2020,Wairarapa,0,0
Measles,2020,Wairarapa,0,0
Taeniasis,2020,Wairarapa,0,0
Rickettsial disease,2020,Wairarapa,0,0
Yersiniosis,2020,Wairarapa,22,45
Invasive group A streptococcal infection,2020,Wairarapa,0,0
Hepatitis C,2020,Wairarapa,0,0
Legionellosis,2020,Wairarapa,1,suppressed
Meningococcal disease,2020,Wairarapa,0,0
Rickettsial disease,2020,Waitemata,0,0
Cholera,2020,Waitemata,0,0
Yersiniosis,2020,Waitemata,152,23.7
Tuberculosis disease,2020,Waitemata,47,7.3
Hepatitis A,2020,Waitemata,4,suppressed
Invasive pneumococcal disease,2020,Waitemata,29,4.5
Pertussis,2020,Waitemata,24,3.7
Rheumatic fever,2020,Waitemata,17,2.7
Toxic shellfish poisoning,2020,Waitemata,0,0
Diphtheria,2020,Waitemata,0,0
VTEC/STEC infection,2020,Waitemata,45,7
Arboviral diseases,2020,Waitemata,6,0.9
Hydatid disease,2020,Waitemata,0,0
Taeniasis,2020,Waitemata,2,suppressed
Mumps,2020,Waitemata,20,3.1
Measles,2020,Waitemata,2,suppressed
Legionellosis,2020,Waitemata,9,1.4
Campylobacteriosis,2020,Waitemata,594,92.7
Leptospirosis,2020,Waitemata,2,suppressed
Typhoid fever,2020,Waitemata,1,suppressed
Haemophilus influenzae type b,2020,Waitemata,1,suppressed
Mpox,2020,Waitemata,0,0
Cysticercosis,2020,Waitemata,0,0
Acute gastroenteritis,2020,Waitemata,23,3.6
Giardiasis,2020,Waitemata,96,15
Rabies and other lyssaviruses,2020,Waitemata,0,0
Hepatitis B,2020,Waitemata,1,suppressed
Hepatitis C,2020,Waitemata,1,suppressed
Leprosy,2020,Waitemata,0,0
Meningoencephalitis - primary amoebic,2020,Waitemata,0,0
Shigellosis,2020,Waitemata,10,1.6
Rubella,2020,Waitemata,0,0
Trichinosis,2020,Waitemata,0,0
Invasive group A streptococcal infection,2020,Waitemata,0,0
Malaria,2020,Waitemata,3,suppressed
Poliomyelitis,2020,Waitemata,0,0
Salmonellosis,2020,Waitemata,76,11.9
Meningococcal disease,2020,Waitemata,4,suppressed
Hepatitis NOS,2020,Waitemata,2,suppressed
Paratyphoid fever,2020,Waitemata,4,suppressed
Tetanus,2020,Waitemata,0,0
Q fever,2020,Waitemata,0,0
Cryptosporidiosis,2020,Waitemata,63,9.8
Brucellosis,2020,Waitemata,1,suppressed
Listeriosis,2020,Waitemata,3,suppressed
Pertussis,2020,West Coast,0,0
Invasive pneumococcal disease,2020,West Coast,1,suppressed
Meningoencephalitis - primary amoebic,2020,West Coast,0,0
Tetanus,2020,West Coast,0,0
Tuberculosis disease,2020,West Coast,1,suppressed
Leprosy,2020,West Coast,0,0
Mumps,2020,West Coast,0,0
VTEC/STEC infection,2020,West Coast,1,suppressed
Brucellosis,2020,West Coast,0,0
Q fever,2020,West Coast,0,0
Hepatitis B,2020,West Coast,0,0
Acute gastroenteritis,2020,West Coast,5,15
Hepatitis C,2020,West Coast,0,0
Typhoid fever,2020,West Coast,0,0
Arboviral diseases,2020,West Coast,0,0
Malaria,2020,West Coast,0,0
Hydatid disease,2020,West Coast,0,0
Poliomyelitis,2020,West Coast,0,0
Cryptosporidiosis,2020,West Coast,4,suppressed
Hepatitis A,2020,West Coast,0,0
Measles,2020,West Coast,0,0
Diphtheria,2020,West Coast,0,0
Rubella,2020,West Coast,0,0
Shigellosis,2020,West Coast,0,0
Rickettsial disease,2020,West Coast,0,0
Rabies and other lyssaviruses,2020,West Coast,0,0
Leptospirosis,2020,West Coast,1,suppressed
Cholera,2020,West Coast,0,0
Giardiasis,2020,West Coast,7,21
Mpox,2020,West Coast,0,0
Cysticercosis,2020,West Coast,0,0
Salmonellosis,2020,West Coast,2,suppressed
Hepatitis NOS,2020,West Coast,0,0
Yersiniosis,2020,West Coast,3,suppressed
Toxic shellfish poisoning,2020,West Coast,0,0
Trichinosis,2020,West Coast,0,0
Listeriosis,2020,West Coast,1,suppressed
Haemophilus influenzae type b,2020,West Coast,2,suppressed
Campylobacteriosis,2020,West Coast,54,162.2
Paratyphoid fever,2020,West Coast,0,0
Legionellosis,2020,West Coast,4,suppressed
Meningococcal disease,2020,West Coast,1,suppressed
Taeniasis,2020,West Coast,0,0
Rheumatic fever,2020,West Coast,0,0
Invasive group A streptococcal infection,2020,West Coast,0,0
Rheumatic fever,2020,Whanganui,0,0
Invasive group A streptococcal infection,2020,Whanganui,0,0
Tetanus,2020,Whanganui,0,0
Rubella,2020,Whanganui,0,0
Meningoencephalitis - primary amoebic,2020,Whanganui,0,0
Invasive pneumococcal disease,2020,Whanganui,3,suppressed
Tuberculosis disease,2020,Whanganui,4,suppressed
Typhoid fever,2020,Whanganui,0,0
Listeriosis,2020,Whanganui,0,0
Rickettsial disease,2020,Whanganui,0,0
Mpox,2020,Whanganui,0,0
Diphtheria,2020,Whanganui,0,0
Poliomyelitis,2020,Whanganui,0,0
Malaria,2020,Whanganui,0,0
Hepatitis NOS,2020,Whanganui,0,0
Paratyphoid fever,2020,Whanganui,0,0
Haemophilus influenzae type b,2020,Whanganui,0,0
Pertussis,2020,Whanganui,6,8.8
Campylobacteriosis,2020,Whanganui,81,118.5
Mumps,2020,Whanganui,1,suppressed
Leptospirosis,2020,Whanganui,1,suppressed
Brucellosis,2020,Whanganui,0,0
Toxic shellfish poisoning,2020,Whanganui,0,0
Hydatid disease,2020,Whanganui,0,0
Cysticercosis,2020,Whanganui,0,0
Q fever,2020,Whanganui,0,0
Arboviral diseases,2020,Whanganui,1,suppressed
VTEC/STEC infection,2020,Whanganui,4,suppressed
Measles,2020,Whanganui,0,0
Taeniasis,2020,Whanganui,0,0
Shigellosis,2020,Whanganui,0,0
Giardiasis,2020,Whanganui,8,11.7
Rabies and other lyssaviruses,2020,Whanganui,0,0
Leprosy,2020,Whanganui,0,0
Acute gastroenteritis,2020,Whanganui,6,8.8
Hepatitis A,2020,Whanganui,0,0
Legionellosis,2020,Whanganui,1,suppressed
Cholera,2020,Whanganui,0,0
Hepatitis B,2020,Whanganui,0,0
Cryptosporidiosis,2020,Whanganui,6,8.8
Yersiniosis,2020,Whanganui,8,11.7
Hepatitis C,2020,Whanganui,0,0
Salmonellosis,2020,Whanganui,9,13.2
Meningococcal disease,2020,Whanganui,0,0
Trichinosis,2020,Whanganui,0,0
Taeniasis,2021,Auckland,1,suppressed
VTEC/STEC infection,2021,Auckland,40,8.1
Pertussis,2021,Auckland,4,suppressed
Cysticercosis,2021,Auckland,0,0
Brucellosis,2021,Auckland,0,0
Rubella,2021,Auckland,0,0
Arboviral diseases,2021,Auckland,1,suppressed
Hepatitis NOS,2021,Auckland,1,suppressed
Salmonellosis,2021,Auckland,59,12
Invasive pneumococcal disease,2021,Auckland,24,4.9
Malaria,2021,Auckland,3,suppressed
Toxic shellfish poisoning,2021,Auckland,1,suppressed
Trichinosis,2021,Auckland,0,0
Hepatitis C,2021,Auckland,0,0
Legionellosis,2021,Auckland,16,3.3
Hepatitis A,2021,Auckland,2,suppressed
Rabies and other lyssaviruses,2021,Auckland,0,0
Rheumatic fever,2021,Auckland,6,1.2
Leptospirosis,2021,Auckland,1,suppressed
Cholera,2021,Auckland,0,0
Yersiniosis,2021,Auckland,188,38.3
Rickettsial disease,2021,Auckland,0,0
Cryptosporidiosis,2021,Auckland,51,10.4
Haemophilus influenzae type b,2021,Auckland,0,0
Measles,2021,Auckland,0,0
Q fever,2021,Auckland,0,0
Mumps,2021,Auckland,0,0
Hydatid disease,2021,Auckland,0,0
Meningoencephalitis - primary amoebic,2021,Auckland,0,0
Invasive group A streptococcal infection,2021,Auckland,0,0
Listeriosis,2021,Auckland,5,1
Campylobacteriosis,2021,Auckland,422,85.9
Giardiasis,2021,Auckland,98,19.9
Acute gastroenteritis,2021,Auckland,11,2.2
Mpox,2021,Auckland,0,0
Meningococcal disease,2021,Auckland,0,0
Tetanus,2021,Auckland,0,0
Hepatitis B,2021,Auckland,3,suppressed
Poliomyelitis,2021,Auckland,0,0
Paratyphoid fever,2021,Auckland,1,suppressed
Diphtheria,2021,Auckland,0,0
Typhoid fever,2021,Auckland,1,suppressed
Leprosy,2021,Auckland,0,0
Shigellosis,2021,Auckland,1,suppressed
Tuberculosis disease,2021,Auckland,58,11.8
Salmonellosis,2021,Bay of Plenty,28,10.5
Leptospirosis,2021,Bay of Plenty,9,3.4
Yersiniosis,2021,Bay of Plenty,73,27.3
Pertussis,2021,Bay of Plenty,1,suppressed
Rheumatic fever,2021,Bay of Plenty,5,1.9
Hepatitis A,2021,Bay of Plenty,1,suppressed
Acute gastroenteritis,2021,Bay of Plenty,27,10.1
Invasive group A streptococcal infection,2021,Bay of Plenty,0,0
Cysticercosis,2021,Bay of Plenty,0,0
Malaria,2021,Bay of Plenty,0,0
Haemophilus influenzae type b,2021,Bay of Plenty,0,0
Rabies and other lyssaviruses,2021,Bay of Plenty,0,0
Rubella,2021,Bay of Plenty,0,0
Taeniasis,2021,Bay of Plenty,0,0
Measles,2021,Bay of Plenty,0,0
Hepatitis NOS,2021,Bay of Plenty,0,0
Cholera,2021,Bay of Plenty,0,0
Listeriosis,2021,Bay of Plenty,2,suppressed
Meningoencephalitis - primary amoebic,2021,Bay of Plenty,0,0
Cryptosporidiosis,2021,Bay of Plenty,19,7.1
Tuberculosis disease,2021,Bay of Plenty,7,2.6
Rickettsial disease,2021,Bay of Plenty,0,0
Hydatid disease,2021,Bay of Plenty,0,0
Poliomyelitis,2021,Bay of Plenty,0,0
Hepatitis C,2021,Bay of Plenty,0,0
Legionellosis,2021,Bay of Plenty,20,7.5
Shigellosis,2021,Bay of Plenty,0,0
VTEC/STEC infection,2021,Bay of Plenty,52,19.4
Campylobacteriosis,2021,Bay of Plenty,253,94.6
Mpox,2021,Bay of Plenty,0,0
Paratyphoid fever,2021,Bay of Plenty,0,0
Tetanus,2021,Bay of Plenty,1,suppressed
Giardiasis,2021,Bay of Plenty,96,35.9
Q fever,2021,Bay of Plenty,0,0
Mumps,2021,Bay of Plenty,1,suppressed
Hepatitis B,2021,Bay of Plenty,1,suppressed
Arboviral diseases,2021,Bay of Plenty,0,0
Diphtheria,2021,Bay of Plenty,0,0
Trichinosis,2021,Bay of Plenty,0,0
Leprosy,2021,Bay of Plenty,0,0
Typhoid fever,2021,Bay of Plenty,0,0
Invasive pneumococcal disease,2021,Bay of Plenty,34,12.7
Toxic shellfish poisoning,2021,Bay of Plenty,0,0
Meningococcal disease,2021,Bay of Plenty,2,suppressed
Brucellosis,2021,Bay of Plenty,0,0
Meningoencephalitis - primary amoebic,2021,Canterbury,0,0
Diphtheria,2021,Canterbury,0,0
Giardiasis,2021,Canterbury,74,12.5
Toxic shellfish poisoning,2021,Canterbury,0,0
Hydatid disease,2021,Canterbury,1,suppressed
Hepatitis C,2021,Canterbury,4,suppressed
Cysticercosis,2021,Canterbury,0,0
Cryptosporidiosis,2021,Canterbury,47,8
Rickettsial disease,2021,Canterbury,0,0
Rabies and other lyssaviruses,2021,Canterbury,0,0
Hepatitis B,2021,Canterbury,0,0
Poliomyelitis,2021,Canterbury,0,0
Malaria,2021,Canterbury,1,suppressed
Pertussis,2021,Canterbury,3,suppressed
Hepatitis NOS,2021,Canterbury,0,0
Invasive pneumococcal disease,2021,Canterbury,29,4.9
Leprosy,2021,Canterbury,3,suppressed
Mpox,2021,Canterbury,0,0
Invasive group A streptococcal infection,2021,Canterbury,0,0
Rheumatic fever,2021,Canterbury,3,suppressed
Shigellosis,2021,Canterbury,1,suppressed
Trichinosis,2021,Canterbury,0,0
VTEC/STEC infection,2021,Canterbury,60,10.2
Meningococcal disease,2021,Canterbury,7,1.2
Campylobacteriosis,2021,Canterbury,594,100.7
Haemophilus influenzae type b,2021,Canterbury,0,0
Brucellosis,2021,Canterbury,0,0
Hepatitis A,2021,Canterbury,0,0
Tetanus,2021,Canterbury,0,0
Leptospirosis,2021,Canterbury,5,0.8
Q fever,2021,Canterbury,0,0
Yersiniosis,2021,Canterbury,123,20.9
Listeriosis,2021,Canterbury,3,suppressed
Paratyphoid fever,2021,Canterbury,0,0
Legionellosis,2021,Canterbury,35,5.9
Salmonellosis,2021,Canterbury,100,17
Rubella,2021,Canterbury,0,0
Arboviral diseases,2021,Canterbury,0,0
Mumps,2021,Canterbury,0,0
Typhoid fever,2021,Canterbury,0,0
Cholera,2021,Canterbury,0,0
Acute gastroenteritis,2021,Canterbury,40,6.8
Tuberculosis disease,2021,Canterbury,41,7
Taeniasis,2021,Canterbury,0,0
Measles,2021,Canterbury,0,0
Acute gastroenteritis,2021,"Capital, Coast and Hutt Valley",50,10.5
Haemophilus influenzae type b,2021,"Capital, Coast and Hutt Valley",0,0
Yersiniosis,2021,"Capital, Coast and Hutt Valley",170,35.6
Poliomyelitis,2021,"Capital, Coast and Hutt Valley",0,0
Meningoencephalitis - primary amoebic,2021,"Capital, Coast and Hutt Valley",0,0
Cryptosporidiosis,2021,"Capital, Coast and Hutt Valley",45,9.4
Legionellosis,2021,"Capital, Coast and Hutt Valley",5,1
Rheumatic fever,2021,"Capital, Coast and Hutt Valley",4,suppressed
Hydatid disease,2021,"Capital, Coast and Hutt Valley",0,0
Taeniasis,2021,"Capital, Coast and Hutt Valley",0,0
Typhoid fever,2021,"Capital, Coast and Hutt Valley",0,0
Mpox,2021,"Capital, Coast and Hutt Valley",0,0
Cholera,2021,"Capital, Coast and Hutt Valley",0,0
Pertussis,2021,"Capital, Coast and Hutt Valley",3,suppressed
Toxic shellfish poisoning,2021,"Capital, Coast and Hutt Valley",0,0
Giardiasis,2021,"Capital, Coast and Hutt Valley",67,14
Rabies and other lyssaviruses,2021,"Capital, Coast and Hutt Valley",0,0
Hepatitis B,2021,"Capital, Coast and Hutt Valley",0,0
Tuberculosis disease,2021,"Capital, Coast and Hutt Valley",29,6.1
Arboviral diseases,2021,"Capital, Coast and Hutt Valley",1,suppressed
Hepatitis NOS,2021,"Capital, Coast and Hutt Valley",1,suppressed
Mumps,2021,"Capital, Coast and Hutt Valley",0,0
Leprosy,2021,"Capital, Coast and Hutt Valley",0,0
Invasive pneumococcal disease,2021,"Capital, Coast and Hutt Valley",41,8.6
Tetanus,2021,"Capital, Coast and Hutt Valley",0,0
Campylobacteriosis,2021,"Capital, Coast and Hutt Valley",407,85.2
Cysticercosis,2021,"Capital, Coast and Hutt Valley",0,0
Diphtheria,2021,"Capital, Coast and Hutt Valley",0,0
Trichinosis,2021,"Capital, Coast and Hutt Valley",0,0
Q fever,2021,"Capital, Coast and Hutt Valley",0,0
Meningococcal disease,2021,"Capital, Coast and Hutt Valley",2,suppressed
Paratyphoid fever,2021,"Capital, Coast and Hutt Valley",0,0
Invasive group A streptococcal infection,2021,"Capital, Coast and Hutt Valley",0,0
Hepatitis A,2021,"Capital, Coast and Hutt Valley",0,0
Rubella,2021,"Capital, Coast and Hutt Valley",0,0
Salmonellosis,2021,"Capital, Coast and Hutt Valley",59,12.4
Brucellosis,2021,"Capital, Coast and Hutt Valley",0,0
Listeriosis,2021,"Capital, Coast and Hutt Valley",1,suppressed
Shigellosis,2021,"Capital, Coast and Hutt Valley",0,0
Rickettsial disease,2021,"Capital, Coast and Hutt Valley",0,0
Hepatitis C,2021,"Capital, Coast and Hutt Valley",3,suppressed
VTEC/STEC infection,2021,"Capital, Coast and Hutt Valley",73,15.3
Malaria,2021,"Capital, Coast and Hutt Valley",1,suppressed
Measles,2021,"Capital, Coast and Hutt Valley",0,0
Leptospirosis,2021,"Capital, Coast and Hutt Valley",0,0
Cysticercosis,2021,Counties Manukau,0,0
Rickettsial disease,2021,Counties Manukau,0,0
Pertussis,2021,Counties Manukau,2,suppressed
Cryptosporidiosis,2021,Counties Manukau,38,6.4
Cholera,2021,Counties Manukau,0,0
Acute gastroenteritis,2021,Counties Manukau,7,1.2
Invasive pneumococcal disease,2021,Counties Manukau,46,7.7
Mpox,2021,Counties Manukau,0,0
Paratyphoid fever,2021,Counties Manukau,1,suppressed
Campylobacteriosis,2021,Counties Manukau,474,79.7
Giardiasis,2021,Counties Manukau,68,11.4
Rabies and other lyssaviruses,2021,Counties Manukau,0,0
Shigellosis,2021,Counties Manukau,1,suppressed
Yersiniosis,2021,Counties Manukau,152,25.5
Salmonellosis,2021,Counties Manukau,65,10.9
Tetanus,2021,Counties Manukau,0,0
Trichinosis,2021,Counties Manukau,0,0
Rheumatic fever,2021,Counties Manukau,28,4.7
Mumps,2021,Counties Manukau,0,0
Diphtheria,2021,Counties Manukau,0,0
Arboviral diseases,2021,Counties Manukau,1,suppressed
Measles,2021,Counties Manukau,0,0
Leptospirosis,2021,Counties Manukau,5,0.8
Haemophilus influenzae type b,2021,Counties Manukau,0,0
Typhoid fever,2021,Counties Manukau,2,suppressed
VTEC/STEC infection,2021,Counties Manukau,51,8.6
Leprosy,2021,Counties Manukau,1,suppressed
Legionellosis,2021,Counties Manukau,26,4.4
Taeniasis,2021,Counties Manukau,0,0
Q fever,2021,Counties Manukau,0,0
Listeriosis,2021,Counties Manukau,3,suppressed
Hepatitis NOS,2021,Counties Manukau,1,suppressed
Brucellosis,2021,Counties Manukau,1,suppressed
Toxic shellfish poisoning,2021,Counties Manukau,2,suppressed
Hepatitis A,2021,Counties Manukau,0,0
Poliomyelitis,2021,Counties Manukau,0,0
Tuberculosis disease,2021,Counties Manukau,59,9.9
Meningoencephalitis - primary amoebic,2021,Counties Manukau,0,0
Rubella,2021,Counties Manukau,0,0
Hydatid disease,2021,Counties Manukau,0,0
Invasive group A streptococcal infection,2021,Counties Manukau,0,0
Hepatitis C,2021,Counties Manukau,1,suppressed
Hepatitis B,2021,Counties Manukau,2,suppressed
Meningococcal disease,2021,Counties Manukau,5,0.8
Malaria,2021,Counties Manukau,0,0
Pertussis,2021,Hawke's Bay,1,suppressed
Salmonellosis,2021,Hawke's Bay,23,12.9
Toxic shellfish poisoning,2021,Hawke's Bay,0,0
Mpox,2021,Hawke's Bay,0,0
Yersiniosis,2021,Hawke's Bay,46,25.8
Legionellosis,2021,Hawke's Bay,3,suppressed
Diphtheria,2021,Hawke's Bay,0,0
Hepatitis C,2021,Hawke's Bay,3,suppressed
Haemophilus influenzae type b,2021,Hawke's Bay,0,0
Mumps,2021,Hawke's Bay,0,0
Taeniasis,2021,Hawke's Bay,0,0
Meningoencephalitis - primary amoebic,2021,Hawke's Bay,0,0
Cryptosporidiosis,2021,Hawke's Bay,15,8.4
Rickettsial disease,2021,Hawke's Bay,0,0
Brucellosis,2021,Hawke's Bay,0,0
Q fever,2021,Hawke's Bay,0,0
Poliomyelitis,2021,Hawke's Bay,0,0
Giardiasis,2021,Hawke's Bay,63,35.3
Invasive group A streptococcal infection,2021,Hawke's Bay,0,0
Meningococcal disease,2021,Hawke's Bay,3,suppressed
Measles,2021,Hawke's Bay,0,0
Arboviral diseases,2021,Hawke's Bay,2,suppressed
Rubella,2021,Hawke's Bay,0,0
Leprosy,2021,Hawke's Bay,0,0
Leptospirosis,2021,Hawke's Bay,5,2.8
Cholera,2021,Hawke's Bay,0,0
Listeriosis,2021,Hawke's Bay,2,suppressed
Campylobacteriosis,2021,Hawke's Bay,251,140.7
Cysticercosis,2021,Hawke's Bay,0,0
Rheumatic fever,2021,Hawke's Bay,6,3.4
Tetanus,2021,Hawke's Bay,0,0
Hepatitis B,2021,Hawke's Bay,1,suppressed
Hydatid disease,2021,Hawke's Bay,0,0
Tuberculosis disease,2021,Hawke's Bay,8,4.5
Trichinosis,2021,Hawke's Bay,0,0
Hepatitis NOS,2021,Hawke's Bay,0,0
Shigellosis,2021,Hawke's Bay,0,0
VTEC/STEC infection,2021,Hawke's Bay,40,22.4
Paratyphoid fever,2021,Hawke's Bay,0,0
Invasive pneumococcal disease,2021,Hawke's Bay,29,16.3
Acute gastroenteritis,2021,Hawke's Bay,2,suppressed
Typhoid fever,2021,Hawke's Bay,0,0
Rabies and other lyssaviruses,2021,Hawke's Bay,0,0
Hepatitis A,2021,Hawke's Bay,1,suppressed
Malaria,2021,Hawke's Bay,0,0
Mpox,2021,Lakes,0,0
Pertussis,2021,Lakes,1,suppressed
Invasive pneumococcal disease,2021,Lakes,12,10.3
Meningoencephalitis - primary amoebic,2021,Lakes,0,0
Cholera,2021,Lakes,0,0
Yersiniosis,2021,Lakes,38,32.5
Cysticercosis,2021,Lakes,0,0
VTEC/STEC infection,2021,Lakes,22,18.8
Cryptosporidiosis,2021,Lakes,15,12.8
Legionellosis,2021,Lakes,3,suppressed
Typhoid fever,2021,Lakes,0,0
Invasive group A streptococcal infection,2021,Lakes,0,0
Rheumatic fever,2021,Lakes,3,suppressed
Tetanus,2021,Lakes,0,0
Toxic shellfish poisoning,2021,Lakes,0,0
Trichinosis,2021,Lakes,0,0
Arboviral diseases,2021,Lakes,0,0
Tuberculosis disease,2021,Lakes,1,suppressed
Taeniasis,2021,Lakes,0,0
Leprosy,2021,Lakes,0,0
Brucellosis,2021,Lakes,0,0
Hepatitis C,2021,Lakes,1,suppressed
Leptospirosis,2021,Lakes,5,4.3
Shigellosis,2021,Lakes,0,0
Campylobacteriosis,2021,Lakes,123,105.1
Rickettsial disease,2021,Lakes,0,0
Hydatid disease,2021,Lakes,0,0
Poliomyelitis,2021,Lakes,0,0
Q fever,2021,Lakes,0,0
Haemophilus influenzae type b,2021,Lakes,0,0
Acute gastroenteritis,2021,Lakes,5,4.3
Meningococcal disease,2021,Lakes,2,suppressed
Salmonellosis,2021,Lakes,13,11.1
Rubella,2021,Lakes,0,0
Rabies and other lyssaviruses,2021,Lakes,0,0
Mumps,2021,Lakes,0,0
Giardiasis,2021,Lakes,35,29.9
Diphtheria,2021,Lakes,0,0
Measles,2021,Lakes,0,0
Hepatitis A,2021,Lakes,0,0
Hepatitis B,2021,Lakes,0,0
Hepatitis NOS,2021,Lakes,0,0
Malaria,2021,Lakes,0,0
Listeriosis,2021,Lakes,1,suppressed
Paratyphoid fever,2021,Lakes,0,0
Yersiniosis,2021,MidCentral,33,17.6
Diphtheria,2021,MidCentral,0,0
Measles,2021,MidCentral,0,0
Tuberculosis disease,2021,MidCentral,10,5.3
Taeniasis,2021,MidCentral,0,0
Cryptosporidiosis,2021,MidCentral,42,22.4
Hepatitis A,2021,MidCentral,3,suppressed
Trichinosis,2021,MidCentral,0,0
Q fever,2021,MidCentral,0,0
Salmonellosis,2021,MidCentral,20,10.7
Cysticercosis,2021,MidCentral,0,0
Haemophilus influenzae type b,2021,MidCentral,0,0
Hydatid disease,2021,MidCentral,0,0
Hepatitis NOS,2021,MidCentral,0,0
Paratyphoid fever,2021,MidCentral,0,0
Meningoencephalitis - primary amoebic,2021,MidCentral,0,0
Mpox,2021,MidCentral,0,0
Pertussis,2021,MidCentral,2,suppressed
Cholera,2021,MidCentral,0,0
Acute gastroenteritis,2021,MidCentral,2,suppressed
Rickettsial disease,2021,MidCentral,0,0
Rheumatic fever,2021,MidCentral,2,suppressed
Invasive group A streptococcal infection,2021,MidCentral,0,0
Rabies and other lyssaviruses,2021,MidCentral,0,0
Toxic shellfish poisoning,2021,MidCentral,0,0
Meningococcal disease,2021,MidCentral,0,0
Hepatitis B,2021,MidCentral,0,0
Legionellosis,2021,MidCentral,1,suppressed
Rubella,2021,MidCentral,0,0
Invasive pneumococcal disease,2021,MidCentral,15,8
Tetanus,2021,MidCentral,0,0
Shigellosis,2021,MidCentral,0,0
Typhoid fever,2021,MidCentral,0,0
Leprosy,2021,MidCentral,0,0
Listeriosis,2021,MidCentral,1,suppressed
Brucellosis,2021,MidCentral,0,0
Arboviral diseases,2021,MidCentral,0,0
Giardiasis,2021,MidCentral,49,26.1
Malaria,2021,MidCentral,0,0
VTEC/STEC infection,2021,MidCentral,37,19.7
Campylobacteriosis,2021,MidCentral,250,133.3
Mumps,2021,MidCentral,0,0
Leptospirosis,2021,MidCentral,1,suppressed
Poliomyelitis,2021,MidCentral,0,0
Hepatitis C,2021,MidCentral,0,0
Toxic shellfish poisoning,2021,Nelson Marlborough,0,0
Hydatid disease,2021,Nelson Marlborough,0,0
Meningoencephalitis - primary amoebic,2021,Nelson Marlborough,0,0
Arboviral diseases,2021,Nelson Marlborough,0,0
Pertussis,2021,Nelson Marlborough,3,suppressed
Paratyphoid fever,2021,Nelson Marlborough,0,0
Invasive pneumococcal disease,2021,Nelson Marlborough,12,7.4
Giardiasis,2021,Nelson Marlborough,35,21.5
Leprosy,2021,Nelson Marlborough,0,0
Rheumatic fever,2021,Nelson Marlborough,0,0
Diphtheria,2021,Nelson Marlborough,0,0
Shigellosis,2021,Nelson Marlborough,0,0
Rickettsial disease,2021,Nelson Marlborough,0,0
Rabies and other lyssaviruses,2021,Nelson Marlborough,0,0
Tuberculosis disease,2021,Nelson Marlborough,1,suppressed
Poliomyelitis,2021,Nelson Marlborough,0,0
Trichinosis,2021,Nelson Marlborough,0,0
Brucellosis,2021,Nelson Marlborough,0,0
VTEC/STEC infection,2021,Nelson Marlborough,43,26.4
Mpox,2021,Nelson Marlborough,0,0
Tetanus,2021,Nelson Marlborough,0,0
Cholera,2021,Nelson Marlborough,0,0
Yersiniosis,2021,Nelson Marlborough,50,30.7
Invasive group A streptococcal infection,2021,Nelson Marlborough,0,0
Cysticercosis,2021,Nelson Marlborough,0,0
Q fever,2021,Nelson Marlborough,0,0
Malaria,2021,Nelson Marlborough,0,0
Meningococcal disease,2021,Nelson Marlborough,2,suppressed
Hepatitis B,2021,Nelson Marlborough,0,0
Mumps,2021,Nelson Marlborough,0,0
Rubella,2021,Nelson Marlborough,0,0
Salmonellosis,2021,Nelson Marlborough,22,13.5
Hepatitis NOS,2021,Nelson Marlborough,0,0
Listeriosis,2021,Nelson Marlborough,3,suppressed
Cryptosporidiosis,2021,Nelson Marlborough,10,6.1
Typhoid fever,2021,Nelson Marlborough,0,0
Acute gastroenteritis,2021,Nelson Marlborough,14,8.6
Hepatitis C,2021,Nelson Marlborough,5,3.1
Legionellosis,2021,Nelson Marlborough,4,suppressed
Measles,2021,Nelson Marlborough,0,0
Hepatitis A,2021,Nelson Marlborough,0,0
Taeniasis,2021,Nelson Marlborough,0,0
Campylobacteriosis,2021,Nelson Marlborough,188,115.4
Leptospirosis,2021,Nelson Marlborough,1,suppressed
Haemophilus influenzae type b,2021,Nelson Marlborough,0,0
Cysticercosis,2021,Northland,0,0
Mpox,2021,Northland,0,0
Cholera,2021,Northland,0,0
Hepatitis NOS,2021,Northland,0,0
Yersiniosis,2021,Northland,26,13.3
Rheumatic fever,2021,Northland,9,4.6
Campylobacteriosis,2021,Northland,281,143.7
Acute gastroenteritis,2021,Northland,22,11.2
Giardiasis,2021,Northland,63,32.2
Leptospirosis,2021,Northland,11,5.6
Diphtheria,2021,Northland,0,0
Invasive pneumococcal disease,2021,Northland,44,22.5
Rickettsial disease,2021,Northland,0,0
Poliomyelitis,2021,Northland,0,0
Salmonellosis,2021,Northland,33,16.9
Rubella,2021,Northland,0,0
Measles,2021,Northland,0,0
Cryptosporidiosis,2021,Northland,32,16.4
Tetanus,2021,Northland,0,0
Meningoencephalitis - primary amoebic,2021,Northland,0,0
Typhoid fever,2021,Northland,0,0
Invasive group A streptococcal infection,2021,Northland,0,0
Malaria,2021,Northland,0,0
Legionellosis,2021,Northland,2,suppressed
Trichinosis,2021,Northland,0,0
VTEC/STEC infection,2021,Northland,56,28.6
Pertussis,2021,Northland,1,suppressed
Brucellosis,2021,Northland,0,0
Arboviral diseases,2021,Northland,0,0
Hepatitis A,2021,Northland,0,0
Rabies and other lyssaviruses,2021,Northland,0,0
Paratyphoid fever,2021,Northland,0,0
Mumps,2021,Northland,0,0
Q fever,2021,Northland,0,0
Toxic shellfish poisoning,2021,Northland,0,0
Shigellosis,2021,Northland,0,0
Hydatid disease,2021,Northland,0,0
Haemophilus influenzae type b,2021,Northland,0,0
Listeriosis,2021,Northland,1,suppressed
Hepatitis B,2021,Northland,1,suppressed
Leprosy,2021,Northland,0,0
Hepatitis C,2021,Northland,1,suppressed
Taeniasis,2021,Northland,0,0
Meningococcal disease,2021,Northland,2,suppressed
Tuberculosis disease,2021,Northland,3,suppressed
Rheumatic fever,2021,South Canterbury,0,0
Cysticercosis,2021,South Canterbury,0,0
Invasive group A streptococcal infection,2021,South Canterbury,0,0
Toxic shellfish poisoning,2021,South Canterbury,0,0
Giardiasis,2021,South Canterbury,19,30.8
Listeriosis,2021,South Canterbury,0,0
Hepatitis NOS,2021,South Canterbury,0,0
Invasive pneumococcal disease,2021,South Canterbury,3,suppressed
Mpox,2021,South Canterbury,0,0
Meningoencephalitis - primary amoebic,2021,South Canterbury,0,0
Yersiniosis,2021,South Canterbury,17,27.6
Cholera,2021,South Canterbury,0,0
Tuberculosis disease,2021,South Canterbury,4,suppressed
Rickettsial disease,2021,South Canterbury,0,0
Malaria,2021,South Canterbury,0,0
Hepatitis C,2021,South Canterbury,1,suppressed
VTEC/STEC infection,2021,South Canterbury,27,43.8
Diphtheria,2021,South Canterbury,0,0
Rubella,2021,South Canterbury,0,0
Cryptosporidiosis,2021,South Canterbury,24,38.9
Typhoid fever,2021,South Canterbury,0,0
Pertussis,2021,South Canterbury,0,0
Acute gastroenteritis,2021,South Canterbury,3,suppressed
Trichinosis,2021,South Canterbury,0,0
Poliomyelitis,2021,South Canterbury,0,0
Rabies and other lyssaviruses,2021,South Canterbury,0,0
Salmonellosis,2021,South Canterbury,15,24.3
Arboviral diseases,2021,South Canterbury,0,0
Measles,2021,South Canterbury,0,0
Mumps,2021,South Canterbury,0,0
Leptospirosis,2021,South Canterbury,2,suppressed
Tetanus,2021,South Canterbury,0,0
Campylobacteriosis,2021,South Canterbury,153,248.3
Haemophilus influenzae type b,2021,South Canterbury,0,0
Taeniasis,2021,South Canterbury,0,0
Hepatitis B,2021,South Canterbury,0,0
Q fever,2021,South Canterbury,0,0
Brucellosis,2021,South Canterbury,0,0
Legionellosis,2021,South Canterbury,0,0
Hepatitis A,2021,South Canterbury,0,0
Hydatid disease,2021,South Canterbury,0,0
Leprosy,2021,South Canterbury,0,0
Shigellosis,2021,South Canterbury,0,0
Meningococcal disease,2021,South Canterbury,1,suppressed
Paratyphoid fever,2021,South Canterbury,0,0
Poliomyelitis,2021,Southern,0,0
Leprosy,2021,Southern,1,suppressed
Toxic shellfish poisoning,2021,Southern,0,0
Cryptosporidiosis,2021,Southern,98,28.3
Rheumatic fever,2021,Southern,0,0
Invasive group A streptococcal infection,2021,Southern,0,0
Diphtheria,2021,Southern,0,0
Q fever,2021,Southern,0,0
Giardiasis,2021,Southern,53,15.3
Malaria,2021,Southern,2,suppressed
Pertussis,2021,Southern,3,suppressed
Invasive pneumococcal disease,2021,Southern,28,8.1
Salmonellosis,2021,Southern,103,29.7
VTEC/STEC infection,2021,Southern,146,42.1
Yersiniosis,2021,Southern,84,24.2
Cysticercosis,2021,Southern,0,0
Tetanus,2021,Southern,0,0
Haemophilus influenzae type b,2021,Southern,0,0
Trichinosis,2021,Southern,0,0
Rabies and other lyssaviruses,2021,Southern,0,0
Listeriosis,2021,Southern,1,suppressed
Leptospirosis,2021,Southern,4,suppressed
Hepatitis NOS,2021,Southern,0,0
Meningoencephalitis - primary amoebic,2021,Southern,0,0
Mumps,2021,Southern,0,0
Typhoid fever,2021,Southern,0,0
Mpox,2021,Southern,0,0
Acute gastroenteritis,2021,Southern,24,6.9
Rickettsial disease,2021,Southern,0,0
Hydatid disease,2021,Southern,0,0
Taeniasis,2021,Southern,0,0
Rubella,2021,Southern,0,0
Hepatitis C,2021,Southern,14,4
Measles,2021,Southern,0,0
Meningococcal disease,2021,Southern,6,1.7
Shigellosis,2021,Southern,0,0
Brucellosis,2021,Southern,0,0
Cholera,2021,Southern,0,0
Legionellosis,2021,Southern,20,5.8
Tuberculosis disease,2021,Southern,14,4
Hepatitis B,2021,Southern,1,suppressed
Arboviral diseases,2021,Southern,2,suppressed
Campylobacteriosis,2021,Southern,499,143.9
Paratyphoid fever,2021,Southern,0,0
Hepatitis A,2021,Southern,0,0
Mpox,2021,Tairawhiti,0,0
Cysticercosis,2021,Tairawhiti,0,0
Rickettsial disease,2021,Tairawhiti,0,0
Invasive pneumococcal disease,2021,Tairawhiti,15,29
Pertussis,2021,Tairawhiti,1,suppressed
Leprosy,2021,Tairawhiti,0,0
Legionellosis,2021,Tairawhiti,4,suppressed
Invasive group A streptococcal infection,2021,Tairawhiti,0,0
Meningoencephalitis - primary amoebic,2021,Tairawhiti,0,0
Tetanus,2021,Tairawhiti,0,0
Yersiniosis,2021,Tairawhiti,23,44.5
Toxic shellfish poisoning,2021,Tairawhiti,0,0
Rheumatic fever,2021,Tairawhiti,5,9.7
Poliomyelitis,2021,Tairawhiti,0,0
Salmonellosis,2021,Tairawhiti,6,11.6
Rubella,2021,Tairawhiti,0,0
VTEC/STEC infection,2021,Tairawhiti,11,21.3
Leptospirosis,2021,Tairawhiti,1,suppressed
Shigellosis,2021,Tairawhiti,0,0
Brucellosis,2021,Tairawhiti,0,0
Cholera,2021,Tairawhiti,0,0
Acute gastroenteritis,2021,Tairawhiti,0,0
Giardiasis,2021,Tairawhiti,27,52.2
Trichinosis,2021,Tairawhiti,0,0
Listeriosis,2021,Tairawhiti,1,suppressed
Hydatid disease,2021,Tairawhiti,0,0
Tuberculosis disease,2021,Tairawhiti,3,suppressed
Hepatitis A,2021,Tairawhiti,0,0
Measles,2021,Tairawhiti,0,0
Hepatitis C,2021,Tairawhiti,0,0
Hepatitis NOS,2021,Tairawhiti,0,0
Mumps,2021,Tairawhiti,0,0
Q fever,2021,Tairawhiti,0,0
Cryptosporidiosis,2021,Tairawhiti,7,13.5
Typhoid fever,2021,Tairawhiti,0,0
Haemophilus influenzae type b,2021,Tairawhiti,0,0
Hepatitis B,2021,Tairawhiti,0,0
Diphtheria,2021,Tairawhiti,0,0
Arboviral diseases,2021,Tairawhiti,0,0
Meningococcal disease,2021,Tairawhiti,0,0
Paratyphoid fever,2021,Tairawhiti,0,0
Taeniasis,2021,Tairawhiti,0,0
Campylobacteriosis,2021,Tairawhiti,69,133.5
Rabies and other lyssaviruses,2021,Tairawhiti,0,0
Malaria,2021,Tairawhiti,0,0
Cysticercosis,2021,Taranaki,0,0
Meningoencephalitis - primary amoebic,2021,Taranaki,0,0
Legionellosis,2021,Taranaki,4,suppressed
Rubella,2021,Taranaki,0,0
Shigellosis,2021,Taranaki,0,0
Toxic shellfish poisoning,2021,Taranaki,0,0
Yersiniosis,2021,Taranaki,61,48.1
Cryptosporidiosis,2021,Taranaki,63,49.7
Rickettsial disease,2021,Taranaki,0,0
Giardiasis,2021,Taranaki,40,31.6
Trichinosis,2021,Taranaki,0,0
Hepatitis C,2021,Taranaki,1,suppressed
Haemophilus influenzae type b,2021,Taranaki,0,0
Leprosy,2021,Taranaki,0,0
Invasive pneumococcal disease,2021,Taranaki,13,10.3
Mpox,2021,Taranaki,0,0
Arboviral diseases,2021,Taranaki,0,0
Acute gastroenteritis,2021,Taranaki,0,0
Rheumatic fever,2021,Taranaki,0,0
Q fever,2021,Taranaki,0,0
Cholera,2021,Taranaki,0,0
Rabies and other lyssaviruses,2021,Taranaki,0,0
Hydatid disease,2021,Taranaki,0,0
Salmonellosis,2021,Taranaki,20,15.8
Measles,2021,Taranaki,0,0
Taeniasis,2021,Taranaki,0,0
Hepatitis NOS,2021,Taranaki,0,0
Brucellosis,2021,Taranaki,0,0
Pertussis,2021,Taranaki,0,0
Tetanus,2021,Taranaki,0,0
Typhoid fever,2021,Taranaki,0,0
Campylobacteriosis,2021,Taranaki,253,199.6
Diphtheria,2021,Taranaki,0,0
Poliomyelitis,2021,Taranaki,0,0
Listeriosis,2021,Taranaki,2,suppressed
Hepatitis B,2021,Taranaki,0,0
Malaria,2021,Taranaki,0,0
Tuberculosis disease,2021,Taranaki,6,4.7
Meningococcal disease,2021,Taranaki,0,0
Hepatitis A,2021,Taranaki,0,0
VTEC/STEC infection,2021,Taranaki,57,45
Leptospirosis,2021,Taranaki,4,suppressed
Paratyphoid fever,2021,Taranaki,0,0
Invasive group A streptococcal infection,2021,Taranaki,0,0
Mumps,2021,Taranaki,0,0
Rickettsial disease,2021,Waikato,1,suppressed
Pertussis,2021,Waikato,4,suppressed
Paratyphoid fever,2021,Waikato,0,0
Tetanus,2021,Waikato,0,0
Cholera,2021,Waikato,0,0
Yersiniosis,2021,Waikato,115,26
Rabies and other lyssaviruses,2021,Waikato,0,0
Cysticercosis,2021,Waikato,0,0
Mpox,2021,Waikato,0,0
Campylobacteriosis,2021,Waikato,572,129.6
Arboviral diseases,2021,Waikato,1,suppressed
Leprosy,2021,Waikato,0,0
Acute gastroenteritis,2021,Waikato,19,4.3
Brucellosis,2021,Waikato,0,0
Typhoid fever,2021,Waikato,0,0
Q fever,2021,Waikato,0,0
Cryptosporidiosis,2021,Waikato,116,26.3
Leptospirosis,2021,Waikato,16,3.6
Shigellosis,2021,Waikato,0,0
Toxic shellfish poisoning,2021,Waikato,0,0
Listeriosis,2021,Waikato,3,suppressed
Taeniasis,2021,Waikato,0,0
Measles,2021,Waikato,0,0
Meningoencephalitis - primary amoebic,2021,Waikato,0,0
Mumps,2021,Waikato,0,0
Invasive pneumococcal disease,2021,Waikato,46,10.4
Rheumatic fever,2021,Waikato,11,2.5
Salmonellosis,2021,Waikato,72,16.3
Diphtheria,2021,Waikato,0,0
Invasive group A streptococcal infection,2021,Waikato,0,0
Hepatitis B,2021,Waikato,2,suppressed
Tuberculosis disease,2021,Waikato,25,5.7
Malaria,2021,Waikato,0,0
Haemophilus influenzae type b,2021,Waikato,1,suppressed
VTEC/STEC infection,2021,Waikato,95,21.5
Hepatitis A,2021,Waikato,1,suppressed
Legionellosis,2021,Waikato,13,2.9
Rubella,2021,Waikato,0,0
Trichinosis,2021,Waikato,0,0
Hepatitis C,2021,Waikato,1,suppressed
Hydatid disease,2021,Waikato,0,0
Poliomyelitis,2021,Waikato,0,0
Giardiasis,2021,Waikato,132,29.9
Meningococcal disease,2021,Waikato,3,suppressed
Hepatitis NOS,2021,Waikato,4,suppressed
Arboviral diseases,2021,Wairarapa,0,0
Acute gastroenteritis,2021,Wairarapa,4,suppressed
Q fever,2021,Wairarapa,0,0
Diphtheria,2021,Wairarapa,0,0
Yersiniosis,2021,Wairarapa,23,46.2
Rabies and other lyssaviruses,2021,Wairarapa,0,0
Hydatid disease,2021,Wairarapa,0,0
Tetanus,2021,Wairarapa,0,0
Listeriosis,2021,Wairarapa,0,0
Tuberculosis disease,2021,Wairarapa,1,suppressed
Taeniasis,2021,Wairarapa,0,0
Hepatitis A,2021,Wairarapa,0,0
Malaria,2021,Wairarapa,0,0
Pertussis,2021,Wairarapa,0,0
Cholera,2021,Wairarapa,0,0
Meningoencephalitis - primary amoebic,2021,Wairarapa,0,0
VTEC/STEC infection,2021,Wairarapa,17,34.2
Shigellosis,2021,Wairarapa,0,0
Cysticercosis,2021,Wairarapa,0,0
Toxic shellfish poisoning,2021,Wairarapa,0,0
Poliomyelitis,2021,Wairarapa,0,0
Haemophilus influenzae type b,2021,Wairarapa,0,0
Paratyphoid fever,2021,Wairarapa,0,0
Meningococcal disease,2021,Wairarapa,0,0
Salmonellosis,2021,Wairarapa,7,14.1
Legionellosis,2021,Wairarapa,0,0
Leptospirosis,2021,Wairarapa,2,suppressed
Cryptosporidiosis,2021,Wairarapa,7,14.1
Mpox,2021,Wairarapa,0,0
Hepatitis NOS,2021,Wairarapa,0,0
Trichinosis,2021,Wairarapa,0,0
Invasive group A streptococcal infection,2021,Wairarapa,0,0
Rheumatic fever,2021,Wairarapa,0,0
Campylobacteriosis,2021,Wairarapa,110,221.1
Measles,2021,Wairarapa,0,0
Giardiasis,2021,Wairarapa,11,22.1
Hepatitis B,2021,Wairarapa,0,0
Rickettsial disease,2021,Wairarapa,0,0
Invasive pneumococcal disease,2021,Wairarapa,7,14.1
Brucellosis,2021,Wairarapa,0,0
Typhoid fever,2021,Wairarapa,0,0
Mumps,2021,Wairarapa,0,0
Rubella,2021,Wairarapa,0,0
Hepatitis C,2021,Wairarapa,0,0
Leprosy,2021,Wairarapa,0,0
Paratyphoid fever,2021,Waitemata,0,0
Arboviral diseases,2021,Waitemata,0,0
Mumps,2021,Waitemata,0,0
Pertussis,2021,Waitemata,6,0.9
VTEC/STEC infection,2021,Waitemata,77,12
Q fever,2021,Waitemata,0,0
Mpox,2021,Waitemata,0,0
Measles,2021,Waitemata,0,0
Leprosy,2021,Waitemata,0,0
Rubella,2021,Waitemata,0,0
Acute gastroenteritis,2021,Waitemata,9,1.4
Hepatitis B,2021,Waitemata,0,0
Tetanus,2021,Waitemata,0,0
Salmonellosis,2021,Waitemata,56,8.7
Legionellosis,2021,Waitemata,18,2.8
Hepatitis A,2021,Waitemata,0,0
Cysticercosis,2021,Waitemata,0,0
Hepatitis C,2021,Waitemata,0,0
Leptospirosis,2021,Waitemata,1,suppressed
Brucellosis,2021,Waitemata,0,0
Poliomyelitis,2021,Waitemata,0,0
Trichinosis,2021,Waitemata,0,0
Diphtheria,2021,Waitemata,0,0
Giardiasis,2021,Waitemata,100,15.6
Malaria,2021,Waitemata,1,suppressed
Rabies and other lyssaviruses,2021,Waitemata,0,0
Meningococcal disease,2021,Waitemata,4,suppressed
Hydatid disease,2021,Waitemata,0,0
Hepatitis NOS,2021,Waitemata,0,0
Cholera,2021,Waitemata,0,0
Invasive group A streptococcal infection,2021,Waitemata,0,0
Cryptosporidiosis,2021,Waitemata,54,8.4
Invasive pneumococcal disease,2021,Waitemata,56,8.7
Haemophilus influenzae type b,2021,Waitemata,0,0
Toxic shellfish poisoning,2021,Waitemata,0,0
Rickettsial disease,2021,Waitemata,0,0
Yersiniosis,2021,Waitemata,176,27.4
Campylobacteriosis,2021,Waitemata,684,106.6
Meningoencephalitis - primary amoebic,2021,Waitemata,0,0
Shigellosis,2021,Waitemata,1,suppressed
Rheumatic fever,2021,Waitemata,4,suppressed
Listeriosis,2021,Waitemata,2,suppressed
Taeniasis,2021,Waitemata,0,0
Tuberculosis disease,2021,Waitemata,37,5.8
Typhoid fever,2021,Waitemata,0,0
Yersiniosis,2021,West Coast,7,20.9
Pertussis,2021,West Coast,0,0
Mpox,2021,West Coast,0,0
Campylobacteriosis,2021,West Coast,69,205.9
Rheumatic fever,2021,West Coast,0,0
Cysticercosis,2021,West Coast,0,0
Tetanus,2021,West Coast,0,0
Haemophilus influenzae type b,2021,West Coast,2,suppressed
Toxic shellfish poisoning,2021,West Coast,0,0
Hepatitis B,2021,West Coast,0,0
Diphtheria,2021,West Coast,0,0
Meningoencephalitis - primary amoebic,2021,West Coast,0,0
Leptospirosis,2021,West Coast,0,0
Shigellosis,2021,West Coast,0,0
Typhoid fever,2021,West Coast,0,0
Rickettsial disease,2021,West Coast,0,0
Poliomyelitis,2021,West Coast,0,0
Rabies and other lyssaviruses,2021,West Coast,0,0
Invasive group A streptococcal infection,2021,West Coast,0,0
Hydatid disease,2021,West Coast,0,0
Salmonellosis,2021,West Coast,7,20.9
Legionellosis,2021,West Coast,4,suppressed
Paratyphoid fever,2021,West Coast,0,0
Cholera,2021,West Coast,0,0
Cryptosporidiosis,2021,West Coast,5,14.9
Hepatitis C,2021,West Coast,0,0
Giardiasis,2021,West Coast,5,14.9
Listeriosis,2021,West Coast,0,0
Acute gastroenteritis,2021,West Coast,1,suppressed
Taeniasis,2021,West Coast,0,0
Measles,2021,West Coast,0,0
Mumps,2021,West Coast,0,0
Arboviral diseases,2021,West Coast,0,0
Invasive pneumococcal disease,2021,West Coast,3,suppressed
Hepatitis A,2021,West Coast,0,0
Trichinosis,2021,West Coast,0,0
Leprosy,2021,West Coast,0,0
Malaria,2021,West Coast,0,0
VTEC/STEC infection,2021,West Coast,1,suppressed
Tuberculosis disease,2021,West Coast,2,suppressed
Hepatitis NOS,2021,West Coast,1,suppressed
Brucellosis,2021,West Coast,0,0
Rubella,2021,West Coast,0,0
Q fever,2021,West Coast,0,0
Meningococcal disease,2021,West Coast,1,suppressed
Legionellosis,2021,Whanganui,1,suppressed
Yersiniosis,2021,Whanganui,5,7.3
Mpox,2021,Whanganui,0,0
Poliomyelitis,2021,Whanganui,0,0
Arboviral diseases,2021,Whanganui,0,0
Pertussis,2021,Whanganui,6,8.7
Diphtheria,2021,Whanganui,0,0
Salmonellosis,2021,Whanganui,6,8.7
Cryptosporidiosis,2021,Whanganui,14,20.3
Taeniasis,2021,Whanganui,0,0
Meningococcal disease,2021,Whanganui,1,suppressed
Meningoencephalitis - primary amoebic,2021,Whanganui,0,0
Giardiasis,2021,Whanganui,6,8.7
Hepatitis C,2021,Whanganui,0,0
Acute gastroenteritis,2021,Whanganui,0,0
Rheumatic fever,2021,Whanganui,0,0
Measles,2021,Whanganui,0,0
Tuberculosis disease,2021,Whanganui,0,0
Hepatitis A,2021,Whanganui,0,0
Haemophilus influenzae type b,2021,Whanganui,0,0
Leptospirosis,2021,Whanganui,4,suppressed
Tetanus,2021,Whanganui,0,0
Invasive group A streptococcal infection,2021,Whanganui,0,0
Campylobacteriosis,2021,Whanganui,77,111.8
Trichinosis,2021,Whanganui,0,0
Listeriosis,2021,Whanganui,1,suppressed
Hepatitis NOS,2021,Whanganui,0,0
Malaria,2021,Whanganui,0,0
Paratyphoid fever,2021,Whanganui,0,0
Hydatid disease,2021,Whanganui,0,0
Invasive pneumococcal disease,2021,Whanganui,11,16
Cholera,2021,Whanganui,0,0
Rubella,2021,Whanganui,0,0
VTEC/STEC infection,2021,Whanganui,6,8.7
Rickettsial disease,2021,Whanganui,0,0
Q fever,2021,Whanganui,0,0
Brucellosis,2021,Whanganui,0,0
Cysticercosis,2021,Whanganui,0,0
Hepatitis B,2021,Whanganui,1,suppressed
Shigellosis,2021,Whanganui,0,0
Toxic shellfish poisoning,2021,Whanganui,0,0
Mumps,2021,Whanganui,0,0
Leprosy,2021,Whanganui,0,0
Typhoid fever,2021,Whanganui,0,0
Rabies and other lyssaviruses,2021,Whanganui,0,0
Yersiniosis,2022,Auckland,155,32.3
Typhoid fever,2022,Auckland,4,suppressed
Pertussis,2022,Auckland,0,0
Cysticercosis,2022,Auckland,0,0
Cholera,2022,Auckland,0,0
Diphtheria,2022,Auckland,0,0
Poliomyelitis,2022,Auckland,0,0
Giardiasis,2022,Auckland,81,16.9
Toxic shellfish poisoning,2022,Auckland,1,suppressed
Rickettsial disease,2022,Auckland,0,0
Invasive pneumococcal disease,2022,Auckland,51,10.6
Meningoencephalitis - primary amoebic,2022,Auckland,0,0
Mpox,2022,Auckland,26,5.4
Trichinosis,2022,Auckland,0,0
Shigellosis,2022,Auckland,16,3.3
Q fever,2022,Auckland,0,0
Rheumatic fever,2022,Auckland,7,1.5
Campylobacteriosis,2022,Auckland,509,105.9
Tetanus,2022,Auckland,0,0
Leprosy,2022,Auckland,0,0
Cryptosporidiosis,2022,Auckland,37,7.7
Listeriosis,2022,Auckland,5,1
Legionellosis,2022,Auckland,24,5
Rubella,2022,Auckland,0,0
Acute gastroenteritis,2022,Auckland,5,1
Haemophilus influenzae type b,2022,Auckland,0,0
Leptospirosis,2022,Auckland,0,0
Brucellosis,2022,Auckland,0,0
Salmonellosis,2022,Auckland,58,12.1
VTEC/STEC infection,2022,Auckland,61,12.7
Invasive group A streptococcal infection,2022,Auckland,0,0
Taeniasis,2022,Auckland,0,0
Measles,2022,Auckland,0,0
Hydatid disease,2022,Auckland,1,suppressed
Hepatitis A,2022,Auckland,8,1.7
Rabies and other lyssaviruses,2022,Auckland,0,0
Mumps,2022,Auckland,0,0
Hepatitis C,2022,Auckland,1,suppressed
Malaria,2022,Auckland,2,suppressed
Paratyphoid fever,2022,Auckland,2,suppressed
Arboviral diseases,2022,Auckland,5,1
Tuberculosis disease,2022,Auckland,56,11.7
Meningococcal disease,2022,Auckland,3,suppressed
Hepatitis B,2022,Auckland,0,0
Hepatitis NOS,2022,Auckland,1,suppressed
Rickettsial disease,2022,Bay of Plenty,0,0
Tetanus,2022,Bay of Plenty,0,0
Q fever,2022,Bay of Plenty,0,0
Diphtheria,2022,Bay of Plenty,0,0
Yersiniosis,2022,Bay of Plenty,82,30.5
Rheumatic fever,2022,Bay of Plenty,6,2.2
Cholera,2022,Bay of Plenty,0,0
Cysticercosis,2022,Bay of Plenty,0,0
Cryptosporidiosis,2022,Bay of Plenty,22,8.2
Legionellosis,2022,Bay of Plenty,19,7.1
Pertussis,2022,Bay of Plenty,1,suppressed
Rubella,2022,Bay of Plenty,0,0
Acute gastroenteritis,2022,Bay of Plenty,27,10
Leptospirosis,2022,Bay of Plenty,15,5.6
Hepatitis C,2022,Bay of Plenty,0,0
Campylobacteriosis,2022,Bay of Plenty,292,108.6
Mpox,2022,Bay of Plenty,4,suppressed
Typhoid fever,2022,Bay of Plenty,3,suppressed
Poliomyelitis,2022,Bay of Plenty,0,0
Hydatid disease,2022,Bay of Plenty,1,suppressed
Invasive group A streptococcal infection,2022,Bay of Plenty,0,0
Meningoencephalitis - primary amoebic,2022,Bay of Plenty,0,0
Tuberculosis disease,2022,Bay of Plenty,7,2.6
Measles,2022,Bay of Plenty,0,0
Salmonellosis,2022,Bay of Plenty,46,17.1
Brucellosis,2022,Bay of Plenty,0,0
Invasive pneumococcal disease,2022,Bay of Plenty,50,18.6
Taeniasis,2022,Bay of Plenty,0,0
Shigellosis,2022,Bay of Plenty,4,suppressed
Haemophilus influenzae type b,2022,Bay of Plenty,0,0
VTEC/STEC infection,2022,Bay of Plenty,55,20.5
Mumps,2022,Bay of Plenty,0,0
Giardiasis,2022,Bay of Plenty,53,19.7
Hepatitis NOS,2022,Bay of Plenty,0,0
Rabies and other lyssaviruses,2022,Bay of Plenty,0,0
Hepatitis B,2022,Bay of Plenty,0,0
Meningococcal disease,2022,Bay of Plenty,7,2.6
Trichinosis,2022,Bay of Plenty,0,0
Paratyphoid fever,2022,Bay of Plenty,1,suppressed
Leprosy,2022,Bay of Plenty,0,0
Malaria,2022,Bay of Plenty,1,suppressed
Hepatitis A,2022,Bay of Plenty,3,suppressed
Listeriosis,2022,Bay of Plenty,6,2.2
Toxic shellfish poisoning,2022,Bay of Plenty,0,0
Arboviral diseases,2022,Bay of Plenty,4,suppressed
Mpox,2022,Canterbury,4,suppressed
Tetanus,2022,Canterbury,0,0
Leptospirosis,2022,Canterbury,7,1.2
Pertussis,2022,Canterbury,1,suppressed
Yersiniosis,2022,Canterbury,124,20.8
Invasive pneumococcal disease,2022,Canterbury,45,7.6
VTEC/STEC infection,2022,Canterbury,82,13.8
Acute gastroenteritis,2022,Canterbury,88,14.8
Hepatitis B,2022,Canterbury,0,0
Campylobacteriosis,2022,Canterbury,637,107
Salmonellosis,2022,Canterbury,120,20.2
Meningoencephalitis - primary amoebic,2022,Canterbury,0,0
Brucellosis,2022,Canterbury,0,0
Cryptosporidiosis,2022,Canterbury,49,8.2
Cholera,2022,Canterbury,0,0
Legionellosis,2022,Canterbury,46,7.7
Invasive group A streptococcal infection,2022,Canterbury,0,0
Trichinosis,2022,Canterbury,0,0
Cysticercosis,2022,Canterbury,0,0
Diphtheria,2022,Canterbury,1,suppressed
Arboviral diseases,2022,Canterbury,5,0.8
Hepatitis NOS,2022,Canterbury,0,0
Paratyphoid fever,2022,Canterbury,3,suppressed
Hepatitis A,2022,Canterbury,9,1.5
Shigellosis,2022,Canterbury,5,0.8
Leprosy,2022,Canterbury,1,suppressed
Measles,2022,Canterbury,0,0
Mumps,2022,Canterbury,0,0
Giardiasis,2022,Canterbury,40,6.7
Q fever,2022,Canterbury,0,0
Poliomyelitis,2022,Canterbury,0,0
Rabies and other lyssaviruses,2022,Canterbury,0,0
Rheumatic fever,2022,Canterbury,0,0
Taeniasis,2022,Canterbury,0,0
Malaria,2022,Canterbury,2,suppressed
Hepatitis C,2022,Canterbury,3,suppressed
Rubella,2022,Canterbury,0,0
Typhoid fever,2022,Canterbury,1,suppressed
Tuberculosis disease,2022,Canterbury,22,3.7
Haemophilus influenzae type b,2022,Canterbury,0,0
Listeriosis,2022,Canterbury,4,suppressed
Rickettsial disease,2022,Canterbury,0,0
Hydatid disease,2022,Canterbury,0,0
Toxic shellfish poisoning,2022,Canterbury,0,0
Meningococcal disease,2022,Canterbury,5,0.8
Tetanus,2022,"Capital, Coast and Hutt Valley",0,0
Cysticercosis,2022,"Capital, Coast and Hutt Valley",0,0
Invasive group A streptococcal infection,2022,"Capital, Coast and Hutt Valley",0,0
Mpox,2022,"Capital, Coast and Hutt Valley",4,suppressed
Yersiniosis,2022,"Capital, Coast and Hutt Valley",187,39.6
Pertussis,2022,"Capital, Coast and Hutt Valley",1,suppressed
Rickettsial disease,2022,"Capital, Coast and Hutt Valley",0,0
Invasive pneumococcal disease,2022,"Capital, Coast and Hutt Valley",53,11.2
Rubella,2022,"Capital, Coast and Hutt Valley",0,0
Cryptosporidiosis,2022,"Capital, Coast and Hutt Valley",38,8
Shigellosis,2022,"Capital, Coast and Hutt Valley",1,suppressed
Acute gastroenteritis,2022,"Capital, Coast and Hutt Valley",42,8.9
Brucellosis,2022,"Capital, Coast and Hutt Valley",0,0
Diphtheria,2022,"Capital, Coast and Hutt Valley",0,0
Campylobacteriosis,2022,"Capital, Coast and Hutt Valley",444,94
Cholera,2022,"Capital, Coast and Hutt Valley",1,suppressed
Haemophilus influenzae type b,2022,"Capital, Coast and Hutt Valley",0,0
Hydatid disease,2022,"Capital, Coast and Hutt Valley",0,0
Legionellosis,2022,"Capital, Coast and Hutt Valley",10,2.1
Meningoencephalitis - primary amoebic,2022,"Capital, Coast and Hutt Valley",0,0
Leprosy,2022,"Capital, Coast and Hutt Valley",0,0
Mumps,2022,"Capital, Coast and Hutt Valley",0,0
VTEC/STEC infection,2022,"Capital, Coast and Hutt Valley",71,15
Trichinosis,2022,"Capital, Coast and Hutt Valley",0,0
Giardiasis,2022,"Capital, Coast and Hutt Valley",62,13.1
Toxic shellfish poisoning,2022,"Capital, Coast and Hutt Valley",0,0
Malaria,2022,"Capital, Coast and Hutt Valley",1,suppressed
Meningococcal disease,2022,"Capital, Coast and Hutt Valley",5,1.1
Salmonellosis,2022,"Capital, Coast and Hutt Valley",55,11.6
Arboviral diseases,2022,"Capital, Coast and Hutt Valley",1,suppressed
Hepatitis C,2022,"Capital, Coast and Hutt Valley",5,1.1
Tuberculosis disease,2022,"Capital, Coast and Hutt Valley",36,7.6
Leptospirosis,2022,"Capital, Coast and Hutt Valley",0,0
Rheumatic fever,2022,"Capital, Coast and Hutt Valley",5,1.1
Rabies and other lyssaviruses,2022,"Capital, Coast and Hutt Valley",0,0
Poliomyelitis,2022,"Capital, Coast and Hutt Valley",0,0
Q fever,2022,"Capital, Coast and Hutt Valley",0,0
Taeniasis,2022,"Capital, Coast and Hutt Valley",0,0
Measles,2022,"Capital, Coast and Hutt Valley",0,0
Hepatitis B,2022,"Capital, Coast and Hutt Valley",0,0
Typhoid fever,2022,"Capital, Coast and Hutt Valley",0,0
Listeriosis,2022,"Capital, Coast and Hutt Valley",4,suppressed
Hepatitis NOS,2022,"Capital, Coast and Hutt Valley",0,0
Hepatitis A,2022,"Capital, Coast and Hutt Valley",4,suppressed
Paratyphoid fever,2022,"Capital, Coast and Hutt Valley",2,suppressed
Rubella,2022,Counties Manukau,0,0
Rickettsial disease,2022,Counties Manukau,0,0
Salmonellosis,2022,Counties Manukau,70,11.7
Legionellosis,2022,Counties Manukau,41,6.9
Mumps,2022,Counties Manukau,0,0
Cholera,2022,Counties Manukau,0,0
Yersiniosis,2022,Counties Manukau,98,16.4
Cysticercosis,2022,Counties Manukau,0,0
Invasive group A streptococcal infection,2022,Counties Manukau,0,0
Rheumatic fever,2022,Counties Manukau,25,4.2
Tuberculosis disease,2022,Counties Manukau,46,7.7
Giardiasis,2022,Counties Manukau,58,9.7
Arboviral diseases,2022,Counties Manukau,5,0.8
Tetanus,2022,Counties Manukau,0,0
Invasive pneumococcal disease,2022,Counties Manukau,88,14.7
Taeniasis,2022,Counties Manukau,2,suppressed
Pertussis,2022,Counties Manukau,0,0
Toxic shellfish poisoning,2022,Counties Manukau,0,0
Acute gastroenteritis,2022,Counties Manukau,7,1.2
Meningoencephalitis - primary amoebic,2022,Counties Manukau,0,0
Diphtheria,2022,Counties Manukau,0,0
Measles,2022,Counties Manukau,0,0
Hydatid disease,2022,Counties Manukau,0,0
Hepatitis A,2022,Counties Manukau,8,1.3
Hepatitis C,2022,Counties Manukau,1,suppressed
Campylobacteriosis,2022,Counties Manukau,513,85.8
Leptospirosis,2022,Counties Manukau,5,0.8
Leprosy,2022,Counties Manukau,0,0
Mpox,2022,Counties Manukau,0,0
Q fever,2022,Counties Manukau,0,0
Trichinosis,2022,Counties Manukau,0,0
Shigellosis,2022,Counties Manukau,9,1.5
Hepatitis B,2022,Counties Manukau,2,suppressed
Malaria,2022,Counties Manukau,2,suppressed
Meningococcal disease,2022,Counties Manukau,5,0.8
Haemophilus influenzae type b,2022,Counties Manukau,0,0
Listeriosis,2022,Counties Manukau,4,suppressed
Typhoid fever,2022,Counties Manukau,9,1.5
Cryptosporidiosis,2022,Counties Manukau,41,6.9
Brucellosis,2022,Counties Manukau,0,0
Hepatitis NOS,2022,Counties Manukau,0,0
Paratyphoid fever,2022,Counties Manukau,4,suppressed
Poliomyelitis,2022,Counties Manukau,0,0
VTEC/STEC infection,2022,Counties Manukau,58,9.7
Rabies and other lyssaviruses,2022,Counties Manukau,0,0
Q fever,2022,Hawke's Bay,0,0
Yersiniosis,2022,Hawke's Bay,42,23.6
Invasive pneumococcal disease,2022,Hawke's Bay,42,23.6
Toxic shellfish poisoning,2022,Hawke's Bay,0,0
Trichinosis,2022,Hawke's Bay,0,0
Rickettsial disease,2022,Hawke's Bay,0,0
Leprosy,2022,Hawke's Bay,1,suppressed
Mpox,2022,Hawke's Bay,0,0
Cryptosporidiosis,2022,Hawke's Bay,17,9.6
Cholera,2022,Hawke's Bay,0,0
Haemophilus influenzae type b,2022,Hawke's Bay,0,0
Rheumatic fever,2022,Hawke's Bay,3,suppressed
Shigellosis,2022,Hawke's Bay,3,suppressed
Pertussis,2022,Hawke's Bay,0,0
Leptospirosis,2022,Hawke's Bay,15,8.4
Campylobacteriosis,2022,Hawke's Bay,239,134.6
Poliomyelitis,2022,Hawke's Bay,0,0
Listeriosis,2022,Hawke's Bay,1,suppressed
Meningoencephalitis - primary amoebic,2022,Hawke's Bay,0,0
Cysticercosis,2022,Hawke's Bay,0,0
Hepatitis A,2022,Hawke's Bay,5,2.8
Rubella,2022,Hawke's Bay,0,0
Mumps,2022,Hawke's Bay,0,0
Legionellosis,2022,Hawke's Bay,1,suppressed
Salmonellosis,2022,Hawke's Bay,20,11.3
VTEC/STEC infection,2022,Hawke's Bay,35,19.7
Tetanus,2022,Hawke's Bay,0,0
Acute gastroenteritis,2022,Hawke's Bay,2,suppressed
Hepatitis NOS,2022,Hawke's Bay,0,0
Diphtheria,2022,Hawke's Bay,0,0
Invasive group A streptococcal infection,2022,Hawke's Bay,0,0
Measles,2022,Hawke's Bay,0,0
Brucellosis,2022,Hawke's Bay,0,0
Arboviral diseases,2022,Hawke's Bay,0,0
Taeniasis,2022,Hawke's Bay,1,suppressed
Hepatitis C,2022,Hawke's Bay,1,suppressed
Hydatid disease,2022,Hawke's Bay,0,0
Rabies and other lyssaviruses,2022,Hawke's Bay,0,0
Paratyphoid fever,2022,Hawke's Bay,0,0
Hepatitis B,2022,Hawke's Bay,2,suppressed
Typhoid fever,2022,Hawke's Bay,1,suppressed
Giardiasis,2022,Hawke's Bay,47,26.5
Meningococcal disease,2022,Hawke's Bay,0,0
Tuberculosis disease,2022,Hawke's Bay,6,3.4
Malaria,2022,Hawke's Bay,0,0
Measles,2022,Lakes,0,0
Legionellosis,2022,Lakes,3,suppressed
Tetanus,2022,Lakes,0,0
Meningoencephalitis - primary amoebic,2022,Lakes,0,0
Cryptosporidiosis,2022,Lakes,15,12.9
Hepatitis A,2022,Lakes,0,0
Rickettsial disease,2022,Lakes,0,0
Hydatid disease,2022,Lakes,0,0
Taeniasis,2022,Lakes,0,0
Salmonellosis,2022,Lakes,17,14.6
Hepatitis C,2022,Lakes,0,0
Mpox,2022,Lakes,0,0
Invasive pneumococcal disease,2022,Lakes,23,19.7
Yersiniosis,2022,Lakes,40,34.3
Pertussis,2022,Lakes,0,0
Invasive group A streptococcal infection,2022,Lakes,0,0
Poliomyelitis,2022,Lakes,0,0
Meningococcal disease,2022,Lakes,4,suppressed
Diphtheria,2022,Lakes,0,0
Hepatitis B,2022,Lakes,0,0
Paratyphoid fever,2022,Lakes,0,0
Leprosy,2022,Lakes,0,0
Arboviral diseases,2022,Lakes,1,suppressed
Shigellosis,2022,Lakes,0,0
Typhoid fever,2022,Lakes,1,suppressed
Cysticercosis,2022,Lakes,0,0
Campylobacteriosis,2022,Lakes,140,120
Giardiasis,2022,Lakes,28,24
Brucellosis,2022,Lakes,0,0
Hepatitis NOS,2022,Lakes,0,0
Mumps,2022,Lakes,0,0
Leptospirosis,2022,Lakes,1,suppressed
Toxic shellfish poisoning,2022,Lakes,0,0
Cholera,2022,Lakes,0,0
Acute gastroenteritis,2022,Lakes,21,18
Haemophilus influenzae type b,2022,Lakes,0,0
Rheumatic fever,2022,Lakes,3,suppressed
Listeriosis,2022,Lakes,2,suppressed
Malaria,2022,Lakes,1,suppressed
Rabies and other lyssaviruses,2022,Lakes,0,0
VTEC/STEC infection,2022,Lakes,31,26.6
Rubella,2022,Lakes,0,0
Tuberculosis disease,2022,Lakes,5,4.3
Trichinosis,2022,Lakes,0,0
Q fever,2022,Lakes,0,0
Meningoencephalitis - primary amoebic,2022,MidCentral,0,0
Mpox,2022,MidCentral,0,0
Campylobacteriosis,2022,MidCentral,228,121.4
Diphtheria,2022,MidCentral,0,0
Tetanus,2022,MidCentral,0,0
Pertussis,2022,MidCentral,0,0
Typhoid fever,2022,MidCentral,0,0
Invasive pneumococcal disease,2022,MidCentral,16,8.5
Cholera,2022,MidCentral,0,0
Yersiniosis,2022,MidCentral,31,16.5
Rickettsial disease,2022,MidCentral,0,0
Invasive group A streptococcal infection,2022,MidCentral,0,0
Arboviral diseases,2022,MidCentral,1,suppressed
Cysticercosis,2022,MidCentral,0,0
Legionellosis,2022,MidCentral,6,3.2
Rubella,2022,MidCentral,0,0
Rheumatic fever,2022,MidCentral,1,suppressed
Cryptosporidiosis,2022,MidCentral,30,16
Trichinosis,2022,MidCentral,0,0
Leptospirosis,2022,MidCentral,8,4.3
Mumps,2022,MidCentral,0,0
Tuberculosis disease,2022,MidCentral,6,3.2
Measles,2022,MidCentral,0,0
Listeriosis,2022,MidCentral,1,suppressed
Shigellosis,2022,MidCentral,2,suppressed
Leprosy,2022,MidCentral,0,0
Brucellosis,2022,MidCentral,0,0
Hepatitis C,2022,MidCentral,0,0
Salmonellosis,2022,MidCentral,18,9.6
Q fever,2022,MidCentral,0,0
Acute gastroenteritis,2022,MidCentral,0,0
Poliomyelitis,2022,MidCentral,0,0
Hepatitis B,2022,MidCentral,0,0
VTEC/STEC infection,2022,MidCentral,46,24.5
Hepatitis A,2022,MidCentral,0,0
Hydatid disease,2022,MidCentral,0,0
Paratyphoid fever,2022,MidCentral,0,0
Taeniasis,2022,MidCentral,0,0
Haemophilus influenzae type b,2022,MidCentral,0,0
Toxic shellfish poisoning,2022,MidCentral,0,0
Giardiasis,2022,MidCentral,36,19.2
Meningococcal disease,2022,MidCentral,0,0
Malaria,2022,MidCentral,0,0
Hepatitis NOS,2022,MidCentral,0,0
Rabies and other lyssaviruses,2022,MidCentral,0,0
Yersiniosis,2022,Nelson Marlborough,48,29.5
Mpox,2022,Nelson Marlborough,0,0
Meningoencephalitis - primary amoebic,2022,Nelson Marlborough,0,0
Tetanus,2022,Nelson Marlborough,0,0
Pertussis,2022,Nelson Marlborough,5,3.1
VTEC/STEC infection,2022,Nelson Marlborough,38,23.3
Toxic shellfish poisoning,2022,Nelson Marlborough,1,suppressed
Arboviral diseases,2022,Nelson Marlborough,1,suppressed
Cholera,2022,Nelson Marlborough,0,0
Campylobacteriosis,2022,Nelson Marlborough,173,106.3
Legionellosis,2022,Nelson Marlborough,4,suppressed
Shigellosis,2022,Nelson Marlborough,3,suppressed
Brucellosis,2022,Nelson Marlborough,0,0
Leptospirosis,2022,Nelson Marlborough,9,5.5
Meningococcal disease,2022,Nelson Marlborough,5,3.1
Diphtheria,2022,Nelson Marlborough,0,0
Tuberculosis disease,2022,Nelson Marlborough,3,suppressed
Cryptosporidiosis,2022,Nelson Marlborough,11,6.8
Typhoid fever,2022,Nelson Marlborough,0,0
Mumps,2022,Nelson Marlborough,0,0
Giardiasis,2022,Nelson Marlborough,20,12.3
Poliomyelitis,2022,Nelson Marlborough,0,0
Acute gastroenteritis,2022,Nelson Marlborough,9,5.5
Cysticercosis,2022,Nelson Marlborough,0,0
Salmonellosis,2022,Nelson Marlborough,18,11.1
Measles,2022,Nelson Marlborough,0,0
Hepatitis A,2022,Nelson Marlborough,0,0
Malaria,2022,Nelson Marlborough,2,suppressed
Leprosy,2022,Nelson Marlborough,0,0
Invasive group A streptococcal infection,2022,Nelson Marlborough,0,0
Hepatitis C,2022,Nelson Marlborough,2,suppressed
Invasive pneumococcal disease,2022,Nelson Marlborough,13,8
Paratyphoid fever,2022,Nelson Marlborough,0,0
Taeniasis,2022,Nelson Marlborough,0,0
Q fever,2022,Nelson Marlborough,0,0
Haemophilus influenzae type b,2022,Nelson Marlborough,0,0
Rubella,2022,Nelson Marlborough,0,0
Rabies and other lyssaviruses,2022,Nelson Marlborough,0,0
Hydatid disease,2022,Nelson Marlborough,0,0
Hepatitis NOS,2022,Nelson Marlborough,0,0
Trichinosis,2022,Nelson Marlborough,0,0
Rickettsial disease,2022,Nelson Marlborough,0,0
Listeriosis,2022,Nelson Marlborough,2,suppressed
Hepatitis B,2022,Nelson Marlborough,2,suppressed
Rheumatic fever,2022,Nelson Marlborough,0,0
Rubella,2022,Northland,0,0
Pertussis,2022,Northland,0,0
Trichinosis,2022,Northland,0,0
Salmonellosis,2022,Northland,37,18.8
Rickettsial disease,2022,Northland,0,0
Invasive pneumococcal disease,2022,Northland,43,21.8
Legionellosis,2022,Northland,18,9.1
Leptospirosis,2022,Northland,12,6.1
Cholera,2022,Northland,0,0
Yersiniosis,2022,Northland,25,12.7
Meningoencephalitis - primary amoebic,2022,Northland,0,0
Haemophilus influenzae type b,2022,Northland,0,0
Rheumatic fever,2022,Northland,2,suppressed
Typhoid fever,2022,Northland,2,suppressed
Tuberculosis disease,2022,Northland,4,suppressed
Hepatitis C,2022,Northland,1,suppressed
Taeniasis,2022,Northland,0,0
Invasive group A streptococcal infection,2022,Northland,0,0
Leprosy,2022,Northland,0,0
Mpox,2022,Northland,0,0
Campylobacteriosis,2022,Northland,300,152.3
VTEC/STEC infection,2022,Northland,60,30.5
Tetanus,2022,Northland,0,0
Acute gastroenteritis,2022,Northland,27,13.7
Diphtheria,2022,Northland,0,0
Cysticercosis,2022,Northland,0,0
Hepatitis NOS,2022,Northland,0,0
Hydatid disease,2022,Northland,0,0
Arboviral diseases,2022,Northland,0,0
Meningococcal disease,2022,Northland,6,3
Measles,2022,Northland,0,0
Mumps,2022,Northland,0,0
Hepatitis A,2022,Northland,0,0
Cryptosporidiosis,2022,Northland,39,19.8
Shigellosis,2022,Northland,5,2.5
Brucellosis,2022,Northland,0,0
Poliomyelitis,2022,Northland,0,0
Q fever,2022,Northland,0,0
Listeriosis,2022,Northland,3,suppressed
Toxic shellfish poisoning,2022,Northland,0,0
Hepatitis B,2022,Northland,0,0
Malaria,2022,Northland,1,suppressed
Giardiasis,2022,Northland,28,14.2
Rabies and other lyssaviruses,2022,Northland,0,0
Paratyphoid fever,2022,Northland,0,0
Meningoencephalitis - primary amoebic,2022,South Canterbury,0,0
Invasive pneumococcal disease,2022,South Canterbury,6,9.8
Rubella,2022,South Canterbury,0,0
Q fever,2022,South Canterbury,0,0
Leprosy,2022,South Canterbury,0,0
Pertussis,2022,South Canterbury,0,0
Brucellosis,2022,South Canterbury,0,0
Typhoid fever,2022,South Canterbury,0,0
Paratyphoid fever,2022,South Canterbury,0,0
Cholera,2022,South Canterbury,0,0
Yersiniosis,2022,South Canterbury,11,17.9
Tetanus,2022,South Canterbury,0,0
Cryptosporidiosis,2022,South Canterbury,26,42.3
Mpox,2022,South Canterbury,0,0
Listeriosis,2022,South Canterbury,0,0
Haemophilus influenzae type b,2022,South Canterbury,0,0
Toxic shellfish poisoning,2022,South Canterbury,0,0
Rheumatic fever,2022,South Canterbury,0,0
Mumps,2022,South Canterbury,0,0
Tuberculosis disease,2022,South Canterbury,4,suppressed
Legionellosis,2022,South Canterbury,0,0
VTEC/STEC infection,2022,South Canterbury,19,30.9
Cysticercosis,2022,South Canterbury,0,0
Leptospirosis,2022,South Canterbury,2,suppressed
Shigellosis,2022,South Canterbury,0,0
Diphtheria,2022,South Canterbury,0,0
Arboviral diseases,2022,South Canterbury,1,suppressed
Rickettsial disease,2022,South Canterbury,0,0
Poliomyelitis,2022,South Canterbury,0,0
Rabies and other lyssaviruses,2022,South Canterbury,0,0
Salmonellosis,2022,South Canterbury,17,27.7
Measles,2022,South Canterbury,0,0
Hepatitis C,2022,South Canterbury,1,suppressed
Taeniasis,2022,South Canterbury,0,0
Trichinosis,2022,South Canterbury,0,0
Invasive group A streptococcal infection,2022,South Canterbury,0,0
Campylobacteriosis,2022,South Canterbury,143,232.6
Hydatid disease,2022,South Canterbury,0,0
Hepatitis B,2022,South Canterbury,0,0
Giardiasis,2022,South Canterbury,5,8.1
Acute gastroenteritis,2022,South Canterbury,2,suppressed
Hepatitis NOS,2022,South Canterbury,0,0
Meningococcal disease,2022,South Canterbury,1,suppressed
Hepatitis A,2022,South Canterbury,2,suppressed
Malaria,2022,South Canterbury,0,0
Campylobacteriosis,2022,Southern,475,137.1
Rubella,2022,Southern,0,0
Cholera,2022,Southern,0,0
Yersiniosis,2022,Southern,83,24
Meningoencephalitis - primary amoebic,2022,Southern,0,0
Cysticercosis,2022,Southern,0,0
Q fever,2022,Southern,0,0
Legionellosis,2022,Southern,13,3.8
Rabies and other lyssaviruses,2022,Southern,0,0
Cryptosporidiosis,2022,Southern,68,19.6
Invasive pneumococcal disease,2022,Southern,38,11
Brucellosis,2022,Southern,0,0
Giardiasis,2022,Southern,30,8.7
Tetanus,2022,Southern,0,0
Pertussis,2022,Southern,5,1.4
Acute gastroenteritis,2022,Southern,26,7.5
Hepatitis NOS,2022,Southern,0,0
Trichinosis,2022,Southern,0,0
Paratyphoid fever,2022,Southern,0,0
Taeniasis,2022,Southern,0,0
Leprosy,2022,Southern,0,0
Arboviral diseases,2022,Southern,0,0
Measles,2022,Southern,0,0
Mumps,2022,Southern,1,suppressed
Leptospirosis,2022,Southern,3,suppressed
Diphtheria,2022,Southern,1,suppressed
VTEC/STEC infection,2022,Southern,156,45
Mpox,2022,Southern,1,suppressed
Poliomyelitis,2022,Southern,0,0
Hydatid disease,2022,Southern,0,0
Invasive group A streptococcal infection,2022,Southern,0,0
Rheumatic fever,2022,Southern,0,0
Typhoid fever,2022,Southern,2,suppressed
Tuberculosis disease,2022,Southern,7,2
Hepatitis B,2022,Southern,2,suppressed
Hepatitis A,2022,Southern,3,suppressed
Rickettsial disease,2022,Southern,0,0
Salmonellosis,2022,Southern,77,22.2
Shigellosis,2022,Southern,2,suppressed
Toxic shellfish poisoning,2022,Southern,0,0
Malaria,2022,Southern,2,suppressed
Listeriosis,2022,Southern,2,suppressed
Haemophilus influenzae type b,2022,Southern,0,0
Meningococcal disease,2022,Southern,9,2.6
Hepatitis C,2022,Southern,7,2
Pertussis,2022,Tairawhiti,0,0
Giardiasis,2022,Tairawhiti,22,42.5
Hepatitis A,2022,Tairawhiti,1,suppressed
Yersiniosis,2022,Tairawhiti,32,61.8
Taeniasis,2022,Tairawhiti,0,0
Paratyphoid fever,2022,Tairawhiti,0,0
Hepatitis NOS,2022,Tairawhiti,0,0
Hepatitis B,2022,Tairawhiti,0,0
Tetanus,2022,Tairawhiti,0,0
Campylobacteriosis,2022,Tairawhiti,60,115.9
Mpox,2022,Tairawhiti,0,0
Malaria,2022,Tairawhiti,0,0
Meningococcal disease,2022,Tairawhiti,4,suppressed
Rheumatic fever,2022,Tairawhiti,4,suppressed
Meningoencephalitis - primary amoebic,2022,Tairawhiti,0,0
Cholera,2022,Tairawhiti,0,0
Cryptosporidiosis,2022,Tairawhiti,6,11.6
Leptospirosis,2022,Tairawhiti,9,17.4
Shigellosis,2022,Tairawhiti,1,suppressed
Brucellosis,2022,Tairawhiti,0,0
Rickettsial disease,2022,Tairawhiti,0,0
Toxic shellfish poisoning,2022,Tairawhiti,0,0
Poliomyelitis,2022,Tairawhiti,0,0
Diphtheria,2022,Tairawhiti,0,0
Trichinosis,2022,Tairawhiti,0,0
Invasive pneumococcal disease,2022,Tairawhiti,5,9.7
Typhoid fever,2022,Tairawhiti,0,0
Salmonellosis,2022,Tairawhiti,4,suppressed
Rubella,2022,Tairawhiti,0,0
Arboviral diseases,2022,Tairawhiti,0,0
Haemophilus influenzae type b,2022,Tairawhiti,0,0
Q fever,2022,Tairawhiti,0,0
Listeriosis,2022,Tairawhiti,0,0
Invasive group A streptococcal infection,2022,Tairawhiti,0,0
Rabies and other lyssaviruses,2022,Tairawhiti,0,0
VTEC/STEC infection,2022,Tairawhiti,20,38.6
Measles,2022,Tairawhiti,0,0
Hepatitis C,2022,Tairawhiti,0,0
Leprosy,2022,Tairawhiti,0,0
Acute gastroenteritis,2022,Tairawhiti,0,0
Cysticercosis,2022,Tairawhiti,0,0
Hydatid disease,2022,Tairawhiti,1,suppressed
Legionellosis,2022,Tairawhiti,1,suppressed
Mumps,2022,Tairawhiti,0,0
Tuberculosis disease,2022,Tairawhiti,0,0
Paratyphoid fever,2022,Taranaki,0,0
Meningoencephalitis - primary amoebic,2022,Taranaki,0,0
Hepatitis NOS,2022,Taranaki,0,0
Yersiniosis,2022,Taranaki,38,29.8
Diphtheria,2022,Taranaki,0,0
Campylobacteriosis,2022,Taranaki,215,168.4
Giardiasis,2022,Taranaki,25,19.6
Pertussis,2022,Taranaki,1,suppressed
Tetanus,2022,Taranaki,0,0
Rheumatic fever,2022,Taranaki,3,suppressed
Haemophilus influenzae type b,2022,Taranaki,0,0
Cryptosporidiosis,2022,Taranaki,39,30.6
Q fever,2022,Taranaki,0,0
Leptospirosis,2022,Taranaki,1,suppressed
Cholera,2022,Taranaki,0,0
Rabies and other lyssaviruses,2022,Taranaki,0,0
Meningococcal disease,2022,Taranaki,2,suppressed
Cysticercosis,2022,Taranaki,0,0
Hepatitis A,2022,Taranaki,0,0
Shigellosis,2022,Taranaki,3,suppressed
Invasive pneumococcal disease,2022,Taranaki,11,8.6
Toxic shellfish poisoning,2022,Taranaki,0,0
Typhoid fever,2022,Taranaki,0,0
Invasive group A streptococcal infection,2022,Taranaki,0,0
Poliomyelitis,2022,Taranaki,0,0
Rubella,2022,Taranaki,0,0
Mpox,2022,Taranaki,0,0
Mumps,2022,Taranaki,0,0
VTEC/STEC infection,2022,Taranaki,61,47.8
Leprosy,2022,Taranaki,0,0
Trichinosis,2022,Taranaki,0,0
Salmonellosis,2022,Taranaki,20,15.7
Rickettsial disease,2022,Taranaki,0,0
Listeriosis,2022,Taranaki,1,suppressed
Measles,2022,Taranaki,0,0
Hepatitis C,2022,Taranaki,0,0
Taeniasis,2022,Taranaki,0,0
Legionellosis,2022,Taranaki,2,suppressed
Arboviral diseases,2022,Taranaki,0,0
Malaria,2022,Taranaki,1,suppressed
Tuberculosis disease,2022,Taranaki,2,suppressed
Brucellosis,2022,Taranaki,0,0
Hydatid disease,2022,Taranaki,0,0
Acute gastroenteritis,2022,Taranaki,2,suppressed
Hepatitis B,2022,Taranaki,1,suppressed
Leptospirosis,2022,Waikato,22,5
Arboviral diseases,2022,Waikato,0,0
Salmonellosis,2022,Waikato,71,16
Hydatid disease,2022,Waikato,0,0
Tetanus,2022,Waikato,0,0
Cryptosporidiosis,2022,Waikato,89,20.1
Hepatitis A,2022,Waikato,6,1.4
Hepatitis C,2022,Waikato,0,0
Tuberculosis disease,2022,Waikato,28,6.3
Taeniasis,2022,Waikato,0,0
Yersiniosis,2022,Waikato,93,21
Pertussis,2022,Waikato,3,suppressed
Meningoencephalitis - primary amoebic,2022,Waikato,0,0
Cysticercosis,2022,Waikato,0,0
Acute gastroenteritis,2022,Waikato,55,12.4
Q fever,2022,Waikato,0,0
Diphtheria,2022,Waikato,0,0
VTEC/STEC infection,2022,Waikato,107,24.1
Hepatitis B,2022,Waikato,0,0
Malaria,2022,Waikato,1,suppressed
Hepatitis NOS,2022,Waikato,0,0
Measles,2022,Waikato,0,0
Legionellosis,2022,Waikato,12,2.7
Rubella,2022,Waikato,0,0
Cholera,2022,Waikato,0,0
Mpox,2022,Waikato,1,suppressed
Poliomyelitis,2022,Waikato,0,0
Shigellosis,2022,Waikato,5,1.1
Rickettsial disease,2022,Waikato,2,suppressed
Rheumatic fever,2022,Waikato,9,2
Meningococcal disease,2022,Waikato,4,suppressed
Haemophilus influenzae type b,2022,Waikato,0,0
Toxic shellfish poisoning,2022,Waikato,0,0
Paratyphoid fever,2022,Waikato,1,suppressed
Campylobacteriosis,2022,Waikato,599,135.1
Invasive pneumococcal disease,2022,Waikato,61,13.8
Trichinosis,2022,Waikato,0,0
Typhoid fever,2022,Waikato,4,suppressed
Invasive group A streptococcal infection,2022,Waikato,0,0
Listeriosis,2022,Waikato,2,suppressed
Leprosy,2022,Waikato,1,suppressed
Brucellosis,2022,Waikato,1,suppressed
Giardiasis,2022,Waikato,84,18.9
Rabies and other lyssaviruses,2022,Waikato,0,0
Mumps,2022,Waikato,0,0
Invasive pneumococcal disease,2022,Wairarapa,10,19.9
Pertussis,2022,Wairarapa,0,0
Yersiniosis,2022,Wairarapa,26,51.7
Diphtheria,2022,Wairarapa,0,0
Rickettsial disease,2022,Wairarapa,0,0
Meningoencephalitis - primary amoebic,2022,Wairarapa,0,0
Tetanus,2022,Wairarapa,1,suppressed
Campylobacteriosis,2022,Wairarapa,86,171
Cryptosporidiosis,2022,Wairarapa,15,29.8
Typhoid fever,2022,Wairarapa,0,0
Taeniasis,2022,Wairarapa,0,0
Rubella,2022,Wairarapa,0,0
Cysticercosis,2022,Wairarapa,0,0
Mpox,2022,Wairarapa,0,0
Leptospirosis,2022,Wairarapa,2,suppressed
Shigellosis,2022,Wairarapa,0,0
Cholera,2022,Wairarapa,0,0
Arboviral diseases,2022,Wairarapa,0,0
Poliomyelitis,2022,Wairarapa,0,0
Hepatitis C,2022,Wairarapa,0,0
Measles,2022,Wairarapa,0,0
Acute gastroenteritis,2022,Wairarapa,5,9.9
Hepatitis B,2022,Wairarapa,0,0
Salmonellosis,2022,Wairarapa,13,25.9
Mumps,2022,Wairarapa,0,0
Hydatid disease,2022,Wairarapa,0,0
Leprosy,2022,Wairarapa,0,0
Invasive group A streptococcal infection,2022,Wairarapa,0,0
Rheumatic fever,2022,Wairarapa,2,suppressed
Brucellosis,2022,Wairarapa,0,0
Hepatitis NOS,2022,Wairarapa,0,0
Hepatitis A,2022,Wairarapa,0,0
Malaria,2022,Wairarapa,0,0
Paratyphoid fever,2022,Wairarapa,0,0
Tuberculosis disease,2022,Wairarapa,0,0
Legionellosis,2022,Wairarapa,0,0
VTEC/STEC infection,2022,Wairarapa,37,73.6
Listeriosis,2022,Wairarapa,0,0
Trichinosis,2022,Wairarapa,0,0
Giardiasis,2022,Wairarapa,5,9.9
Toxic shellfish poisoning,2022,Wairarapa,0,0
Rabies and other lyssaviruses,2022,Wairarapa,0,0
Q fever,2022,Wairarapa,0,0
Meningococcal disease,2022,Wairarapa,2,suppressed
Haemophilus influenzae type b,2022,Wairarapa,0,0
Yersiniosis,2022,Waitemata,169,26.4
Diphtheria,2022,Waitemata,0,0
Pertussis,2022,Waitemata,1,suppressed
Tetanus,2022,Waitemata,0,0
Rheumatic fever,2022,Waitemata,8,1.2
Rickettsial disease,2022,Waitemata,3,suppressed
Campylobacteriosis,2022,Waitemata,703,109.7
Leptospirosis,2022,Waitemata,3,suppressed
Trichinosis,2022,Waitemata,0,0
Cysticercosis,2022,Waitemata,0,0
Mpox,2022,Waitemata,1,suppressed
Giardiasis,2022,Waitemata,71,11.1
Taeniasis,2022,Waitemata,0,0
Rabies and other lyssaviruses,2022,Waitemata,0,0
Invasive group A streptococcal infection,2022,Waitemata,0,0
Meningoencephalitis - primary amoebic,2022,Waitemata,0,0
Cryptosporidiosis,2022,Waitemata,57,8.9
Legionellosis,2022,Waitemata,31,4.8
Haemophilus influenzae type b,2022,Waitemata,0,0
Cholera,2022,Waitemata,0,0
Poliomyelitis,2022,Waitemata,0,0
Q fever,2022,Waitemata,0,0
Shigellosis,2022,Waitemata,10,1.6
Brucellosis,2022,Waitemata,0,0
Hepatitis B,2022,Waitemata,2,suppressed
Tuberculosis disease,2022,Waitemata,32,5
Listeriosis,2022,Waitemata,2,suppressed
Toxic shellfish poisoning,2022,Waitemata,0,0
VTEC/STEC infection,2022,Waitemata,68,10.6
Typhoid fever,2022,Waitemata,4,suppressed
Measles,2022,Waitemata,0,0
Leprosy,2022,Waitemata,0,0
Salmonellosis,2022,Waitemata,77,12
Acute gastroenteritis,2022,Waitemata,4,suppressed
Hydatid disease,2022,Waitemata,0,0
Meningococcal disease,2022,Waitemata,7,1.1
Arboviral diseases,2022,Waitemata,4,suppressed
Mumps,2022,Waitemata,0,0
Invasive pneumococcal disease,2022,Waitemata,63,9.8
Hepatitis A,2022,Waitemata,5,0.8
Malaria,2022,Waitemata,2,suppressed
Hepatitis NOS,2022,Waitemata,1,suppressed
Rubella,2022,Waitemata,0,0
Hepatitis C,2022,Waitemata,1,suppressed
Paratyphoid fever,2022,Waitemata,2,suppressed
Yersiniosis,2022,West Coast,3,suppressed
Cryptosporidiosis,2022,West Coast,6,17.9
Pertussis,2022,West Coast,0,0
Rickettsial disease,2022,West Coast,0,0
Mpox,2022,West Coast,0,0
Shigellosis,2022,West Coast,0,0
Tetanus,2022,West Coast,0,0
Invasive pneumococcal disease,2022,West Coast,0,0
Hepatitis B,2022,West Coast,0,0
Taeniasis,2022,West Coast,0,0
Leptospirosis,2022,West Coast,2,suppressed
Leprosy,2022,West Coast,0,0
Meningoencephalitis - primary amoebic,2022,West Coast,0,0
Typhoid fever,2022,West Coast,0,0
Rubella,2022,West Coast,0,0
Diphtheria,2022,West Coast,0,0
Tuberculosis disease,2022,West Coast,0,0
Hepatitis NOS,2022,West Coast,0,0
Hepatitis A,2022,West Coast,2,suppressed
Measles,2022,West Coast,0,0
Brucellosis,2022,West Coast,0,0
Arboviral diseases,2022,West Coast,0,0
Salmonellosis,2022,West Coast,5,14.9
Mumps,2022,West Coast,0,0
Rheumatic fever,2022,West Coast,0,0
Hydatid disease,2022,West Coast,0,0
Rabies and other lyssaviruses,2022,West Coast,0,0
Cysticercosis,2022,West Coast,0,0
Hepatitis C,2022,West Coast,0,0
Paratyphoid fever,2022,West Coast,0,0
Campylobacteriosis,2022,West Coast,55,163.8
Malaria,2022,West Coast,0,0
Legionellosis,2022,West Coast,3,suppressed
Q fever,2022,West Coast,0,0
Poliomyelitis,2022,West Coast,0,0
VTEC/STEC infection,2022,West Coast,0,0
Invasive group A streptococcal infection,2022,West Coast,0,0
Giardiasis,2022,West Coast,5,14.9
Acute gastroenteritis,2022,West Coast,4,suppressed
Haemophilus influenzae type b,2022,West Coast,0,0
Toxic shellfish poisoning,2022,West Coast,0,0
Listeriosis,2022,West Coast,0,0
Meningococcal disease,2022,West Coast,0,0
Cholera,2022,West Coast,0,0
Trichinosis,2022,West Coast,0,0
Pertussis,2022,Whanganui,0,0
Yersiniosis,2022,Whanganui,7,10.1
Tetanus,2022,Whanganui,0,0
Rheumatic fever,2022,Whanganui,0,0
Mpox,2022,Whanganui,0,0
Invasive pneumococcal disease,2022,Whanganui,13,18.8
Rubella,2022,Whanganui,0,0
Diphtheria,2022,Whanganui,0,0
Meningoencephalitis - primary amoebic,2022,Whanganui,0,0
Typhoid fever,2022,Whanganui,0,0
Leptospirosis,2022,Whanganui,4,suppressed
Leprosy,2022,Whanganui,0,0
Shigellosis,2022,Whanganui,0,0
Rickettsial disease,2022,Whanganui,0,0
Haemophilus influenzae type b,2022,Whanganui,0,0
Q fever,2022,Whanganui,0,0
Poliomyelitis,2022,Whanganui,0,0
Cholera,2022,Whanganui,0,0
Mumps,2022,Whanganui,0,0
Legionellosis,2022,Whanganui,0,0
Brucellosis,2022,Whanganui,0,0
Cryptosporidiosis,2022,Whanganui,7,10.1
Trichinosis,2022,Whanganui,0,0
Listeriosis,2022,Whanganui,0,0
Cysticercosis,2022,Whanganui,0,0
VTEC/STEC infection,2022,Whanganui,17,24.6
Measles,2022,Whanganui,0,0
Tuberculosis disease,2022,Whanganui,3,suppressed
Toxic shellfish poisoning,2022,Whanganui,0,0
Invasive group A streptococcal infection,2022,Whanganui,0,0
Taeniasis,2022,Whanganui,0,0
Acute gastroenteritis,2022,Whanganui,3,suppressed
Hepatitis B,2022,Whanganui,0,0
Campylobacteriosis,2022,Whanganui,67,97.1
Salmonellosis,2022,Whanganui,6,8.7
Hepatitis C,2022,Whanganui,0,0
Arboviral diseases,2022,Whanganui,0,0
Rabies and other lyssaviruses,2022,Whanganui,0,0
Giardiasis,2022,Whanganui,7,10.1
Hepatitis A,2022,Whanganui,2,suppressed
Hepatitis NOS,2022,Whanganui,0,0
Hydatid disease,2022,Whanganui,0,0
Meningococcal disease,2022,Whanganui,3,suppressed
Malaria,2022,Whanganui,0,0
Paratyphoid fever,2022,Whanganui,0,0
Cryptosporidiosis,2023,Auckland,50,10.1
Leprosy,2023,Auckland,0,0
VTEC/STEC infection,2023,Auckland,53,10.7
Rubella,2023,Auckland,0,0
Tetanus,2023,Auckland,0,0
Typhoid fever,2023,Auckland,12,2.4
Mpox,2023,Auckland,3,suppressed
Shigellosis,2023,Auckland,35,7.1
Yersiniosis,2023,Auckland,128,25.9
Toxic shellfish poisoning,2023,Auckland,0,0
Paratyphoid fever,2023,Auckland,7,1.4
Legionellosis,2023,Auckland,25,5.1
Diphtheria,2023,Auckland,2,suppressed
Arboviral diseases,2023,Auckland,10,2
Salmonellosis,2023,Auckland,94,19.1
Hepatitis C,2023,Auckland,3,suppressed
Leptospirosis,2023,Auckland,3,suppressed
Mumps,2023,Auckland,3,suppressed
Meningoencephalitis - primary amoebic,2023,Auckland,0,0
Campylobacteriosis,2023,Auckland,572,115.9
Haemophilus influenzae type b,2023,Auckland,0,0
Giardiasis,2023,Auckland,101,20.5
Listeriosis,2023,Auckland,6,1.2
Hepatitis NOS,2023,Auckland,0,0
Meningococcal disease,2023,Auckland,5,1
Invasive pneumococcal disease,2023,Auckland,80,16.2
Cholera,2023,Auckland,0,0
Brucellosis,2023,Auckland,2,suppressed
Tuberculosis disease,2023,Auckland,56,11.4
Cysticercosis,2023,Auckland,0,0
Invasive group A streptococcal infection,2023,Auckland,0,0
Poliomyelitis,2023,Auckland,0,0
Rickettsial disease,2023,Auckland,1,suppressed
Rabies and other lyssaviruses,2023,Auckland,0,0
Malaria,2023,Auckland,10,2
Taeniasis,2023,Auckland,0,0
Trichinosis,2023,Auckland,0,0
Hepatitis A,2023,Auckland,4,suppressed
Pertussis,2023,Auckland,3,suppressed
Q fever,2023,Auckland,0,0
Measles,2023,Auckland,1,suppressed
Hepatitis B,2023,Auckland,5,1
Rheumatic fever,2023,Auckland,15,3
Hydatid disease,2023,Auckland,1,suppressed
Acute gastroenteritis,2023,Auckland,4,suppressed
Cryptosporidiosis,2023,Bay of Plenty,33,12.1
Typhoid fever,2023,Bay of Plenty,1,suppressed
Salmonellosis,2023,Bay of Plenty,61,22.3
Mumps,2023,Bay of Plenty,0,0
Meningoencephalitis - primary amoebic,2023,Bay of Plenty,0,0
Trichinosis,2023,Bay of Plenty,0,0
Yersiniosis,2023,Bay of Plenty,96,35.1
Giardiasis,2023,Bay of Plenty,83,30.3
Poliomyelitis,2023,Bay of Plenty,0,0
Cholera,2023,Bay of Plenty,0,0
VTEC/STEC infection,2023,Bay of Plenty,54,19.7
Invasive pneumococcal disease,2023,Bay of Plenty,44,16.1
Leprosy,2023,Bay of Plenty,0,0
Tetanus,2023,Bay of Plenty,0,0
Brucellosis,2023,Bay of Plenty,0,0
Mpox,2023,Bay of Plenty,0,0
Q fever,2023,Bay of Plenty,0,0
Hydatid disease,2023,Bay of Plenty,0,0
Haemophilus influenzae type b,2023,Bay of Plenty,0,0
Paratyphoid fever,2023,Bay of Plenty,2,suppressed
Hepatitis NOS,2023,Bay of Plenty,0,0
Arboviral diseases,2023,Bay of Plenty,6,2.2
Measles,2023,Bay of Plenty,0,0
Hepatitis A,2023,Bay of Plenty,1,suppressed
Rubella,2023,Bay of Plenty,0,0
Cysticercosis,2023,Bay of Plenty,0,0
Legionellosis,2023,Bay of Plenty,23,8.4
Leptospirosis,2023,Bay of Plenty,10,3.7
Acute gastroenteritis,2023,Bay of Plenty,64,23.4
Rheumatic fever,2023,Bay of Plenty,10,3.7
Meningococcal disease,2023,Bay of Plenty,1,suppressed
Diphtheria,2023,Bay of Plenty,0,0
Rabies and other lyssaviruses,2023,Bay of Plenty,0,0
Tuberculosis disease,2023,Bay of Plenty,9,3.3
Campylobacteriosis,2023,Bay of Plenty,280,102.3
Taeniasis,2023,Bay of Plenty,0,0
Hepatitis C,2023,Bay of Plenty,2,suppressed
Invasive group A streptococcal infection,2023,Bay of Plenty,0,0
Pertussis,2023,Bay of Plenty,3,suppressed
Shigellosis,2023,Bay of Plenty,1,suppressed
Hepatitis B,2023,Bay of Plenty,2,suppressed
Toxic shellfish poisoning,2023,Bay of Plenty,0,0
Listeriosis,2023,Bay of Plenty,2,suppressed
Rickettsial disease,2023,Bay of Plenty,0,0
Malaria,2023,Bay of Plenty,6,2.2
Yersiniosis,2023,Canterbury,149,24.3
Hydatid disease,2023,Canterbury,0,0
VTEC/STEC infection,2023,Canterbury,88,14.4
Paratyphoid fever,2023,Canterbury,1,suppressed
Tetanus,2023,Canterbury,0,0
Hepatitis B,2023,Canterbury,1,suppressed
Pertussis,2023,Canterbury,0,0
Cryptosporidiosis,2023,Canterbury,72,11.8
Meningoencephalitis - primary amoebic,2023,Canterbury,0,0
Mpox,2023,Canterbury,0,0
Measles,2023,Canterbury,0,0
Rheumatic fever,2023,Canterbury,2,suppressed
Rabies and other lyssaviruses,2023,Canterbury,0,0
Toxic shellfish poisoning,2023,Canterbury,0,0
Trichinosis,2023,Canterbury,0,0
Tuberculosis disease,2023,Canterbury,27,4.4
Typhoid fever,2023,Canterbury,8,1.3
Rubella,2023,Canterbury,0,0
Taeniasis,2023,Canterbury,0,0
Salmonellosis,2023,Canterbury,135,22
Invasive group A streptococcal infection,2023,Canterbury,0,0
Leprosy,2023,Canterbury,1,suppressed
Diphtheria,2023,Canterbury,0,0
Rickettsial disease,2023,Canterbury,0,0
Hepatitis A,2023,Canterbury,1,suppressed
Meningococcal disease,2023,Canterbury,10,1.6
Hepatitis C,2023,Canterbury,4,suppressed
Giardiasis,2023,Canterbury,53,8.7
Cholera,2023,Canterbury,1,suppressed
Brucellosis,2023,Canterbury,0,0
Arboviral diseases,2023,Canterbury,4,suppressed
Haemophilus influenzae type b,2023,Canterbury,0,0
Leptospirosis,2023,Canterbury,4,suppressed
Acute gastroenteritis,2023,Canterbury,72,11.8
Cysticercosis,2023,Canterbury,0,0
Shigellosis,2023,Canterbury,11,1.8
Hepatitis NOS,2023,Canterbury,2,suppressed
Malaria,2023,Canterbury,4,suppressed
Invasive pneumococcal disease,2023,Canterbury,71,11.6
Listeriosis,2023,Canterbury,2,suppressed
Mumps,2023,Canterbury,5,0.8
Poliomyelitis,2023,Canterbury,0,0
Campylobacteriosis,2023,Canterbury,687,112.1
Q fever,2023,Canterbury,0,0
Legionellosis,2023,Canterbury,52,8.5
Invasive pneumococcal disease,2023,"Capital, Coast and Hutt Valley",66,13.8
Cysticercosis,2023,"Capital, Coast and Hutt Valley",0,0
Pertussis,2023,"Capital, Coast and Hutt Valley",8,1.7
Meningoencephalitis - primary amoebic,2023,"Capital, Coast and Hutt Valley",0,0
Q fever,2023,"Capital, Coast and Hutt Valley",0,0
Measles,2023,"Capital, Coast and Hutt Valley",2,suppressed
Hepatitis NOS,2023,"Capital, Coast and Hutt Valley",0,0
VTEC/STEC infection,2023,"Capital, Coast and Hutt Valley",81,17
Yersiniosis,2023,"Capital, Coast and Hutt Valley",190,39.8
Cryptosporidiosis,2023,"Capital, Coast and Hutt Valley",42,8.8
Typhoid fever,2023,"Capital, Coast and Hutt Valley",2,suppressed
Mpox,2023,"Capital, Coast and Hutt Valley",0,0
Mumps,2023,"Capital, Coast and Hutt Valley",2,suppressed
Diphtheria,2023,"Capital, Coast and Hutt Valley",0,0
Rabies and other lyssaviruses,2023,"Capital, Coast and Hutt Valley",0,0
Rheumatic fever,2023,"Capital, Coast and Hutt Valley",16,3.4
Acute gastroenteritis,2023,"Capital, Coast and Hutt Valley",31,6.5
Taeniasis,2023,"Capital, Coast and Hutt Valley",0,0
Hepatitis C,2023,"Capital, Coast and Hutt Valley",2,suppressed
Brucellosis,2023,"Capital, Coast and Hutt Valley",1,suppressed
Campylobacteriosis,2023,"Capital, Coast and Hutt Valley",428,89.7
Leprosy,2023,"Capital, Coast and Hutt Valley",0,0
Rubella,2023,"Capital, Coast and Hutt Valley",0,0
Salmonellosis,2023,"Capital, Coast and Hutt Valley",66,13.8
Arboviral diseases,2023,"Capital, Coast and Hutt Valley",4,suppressed
Leptospirosis,2023,"Capital, Coast and Hutt Valley",0,0
Shigellosis,2023,"Capital, Coast and Hutt Valley",4,suppressed
Giardiasis,2023,"Capital, Coast and Hutt Valley",77,16.1
Trichinosis,2023,"Capital, Coast and Hutt Valley",0,0
Poliomyelitis,2023,"Capital, Coast and Hutt Valley",0,0
Hydatid disease,2023,"Capital, Coast and Hutt Valley",0,0
Toxic shellfish poisoning,2023,"Capital, Coast and Hutt Valley",0,0
Invasive group A streptococcal infection,2023,"Capital, Coast and Hutt Valley",0,0
Tuberculosis disease,2023,"Capital, Coast and Hutt Valley",26,5.5
Cholera,2023,"Capital, Coast and Hutt Valley",0,0
Legionellosis,2023,"Capital, Coast and Hutt Valley",3,suppressed
Hepatitis B,2023,"Capital, Coast and Hutt Valley",1,suppressed
Tetanus,2023,"Capital, Coast and Hutt Valley",0,0
Hepatitis A,2023,"Capital, Coast and Hutt Valley",3,suppressed
Haemophilus influenzae type b,2023,"Capital, Coast and Hutt Valley",0,0
Rickettsial disease,2023,"Capital, Coast and Hutt Valley",0,0
Listeriosis,2023,"Capital, Coast and Hutt Valley",6,1.3
Paratyphoid fever,2023,"Capital, Coast and Hutt Valley",3,suppressed
Meningococcal disease,2023,"Capital, Coast and Hutt Valley",5,1
Malaria,2023,"Capital, Coast and Hutt Valley",1,suppressed
Hepatitis C,2023,Counties Manukau,4,suppressed
Yersiniosis,2023,Counties Manukau,115,18.4
Mpox,2023,Counties Manukau,0,0
Meningococcal disease,2023,Counties Manukau,7,1.1
Typhoid fever,2023,Counties Manukau,18,2.9
Haemophilus influenzae type b,2023,Counties Manukau,0,0
Tetanus,2023,Counties Manukau,0,0
Poliomyelitis,2023,Counties Manukau,0,0
Hepatitis B,2023,Counties Manukau,1,suppressed
Campylobacteriosis,2023,Counties Manukau,535,85.6
Q fever,2023,Counties Manukau,0,0
Pertussis,2023,Counties Manukau,30,4.8
Cholera,2023,Counties Manukau,0,0
Rabies and other lyssaviruses,2023,Counties Manukau,0,0
Measles,2023,Counties Manukau,1,suppressed
Hepatitis NOS,2023,Counties Manukau,1,suppressed
Leptospirosis,2023,Counties Manukau,5,0.8
Rubella,2023,Counties Manukau,0,0
Brucellosis,2023,Counties Manukau,1,suppressed
Arboviral diseases,2023,Counties Manukau,11,1.8
Malaria,2023,Counties Manukau,7,1.1
Rickettsial disease,2023,Counties Manukau,1,suppressed
Acute gastroenteritis,2023,Counties Manukau,6,1
Cysticercosis,2023,Counties Manukau,0,0
Giardiasis,2023,Counties Manukau,90,14.4
VTEC/STEC infection,2023,Counties Manukau,47,7.5
Invasive pneumococcal disease,2023,Counties Manukau,93,14.9
Toxic shellfish poisoning,2023,Counties Manukau,0,0
Listeriosis,2023,Counties Manukau,7,1.1
Hydatid disease,2023,Counties Manukau,0,0
Salmonellosis,2023,Counties Manukau,80,12.8
Paratyphoid fever,2023,Counties Manukau,8,1.3
Trichinosis,2023,Counties Manukau,0,0
Rheumatic fever,2023,Counties Manukau,81,13
Diphtheria,2023,Counties Manukau,1,suppressed
Taeniasis,2023,Counties Manukau,0,0
Legionellosis,2023,Counties Manukau,41,6.6
Hepatitis A,2023,Counties Manukau,8,1.3
Meningoencephalitis - primary amoebic,2023,Counties Manukau,0,0
Tuberculosis disease,2023,Counties Manukau,66,10.6
Leprosy,2023,Counties Manukau,1,suppressed
Invasive group A streptococcal infection,2023,Counties Manukau,0,0
Shigellosis,2023,Counties Manukau,24,3.8
Cryptosporidiosis,2023,Counties Manukau,62,9.9
Mumps,2023,Counties Manukau,3,suppressed
Cryptosporidiosis,2023,Hawke's Bay,18,10.1
Cholera,2023,Hawke's Bay,0,0
Hepatitis A,2023,Hawke's Bay,4,suppressed
Meningoencephalitis - primary amoebic,2023,Hawke's Bay,0,0
Rickettsial disease,2023,Hawke's Bay,0,0
Rubella,2023,Hawke's Bay,0,0
Hydatid disease,2023,Hawke's Bay,1,suppressed
Typhoid fever,2023,Hawke's Bay,0,0
Diphtheria,2023,Hawke's Bay,0,0
Yersiniosis,2023,Hawke's Bay,51,28.5
Leprosy,2023,Hawke's Bay,0,0
Mpox,2023,Hawke's Bay,0,0
Pertussis,2023,Hawke's Bay,2,suppressed
Malaria,2023,Hawke's Bay,1,suppressed
Toxic shellfish poisoning,2023,Hawke's Bay,0,0
Rabies and other lyssaviruses,2023,Hawke's Bay,0,0
Tetanus,2023,Hawke's Bay,0,0
VTEC/STEC infection,2023,Hawke's Bay,57,31.9
Salmonellosis,2023,Hawke's Bay,19,10.6
Invasive pneumococcal disease,2023,Hawke's Bay,38,21.2
Hepatitis B,2023,Hawke's Bay,2,suppressed
Leptospirosis,2023,Hawke's Bay,38,21.2
Hepatitis NOS,2023,Hawke's Bay,0,0
Giardiasis,2023,Hawke's Bay,35,19.6
Arboviral diseases,2023,Hawke's Bay,3,suppressed
Brucellosis,2023,Hawke's Bay,0,0
Campylobacteriosis,2023,Hawke's Bay,294,164.4
Legionellosis,2023,Hawke's Bay,4,suppressed
Trichinosis,2023,Hawke's Bay,0,0
Hepatitis C,2023,Hawke's Bay,2,suppressed
Shigellosis,2023,Hawke's Bay,8,4.5
Haemophilus influenzae type b,2023,Hawke's Bay,0,0
Paratyphoid fever,2023,Hawke's Bay,3,suppressed
Taeniasis,2023,Hawke's Bay,0,0
Q fever,2023,Hawke's Bay,0,0
Tuberculosis disease,2023,Hawke's Bay,6,3.4
Rheumatic fever,2023,Hawke's Bay,5,2.8
Listeriosis,2023,Hawke's Bay,1,suppressed
Acute gastroenteritis,2023,Hawke's Bay,6,3.4
Mumps,2023,Hawke's Bay,1,suppressed
Meningococcal disease,2023,Hawke's Bay,5,2.8
Measles,2023,Hawke's Bay,0,0
Poliomyelitis,2023,Hawke's Bay,0,0
Invasive group A streptococcal infection,2023,Hawke's Bay,0,0
Cysticercosis,2023,Hawke's Bay,0,0
Rickettsial disease,2023,Lakes,0,0
Campylobacteriosis,2023,Lakes,148,125.4
Pertussis,2023,Lakes,2,suppressed
Rubella,2023,Lakes,0,0
Hydatid disease,2023,Lakes,0,0
Leprosy,2023,Lakes,0,0
Yersiniosis,2023,Lakes,39,33
Mpox,2023,Lakes,0,0
Toxic shellfish poisoning,2023,Lakes,0,0
Cysticercosis,2023,Lakes,0,0
Legionellosis,2023,Lakes,6,5.1
VTEC/STEC infection,2023,Lakes,28,23.7
Salmonellosis,2023,Lakes,11,9.3
Paratyphoid fever,2023,Lakes,1,suppressed
Shigellosis,2023,Lakes,0,0
Rheumatic fever,2023,Lakes,6,5.1
Cryptosporidiosis,2023,Lakes,18,15.2
Giardiasis,2023,Lakes,33,28
Haemophilus influenzae type b,2023,Lakes,0,0
Brucellosis,2023,Lakes,0,0
Tuberculosis disease,2023,Lakes,3,suppressed
Mumps,2023,Lakes,0,0
Measles,2023,Lakes,0,0
Typhoid fever,2023,Lakes,0,0
Meningoencephalitis - primary amoebic,2023,Lakes,0,0
Diphtheria,2023,Lakes,0,0
Tetanus,2023,Lakes,0,0
Acute gastroenteritis,2023,Lakes,30,25.4
Poliomyelitis,2023,Lakes,0,0
Meningococcal disease,2023,Lakes,2,suppressed
Hepatitis A,2023,Lakes,1,suppressed
Rabies and other lyssaviruses,2023,Lakes,0,0
Hepatitis C,2023,Lakes,0,0
Hepatitis NOS,2023,Lakes,0,0
Taeniasis,2023,Lakes,0,0
Cholera,2023,Lakes,0,0
Invasive pneumococcal disease,2023,Lakes,24,20.3
Q fever,2023,Lakes,0,0
Trichinosis,2023,Lakes,0,0
Leptospirosis,2023,Lakes,5,4.2
Listeriosis,2023,Lakes,2,suppressed
Invasive group A streptococcal infection,2023,Lakes,0,0
Hepatitis B,2023,Lakes,0,0
Arboviral diseases,2023,Lakes,1,suppressed
Malaria,2023,Lakes,3,suppressed
Mumps,2023,MidCentral,0,0
Typhoid fever,2023,MidCentral,1,suppressed
Invasive pneumococcal disease,2023,MidCentral,29,15.3
Cholera,2023,MidCentral,0,0
Legionellosis,2023,MidCentral,4,suppressed
VTEC/STEC infection,2023,MidCentral,33,17.4
Pertussis,2023,MidCentral,4,suppressed
Salmonellosis,2023,MidCentral,18,9.5
Campylobacteriosis,2023,MidCentral,224,118
Hepatitis NOS,2023,MidCentral,1,suppressed
Haemophilus influenzae type b,2023,MidCentral,0,0
Giardiasis,2023,MidCentral,29,15.3
Shigellosis,2023,MidCentral,0,0
Tuberculosis disease,2023,MidCentral,6,3.2
Paratyphoid fever,2023,MidCentral,0,0
Taeniasis,2023,MidCentral,0,0
Toxic shellfish poisoning,2023,MidCentral,0,0
Rubella,2023,MidCentral,0,0
Cryptosporidiosis,2023,MidCentral,37,19.5
Mpox,2023,MidCentral,0,0
Hydatid disease,2023,MidCentral,0,0
Rickettsial disease,2023,MidCentral,0,0
Acute gastroenteritis,2023,MidCentral,0,0
Cysticercosis,2023,MidCentral,0,0
Diphtheria,2023,MidCentral,0,0
Hepatitis B,2023,MidCentral,0,0
Hepatitis A,2023,MidCentral,5,2.6
Measles,2023,MidCentral,0,0
Poliomyelitis,2023,MidCentral,0,0
Brucellosis,2023,MidCentral,0,0
Arboviral diseases,2023,MidCentral,0,0
Hepatitis C,2023,MidCentral,0,0
Rabies and other lyssaviruses,2023,MidCentral,0,0
Meningoencephalitis - primary amoebic,2023,MidCentral,0,0
Yersiniosis,2023,MidCentral,30,15.8
Tetanus,2023,MidCentral,0,0
Trichinosis,2023,MidCentral,0,0
Malaria,2023,MidCentral,3,suppressed
Meningococcal disease,2023,MidCentral,1,suppressed
Leprosy,2023,MidCentral,0,0
Invasive group A streptococcal infection,2023,MidCentral,0,0
Q fever,2023,MidCentral,0,0
Leptospirosis,2023,MidCentral,12,6.3
Listeriosis,2023,MidCentral,0,0
Rheumatic fever,2023,MidCentral,3,suppressed
Toxic shellfish poisoning,2023,Nelson Marlborough,0,0
Rubella,2023,Nelson Marlborough,0,0
Yersiniosis,2023,Nelson Marlborough,70,42.6
Hydatid disease,2023,Nelson Marlborough,0,0
Giardiasis,2023,Nelson Marlborough,16,9.7
Cryptosporidiosis,2023,Nelson Marlborough,16,9.7
Arboviral diseases,2023,Nelson Marlborough,2,suppressed
Pertussis,2023,Nelson Marlborough,1,suppressed
VTEC/STEC infection,2023,Nelson Marlborough,44,26.8
Cysticercosis,2023,Nelson Marlborough,0,0
Rickettsial disease,2023,Nelson Marlborough,0,0
Rheumatic fever,2023,Nelson Marlborough,0,0
Meningoencephalitis - primary amoebic,2023,Nelson Marlborough,0,0
Campylobacteriosis,2023,Nelson Marlborough,146,88.9
Measles,2023,Nelson Marlborough,0,0
Tuberculosis disease,2023,Nelson Marlborough,6,3.7
Paratyphoid fever,2023,Nelson Marlborough,0,0
Meningococcal disease,2023,Nelson Marlborough,2,suppressed
Invasive pneumococcal disease,2023,Nelson Marlborough,18,11
Cholera,2023,Nelson Marlborough,0,0
Leptospirosis,2023,Nelson Marlborough,5,3
Rabies and other lyssaviruses,2023,Nelson Marlborough,0,0
Diphtheria,2023,Nelson Marlborough,0,0
Acute gastroenteritis,2023,Nelson Marlborough,4,suppressed
Invasive group A streptococcal infection,2023,Nelson Marlborough,0,0
Mpox,2023,Nelson Marlborough,0,0
Shigellosis,2023,Nelson Marlborough,1,suppressed
Trichinosis,2023,Nelson Marlborough,0,0
Hepatitis B,2023,Nelson Marlborough,1,suppressed
Hepatitis A,2023,Nelson Marlborough,0,0
Poliomyelitis,2023,Nelson Marlborough,0,0
Haemophilus influenzae type b,2023,Nelson Marlborough,2,suppressed
Mumps,2023,Nelson Marlborough,0,0
Typhoid fever,2023,Nelson Marlborough,0,0
Salmonellosis,2023,Nelson Marlborough,27,16.4
Leprosy,2023,Nelson Marlborough,1,suppressed
Tetanus,2023,Nelson Marlborough,0,0
Hepatitis C,2023,Nelson Marlborough,3,suppressed
Q fever,2023,Nelson Marlborough,0,0
Listeriosis,2023,Nelson Marlborough,1,suppressed
Malaria,2023,Nelson Marlborough,5,3
Taeniasis,2023,Nelson Marlborough,0,0
Legionellosis,2023,Nelson Marlborough,3,suppressed
Brucellosis,2023,Nelson Marlborough,0,0
Hepatitis NOS,2023,Nelson Marlborough,0,0
Diphtheria,2023,Northland,0,0
Mpox,2023,Northland,0,0
Hepatitis A,2023,Northland,0,0
Typhoid fever,2023,Northland,1,suppressed
Pertussis,2023,Northland,7,3.5
Hydatid disease,2023,Northland,0,0
Hepatitis B,2023,Northland,0,0
Hepatitis C,2023,Northland,1,suppressed
Salmonellosis,2023,Northland,37,18.6
Cryptosporidiosis,2023,Northland,64,32.2
Arboviral diseases,2023,Northland,1,suppressed
Meningoencephalitis - primary amoebic,2023,Northland,0,0
Rickettsial disease,2023,Northland,1,suppressed
Rabies and other lyssaviruses,2023,Northland,1,suppressed
Giardiasis,2023,Northland,36,18.1
Meningococcal disease,2023,Northland,4,suppressed
Toxic shellfish poisoning,2023,Northland,0,0
Campylobacteriosis,2023,Northland,266,134
Paratyphoid fever,2023,Northland,0,0
Shigellosis,2023,Northland,4,suppressed
Tetanus,2023,Northland,0,0
Yersiniosis,2023,Northland,52,26.2
Leprosy,2023,Northland,0,0
Hepatitis NOS,2023,Northland,0,0
Trichinosis,2023,Northland,0,0
Malaria,2023,Northland,0,0
Cholera,2023,Northland,0,0
Invasive pneumococcal disease,2023,Northland,46,23.2
Tuberculosis disease,2023,Northland,5,2.5
Rubella,2023,Northland,0,0
Leptospirosis,2023,Northland,15,7.6
VTEC/STEC infection,2023,Northland,85,42.8
Brucellosis,2023,Northland,0,0
Q fever,2023,Northland,0,0
Rheumatic fever,2023,Northland,5,2.5
Listeriosis,2023,Northland,1,suppressed
Haemophilus influenzae type b,2023,Northland,0,0
Measles,2023,Northland,3,suppressed
Legionellosis,2023,Northland,5,2.5
Mumps,2023,Northland,0,0
Poliomyelitis,2023,Northland,0,0
Cysticercosis,2023,Northland,0,0
Taeniasis,2023,Northland,0,0
Acute gastroenteritis,2023,Northland,55,27.7
Invasive group A streptococcal infection,2023,Northland,0,0
Rabies and other lyssaviruses,2023,South Canterbury,0,0
Meningoencephalitis - primary amoebic,2023,South Canterbury,0,0
Tetanus,2023,South Canterbury,0,0
Measles,2023,South Canterbury,0,0
Hepatitis C,2023,South Canterbury,0,0
Paratyphoid fever,2023,South Canterbury,0,0
Leptospirosis,2023,South Canterbury,1,suppressed
Hepatitis A,2023,South Canterbury,1,suppressed
Campylobacteriosis,2023,South Canterbury,122,194.8
Giardiasis,2023,South Canterbury,3,suppressed
Mpox,2023,South Canterbury,0,0
Arboviral diseases,2023,South Canterbury,0,0
Rickettsial disease,2023,South Canterbury,0,0
Pertussis,2023,South Canterbury,0,0
Toxic shellfish poisoning,2023,South Canterbury,0,0
Meningococcal disease,2023,South Canterbury,0,0
Malaria,2023,South Canterbury,0,0
Rheumatic fever,2023,South Canterbury,0,0
Tuberculosis disease,2023,South Canterbury,3,suppressed
Hepatitis B,2023,South Canterbury,0,0
Typhoid fever,2023,South Canterbury,1,suppressed
Cholera,2023,South Canterbury,0,0
Leprosy,2023,South Canterbury,0,0
Cryptosporidiosis,2023,South Canterbury,28,44.7
Shigellosis,2023,South Canterbury,0,0
Yersiniosis,2023,South Canterbury,16,25.5
Diphtheria,2023,South Canterbury,0,0
Haemophilus influenzae type b,2023,South Canterbury,0,0
Trichinosis,2023,South Canterbury,0,0
Cysticercosis,2023,South Canterbury,0,0
Mumps,2023,South Canterbury,0,0
Salmonellosis,2023,South Canterbury,24,38.3
Invasive pneumococcal disease,2023,South Canterbury,8,12.8
Legionellosis,2023,South Canterbury,1,suppressed
Listeriosis,2023,South Canterbury,0,0
Acute gastroenteritis,2023,South Canterbury,2,suppressed
Hepatitis NOS,2023,South Canterbury,0,0
Q fever,2023,South Canterbury,0,0
Poliomyelitis,2023,South Canterbury,0,0
Rubella,2023,South Canterbury,0,0
Brucellosis,2023,South Canterbury,0,0
Hydatid disease,2023,South Canterbury,0,0
Invasive group A streptococcal infection,2023,South Canterbury,0,0
Taeniasis,2023,South Canterbury,0,0
VTEC/STEC infection,2023,South Canterbury,26,41.5
Yersiniosis,2023,Southern,111,31.4
Hepatitis A,2023,Southern,1,suppressed
Tuberculosis disease,2023,Southern,10,2.8
Acute gastroenteritis,2023,Southern,80,22.7
Paratyphoid fever,2023,Southern,0,0
Meningoencephalitis - primary amoebic,2023,Southern,0,0
Hepatitis B,2023,Southern,0,0
Leprosy,2023,Southern,0,0
Pertussis,2023,Southern,29,8.2
Salmonellosis,2023,Southern,78,22.1
Cholera,2023,Southern,0,0
Rabies and other lyssaviruses,2023,Southern,0,0
Measles,2023,Southern,1,suppressed
Diphtheria,2023,Southern,0,0
Tetanus,2023,Southern,0,0
Leptospirosis,2023,Southern,4,suppressed
Arboviral diseases,2023,Southern,4,suppressed
Hepatitis C,2023,Southern,3,suppressed
Toxic shellfish poisoning,2023,Southern,0,0
Trichinosis,2023,Southern,0,0
Rheumatic fever,2023,Southern,1,suppressed
Typhoid fever,2023,Southern,2,suppressed
Cryptosporidiosis,2023,Southern,141,39.9
VTEC/STEC infection,2023,Southern,128,36.2
Malaria,2023,Southern,3,suppressed
Listeriosis,2023,Southern,1,suppressed
Cysticercosis,2023,Southern,0,0
Mpox,2023,Southern,0,0
Shigellosis,2023,Southern,3,suppressed
Invasive pneumococcal disease,2023,Southern,49,13.9
Meningococcal disease,2023,Southern,0,0
Haemophilus influenzae type b,2023,Southern,0,0
Giardiasis,2023,Southern,37,10.5
Poliomyelitis,2023,Southern,0,0
Brucellosis,2023,Southern,0,0
Campylobacteriosis,2023,Southern,462,130.8
Hydatid disease,2023,Southern,0,0
Mumps,2023,Southern,0,0
Rickettsial disease,2023,Southern,0,0
Hepatitis NOS,2023,Southern,0,0
Q fever,2023,Southern,0,0
Rubella,2023,Southern,0,0
Taeniasis,2023,Southern,0,0
Invasive group A streptococcal infection,2023,Southern,0,0
Legionellosis,2023,Southern,19,5.4
Yersiniosis,2023,Tairawhiti,20,38.2
Brucellosis,2023,Tairawhiti,0,0
Typhoid fever,2023,Tairawhiti,12,22.9
Pertussis,2023,Tairawhiti,0,0
Mpox,2023,Tairawhiti,0,0
Leptospirosis,2023,Tairawhiti,12,22.9
Hepatitis A,2023,Tairawhiti,0,0
Campylobacteriosis,2023,Tairawhiti,65,124.3
Rabies and other lyssaviruses,2023,Tairawhiti,0,0
Invasive pneumococcal disease,2023,Tairawhiti,12,22.9
Leprosy,2023,Tairawhiti,0,0
Meningoencephalitis - primary amoebic,2023,Tairawhiti,0,0
Cholera,2023,Tairawhiti,0,0
Cryptosporidiosis,2023,Tairawhiti,2,suppressed
Measles,2023,Tairawhiti,0,0
Tuberculosis disease,2023,Tairawhiti,2,suppressed
Rickettsial disease,2023,Tairawhiti,0,0
Toxic shellfish poisoning,2023,Tairawhiti,0,0
Mumps,2023,Tairawhiti,0,0
Salmonellosis,2023,Tairawhiti,6,11.5
Hydatid disease,2023,Tairawhiti,0,0
VTEC/STEC infection,2023,Tairawhiti,17,32.5
Hepatitis B,2023,Tairawhiti,0,0
Cysticercosis,2023,Tairawhiti,0,0
Giardiasis,2023,Tairawhiti,24,45.9
Tetanus,2023,Tairawhiti,0,0
Taeniasis,2023,Tairawhiti,0,0
Hepatitis C,2023,Tairawhiti,0,0
Arboviral diseases,2023,Tairawhiti,0,0
Diphtheria,2023,Tairawhiti,0,0
Hepatitis NOS,2023,Tairawhiti,0,0
Rubella,2023,Tairawhiti,0,0
Shigellosis,2023,Tairawhiti,1,suppressed
Paratyphoid fever,2023,Tairawhiti,0,0
Rheumatic fever,2023,Tairawhiti,2,suppressed
Haemophilus influenzae type b,2023,Tairawhiti,0,0
Trichinosis,2023,Tairawhiti,0,0
Listeriosis,2023,Tairawhiti,0,0
Malaria,2023,Tairawhiti,0,0
Q fever,2023,Tairawhiti,0,0
Legionellosis,2023,Tairawhiti,0,0
Meningococcal disease,2023,Tairawhiti,1,suppressed
Invasive group A streptococcal infection,2023,Tairawhiti,0,0
Poliomyelitis,2023,Tairawhiti,0,0
Acute gastroenteritis,2023,Tairawhiti,1,suppressed
Rickettsial disease,2023,Taranaki,0,0
Typhoid fever,2023,Taranaki,0,0
Meningoencephalitis - primary amoebic,2023,Taranaki,0,0
Mpox,2023,Taranaki,0,0
Invasive pneumococcal disease,2023,Taranaki,11,8.5
Measles,2023,Taranaki,1,suppressed
Hydatid disease,2023,Taranaki,0,0
Pertussis,2023,Taranaki,6,4.6
Tetanus,2023,Taranaki,1,suppressed
Salmonellosis,2023,Taranaki,29,22.4
Leprosy,2023,Taranaki,0,0
Tuberculosis disease,2023,Taranaki,2,suppressed
Brucellosis,2023,Taranaki,0,0
Hepatitis C,2023,Taranaki,0,0
Giardiasis,2023,Taranaki,26,20.1
Cholera,2023,Taranaki,0,0
Hepatitis NOS,2023,Taranaki,0,0
Rubella,2023,Taranaki,0,0
Mumps,2023,Taranaki,0,0
Trichinosis,2023,Taranaki,0,0
Hepatitis A,2023,Taranaki,0,0
Cryptosporidiosis,2023,Taranaki,33,25.5
Yersiniosis,2023,Taranaki,28,21.6
VTEC/STEC infection,2023,Taranaki,57,44
Arboviral diseases,2023,Taranaki,2,suppressed
Rabies and other lyssaviruses,2023,Taranaki,0,0
Toxic shellfish poisoning,2023,Taranaki,0,0
Leptospirosis,2023,Taranaki,7,5.4
Hepatitis B,2023,Taranaki,2,suppressed
Taeniasis,2023,Taranaki,0,0
Campylobacteriosis,2023,Taranaki,233,179.9
Meningococcal disease,2023,Taranaki,1,suppressed
Legionellosis,2023,Taranaki,8,6.2
Malaria,2023,Taranaki,0,0
Rheumatic fever,2023,Taranaki,2,suppressed
Haemophilus influenzae type b,2023,Taranaki,0,0
Shigellosis,2023,Taranaki,0,0
Paratyphoid fever,2023,Taranaki,0,0
Cysticercosis,2023,Taranaki,0,0
Listeriosis,2023,Taranaki,0,0
Diphtheria,2023,Taranaki,0,0
Q fever,2023,Taranaki,0,0
Invasive group A streptococcal infection,2023,Taranaki,0,0
Poliomyelitis,2023,Taranaki,0,0
Acute gastroenteritis,2023,Taranaki,1,suppressed
Campylobacteriosis,2023,Waikato,590,129.9
Haemophilus influenzae type b,2023,Waikato,1,suppressed
Malaria,2023,Waikato,2,suppressed
Cholera,2023,Waikato,0,0
Rubella,2023,Waikato,0,0
Mpox,2023,Waikato,0,0
Pertussis,2023,Waikato,10,2.2
Rickettsial disease,2023,Waikato,1,suppressed
Q fever,2023,Waikato,0,0
Poliomyelitis,2023,Waikato,0,0
Listeriosis,2023,Waikato,5,1.1
Rabies and other lyssaviruses,2023,Waikato,0,0
Salmonellosis,2023,Waikato,52,11.5
Legionellosis,2023,Waikato,16,3.5
Taeniasis,2023,Waikato,0,0
Leptospirosis,2023,Waikato,30,6.6
Yersiniosis,2023,Waikato,95,20.9
Meningococcal disease,2023,Waikato,5,1.1
Hepatitis NOS,2023,Waikato,4,suppressed
Meningoencephalitis - primary amoebic,2023,Waikato,0,0
Tuberculosis disease,2023,Waikato,24,5.3
Invasive pneumococcal disease,2023,Waikato,64,14.1
Mumps,2023,Waikato,0,0
Hepatitis A,2023,Waikato,1,suppressed
Hydatid disease,2023,Waikato,0,0
Rheumatic fever,2023,Waikato,15,3.3
Arboviral diseases,2023,Waikato,2,suppressed
Paratyphoid fever,2023,Waikato,1,suppressed
Cryptosporidiosis,2023,Waikato,110,24.2
Measles,2023,Waikato,2,suppressed
Tetanus,2023,Waikato,0,0
VTEC/STEC infection,2023,Waikato,79,17.4
Cysticercosis,2023,Waikato,0,0
Brucellosis,2023,Waikato,0,0
Hepatitis C,2023,Waikato,1,suppressed
Diphtheria,2023,Waikato,0,0
Invasive group A streptococcal infection,2023,Waikato,0,0
Leprosy,2023,Waikato,0,0
Shigellosis,2023,Waikato,6,1.3
Typhoid fever,2023,Waikato,5,1.1
Giardiasis,2023,Waikato,126,27.7
Toxic shellfish poisoning,2023,Waikato,0,0
Acute gastroenteritis,2023,Waikato,85,18.7
Hepatitis B,2023,Waikato,2,suppressed
Trichinosis,2023,Waikato,0,0
Campylobacteriosis,2023,Wairarapa,85,167.8
Paratyphoid fever,2023,Wairarapa,0,0
Tuberculosis disease,2023,Wairarapa,4,suppressed
Cholera,2023,Wairarapa,0,0
Toxic shellfish poisoning,2023,Wairarapa,0,0
Taeniasis,2023,Wairarapa,0,0
Rickettsial disease,2023,Wairarapa,0,0
Arboviral diseases,2023,Wairarapa,0,0
Diphtheria,2023,Wairarapa,0,0
Rabies and other lyssaviruses,2023,Wairarapa,0,0
Salmonellosis,2023,Wairarapa,7,13.8
Yersiniosis,2023,Wairarapa,22,43.4
Hydatid disease,2023,Wairarapa,0,0
Invasive pneumococcal disease,2023,Wairarapa,15,29.6
Giardiasis,2023,Wairarapa,16,31.6
Haemophilus influenzae type b,2023,Wairarapa,0,0
Mumps,2023,Wairarapa,0,0
Pertussis,2023,Wairarapa,0,0
Meningococcal disease,2023,Wairarapa,0,0
VTEC/STEC infection,2023,Wairarapa,31,61.2
Hepatitis B,2023,Wairarapa,0,0
Hepatitis NOS,2023,Wairarapa,0,0
Invasive group A streptococcal infection,2023,Wairarapa,0,0
Poliomyelitis,2023,Wairarapa,0,0
Brucellosis,2023,Wairarapa,0,0
Meningoencephalitis - primary amoebic,2023,Wairarapa,0,0
Tetanus,2023,Wairarapa,0,0
Rheumatic fever,2023,Wairarapa,0,0
Shigellosis,2023,Wairarapa,0,0
Q fever,2023,Wairarapa,0,0
Mpox,2023,Wairarapa,0,0
Measles,2023,Wairarapa,0,0
Acute gastroenteritis,2023,Wairarapa,3,suppressed
Typhoid fever,2023,Wairarapa,1,suppressed
Malaria,2023,Wairarapa,0,0
Hepatitis C,2023,Wairarapa,0,0
Listeriosis,2023,Wairarapa,0,0
Rubella,2023,Wairarapa,0,0
Cryptosporidiosis,2023,Wairarapa,14,27.6
Leprosy,2023,Wairarapa,0,0
Legionellosis,2023,Wairarapa,1,suppressed
Leptospirosis,2023,Wairarapa,6,11.8
Cysticercosis,2023,Wairarapa,0,0
Trichinosis,2023,Wairarapa,0,0
Hepatitis A,2023,Wairarapa,0,0
Cryptosporidiosis,2023,Waitemata,83,12.5
Mpox,2023,Waitemata,5,0.8
Tetanus,2023,Waitemata,0,0
Meningoencephalitis - primary amoebic,2023,Waitemata,0,0
Hepatitis A,2023,Waitemata,3,suppressed
Shigellosis,2023,Waitemata,22,3.3
Campylobacteriosis,2023,Waitemata,835,125.9
Yersiniosis,2023,Waitemata,184,27.7
Typhoid fever,2023,Waitemata,5,0.8
Hepatitis C,2023,Waitemata,4,suppressed
Q fever,2023,Waitemata,0,0
Leptospirosis,2023,Waitemata,6,0.9
Pertussis,2023,Waitemata,30,4.5
Rubella,2023,Waitemata,0,0
Hepatitis NOS,2023,Waitemata,0,0
Measles,2023,Waitemata,3,suppressed
Invasive pneumococcal disease,2023,Waitemata,74,11.2
Toxic shellfish poisoning,2023,Waitemata,0,0
Salmonellosis,2023,Waitemata,71,10.7
Brucellosis,2023,Waitemata,0,0
Leprosy,2023,Waitemata,1,suppressed
Arboviral diseases,2023,Waitemata,13,2
Invasive group A streptococcal infection,2023,Waitemata,0,0
Rickettsial disease,2023,Waitemata,0,0
Diphtheria,2023,Waitemata,0,0
Hepatitis B,2023,Waitemata,2,suppressed
Trichinosis,2023,Waitemata,0,0
Malaria,2023,Waitemata,7,1.1
Hydatid disease,2023,Waitemata,0,0
Cysticercosis,2023,Waitemata,0,0
Cholera,2023,Waitemata,0,0
Mumps,2023,Waitemata,2,suppressed
VTEC/STEC infection,2023,Waitemata,75,11.3
Paratyphoid fever,2023,Waitemata,2,suppressed
Haemophilus influenzae type b,2023,Waitemata,1,suppressed
Giardiasis,2023,Waitemata,101,15.2
Acute gastroenteritis,2023,Waitemata,6,0.9
Taeniasis,2023,Waitemata,0,0
Meningococcal disease,2023,Waitemata,6,0.9
Tuberculosis disease,2023,Waitemata,45,6.8
Rabies and other lyssaviruses,2023,Waitemata,0,0
Rheumatic fever,2023,Waitemata,14,2.1
Legionellosis,2023,Waitemata,26,3.9
Listeriosis,2023,Waitemata,3,suppressed
Poliomyelitis,2023,Waitemata,0,0
Haemophilus influenzae type b,2023,West Coast,0,0
Tuberculosis disease,2023,West Coast,0,0
Arboviral diseases,2023,West Coast,1,suppressed
Mumps,2023,West Coast,0,0
Paratyphoid fever,2023,West Coast,0,0
Rabies and other lyssaviruses,2023,West Coast,0,0
Hepatitis B,2023,West Coast,0,0
Toxic shellfish poisoning,2023,West Coast,0,0
Invasive group A streptococcal infection,2023,West Coast,0,0
Cholera,2023,West Coast,0,0
Taeniasis,2023,West Coast,0,0
Meningococcal disease,2023,West Coast,0,0
Hydatid disease,2023,West Coast,0,0
Rickettsial disease,2023,West Coast,0,0
Acute gastroenteritis,2023,West Coast,0,0
VTEC/STEC infection,2023,West Coast,6,17.7
Yersiniosis,2023,West Coast,6,17.7
Hepatitis C,2023,West Coast,2,suppressed
Listeriosis,2023,West Coast,0,0
Q fever,2023,West Coast,0,0
Brucellosis,2023,West Coast,0,0
Hepatitis NOS,2023,West Coast,0,0
Salmonellosis,2023,West Coast,5,14.7
Campylobacteriosis,2023,West Coast,58,170.9
Typhoid fever,2023,West Coast,1,suppressed
Tetanus,2023,West Coast,0,0
Invasive pneumococcal disease,2023,West Coast,4,suppressed
Rubella,2023,West Coast,0,0
Cysticercosis,2023,West Coast,0,0
Pertussis,2023,West Coast,0,0
Leptospirosis,2023,West Coast,2,suppressed
Diphtheria,2023,West Coast,0,0
Rheumatic fever,2023,West Coast,0,0
Leprosy,2023,West Coast,0,0
Malaria,2023,West Coast,1,suppressed
Giardiasis,2023,West Coast,3,suppressed
Measles,2023,West Coast,0,0
Trichinosis,2023,West Coast,0,0
Cryptosporidiosis,2023,West Coast,5,14.7
Shigellosis,2023,West Coast,1,suppressed
Legionellosis,2023,West Coast,1,suppressed
Mpox,2023,West Coast,0,0
Hepatitis A,2023,West Coast,1,suppressed
Meningoencephalitis - primary amoebic,2023,West Coast,0,0
Poliomyelitis,2023,West Coast,0,0
Leprosy,2023,Whanganui,0,0
Mpox,2023,Whanganui,0,0
Cryptosporidiosis,2023,Whanganui,3,suppressed
Hepatitis B,2023,Whanganui,0,0
Shigellosis,2023,Whanganui,1,suppressed
Toxic shellfish poisoning,2023,Whanganui,0,0
Legionellosis,2023,Whanganui,0,0
Brucellosis,2023,Whanganui,0,0
Invasive pneumococcal disease,2023,Whanganui,11,15.8
Rubella,2023,Whanganui,0,0
Yersiniosis,2023,Whanganui,6,8.6
Typhoid fever,2023,Whanganui,1,suppressed
Meningoencephalitis - primary amoebic,2023,Whanganui,0,0
Giardiasis,2023,Whanganui,9,13
Diphtheria,2023,Whanganui,0,0
Meningococcal disease,2023,Whanganui,2,suppressed
Mumps,2023,Whanganui,0,0
Cholera,2023,Whanganui,0,0
VTEC/STEC infection,2023,Whanganui,16,23
Taeniasis,2023,Whanganui,0,0
Rabies and other lyssaviruses,2023,Whanganui,0,0
Leptospirosis,2023,Whanganui,5,7.2
Haemophilus influenzae type b,2023,Whanganui,0,0
Tetanus,2023,Whanganui,0,0
Salmonellosis,2023,Whanganui,7,10.1
Campylobacteriosis,2023,Whanganui,62,89.3
Tuberculosis disease,2023,Whanganui,5,7.2
Hepatitis NOS,2023,Whanganui,0,0
Malaria,2023,Whanganui,1,suppressed
Arboviral diseases,2023,Whanganui,4,suppressed
Hydatid disease,2023,Whanganui,0,0
Paratyphoid fever,2023,Whanganui,0,0
Measles,2023,Whanganui,0,0
Trichinosis,2023,Whanganui,0,0
Cysticercosis,2023,Whanganui,0,0
Rheumatic fever,2023,Whanganui,2,suppressed
Q fever,2023,Whanganui,0,0
Poliomyelitis,2023,Whanganui,0,0
Listeriosis,2023,Whanganui,0,0
Hepatitis C,2023,Whanganui,0,0
Hepatitis A,2023,Whanganui,0,0
Invasive group A streptococcal infection,2023,Whanganui,0,0
Pertussis,2023,Whanganui,6,8.6
Rickettsial disease,2023,Whanganui,0,0
Acute gastroenteritis,2023,Whanganui,12,17.3
Mpox,2024,Auckland,4,suppressed
Hepatitis NOS,2024,Auckland,1,suppressed
Brucellosis,2024,Auckland,1,suppressed
Legionellosis,2024,Auckland,12,2.4
Leprosy,2024,Auckland,1,suppressed
Yersiniosis,2024,Auckland,112,22.2
Haemophilus influenzae type b,2024,Auckland,1,suppressed
Meningococcal disease,2024,Auckland,5,1
Toxic shellfish poisoning,2024,Auckland,0,0
Invasive pneumococcal disease,2024,Auckland,56,11.1
Meningoencephalitis - primary amoebic,2024,Auckland,0,0
Rickettsial disease,2024,Auckland,1,suppressed
Giardiasis,2024,Auckland,94,18.7
Malaria,2024,Auckland,6,1.2
Rheumatic fever,2024,Auckland,29,5.8
Diphtheria,2024,Auckland,0,0
Measles,2024,Auckland,1,suppressed
Rubella,2024,Auckland,0,0
Shigellosis,2024,Auckland,38,7.5
Mumps,2024,Auckland,3,suppressed
Poliomyelitis,2024,Auckland,0,0
Pertussis,2024,Auckland,96,19.1
Cysticercosis,2024,Auckland,0,0
Hepatitis C,2024,Auckland,4,suppressed
Hydatid disease,2024,Auckland,0,0
Listeriosis,2024,Auckland,6,1.2
VTEC/STEC infection,2024,Auckland,36,7.1
Tuberculosis disease,2024,Auckland,51,10.1
Cholera,2024,Auckland,0,0
Campylobacteriosis,2024,Auckland,523,103.8
Leptospirosis,2024,Auckland,3,suppressed
Typhoid fever,2024,Auckland,5,1
Invasive group A streptococcal infection,2024,Auckland,17,3.4
Hepatitis B,2024,Auckland,1,suppressed
Q fever,2024,Auckland,0,0
Tetanus,2024,Auckland,0,0
Hepatitis A,2024,Auckland,6,1.2
Paratyphoid fever,2024,Auckland,4,suppressed
Acute gastroenteritis,2024,Auckland,15,3
Taeniasis,2024,Auckland,0,0
Cryptosporidiosis,2024,Auckland,129,25.6
Arboviral diseases,2024,Auckland,36,7.1
Rabies and other lyssaviruses,2024,Auckland,0,0
Trichinosis,2024,Auckland,0,0
Salmonellosis,2024,Auckland,93,18.5
Yersiniosis,2024,Bay of Plenty,72,26
Haemophilus influenzae type b,2024,Bay of Plenty,0,0
Invasive group A streptococcal infection,2024,Bay of Plenty,3,suppressed
Malaria,2024,Bay of Plenty,1,suppressed
Legionellosis,2024,Bay of Plenty,17,6.1
Hydatid disease,2024,Bay of Plenty,0,0
Meningoencephalitis - primary amoebic,2024,Bay of Plenty,0,0
Q fever,2024,Bay of Plenty,0,0
Mpox,2024,Bay of Plenty,0,0
Invasive pneumococcal disease,2024,Bay of Plenty,40,14.4
Toxic shellfish poisoning,2024,Bay of Plenty,0,0
Tuberculosis disease,2024,Bay of Plenty,19,6.9
Giardiasis,2024,Bay of Plenty,82,29.6
Leprosy,2024,Bay of Plenty,0,0
Shigellosis,2024,Bay of Plenty,6,2.2
Cholera,2024,Bay of Plenty,0,0
Rickettsial disease,2024,Bay of Plenty,0,0
Tetanus,2024,Bay of Plenty,0,0
Hepatitis C,2024,Bay of Plenty,0,0
Diphtheria,2024,Bay of Plenty,0,0
Poliomyelitis,2024,Bay of Plenty,0,0
Listeriosis,2024,Bay of Plenty,4,suppressed
Hepatitis NOS,2024,Bay of Plenty,0,0
Meningococcal disease,2024,Bay of Plenty,1,suppressed
Brucellosis,2024,Bay of Plenty,0,0
Rubella,2024,Bay of Plenty,0,0
Typhoid fever,2024,Bay of Plenty,4,suppressed
VTEC/STEC infection,2024,Bay of Plenty,56,20.2
Measles,2024,Bay of Plenty,0,0
Hepatitis B,2024,Bay of Plenty,3,suppressed
Cryptosporidiosis,2024,Bay of Plenty,69,24.9
Cysticercosis,2024,Bay of Plenty,0,0
Leptospirosis,2024,Bay of Plenty,17,6.1
Paratyphoid fever,2024,Bay of Plenty,1,suppressed
Pertussis,2024,Bay of Plenty,109,39.4
Trichinosis,2024,Bay of Plenty,0,0
Salmonellosis,2024,Bay of Plenty,40,14.4
Arboviral diseases,2024,Bay of Plenty,8,2.9
Taeniasis,2024,Bay of Plenty,0,0
Hepatitis A,2024,Bay of Plenty,7,2.5
Mumps,2024,Bay of Plenty,1,suppressed
Acute gastroenteritis,2024,Bay of Plenty,57,20.6
Rheumatic fever,2024,Bay of Plenty,3,suppressed
Campylobacteriosis,2024,Bay of Plenty,285,102.9
Rabies and other lyssaviruses,2024,Bay of Plenty,0,0
Mpox,2024,Canterbury,8,1.3
Measles,2024,Canterbury,0,0
Invasive pneumococcal disease,2024,Canterbury,61,9.7
Rickettsial disease,2024,Canterbury,0,0
Q fever,2024,Canterbury,1,suppressed
Yersiniosis,2024,Canterbury,133,21.2
Mumps,2024,Canterbury,2,suppressed
Cholera,2024,Canterbury,0,0
Listeriosis,2024,Canterbury,5,0.8
Hepatitis C,2024,Canterbury,2,suppressed
Haemophilus influenzae type b,2024,Canterbury,0,0
Hepatitis B,2024,Canterbury,1,suppressed
Campylobacteriosis,2024,Canterbury,649,103.7
Brucellosis,2024,Canterbury,0,0
Taeniasis,2024,Canterbury,1,suppressed
Typhoid fever,2024,Canterbury,8,1.3
Rubella,2024,Canterbury,0,0
Meningoencephalitis - primary amoebic,2024,Canterbury,0,0
Leptospirosis,2024,Canterbury,1,suppressed
Cryptosporidiosis,2024,Canterbury,218,34.8
Shigellosis,2024,Canterbury,10,1.6
Poliomyelitis,2024,Canterbury,0,0
Trichinosis,2024,Canterbury,0,0
Giardiasis,2024,Canterbury,64,10.2
Pertussis,2024,Canterbury,239,38.2
Hepatitis A,2024,Canterbury,13,2.1
Paratyphoid fever,2024,Canterbury,2,suppressed
Malaria,2024,Canterbury,0,0
Salmonellosis,2024,Canterbury,120,19.2
Arboviral diseases,2024,Canterbury,21,3.4
VTEC/STEC infection,2024,Canterbury,159,25.4
Leprosy,2024,Canterbury,0,0
Cysticercosis,2024,Canterbury,0,0
Legionellosis,2024,Canterbury,37,5.9
Tuberculosis disease,2024,Canterbury,47,7.5
Acute gastroenteritis,2024,Canterbury,89,14.2
Rheumatic fever,2024,Canterbury,9,1.4
Hydatid disease,2024,Canterbury,0,0
Hepatitis NOS,2024,Canterbury,0,0
Toxic shellfish poisoning,2024,Canterbury,0,0
Rabies and other lyssaviruses,2024,Canterbury,0,0
Invasive group A streptococcal infection,2024,Canterbury,17,2.7
Tetanus,2024,Canterbury,0,0
Meningococcal disease,2024,Canterbury,5,0.8
Diphtheria,2024,Canterbury,0,0
Invasive pneumococcal disease,2024,"Capital, Coast and Hutt Valley",75,15.6
Cysticercosis,2024,"Capital, Coast and Hutt Valley",0,0
Rubella,2024,"Capital, Coast and Hutt Valley",0,0
Malaria,2024,"Capital, Coast and Hutt Valley",2,suppressed
Yersiniosis,2024,"Capital, Coast and Hutt Valley",166,34.5
Legionellosis,2024,"Capital, Coast and Hutt Valley",3,suppressed
Diphtheria,2024,"Capital, Coast and Hutt Valley",0,0
Giardiasis,2024,"Capital, Coast and Hutt Valley",79,16.4
Leprosy,2024,"Capital, Coast and Hutt Valley",0,0
VTEC/STEC infection,2024,"Capital, Coast and Hutt Valley",90,18.7
Cholera,2024,"Capital, Coast and Hutt Valley",0,0
Meningoencephalitis - primary amoebic,2024,"Capital, Coast and Hutt Valley",0,0
Mpox,2024,"Capital, Coast and Hutt Valley",0,0
Rickettsial disease,2024,"Capital, Coast and Hutt Valley",0,0
Hepatitis C,2024,"Capital, Coast and Hutt Valley",1,suppressed
Hepatitis B,2024,"Capital, Coast and Hutt Valley",0,0
Listeriosis,2024,"Capital, Coast and Hutt Valley",0,0
Poliomyelitis,2024,"Capital, Coast and Hutt Valley",0,0
Hepatitis NOS,2024,"Capital, Coast and Hutt Valley",0,0
Hydatid disease,2024,"Capital, Coast and Hutt Valley",0,0
Invasive group A streptococcal infection,2024,"Capital, Coast and Hutt Valley",4,suppressed
Typhoid fever,2024,"Capital, Coast and Hutt Valley",5,1
Hepatitis A,2024,"Capital, Coast and Hutt Valley",7,1.5
Measles,2024,"Capital, Coast and Hutt Valley",0,0
Salmonellosis,2024,"Capital, Coast and Hutt Valley",84,17.4
Cryptosporidiosis,2024,"Capital, Coast and Hutt Valley",65,13.5
Mumps,2024,"Capital, Coast and Hutt Valley",0,0
Leptospirosis,2024,"Capital, Coast and Hutt Valley",2,suppressed
Acute gastroenteritis,2024,"Capital, Coast and Hutt Valley",43,8.9
Q fever,2024,"Capital, Coast and Hutt Valley",0,0
Brucellosis,2024,"Capital, Coast and Hutt Valley",0,0
Trichinosis,2024,"Capital, Coast and Hutt Valley",0,0
Haemophilus influenzae type b,2024,"Capital, Coast and Hutt Valley",0,0
Tuberculosis disease,2024,"Capital, Coast and Hutt Valley",41,8.5
Pertussis,2024,"Capital, Coast and Hutt Valley",242,50.2
Taeniasis,2024,"Capital, Coast and Hutt Valley",0,0
Arboviral diseases,2024,"Capital, Coast and Hutt Valley",11,2.3
Tetanus,2024,"Capital, Coast and Hutt Valley",0,0
Rheumatic fever,2024,"Capital, Coast and Hutt Valley",14,2.9
Shigellosis,2024,"Capital, Coast and Hutt Valley",10,2.1
Paratyphoid fever,2024,"Capital, Coast and Hutt Valley",0,0
Rabies and other lyssaviruses,2024,"Capital, Coast and Hutt Valley",0,0
Campylobacteriosis,2024,"Capital, Coast and Hutt Valley",424,88
Meningococcal disease,2024,"Capital, Coast and Hutt Valley",3,suppressed
Toxic shellfish poisoning,2024,"Capital, Coast and Hutt Valley",0,0
Meningoencephalitis - primary amoebic,2024,Counties Manukau,0,0
Rubella,2024,Counties Manukau,0,0
Arboviral diseases,2024,Counties Manukau,7,1.1
Invasive pneumococcal disease,2024,Counties Manukau,109,16.9
Legionellosis,2024,Counties Manukau,34,5.3
Typhoid fever,2024,Counties Manukau,16,2.5
Leprosy,2024,Counties Manukau,0,0
Tuberculosis disease,2024,Counties Manukau,69,10.7
Shigellosis,2024,Counties Manukau,41,6.4
Hepatitis A,2024,Counties Manukau,10,1.6
Brucellosis,2024,Counties Manukau,0,0
Rabies and other lyssaviruses,2024,Counties Manukau,0,0
Hydatid disease,2024,Counties Manukau,1,suppressed
Pertussis,2024,Counties Manukau,106,16.5
VTEC/STEC infection,2024,Counties Manukau,62,9.6
Taeniasis,2024,Counties Manukau,0,0
Cholera,2024,Counties Manukau,1,suppressed
Paratyphoid fever,2024,Counties Manukau,6,0.9
Salmonellosis,2024,Counties Manukau,74,11.5
Haemophilus influenzae type b,2024,Counties Manukau,0,0
Meningococcal disease,2024,Counties Manukau,7,1.1
Measles,2024,Counties Manukau,0,0
Yersiniosis,2024,Counties Manukau,94,14.6
Rheumatic fever,2024,Counties Manukau,84,13
Giardiasis,2024,Counties Manukau,87,13.5
Hepatitis NOS,2024,Counties Manukau,2,suppressed
Toxic shellfish poisoning,2024,Counties Manukau,0,0
Mpox,2024,Counties Manukau,2,suppressed
Campylobacteriosis,2024,Counties Manukau,552,85.7
Rickettsial disease,2024,Counties Manukau,0,0
Cysticercosis,2024,Counties Manukau,0,0
Listeriosis,2024,Counties Manukau,5,0.8
Diphtheria,2024,Counties Manukau,1,suppressed
Invasive group A streptococcal infection,2024,Counties Manukau,28,4.3
Malaria,2024,Counties Manukau,6,0.9
Acute gastroenteritis,2024,Counties Manukau,6,0.9
Hepatitis C,2024,Counties Manukau,2,suppressed
Poliomyelitis,2024,Counties Manukau,0,0
Cryptosporidiosis,2024,Counties Manukau,130,20.2
Tetanus,2024,Counties Manukau,0,0
Q fever,2024,Counties Manukau,0,0
Trichinosis,2024,Counties Manukau,0,0
Mumps,2024,Counties Manukau,3,suppressed
Hepatitis B,2024,Counties Manukau,2,suppressed
Leptospirosis,2024,Counties Manukau,3,suppressed
Pertussis,2024,Hawke's Bay,139,77.3
Giardiasis,2024,Hawke's Bay,30,16.7
Q fever,2024,Hawke's Bay,0,0
Campylobacteriosis,2024,Hawke's Bay,192,106.8
Mpox,2024,Hawke's Bay,0,0
Yersiniosis,2024,Hawke's Bay,20,11.1
Taeniasis,2024,Hawke's Bay,0,0
Poliomyelitis,2024,Hawke's Bay,0,0
Hepatitis NOS,2024,Hawke's Bay,0,0
Rabies and other lyssaviruses,2024,Hawke's Bay,0,0
Cysticercosis,2024,Hawke's Bay,0,0
Malaria,2024,Hawke's Bay,0,0
Rickettsial disease,2024,Hawke's Bay,0,0
Salmonellosis,2024,Hawke's Bay,36,20
Arboviral diseases,2024,Hawke's Bay,3,suppressed
Meningoencephalitis - primary amoebic,2024,Hawke's Bay,0,0
Hepatitis B,2024,Hawke's Bay,0,0
Trichinosis,2024,Hawke's Bay,0,0
Tetanus,2024,Hawke's Bay,0,0
Paratyphoid fever,2024,Hawke's Bay,0,0
Rheumatic fever,2024,Hawke's Bay,4,suppressed
Typhoid fever,2024,Hawke's Bay,0,0
Brucellosis,2024,Hawke's Bay,0,0
Hydatid disease,2024,Hawke's Bay,0,0
Cholera,2024,Hawke's Bay,0,0
Leptospirosis,2024,Hawke's Bay,3,suppressed
Haemophilus influenzae type b,2024,Hawke's Bay,0,0
Cryptosporidiosis,2024,Hawke's Bay,26,14.5
Invasive pneumococcal disease,2024,Hawke's Bay,34,18.9
Invasive group A streptococcal infection,2024,Hawke's Bay,4,suppressed
Measles,2024,Hawke's Bay,0,0
Meningococcal disease,2024,Hawke's Bay,1,suppressed
Diphtheria,2024,Hawke's Bay,0,0
Shigellosis,2024,Hawke's Bay,2,suppressed
Acute gastroenteritis,2024,Hawke's Bay,4,suppressed
Mumps,2024,Hawke's Bay,2,suppressed
Leprosy,2024,Hawke's Bay,0,0
Hepatitis A,2024,Hawke's Bay,4,suppressed
Hepatitis C,2024,Hawke's Bay,0,0
Rubella,2024,Hawke's Bay,0,0
Toxic shellfish poisoning,2024,Hawke's Bay,0,0
Tuberculosis disease,2024,Hawke's Bay,9,5
Listeriosis,2024,Hawke's Bay,0,0
VTEC/STEC infection,2024,Hawke's Bay,53,29.5
Legionellosis,2024,Hawke's Bay,3,suppressed
Hydatid disease,2024,Lakes,0,0
Meningococcal disease,2024,Lakes,3,suppressed
Invasive pneumococcal disease,2024,Lakes,25,20.9
Haemophilus influenzae type b,2024,Lakes,0,0
Arboviral diseases,2024,Lakes,3,suppressed
VTEC/STEC infection,2024,Lakes,22,18.4
Tuberculosis disease,2024,Lakes,1,suppressed
Cholera,2024,Lakes,0,0
Yersiniosis,2024,Lakes,17,14.2
Typhoid fever,2024,Lakes,0,0
Measles,2024,Lakes,0,0
Brucellosis,2024,Lakes,0,0
Rabies and other lyssaviruses,2024,Lakes,0,0
Giardiasis,2024,Lakes,36,30.1
Campylobacteriosis,2024,Lakes,126,105.3
Hepatitis A,2024,Lakes,0,0
Salmonellosis,2024,Lakes,15,12.5
Legionellosis,2024,Lakes,4,suppressed
Leprosy,2024,Lakes,0,0
Paratyphoid fever,2024,Lakes,0,0
Diphtheria,2024,Lakes,0,0
Hepatitis NOS,2024,Lakes,0,0
Hepatitis C,2024,Lakes,0,0
Meningoencephalitis - primary amoebic,2024,Lakes,0,0
Taeniasis,2024,Lakes,0,0
Cysticercosis,2024,Lakes,0,0
Malaria,2024,Lakes,0,0
Hepatitis B,2024,Lakes,1,suppressed
Invasive group A streptococcal infection,2024,Lakes,4,suppressed
Listeriosis,2024,Lakes,1,suppressed
Mpox,2024,Lakes,0,0
Leptospirosis,2024,Lakes,4,suppressed
Toxic shellfish poisoning,2024,Lakes,0,0
Q fever,2024,Lakes,0,0
Poliomyelitis,2024,Lakes,0,0
Rheumatic fever,2024,Lakes,5,4.2
Shigellosis,2024,Lakes,0,0
Cryptosporidiosis,2024,Lakes,22,18.4
Pertussis,2024,Lakes,26,21.7
Mumps,2024,Lakes,1,suppressed
Tetanus,2024,Lakes,0,0
Rubella,2024,Lakes,0,0
Rickettsial disease,2024,Lakes,0,0
Acute gastroenteritis,2024,Lakes,27,22.6
Trichinosis,2024,Lakes,0,0
Q fever,2024,MidCentral,0,0
Rubella,2024,MidCentral,0,0
Brucellosis,2024,MidCentral,0,0
Arboviral diseases,2024,MidCentral,2,suppressed
Hepatitis B,2024,MidCentral,0,0
Invasive pneumococcal disease,2024,MidCentral,24,12.5
Legionellosis,2024,MidCentral,2,suppressed
Pertussis,2024,MidCentral,46,24
Meningococcal disease,2024,MidCentral,1,suppressed
Mpox,2024,MidCentral,1,suppressed
Hepatitis C,2024,MidCentral,1,suppressed
Typhoid fever,2024,MidCentral,0,0
Yersiniosis,2024,MidCentral,18,9.4
Toxic shellfish poisoning,2024,MidCentral,0,0
Haemophilus influenzae type b,2024,MidCentral,0,0
Rickettsial disease,2024,MidCentral,0,0
Hepatitis NOS,2024,MidCentral,0,0
Cryptosporidiosis,2024,MidCentral,67,35
Mumps,2024,MidCentral,0,0
Leprosy,2024,MidCentral,0,0
Measles,2024,MidCentral,0,0
Leptospirosis,2024,MidCentral,0,0
Rheumatic fever,2024,MidCentral,4,suppressed
Rabies and other lyssaviruses,2024,MidCentral,0,0
Meningoencephalitis - primary amoebic,2024,MidCentral,0,0
Invasive group A streptococcal infection,2024,MidCentral,2,suppressed
Hepatitis A,2024,MidCentral,3,suppressed
Shigellosis,2024,MidCentral,1,suppressed
Cysticercosis,2024,MidCentral,0,0
Hydatid disease,2024,MidCentral,0,0
Tetanus,2024,MidCentral,0,0
Malaria,2024,MidCentral,1,suppressed
VTEC/STEC infection,2024,MidCentral,31,16.2
Diphtheria,2024,MidCentral,0,0
Listeriosis,2024,MidCentral,1,suppressed
Salmonellosis,2024,MidCentral,18,9.4
Giardiasis,2024,MidCentral,31,16.2
Campylobacteriosis,2024,MidCentral,200,104.4
Tuberculosis disease,2024,MidCentral,7,3.7
Cholera,2024,MidCentral,0,0
Taeniasis,2024,MidCentral,0,0
Acute gastroenteritis,2024,MidCentral,0,0
Trichinosis,2024,MidCentral,0,0
Poliomyelitis,2024,MidCentral,0,0
Paratyphoid fever,2024,MidCentral,0,0
Invasive group A streptococcal infection,2024,Nelson Marlborough,3,suppressed
Meningoencephalitis - primary amoebic,2024,Nelson Marlborough,0,0
Q fever,2024,Nelson Marlborough,0,0
Mpox,2024,Nelson Marlborough,0,0
Invasive pneumococcal disease,2024,Nelson Marlborough,19,11.5
Measles,2024,Nelson Marlborough,0,0
Typhoid fever,2024,Nelson Marlborough,1,suppressed
Poliomyelitis,2024,Nelson Marlborough,0,0
VTEC/STEC infection,2024,Nelson Marlborough,38,23
Rickettsial disease,2024,Nelson Marlborough,0,0
Leptospirosis,2024,Nelson Marlborough,6,3.6
Legionellosis,2024,Nelson Marlborough,5,3
Mumps,2024,Nelson Marlborough,0,0
Diphtheria,2024,Nelson Marlborough,0,0
Haemophilus influenzae type b,2024,Nelson Marlborough,0,0
Hepatitis C,2024,Nelson Marlborough,1,suppressed
Hepatitis B,2024,Nelson Marlborough,0,0
Hepatitis A,2024,Nelson Marlborough,1,suppressed
Campylobacteriosis,2024,Nelson Marlborough,177,107.1
Taeniasis,2024,Nelson Marlborough,0,0
Leprosy,2024,Nelson Marlborough,0,0
Shigellosis,2024,Nelson Marlborough,1,suppressed
Rubella,2024,Nelson Marlborough,0,0
Cryptosporidiosis,2024,Nelson Marlborough,18,10.9
Pertussis,2024,Nelson Marlborough,36,21.8
Tuberculosis disease,2024,Nelson Marlborough,2,suppressed
Listeriosis,2024,Nelson Marlborough,0,0
Giardiasis,2024,Nelson Marlborough,15,9.1
Malaria,2024,Nelson Marlborough,1,suppressed
Cholera,2024,Nelson Marlborough,0,0
Hydatid disease,2024,Nelson Marlborough,0,0
Brucellosis,2024,Nelson Marlborough,0,0
Cysticercosis,2024,Nelson Marlborough,0,0
Yersiniosis,2024,Nelson Marlborough,60,36.3
Arboviral diseases,2024,Nelson Marlborough,4,suppressed
Acute gastroenteritis,2024,Nelson Marlborough,6,3.6
Toxic shellfish poisoning,2024,Nelson Marlborough,0,0
Trichinosis,2024,Nelson Marlborough,0,0
Rheumatic fever,2024,Nelson Marlborough,0,0
Paratyphoid fever,2024,Nelson Marlborough,0,0
Meningococcal disease,2024,Nelson Marlborough,0,0
Rabies and other lyssaviruses,2024,Nelson Marlborough,0,0
Salmonellosis,2024,Nelson Marlborough,19,11.5
Hepatitis NOS,2024,Nelson Marlborough,0,0
Tetanus,2024,Nelson Marlborough,0,0
Campylobacteriosis,2024,Northland,270,134.8
Tuberculosis disease,2024,Northland,4,suppressed
Invasive pneumococcal disease,2024,Northland,49,24.5
Rubella,2024,Northland,0,0
Typhoid fever,2024,Northland,0,0
Q fever,2024,Northland,0,0
Arboviral diseases,2024,Northland,0,0
Meningoencephalitis - primary amoebic,2024,Northland,0,0
Measles,2024,Northland,0,0
Mumps,2024,Northland,0,0
Legionellosis,2024,Northland,4,suppressed
Paratyphoid fever,2024,Northland,0,0
Toxic shellfish poisoning,2024,Northland,1,suppressed
Yersiniosis,2024,Northland,40,20
Haemophilus influenzae type b,2024,Northland,0,0
Leprosy,2024,Northland,0,0
Leptospirosis,2024,Northland,8,4
Cholera,2024,Northland,0,0
Shigellosis,2024,Northland,4,suppressed
Hepatitis NOS,2024,Northland,0,0
Malaria,2024,Northland,0,0
Hydatid disease,2024,Northland,0,0
Hepatitis A,2024,Northland,2,suppressed
VTEC/STEC infection,2024,Northland,75,37.4
Taeniasis,2024,Northland,0,0
Brucellosis,2024,Northland,0,0
Rabies and other lyssaviruses,2024,Northland,0,0
Pertussis,2024,Northland,95,47.4
Mpox,2024,Northland,0,0
Rickettsial disease,2024,Northland,0,0
Giardiasis,2024,Northland,27,13.5
Salmonellosis,2024,Northland,37,18.5
Meningococcal disease,2024,Northland,3,suppressed
Diphtheria,2024,Northland,0,0
Listeriosis,2024,Northland,1,suppressed
Invasive group A streptococcal infection,2024,Northland,9,4.5
Hepatitis B,2024,Northland,0,0
Rheumatic fever,2024,Northland,7,3.5
Poliomyelitis,2024,Northland,0,0
Hepatitis C,2024,Northland,0,0
Tetanus,2024,Northland,1,suppressed
Cysticercosis,2024,Northland,0,0
Trichinosis,2024,Northland,0,0
Cryptosporidiosis,2024,Northland,56,28
Acute gastroenteritis,2024,Northland,27,13.5
Yersiniosis,2024,South Canterbury,19,30
Rickettsial disease,2024,South Canterbury,0,0
Acute gastroenteritis,2024,South Canterbury,2,suppressed
Measles,2024,South Canterbury,0,0
VTEC/STEC infection,2024,South Canterbury,48,75.9
Hepatitis B,2024,South Canterbury,0,0
Invasive pneumococcal disease,2024,South Canterbury,5,7.9
Rubella,2024,South Canterbury,0,0
Q fever,2024,South Canterbury,0,0
Salmonellosis,2024,South Canterbury,18,28.4
Arboviral diseases,2024,South Canterbury,0,0
Tuberculosis disease,2024,South Canterbury,2,suppressed
Legionellosis,2024,South Canterbury,3,suppressed
Meningoencephalitis - primary amoebic,2024,South Canterbury,0,0
Cryptosporidiosis,2024,South Canterbury,34,53.7
Mumps,2024,South Canterbury,1,suppressed
Toxic shellfish poisoning,2024,South Canterbury,0,0
Cholera,2024,South Canterbury,0,0
Pertussis,2024,South Canterbury,18,28.4
Haemophilus influenzae type b,2024,South Canterbury,0,0
Leprosy,2024,South Canterbury,0,0
Paratyphoid fever,2024,South Canterbury,0,0
Campylobacteriosis,2024,South Canterbury,117,184.9
Hepatitis A,2024,South Canterbury,0,0
Leptospirosis,2024,South Canterbury,1,suppressed
Hydatid disease,2024,South Canterbury,0,0
Typhoid fever,2024,South Canterbury,0,0
Mpox,2024,South Canterbury,0,0
Meningococcal disease,2024,South Canterbury,0,0
Shigellosis,2024,South Canterbury,4,suppressed
Rabies and other lyssaviruses,2024,South Canterbury,0,0
Brucellosis,2024,South Canterbury,0,0
Rheumatic fever,2024,South Canterbury,1,suppressed
Malaria,2024,South Canterbury,0,0
Hepatitis NOS,2024,South Canterbury,0,0
Taeniasis,2024,South Canterbury,1,suppressed
Diphtheria,2024,South Canterbury,1,suppressed
Invasive group A streptococcal infection,2024,South Canterbury,3,suppressed
Listeriosis,2024,South Canterbury,1,suppressed
Hepatitis C,2024,South Canterbury,0,0
Trichinosis,2024,South Canterbury,0,0
Cysticercosis,2024,South Canterbury,0,0
Tetanus,2024,South Canterbury,0,0
Giardiasis,2024,South Canterbury,6,9.5
Poliomyelitis,2024,South Canterbury,0,0
Giardiasis,2024,Southern,35,9.8
Pertussis,2024,Southern,188,52.4
Tuberculosis disease,2024,Southern,15,4.2
Rickettsial disease,2024,Southern,0,0
Rubella,2024,Southern,0,0
Q fever,2024,Southern,1,suppressed
Yersiniosis,2024,Southern,120,33.5
Typhoid fever,2024,Southern,1,suppressed
Poliomyelitis,2024,Southern,0,0
Taeniasis,2024,Southern,0,0
Hepatitis A,2024,Southern,2,suppressed
Hepatitis B,2024,Southern,2,suppressed
Campylobacteriosis,2024,Southern,507,141.4
Meningoencephalitis - primary amoebic,2024,Southern,0,0
Mumps,2024,Southern,3,suppressed
Arboviral diseases,2024,Southern,7,2
Cholera,2024,Southern,0,0
Acute gastroenteritis,2024,Southern,29,8.1
Cysticercosis,2024,Southern,0,0
Tetanus,2024,Southern,0,0
Invasive pneumococcal disease,2024,Southern,46,12.8
Paratyphoid fever,2024,Southern,0,0
Meningococcal disease,2024,Southern,2,suppressed
Salmonellosis,2024,Southern,77,21.5
Hepatitis NOS,2024,Southern,0,0
Shigellosis,2024,Southern,4,suppressed
Leprosy,2024,Southern,1,suppressed
VTEC/STEC infection,2024,Southern,157,43.8
Cryptosporidiosis,2024,Southern,81,22.6
Leptospirosis,2024,Southern,5,1.4
Legionellosis,2024,Southern,15,4.2
Rheumatic fever,2024,Southern,5,1.4
Mpox,2024,Southern,6,1.7
Malaria,2024,Southern,3,suppressed
Invasive group A streptococcal infection,2024,Southern,9,2.5
Measles,2024,Southern,0,0
Hydatid disease,2024,Southern,0,0
Brucellosis,2024,Southern,0,0
Toxic shellfish poisoning,2024,Southern,0,0
Hepatitis C,2024,Southern,3,suppressed
Haemophilus influenzae type b,2024,Southern,0,0
Rabies and other lyssaviruses,2024,Southern,0,0
Listeriosis,2024,Southern,3,suppressed
Trichinosis,2024,Southern,0,0
Diphtheria,2024,Southern,0,0
Tuberculosis disease,2024,Tairawhiti,3,suppressed
Haemophilus influenzae type b,2024,Tairawhiti,0,0
Taeniasis,2024,Tairawhiti,0,0
Measles,2024,Tairawhiti,0,0
Hepatitis A,2024,Tairawhiti,0,0
Arboviral diseases,2024,Tairawhiti,1,suppressed
Paratyphoid fever,2024,Tairawhiti,0,0
Malaria,2024,Tairawhiti,2,suppressed
Meningococcal disease,2024,Tairawhiti,0,0
Legionellosis,2024,Tairawhiti,0,0
Q fever,2024,Tairawhiti,0,0
Campylobacteriosis,2024,Tairawhiti,61,115.5
Brucellosis,2024,Tairawhiti,0,0
Giardiasis,2024,Tairawhiti,11,20.8
Rabies and other lyssaviruses,2024,Tairawhiti,0,0
Toxic shellfish poisoning,2024,Tairawhiti,0,0
Invasive pneumococcal disease,2024,Tairawhiti,8,15.2
VTEC/STEC infection,2024,Tairawhiti,7,13.3
Typhoid fever,2024,Tairawhiti,0,0
Meningoencephalitis - primary amoebic,2024,Tairawhiti,0,0
Rheumatic fever,2024,Tairawhiti,5,9.5
Rickettsial disease,2024,Tairawhiti,0,0
Leptospirosis,2024,Tairawhiti,3,suppressed
Cysticercosis,2024,Tairawhiti,0,0
Salmonellosis,2024,Tairawhiti,2,suppressed
Hepatitis C,2024,Tairawhiti,0,0
Trichinosis,2024,Tairawhiti,0,0
Diphtheria,2024,Tairawhiti,0,0
Cholera,2024,Tairawhiti,0,0
Invasive group A streptococcal infection,2024,Tairawhiti,1,suppressed
Hepatitis NOS,2024,Tairawhiti,0,0
Hydatid disease,2024,Tairawhiti,0,0
Pertussis,2024,Tairawhiti,13,24.6
Mpox,2024,Tairawhiti,0,0
Yersiniosis,2024,Tairawhiti,23,43.6
Cryptosporidiosis,2024,Tairawhiti,8,15.2
Leprosy,2024,Tairawhiti,0,0
Poliomyelitis,2024,Tairawhiti,0,0
Listeriosis,2024,Tairawhiti,0,0
Rubella,2024,Tairawhiti,0,0
Mumps,2024,Tairawhiti,0,0
Shigellosis,2024,Tairawhiti,0,0
Acute gastroenteritis,2024,Tairawhiti,0,0
Hepatitis B,2024,Tairawhiti,1,suppressed
Tetanus,2024,Tairawhiti,0,0
Tuberculosis disease,2024,Taranaki,6,4.6
Brucellosis,2024,Taranaki,0,0
Meningococcal disease,2024,Taranaki,3,suppressed
Measles,2024,Taranaki,0,0
Hepatitis A,2024,Taranaki,0,0
Malaria,2024,Taranaki,0,0
Haemophilus influenzae type b,2024,Taranaki,0,0
Rickettsial disease,2024,Taranaki,0,0
Giardiasis,2024,Taranaki,40,30.7
Taeniasis,2024,Taranaki,0,0
Salmonellosis,2024,Taranaki,23,17.6
Hepatitis C,2024,Taranaki,0,0
Campylobacteriosis,2024,Taranaki,228,174.8
Leptospirosis,2024,Taranaki,2,suppressed
Rabies and other lyssaviruses,2024,Taranaki,0,0
Paratyphoid fever,2024,Taranaki,0,0
Rubella,2024,Taranaki,0,0
Q fever,2024,Taranaki,0,0
Invasive pneumococcal disease,2024,Taranaki,22,16.9
Poliomyelitis,2024,Taranaki,0,0
Listeriosis,2024,Taranaki,1,suppressed
Hepatitis NOS,2024,Taranaki,0,0
Hydatid disease,2024,Taranaki,0,0
Toxic shellfish poisoning,2024,Taranaki,0,0
Invasive group A streptococcal infection,2024,Taranaki,11,8.4
Meningoencephalitis - primary amoebic,2024,Taranaki,0,0
VTEC/STEC infection,2024,Taranaki,56,42.9
Yersiniosis,2024,Taranaki,42,32.2
Mpox,2024,Taranaki,0,0
Hepatitis B,2024,Taranaki,0,0
Cysticercosis,2024,Taranaki,0,0
Leprosy,2024,Taranaki,0,0
Pertussis,2024,Taranaki,61,46.8
Diphtheria,2024,Taranaki,0,0
Arboviral diseases,2024,Taranaki,3,suppressed
Trichinosis,2024,Taranaki,0,0
Mumps,2024,Taranaki,0,0
Cholera,2024,Taranaki,0,0
Typhoid fever,2024,Taranaki,1,suppressed
Rheumatic fever,2024,Taranaki,2,suppressed
Acute gastroenteritis,2024,Taranaki,1,suppressed
Legionellosis,2024,Taranaki,4,suppressed
Tetanus,2024,Taranaki,0,0
Shigellosis,2024,Taranaki,3,suppressed
Cryptosporidiosis,2024,Taranaki,40,30.7
Invasive pneumococcal disease,2024,Waikato,49,10.6
Tuberculosis disease,2024,Waikato,32,6.9
Typhoid fever,2024,Waikato,10,2.2
Cholera,2024,Waikato,0,0
Haemophilus influenzae type b,2024,Waikato,0,0
Shigellosis,2024,Waikato,5,1.1
Meningococcal disease,2024,Waikato,4,suppressed
Leprosy,2024,Waikato,0,0
Hydatid disease,2024,Waikato,0,0
Meningoencephalitis - primary amoebic,2024,Waikato,0,0
VTEC/STEC infection,2024,Waikato,112,24.2
Hepatitis NOS,2024,Waikato,1,suppressed
Yersiniosis,2024,Waikato,66,14.3
Campylobacteriosis,2024,Waikato,592,128
Salmonellosis,2024,Waikato,71,15.3
Hepatitis A,2024,Waikato,9,1.9
Rabies and other lyssaviruses,2024,Waikato,0,0
Arboviral diseases,2024,Waikato,13,2.8
Rubella,2024,Waikato,0,0
Invasive group A streptococcal infection,2024,Waikato,10,2.2
Measles,2024,Waikato,0,0
Legionellosis,2024,Waikato,13,2.8
Paratyphoid fever,2024,Waikato,0,0
Diphtheria,2024,Waikato,0,0
Brucellosis,2024,Waikato,0,0
Toxic shellfish poisoning,2024,Waikato,0,0
Hepatitis C,2024,Waikato,1,suppressed
Cysticercosis,2024,Waikato,0,0
Q fever,2024,Waikato,0,0
Taeniasis,2024,Waikato,0,0
Malaria,2024,Waikato,1,suppressed
Rheumatic fever,2024,Waikato,11,2.4
Hepatitis B,2024,Waikato,0,0
Giardiasis,2024,Waikato,111,24
Mpox,2024,Waikato,1,suppressed
Cryptosporidiosis,2024,Waikato,92,19.9
Leptospirosis,2024,Waikato,35,7.6
Pertussis,2024,Waikato,77,16.6
Listeriosis,2024,Waikato,1,suppressed
Poliomyelitis,2024,Waikato,0,0
Trichinosis,2024,Waikato,0,0
Tetanus,2024,Waikato,0,0
Acute gastroenteritis,2024,Waikato,104,22.5
Rickettsial disease,2024,Waikato,0,0
Mumps,2024,Waikato,0,0
Yersiniosis,2024,Wairarapa,13,25.4
Invasive pneumococcal disease,2024,Wairarapa,9,17.6
Typhoid fever,2024,Wairarapa,0,0
Mpox,2024,Wairarapa,0,0
Malaria,2024,Wairarapa,2,suppressed
Pertussis,2024,Wairarapa,94,183.7
Hepatitis B,2024,Wairarapa,0,0
Legionellosis,2024,Wairarapa,0,0
Shigellosis,2024,Wairarapa,1,suppressed
Rheumatic fever,2024,Wairarapa,0,0
Rubella,2024,Wairarapa,0,0
Tuberculosis disease,2024,Wairarapa,0,0
Cryptosporidiosis,2024,Wairarapa,15,29.3
Measles,2024,Wairarapa,0,0
VTEC/STEC infection,2024,Wairarapa,23,45
Meningoencephalitis - primary amoebic,2024,Wairarapa,0,0
Diphtheria,2024,Wairarapa,0,0
Tetanus,2024,Wairarapa,1,suppressed
Rickettsial disease,2024,Wairarapa,0,0
Cysticercosis,2024,Wairarapa,0,0
Mumps,2024,Wairarapa,0,0
Hepatitis C,2024,Wairarapa,0,0
Q fever,2024,Wairarapa,0,0
Hepatitis NOS,2024,Wairarapa,0,0
Meningococcal disease,2024,Wairarapa,1,suppressed
Hydatid disease,2024,Wairarapa,0,0
Salmonellosis,2024,Wairarapa,6,11.7
Taeniasis,2024,Wairarapa,0,0
Leprosy,2024,Wairarapa,0,0
Cholera,2024,Wairarapa,0,0
Poliomyelitis,2024,Wairarapa,0,0
Listeriosis,2024,Wairarapa,0,0
Leptospirosis,2024,Wairarapa,1,suppressed
Invasive group A streptococcal infection,2024,Wairarapa,1,suppressed
Arboviral diseases,2024,Wairarapa,0,0
Paratyphoid fever,2024,Wairarapa,0,0
Giardiasis,2024,Wairarapa,10,19.5
Toxic shellfish poisoning,2024,Wairarapa,0,0
Brucellosis,2024,Wairarapa,0,0
Acute gastroenteritis,2024,Wairarapa,1,suppressed
Campylobacteriosis,2024,Wairarapa,72,140.7
Hepatitis A,2024,Wairarapa,0,0
Haemophilus influenzae type b,2024,Wairarapa,0,0
Trichinosis,2024,Wairarapa,0,0
Rabies and other lyssaviruses,2024,Wairarapa,0,0
Campylobacteriosis,2024,Waitemata,713,105.3
Measles,2024,Waitemata,0,0
Pertussis,2024,Waitemata,93,13.7
Hepatitis B,2024,Waitemata,0,0
Toxic shellfish poisoning,2024,Waitemata,0,0
Rabies and other lyssaviruses,2024,Waitemata,0,0
Haemophilus influenzae type b,2024,Waitemata,0,0
Hydatid disease,2024,Waitemata,1,suppressed
Invasive pneumococcal disease,2024,Waitemata,62,9.2
Tuberculosis disease,2024,Waitemata,52,7.7
Q fever,2024,Waitemata,0,0
Mpox,2024,Waitemata,1,suppressed
Rickettsial disease,2024,Waitemata,1,suppressed
Acute gastroenteritis,2024,Waitemata,9,1.3
Invasive group A streptococcal infection,2024,Waitemata,16,2.4
Meningococcal disease,2024,Waitemata,2,suppressed
Hepatitis NOS,2024,Waitemata,1,suppressed
Brucellosis,2024,Waitemata,0,0
Rubella,2024,Waitemata,0,0
Typhoid fever,2024,Waitemata,10,1.5
Yersiniosis,2024,Waitemata,114,16.8
Mumps,2024,Waitemata,3,suppressed
Hepatitis C,2024,Waitemata,5,0.7
Meningoencephalitis - primary amoebic,2024,Waitemata,0,0
Rheumatic fever,2024,Waitemata,24,3.5
Malaria,2024,Waitemata,4,suppressed
Giardiasis,2024,Waitemata,78,11.5
Cysticercosis,2024,Waitemata,0,0
Taeniasis,2024,Waitemata,0,0
Hepatitis A,2024,Waitemata,4,suppressed
Cryptosporidiosis,2024,Waitemata,149,22
Legionellosis,2024,Waitemata,24,3.5
Leprosy,2024,Waitemata,1,suppressed
Listeriosis,2024,Waitemata,7,1
Trichinosis,2024,Waitemata,0,0
Leptospirosis,2024,Waitemata,3,suppressed
Diphtheria,2024,Waitemata,0,0
Cholera,2024,Waitemata,0,0
Arboviral diseases,2024,Waitemata,18,2.7
VTEC/STEC infection,2024,Waitemata,64,9.4
Shigellosis,2024,Waitemata,25,3.7
Tetanus,2024,Waitemata,0,0
Poliomyelitis,2024,Waitemata,0,0
Paratyphoid fever,2024,Waitemata,0,0
Salmonellosis,2024,Waitemata,97,14.3
Invasive pneumococcal disease,2024,West Coast,7,20.3
Hepatitis B,2024,West Coast,0,0
VTEC/STEC infection,2024,West Coast,7,20.3
Yersiniosis,2024,West Coast,4,suppressed
Invasive group A streptococcal infection,2024,West Coast,1,suppressed
Mpox,2024,West Coast,0,0
Meningoencephalitis - primary amoebic,2024,West Coast,0,0
Legionellosis,2024,West Coast,1,suppressed
Hydatid disease,2024,West Coast,0,0
Typhoid fever,2024,West Coast,1,suppressed
Hepatitis A,2024,West Coast,0,0
Diphtheria,2024,West Coast,0,0
Tetanus,2024,West Coast,0,0
Rickettsial disease,2024,West Coast,0,0
Leptospirosis,2024,West Coast,3,suppressed
Tuberculosis disease,2024,West Coast,0,0
Poliomyelitis,2024,West Coast,0,0
Hepatitis C,2024,West Coast,0,0
Q fever,2024,West Coast,0,0
Leprosy,2024,West Coast,0,0
Haemophilus influenzae type b,2024,West Coast,0,0
Arboviral diseases,2024,West Coast,0,0
Salmonellosis,2024,West Coast,4,suppressed
Taeniasis,2024,West Coast,0,0
Measles,2024,West Coast,0,0
Cholera,2024,West Coast,0,0
Listeriosis,2024,West Coast,0,0
Cryptosporidiosis,2024,West Coast,5,14.5
Mumps,2024,West Coast,0,0
Cysticercosis,2024,West Coast,0,0
Paratyphoid fever,2024,West Coast,1,suppressed
Meningococcal disease,2024,West Coast,1,suppressed
Campylobacteriosis,2024,West Coast,47,136.4
Rabies and other lyssaviruses,2024,West Coast,0,0
Shigellosis,2024,West Coast,2,suppressed
Pertussis,2024,West Coast,39,113.2
Toxic shellfish poisoning,2024,West Coast,0,0
Giardiasis,2024,West Coast,4,suppressed
Trichinosis,2024,West Coast,0,0
Malaria,2024,West Coast,0,0
Acute gastroenteritis,2024,West Coast,9,26.1
Hepatitis NOS,2024,West Coast,0,0
Rubella,2024,West Coast,0,0
Rheumatic fever,2024,West Coast,0,0
Brucellosis,2024,West Coast,0,0
Malaria,2024,Whanganui,0,0
Yersiniosis,2024,Whanganui,7,10
Q fever,2024,Whanganui,0,0
Pertussis,2024,Whanganui,28,40
Trichinosis,2024,Whanganui,0,0
Rheumatic fever,2024,Whanganui,0,0
Cysticercosis,2024,Whanganui,0,0
Taeniasis,2024,Whanganui,0,0
Campylobacteriosis,2024,Whanganui,65,92.8
Tetanus,2024,Whanganui,0,0
Invasive group A streptococcal infection,2024,Whanganui,2,suppressed
Mpox,2024,Whanganui,0,0
Mumps,2024,Whanganui,0,0
Leptospirosis,2024,Whanganui,2,suppressed
Cholera,2024,Whanganui,0,0
Rubella,2024,Whanganui,0,0
Hepatitis B,2024,Whanganui,1,suppressed
Hepatitis NOS,2024,Whanganui,0,0
Meningococcal disease,2024,Whanganui,1,suppressed
Brucellosis,2024,Whanganui,0,0
Poliomyelitis,2024,Whanganui,0,0
VTEC/STEC infection,2024,Whanganui,16,22.8
Cryptosporidiosis,2024,Whanganui,10,14.3
Tuberculosis disease,2024,Whanganui,0,0
Legionellosis,2024,Whanganui,0,0
Rickettsial disease,2024,Whanganui,0,0
Paratyphoid fever,2024,Whanganui,0,0
Rabies and other lyssaviruses,2024,Whanganui,0,0
Hepatitis C,2024,Whanganui,0,0
Listeriosis,2024,Whanganui,0,0
Meningoencephalitis - primary amoebic,2024,Whanganui,0,0
Toxic shellfish poisoning,2024,Whanganui,0,0
Haemophilus influenzae type b,2024,Whanganui,0,0
Measles,2024,Whanganui,0,0
Hepatitis A,2024,Whanganui,0,0
Invasive pneumococcal disease,2024,Whanganui,18,25.7
Leprosy,2024,Whanganui,0,0
Arboviral diseases,2024,Whanganui,2,suppressed
Giardiasis,2024,Whanganui,4,suppressed
Diphtheria,2024,Whanganui,0,0
Typhoid fever,2024,Whanganui,0,0
Acute gastroenteritis,2024,Whanganui,6,8.6
Shigellosis,2024,Whanganui,0,0
Salmonellosis,2024,Whanganui,10,14.3
Hydatid disease,2024,Whanganui,0,0
VTEC/STEC infection,2025,Auckland,32,6.3
Mpox,2025,Auckland,13,2.6
Measles,2025,Auckland,10,2
Pertussis,2025,Auckland,90,17.8
Legionellosis,2025,Auckland,9,1.8
Hepatitis B,2025,Auckland,1,suppressed
Campylobacteriosis,2025,Auckland,557,110.1
Arboviral diseases,2025,Auckland,85,16.8
Trichinosis,2025,Auckland,0,0
Invasive group A streptococcal infection,2025,Auckland,66,13
Cryptosporidiosis,2025,Auckland,36,7.1
Invasive pneumococcal disease,2025,Auckland,59,11.7
Brucellosis,2025,Auckland,0,0
Meningococcal disease,2025,Auckland,6,1.2
Hydatid disease,2025,Auckland,0,0
Tuberculosis disease,2025,Auckland,50,9.9
Hepatitis A,2025,Auckland,6,1.2
Meningoencephalitis - primary amoebic,2025,Auckland,0,0
Mumps,2025,Auckland,7,1.4
Salmonellosis,2025,Auckland,113,22.3
Rickettsial disease,2025,Auckland,1,suppressed
Yersiniosis,2025,Auckland,90,17.8
Acute gastroenteritis,2025,Auckland,12,2.4
Rubella,2025,Auckland,0,0
Haemophilus influenzae type b,2025,Auckland,0,0
Giardiasis,2025,Auckland,112,22.1
Hepatitis NOS,2025,Auckland,1,suppressed
Rabies and other lyssaviruses,2025,Auckland,0,0
Paratyphoid fever,2025,Auckland,2,suppressed
Taeniasis,2025,Auckland,1,suppressed
Leptospirosis,2025,Auckland,1,suppressed
Cholera,2025,Auckland,0,0
Tetanus,2025,Auckland,0,0
Malaria,2025,Auckland,1,suppressed
Rheumatic fever,2025,Auckland,21,4.2
Diphtheria,2025,Auckland,0,0
Poliomyelitis,2025,Auckland,0,0
Typhoid fever,2025,Auckland,6,1.2
Hepatitis C,2025,Auckland,2,suppressed
Q fever,2025,Auckland,0,0
Toxic shellfish poisoning,2025,Auckland,0,0
Shigellosis,2025,Auckland,47,9.3
Listeriosis,2025,Auckland,4,suppressed
Leprosy,2025,Auckland,1,suppressed
Cysticercosis,2025,Auckland,0,0
Tetanus,2025,Bay of Plenty,0,0
Hydatid disease,2025,Bay of Plenty,0,0
Taeniasis,2025,Bay of Plenty,0,0
Hepatitis B,2025,Bay of Plenty,1,suppressed
Trichinosis,2025,Bay of Plenty,0,0
Arboviral diseases,2025,Bay of Plenty,25,9
Tuberculosis disease,2025,Bay of Plenty,24,8.6
Leptospirosis,2025,Bay of Plenty,14,5
Meningococcal disease,2025,Bay of Plenty,2,suppressed
Typhoid fever,2025,Bay of Plenty,1,suppressed
Rickettsial disease,2025,Bay of Plenty,0,0
Brucellosis,2025,Bay of Plenty,0,0
Invasive pneumococcal disease,2025,Bay of Plenty,55,19.8
Malaria,2025,Bay of Plenty,8,2.9
Paratyphoid fever,2025,Bay of Plenty,2,suppressed
Campylobacteriosis,2025,Bay of Plenty,332,119.7
Cryptosporidiosis,2025,Bay of Plenty,44,15.9
Yersiniosis,2025,Bay of Plenty,81,29.2
Cholera,2025,Bay of Plenty,0,0
Rubella,2025,Bay of Plenty,0,0
Giardiasis,2025,Bay of Plenty,94,33.9
Pertussis,2025,Bay of Plenty,401,144.5
Rabies and other lyssaviruses,2025,Bay of Plenty,0,0
Invasive group A streptococcal infection,2025,Bay of Plenty,49,17.7
Salmonellosis,2025,Bay of Plenty,78,28.1
Hepatitis NOS,2025,Bay of Plenty,1,suppressed
Meningoencephalitis - primary amoebic,2025,Bay of Plenty,0,0
Shigellosis,2025,Bay of Plenty,4,suppressed
Hepatitis A,2025,Bay of Plenty,4,suppressed
VTEC/STEC infection,2025,Bay of Plenty,70,25.2
Mumps,2025,Bay of Plenty,0,0
Legionellosis,2025,Bay of Plenty,14,5
Haemophilus influenzae type b,2025,Bay of Plenty,0,0
Q fever,2025,Bay of Plenty,0,0
Mpox,2025,Bay of Plenty,1,suppressed
Toxic shellfish poisoning,2025,Bay of Plenty,0,0
Hepatitis C,2025,Bay of Plenty,2,suppressed
Rheumatic fever,2025,Bay of Plenty,8,2.9
Cysticercosis,2025,Bay of Plenty,0,0
Leprosy,2025,Bay of Plenty,0,0
Measles,2025,Bay of Plenty,0,0
Acute gastroenteritis,2025,Bay of Plenty,70,25.2
Diphtheria,2025,Bay of Plenty,0,0
Poliomyelitis,2025,Bay of Plenty,0,0
Listeriosis,2025,Bay of Plenty,2,suppressed
Tuberculosis disease,2025,Canterbury,45,7.1
Toxic shellfish poisoning,2025,Canterbury,0,0
VTEC/STEC infection,2025,Canterbury,184,29
Meningococcal disease,2025,Canterbury,4,suppressed
Measles,2025,Canterbury,0,0
Salmonellosis,2025,Canterbury,138,21.8
Q fever,2025,Canterbury,0,0
Pertussis,2025,Canterbury,387,61.1
Hydatid disease,2025,Canterbury,0,0
Rubella,2025,Canterbury,0,0
Giardiasis,2025,Canterbury,83,13.1
Arboviral diseases,2025,Canterbury,54,8.5
Malaria,2025,Canterbury,3,suppressed
Hepatitis NOS,2025,Canterbury,0,0
Rabies and other lyssaviruses,2025,Canterbury,0,0
Typhoid fever,2025,Canterbury,4,suppressed
Leprosy,2025,Canterbury,1,suppressed
Shigellosis,2025,Canterbury,19,3
Invasive pneumococcal disease,2025,Canterbury,52,8.2
Hepatitis B,2025,Canterbury,1,suppressed
Yersiniosis,2025,Canterbury,127,20.1
Mpox,2025,Canterbury,10,1.6
Brucellosis,2025,Canterbury,0,0
Rheumatic fever,2025,Canterbury,1,suppressed
Invasive group A streptococcal infection,2025,Canterbury,50,7.9
Diphtheria,2025,Canterbury,0,0
Haemophilus influenzae type b,2025,Canterbury,0,0
Meningoencephalitis - primary amoebic,2025,Canterbury,0,0
Cholera,2025,Canterbury,0,0
Taeniasis,2025,Canterbury,0,0
Campylobacteriosis,2025,Canterbury,668,105.5
Hepatitis C,2025,Canterbury,1,suppressed
Cysticercosis,2025,Canterbury,0,0
Leptospirosis,2025,Canterbury,4,suppressed
Cryptosporidiosis,2025,Canterbury,90,14.2
Paratyphoid fever,2025,Canterbury,0,0
Rickettsial disease,2025,Canterbury,0,0
Acute gastroenteritis,2025,Canterbury,97,15.3
Poliomyelitis,2025,Canterbury,0,0
Tetanus,2025,Canterbury,0,0
Listeriosis,2025,Canterbury,4,suppressed
Hepatitis A,2025,Canterbury,9,1.4
Mumps,2025,Canterbury,2,suppressed
Legionellosis,2025,Canterbury,41,6.5
Trichinosis,2025,Canterbury,0,0
Taeniasis,2025,"Capital, Coast and Hutt Valley",0,0
Rickettsial disease,2025,"Capital, Coast and Hutt Valley",0,0
Salmonellosis,2025,"Capital, Coast and Hutt Valley",85,17.7
Giardiasis,2025,"Capital, Coast and Hutt Valley",76,15.8
Yersiniosis,2025,"Capital, Coast and Hutt Valley",155,32.2
Rubella,2025,"Capital, Coast and Hutt Valley",0,0
Hydatid disease,2025,"Capital, Coast and Hutt Valley",0,0
Campylobacteriosis,2025,"Capital, Coast and Hutt Valley",515,106.9
Meningoencephalitis - primary amoebic,2025,"Capital, Coast and Hutt Valley",0,0
Malaria,2025,"Capital, Coast and Hutt Valley",6,1.2
Measles,2025,"Capital, Coast and Hutt Valley",9,1.9
VTEC/STEC infection,2025,"Capital, Coast and Hutt Valley",98,20.3
Mumps,2025,"Capital, Coast and Hutt Valley",1,suppressed
Cholera,2025,"Capital, Coast and Hutt Valley",0,0
Acute gastroenteritis,2025,"Capital, Coast and Hutt Valley",57,11.8
Q fever,2025,"Capital, Coast and Hutt Valley",0,0
Pertussis,2025,"Capital, Coast and Hutt Valley",160,33.2
Haemophilus influenzae type b,2025,"Capital, Coast and Hutt Valley",1,suppressed
Paratyphoid fever,2025,"Capital, Coast and Hutt Valley",3,suppressed
Rheumatic fever,2025,"Capital, Coast and Hutt Valley",7,1.5
Hepatitis NOS,2025,"Capital, Coast and Hutt Valley",0,0
Meningococcal disease,2025,"Capital, Coast and Hutt Valley",4,suppressed
Shigellosis,2025,"Capital, Coast and Hutt Valley",8,1.7
Leprosy,2025,"Capital, Coast and Hutt Valley",1,suppressed
Typhoid fever,2025,"Capital, Coast and Hutt Valley",4,suppressed
Cryptosporidiosis,2025,"Capital, Coast and Hutt Valley",137,28.4
Invasive pneumococcal disease,2025,"Capital, Coast and Hutt Valley",71,14.7
Legionellosis,2025,"Capital, Coast and Hutt Valley",3,suppressed
Cysticercosis,2025,"Capital, Coast and Hutt Valley",0,0
Mpox,2025,"Capital, Coast and Hutt Valley",2,suppressed
Rabies and other lyssaviruses,2025,"Capital, Coast and Hutt Valley",0,0
Invasive group A streptococcal infection,2025,"Capital, Coast and Hutt Valley",46,9.6
Hepatitis C,2025,"Capital, Coast and Hutt Valley",1,suppressed
Arboviral diseases,2025,"Capital, Coast and Hutt Valley",18,3.7
Toxic shellfish poisoning,2025,"Capital, Coast and Hutt Valley",0,0
Tuberculosis disease,2025,"Capital, Coast and Hutt Valley",36,7.5
Diphtheria,2025,"Capital, Coast and Hutt Valley",0,0
Poliomyelitis,2025,"Capital, Coast and Hutt Valley",0,0
Hepatitis A,2025,"Capital, Coast and Hutt Valley",8,1.7
Tetanus,2025,"Capital, Coast and Hutt Valley",0,0
Leptospirosis,2025,"Capital, Coast and Hutt Valley",0,0
Listeriosis,2025,"Capital, Coast and Hutt Valley",5,1
Trichinosis,2025,"Capital, Coast and Hutt Valley",0,0
Brucellosis,2025,"Capital, Coast and Hutt Valley",1,suppressed
Hepatitis B,2025,"Capital, Coast and Hutt Valley",1,suppressed
Haemophilus influenzae type b,2025,Counties Manukau,0,0
Tuberculosis disease,2025,Counties Manukau,83,12.7
Rickettsial disease,2025,Counties Manukau,1,suppressed
Rabies and other lyssaviruses,2025,Counties Manukau,0,0
Pertussis,2025,Counties Manukau,165,25.3
Arboviral diseases,2025,Counties Manukau,86,13.2
Cryptosporidiosis,2025,Counties Manukau,55,8.4
Toxic shellfish poisoning,2025,Counties Manukau,1,suppressed
Hepatitis A,2025,Counties Manukau,14,2.1
Giardiasis,2025,Counties Manukau,71,10.9
Meningococcal disease,2025,Counties Manukau,7,1.1
Brucellosis,2025,Counties Manukau,0,0
Invasive group A streptococcal infection,2025,Counties Manukau,136,20.8
Hydatid disease,2025,Counties Manukau,3,suppressed
Diphtheria,2025,Counties Manukau,2,suppressed
Legionellosis,2025,Counties Manukau,27,4.1
Meningoencephalitis - primary amoebic,2025,Counties Manukau,0,0
Yersiniosis,2025,Counties Manukau,94,14.4
Rubella,2025,Counties Manukau,0,0
Hepatitis B,2025,Counties Manukau,1,suppressed
Paratyphoid fever,2025,Counties Manukau,1,suppressed
Q fever,2025,Counties Manukau,0,0
Rheumatic fever,2025,Counties Manukau,107,16.4
Malaria,2025,Counties Manukau,2,suppressed
VTEC/STEC infection,2025,Counties Manukau,47,7.2
Hepatitis C,2025,Counties Manukau,0,0
Leptospirosis,2025,Counties Manukau,4,suppressed
Invasive pneumococcal disease,2025,Counties Manukau,76,11.6
Mumps,2025,Counties Manukau,5,0.8
Typhoid fever,2025,Counties Manukau,18,2.8
Listeriosis,2025,Counties Manukau,8,1.2
Tetanus,2025,Counties Manukau,0,0
Cysticercosis,2025,Counties Manukau,0,0
Mpox,2025,Counties Manukau,2,suppressed
Hepatitis NOS,2025,Counties Manukau,0,0
Poliomyelitis,2025,Counties Manukau,0,0
Campylobacteriosis,2025,Counties Manukau,493,75.5
Taeniasis,2025,Counties Manukau,0,0
Salmonellosis,2025,Counties Manukau,106,16.2
Cholera,2025,Counties Manukau,0,0
Measles,2025,Counties Manukau,4,suppressed
Shigellosis,2025,Counties Manukau,26,4
Trichinosis,2025,Counties Manukau,0,0
Acute gastroenteritis,2025,Counties Manukau,12,1.8
Leprosy,2025,Counties Manukau,0,0
Pertussis,2025,Hawke's Bay,121,67.4
Rabies and other lyssaviruses,2025,Hawke's Bay,0,0
Measles,2025,Hawke's Bay,0,0
Trichinosis,2025,Hawke's Bay,0,0
Brucellosis,2025,Hawke's Bay,0,0
Yersiniosis,2025,Hawke's Bay,29,16.1
Salmonellosis,2025,Hawke's Bay,38,21.2
Hydatid disease,2025,Hawke's Bay,0,0
Meningoencephalitis - primary amoebic,2025,Hawke's Bay,0,0
Paratyphoid fever,2025,Hawke's Bay,0,0
Mpox,2025,Hawke's Bay,0,0
Rickettsial disease,2025,Hawke's Bay,0,0
Taeniasis,2025,Hawke's Bay,0,0
Typhoid fever,2025,Hawke's Bay,2,suppressed
Haemophilus influenzae type b,2025,Hawke's Bay,0,0
Arboviral diseases,2025,Hawke's Bay,11,6.1
Leprosy,2025,Hawke's Bay,0,0
Cysticercosis,2025,Hawke's Bay,0,0
Rubella,2025,Hawke's Bay,0,0
Meningococcal disease,2025,Hawke's Bay,1,suppressed
Hepatitis B,2025,Hawke's Bay,2,suppressed
Tuberculosis disease,2025,Hawke's Bay,11,6.1
Poliomyelitis,2025,Hawke's Bay,0,0
Invasive pneumococcal disease,2025,Hawke's Bay,36,20
VTEC/STEC infection,2025,Hawke's Bay,45,25.1
Tetanus,2025,Hawke's Bay,0,0
Cholera,2025,Hawke's Bay,0,0
Rheumatic fever,2025,Hawke's Bay,9,5
Giardiasis,2025,Hawke's Bay,32,17.8
Cryptosporidiosis,2025,Hawke's Bay,33,18.4
Mumps,2025,Hawke's Bay,0,0
Hepatitis A,2025,Hawke's Bay,0,0
Shigellosis,2025,Hawke's Bay,1,suppressed
Hepatitis NOS,2025,Hawke's Bay,0,0
Toxic shellfish poisoning,2025,Hawke's Bay,0,0
Q fever,2025,Hawke's Bay,0,0
Invasive group A streptococcal infection,2025,Hawke's Bay,27,15
Hepatitis C,2025,Hawke's Bay,2,suppressed
Campylobacteriosis,2025,Hawke's Bay,191,106.3
Malaria,2025,Hawke's Bay,12,6.7
Legionellosis,2025,Hawke's Bay,4,suppressed
Leptospirosis,2025,Hawke's Bay,5,2.8
Listeriosis,2025,Hawke's Bay,1,suppressed
Diphtheria,2025,Hawke's Bay,0,0
Acute gastroenteritis,2025,Hawke's Bay,3,suppressed
Yersiniosis,2025,Lakes,26,21.5
Rickettsial disease,2025,Lakes,0,0
Legionellosis,2025,Lakes,5,4.1
Acute gastroenteritis,2025,Lakes,31,25.7
Giardiasis,2025,Lakes,29,24
Q fever,2025,Lakes,0,0
Meningoencephalitis - primary amoebic,2025,Lakes,0,0
Rabies and other lyssaviruses,2025,Lakes,0,0
Measles,2025,Lakes,0,0
Salmonellosis,2025,Lakes,25,20.7
Cryptosporidiosis,2025,Lakes,19,15.7
Invasive pneumococcal disease,2025,Lakes,23,19.1
Trichinosis,2025,Lakes,0,0
Pertussis,2025,Lakes,139,115.2
Cysticercosis,2025,Lakes,0,0
Arboviral diseases,2025,Lakes,4,suppressed
Rheumatic fever,2025,Lakes,4,suppressed
Malaria,2025,Lakes,1,suppressed
Hydatid disease,2025,Lakes,0,0
Campylobacteriosis,2025,Lakes,127,105.2
Cholera,2025,Lakes,0,0
Shigellosis,2025,Lakes,1,suppressed
Leprosy,2025,Lakes,0,0
VTEC/STEC infection,2025,Lakes,32,26.5
Mumps,2025,Lakes,0,0
Diphtheria,2025,Lakes,0,0
Leptospirosis,2025,Lakes,3,suppressed
Poliomyelitis,2025,Lakes,0,0
Mpox,2025,Lakes,0,0
Taeniasis,2025,Lakes,0,0
Paratyphoid fever,2025,Lakes,0,0
Invasive group A streptococcal infection,2025,Lakes,19,15.7
Hepatitis NOS,2025,Lakes,0,0
Hepatitis A,2025,Lakes,1,suppressed
Tuberculosis disease,2025,Lakes,12,9.9
Rubella,2025,Lakes,0,0
Tetanus,2025,Lakes,0,0
Toxic shellfish poisoning,2025,Lakes,0,0
Listeriosis,2025,Lakes,2,suppressed
Brucellosis,2025,Lakes,0,0
Hepatitis B,2025,Lakes,0,0
Typhoid fever,2025,Lakes,1,suppressed
Meningococcal disease,2025,Lakes,0,0
Haemophilus influenzae type b,2025,Lakes,0,0
Hepatitis C,2025,Lakes,0,0
Hepatitis B,2025,MidCentral,0,0
Tuberculosis disease,2025,MidCentral,7,3.6
Tetanus,2025,MidCentral,0,0
Taeniasis,2025,MidCentral,1,suppressed
Haemophilus influenzae type b,2025,MidCentral,0,0
Trichinosis,2025,MidCentral,0,0
Hydatid disease,2025,MidCentral,0,0
Hepatitis A,2025,MidCentral,1,suppressed
Mpox,2025,MidCentral,1,suppressed
Rickettsial disease,2025,MidCentral,0,0
Meningoencephalitis - primary amoebic,2025,MidCentral,0,0
Cryptosporidiosis,2025,MidCentral,43,22.4
Brucellosis,2025,MidCentral,0,0
Diphtheria,2025,MidCentral,0,0
Toxic shellfish poisoning,2025,MidCentral,0,0
Paratyphoid fever,2025,MidCentral,0,0
Rabies and other lyssaviruses,2025,MidCentral,0,0
Salmonellosis,2025,MidCentral,28,14.6
Cholera,2025,MidCentral,0,0
Typhoid fever,2025,MidCentral,0,0
Invasive pneumococcal disease,2025,MidCentral,27,14
Leptospirosis,2025,MidCentral,2,suppressed
Pertussis,2025,MidCentral,114,59.3
Yersiniosis,2025,MidCentral,19,9.9
Arboviral diseases,2025,MidCentral,20,10.4
Hepatitis NOS,2025,MidCentral,0,0
Giardiasis,2025,MidCentral,30,15.6
Malaria,2025,MidCentral,1,suppressed
Q fever,2025,MidCentral,0,0
Meningococcal disease,2025,MidCentral,3,suppressed
Rubella,2025,MidCentral,0,0
Leprosy,2025,MidCentral,0,0
Legionellosis,2025,MidCentral,2,suppressed
Shigellosis,2025,MidCentral,5,2.6
Poliomyelitis,2025,MidCentral,0,0
Cysticercosis,2025,MidCentral,0,0
VTEC/STEC infection,2025,MidCentral,40,20.8
Hepatitis C,2025,MidCentral,0,0
Mumps,2025,MidCentral,0,0
Acute gastroenteritis,2025,MidCentral,0,0
Campylobacteriosis,2025,MidCentral,202,105.1
Rheumatic fever,2025,MidCentral,4,suppressed
Invasive group A streptococcal infection,2025,MidCentral,16,8.3
Measles,2025,MidCentral,4,suppressed
Listeriosis,2025,MidCentral,0,0
Meningoencephalitis - primary amoebic,2025,Nelson Marlborough,0,0
Measles,2025,Nelson Marlborough,4,suppressed
Malaria,2025,Nelson Marlborough,2,suppressed
Invasive pneumococcal disease,2025,Nelson Marlborough,28,17
Tuberculosis disease,2025,Nelson Marlborough,4,suppressed
Salmonellosis,2025,Nelson Marlborough,36,21.8
Hepatitis NOS,2025,Nelson Marlborough,0,0
Meningococcal disease,2025,Nelson Marlborough,1,suppressed
Mumps,2025,Nelson Marlborough,0,0
Rubella,2025,Nelson Marlborough,0,0
VTEC/STEC infection,2025,Nelson Marlborough,43,26.1
Leprosy,2025,Nelson Marlborough,0,0
Mpox,2025,Nelson Marlborough,0,0
Paratyphoid fever,2025,Nelson Marlborough,1,suppressed
Rheumatic fever,2025,Nelson Marlborough,0,0
Pertussis,2025,Nelson Marlborough,141,85.5
Toxic shellfish poisoning,2025,Nelson Marlborough,0,0
Haemophilus influenzae type b,2025,Nelson Marlborough,0,0
Hydatid disease,2025,Nelson Marlborough,0,0
Giardiasis,2025,Nelson Marlborough,15,9.1
Hepatitis A,2025,Nelson Marlborough,0,0
Cryptosporidiosis,2025,Nelson Marlborough,13,7.9
Legionellosis,2025,Nelson Marlborough,7,4.2
Typhoid fever,2025,Nelson Marlborough,0,0
Hepatitis B,2025,Nelson Marlborough,2,suppressed
Yersiniosis,2025,Nelson Marlborough,51,30.9
Brucellosis,2025,Nelson Marlborough,0,0
Hepatitis C,2025,Nelson Marlborough,2,suppressed
Invasive group A streptococcal infection,2025,Nelson Marlborough,9,5.5
Arboviral diseases,2025,Nelson Marlborough,14,8.5
Rabies and other lyssaviruses,2025,Nelson Marlborough,0,0
Tetanus,2025,Nelson Marlborough,0,0
Taeniasis,2025,Nelson Marlborough,0,0
Rickettsial disease,2025,Nelson Marlborough,0,0
Campylobacteriosis,2025,Nelson Marlborough,152,92.1
Diphtheria,2025,Nelson Marlborough,0,0
Q fever,2025,Nelson Marlborough,0,0
Cysticercosis,2025,Nelson Marlborough,0,0
Leptospirosis,2025,Nelson Marlborough,0,0
Poliomyelitis,2025,Nelson Marlborough,0,0
Cholera,2025,Nelson Marlborough,0,0
Acute gastroenteritis,2025,Nelson Marlborough,13,7.9
Shigellosis,2025,Nelson Marlborough,2,suppressed
Trichinosis,2025,Nelson Marlborough,0,0
Listeriosis,2025,Nelson Marlborough,1,suppressed
Hydatid disease,2025,Northland,0,0
Pertussis,2025,Northland,208,103.4
Meningococcal disease,2025,Northland,0,0
Brucellosis,2025,Northland,0,0
Arboviral diseases,2025,Northland,16,8
Tuberculosis disease,2025,Northland,5,2.5
Hepatitis NOS,2025,Northland,0,0
Invasive group A streptococcal infection,2025,Northland,41,20.4
Typhoid fever,2025,Northland,0,0
Mpox,2025,Northland,1,suppressed
Haemophilus influenzae type b,2025,Northland,0,0
Campylobacteriosis,2025,Northland,308,153.2
Q fever,2025,Northland,0,0
Giardiasis,2025,Northland,33,16.4
Yersiniosis,2025,Northland,39,19.4
Rabies and other lyssaviruses,2025,Northland,0,0
Paratyphoid fever,2025,Northland,0,0
Salmonellosis,2025,Northland,53,26.4
Toxic shellfish poisoning,2025,Northland,0,0
Invasive pneumococcal disease,2025,Northland,34,16.9
Legionellosis,2025,Northland,5,2.5
Hepatitis B,2025,Northland,0,0
Leptospirosis,2025,Northland,5,2.5
Cryptosporidiosis,2025,Northland,52,25.9
Measles,2025,Northland,13,6.5
Hepatitis C,2025,Northland,0,0
Rheumatic fever,2025,Northland,9,4.5
Malaria,2025,Northland,1,suppressed
Rubella,2025,Northland,0,0
Leprosy,2025,Northland,0,0
Rickettsial disease,2025,Northland,0,0
VTEC/STEC infection,2025,Northland,89,44.3
Diphtheria,2025,Northland,0,0
Tetanus,2025,Northland,0,0
Listeriosis,2025,Northland,1,suppressed
Mumps,2025,Northland,0,0
Hepatitis A,2025,Northland,5,2.5
Cysticercosis,2025,Northland,0,0
Meningoencephalitis - primary amoebic,2025,Northland,0,0
Poliomyelitis,2025,Northland,0,0
Shigellosis,2025,Northland,4,suppressed
Cholera,2025,Northland,0,0
Acute gastroenteritis,2025,Northland,21,10.4
Trichinosis,2025,Northland,0,0
Taeniasis,2025,Northland,0,0
Salmonellosis,2025,South Canterbury,23,36.3
Brucellosis,2025,South Canterbury,0,0
Typhoid fever,2025,South Canterbury,0,0
Haemophilus influenzae type b,2025,South Canterbury,0,0
Hepatitis NOS,2025,South Canterbury,0,0
Diphtheria,2025,South Canterbury,0,0
Pertussis,2025,South Canterbury,12,18.9
Campylobacteriosis,2025,South Canterbury,102,160.8
Hydatid disease,2025,South Canterbury,0,0
Arboviral diseases,2025,South Canterbury,2,suppressed
Hepatitis B,2025,South Canterbury,0,0
Yersiniosis,2025,South Canterbury,12,18.9
Hepatitis A,2025,South Canterbury,0,0
Toxic shellfish poisoning,2025,South Canterbury,0,0
Tuberculosis disease,2025,South Canterbury,7,11
Hepatitis C,2025,South Canterbury,1,suppressed
Q fever,2025,South Canterbury,0,0
Mpox,2025,South Canterbury,1,suppressed
Malaria,2025,South Canterbury,0,0
Invasive pneumococcal disease,2025,South Canterbury,10,15.8
Meningococcal disease,2025,South Canterbury,0,0
Giardiasis,2025,South Canterbury,4,suppressed
VTEC/STEC infection,2025,South Canterbury,39,61.5
Leptospirosis,2025,South Canterbury,2,suppressed
Legionellosis,2025,South Canterbury,2,suppressed
Cysticercosis,2025,South Canterbury,0,0
Rickettsial disease,2025,South Canterbury,0,0
Paratyphoid fever,2025,South Canterbury,0,0
Trichinosis,2025,South Canterbury,0,0
Rabies and other lyssaviruses,2025,South Canterbury,0,0
Rheumatic fever,2025,South Canterbury,1,suppressed
Taeniasis,2025,South Canterbury,0,0
Leprosy,2025,South Canterbury,0,0
Meningoencephalitis - primary amoebic,2025,South Canterbury,0,0
Cholera,2025,South Canterbury,0,0
Cryptosporidiosis,2025,South Canterbury,20,31.5
Rubella,2025,South Canterbury,0,0
Mumps,2025,South Canterbury,0,0
Poliomyelitis,2025,South Canterbury,0,0
Invasive group A streptococcal infection,2025,South Canterbury,7,11
Tetanus,2025,South Canterbury,0,0
Shigellosis,2025,South Canterbury,7,11
Acute gastroenteritis,2025,South Canterbury,6,9.5
Listeriosis,2025,South Canterbury,2,suppressed
Measles,2025,South Canterbury,0,0
Salmonellosis,2025,Southern,94,26.1
Haemophilus influenzae type b,2025,Southern,0,0
Hydatid disease,2025,Southern,0,0
Tuberculosis disease,2025,Southern,11,3
Shigellosis,2025,Southern,4,suppressed
Rubella,2025,Southern,0,0
VTEC/STEC infection,2025,Southern,144,39.9
Diphtheria,2025,Southern,0,0
Toxic shellfish poisoning,2025,Southern,0,0
Hepatitis NOS,2025,Southern,0,0
Arboviral diseases,2025,Southern,15,4.2
Hepatitis A,2025,Southern,2,suppressed
Leprosy,2025,Southern,0,0
Typhoid fever,2025,Southern,1,suppressed
Rabies and other lyssaviruses,2025,Southern,0,0
Pertussis,2025,Southern,241,66.8
Hepatitis B,2025,Southern,3,suppressed
Rickettsial disease,2025,Southern,1,suppressed
Q fever,2025,Southern,1,suppressed
Rheumatic fever,2025,Southern,2,suppressed
Giardiasis,2025,Southern,35,9.7
Malaria,2025,Southern,0,0
Brucellosis,2025,Southern,0,0
Measles,2025,Southern,4,suppressed
Yersiniosis,2025,Southern,125,34.6
Campylobacteriosis,2025,Southern,429,118.9
Taeniasis,2025,Southern,0,0
Cysticercosis,2025,Southern,0,0
Trichinosis,2025,Southern,0,0
Legionellosis,2025,Southern,7,1.9
Cryptosporidiosis,2025,Southern,81,22.5
Paratyphoid fever,2025,Southern,1,suppressed
Mpox,2025,Southern,1,suppressed
Hepatitis C,2025,Southern,1,suppressed
Invasive group A streptococcal infection,2025,Southern,26,7.2
Listeriosis,2025,Southern,2,suppressed
Invasive pneumococcal disease,2025,Southern,52,14.4
Meningococcal disease,2025,Southern,0,0
Cholera,2025,Southern,0,0
Leptospirosis,2025,Southern,4,suppressed
Tetanus,2025,Southern,0,0
Acute gastroenteritis,2025,Southern,33,9.1
Poliomyelitis,2025,Southern,0,0
Meningoencephalitis - primary amoebic,2025,Southern,0,0
Mumps,2025,Southern,0,0
Yersiniosis,2025,Tairawhiti,14,26.5
Legionellosis,2025,Tairawhiti,0,0
Cholera,2025,Tairawhiti,0,0
Rabies and other lyssaviruses,2025,Tairawhiti,0,0
Q fever,2025,Tairawhiti,0,0
Tetanus,2025,Tairawhiti,0,0
VTEC/STEC infection,2025,Tairawhiti,7,13.3
Tuberculosis disease,2025,Tairawhiti,1,suppressed
Leptospirosis,2025,Tairawhiti,3,suppressed
Hepatitis B,2025,Tairawhiti,0,0
Pertussis,2025,Tairawhiti,67,127
Trichinosis,2025,Tairawhiti,0,0
Brucellosis,2025,Tairawhiti,0,0
Malaria,2025,Tairawhiti,2,suppressed
Campylobacteriosis,2025,Tairawhiti,58,110
Taeniasis,2025,Tairawhiti,0,0
Hepatitis NOS,2025,Tairawhiti,0,0
Salmonellosis,2025,Tairawhiti,14,26.5
Typhoid fever,2025,Tairawhiti,0,0
Hepatitis A,2025,Tairawhiti,0,0
Meningoencephalitis - primary amoebic,2025,Tairawhiti,0,0
Rubella,2025,Tairawhiti,0,0
Mumps,2025,Tairawhiti,0,0
Cysticercosis,2025,Tairawhiti,0,0
Listeriosis,2025,Tairawhiti,0,0
Hepatitis C,2025,Tairawhiti,0,0
Rheumatic fever,2025,Tairawhiti,5,9.5
Toxic shellfish poisoning,2025,Tairawhiti,0,0
Meningococcal disease,2025,Tairawhiti,0,0
Haemophilus influenzae type b,2025,Tairawhiti,0,0
Paratyphoid fever,2025,Tairawhiti,0,0
Measles,2025,Tairawhiti,0,0
Invasive group A streptococcal infection,2025,Tairawhiti,10,19
Mpox,2025,Tairawhiti,0,0
Invasive pneumococcal disease,2025,Tairawhiti,15,28.4
Shigellosis,2025,Tairawhiti,1,suppressed
Hydatid disease,2025,Tairawhiti,1,suppressed
Arboviral diseases,2025,Tairawhiti,2,suppressed
Rickettsial disease,2025,Tairawhiti,0,0
Cryptosporidiosis,2025,Tairawhiti,3,suppressed
Leprosy,2025,Tairawhiti,0,0
Diphtheria,2025,Tairawhiti,0,0
Giardiasis,2025,Tairawhiti,7,13.3
Poliomyelitis,2025,Tairawhiti,0,0
Acute gastroenteritis,2025,Tairawhiti,1,suppressed
Hepatitis A,2025,Taranaki,0,0
Tetanus,2025,Taranaki,0,0
Measles,2025,Taranaki,1,suppressed
Meningoencephalitis - primary amoebic,2025,Taranaki,0,0
Leptospirosis,2025,Taranaki,3,suppressed
Rabies and other lyssaviruses,2025,Taranaki,0,0
Typhoid fever,2025,Taranaki,0,0
Cholera,2025,Taranaki,0,0
Hepatitis C,2025,Taranaki,2,suppressed
Hepatitis B,2025,Taranaki,1,suppressed
Rickettsial disease,2025,Taranaki,0,0
Listeriosis,2025,Taranaki,2,suppressed
Salmonellosis,2025,Taranaki,43,33
Hydatid disease,2025,Taranaki,1,suppressed
Hepatitis NOS,2025,Taranaki,0,0
Haemophilus influenzae type b,2025,Taranaki,0,0
Leprosy,2025,Taranaki,0,0
Rubella,2025,Taranaki,0,0
Brucellosis,2025,Taranaki,0,0
Yersiniosis,2025,Taranaki,37,28.4
Pertussis,2025,Taranaki,81,62.1
Cryptosporidiosis,2025,Taranaki,36,27.6
Trichinosis,2025,Taranaki,0,0
Taeniasis,2025,Taranaki,0,0
Arboviral diseases,2025,Taranaki,7,5.4
Meningococcal disease,2025,Taranaki,5,3.8
Tuberculosis disease,2025,Taranaki,4,suppressed
Invasive pneumococcal disease,2025,Taranaki,18,13.8
Rheumatic fever,2025,Taranaki,3,suppressed
VTEC/STEC infection,2025,Taranaki,59,45.2
Legionellosis,2025,Taranaki,4,suppressed
Cysticercosis,2025,Taranaki,0,0
Mumps,2025,Taranaki,0,0
Mpox,2025,Taranaki,0,0
Diphtheria,2025,Taranaki,0,0
Paratyphoid fever,2025,Taranaki,0,0
Toxic shellfish poisoning,2025,Taranaki,0,0
Giardiasis,2025,Taranaki,24,18.4
Poliomyelitis,2025,Taranaki,0,0
Shigellosis,2025,Taranaki,2,suppressed
Campylobacteriosis,2025,Taranaki,214,164.1
Invasive group A streptococcal infection,2025,Taranaki,16,12.3
Malaria,2025,Taranaki,1,suppressed
Q fever,2025,Taranaki,0,0
Acute gastroenteritis,2025,Taranaki,3,suppressed
Meningococcal disease,2025,Waikato,2,suppressed
Rickettsial disease,2025,Waikato,0,0
Brucellosis,2025,Waikato,0,0
Invasive group A streptococcal infection,2025,Waikato,56,12
Tetanus,2025,Waikato,0,0
Legionellosis,2025,Waikato,20,4.3
Paratyphoid fever,2025,Waikato,0,0
Hepatitis B,2025,Waikato,2,suppressed
Poliomyelitis,2025,Waikato,0,0
Arboviral diseases,2025,Waikato,27,5.8
Invasive pneumococcal disease,2025,Waikato,67,14.3
Rheumatic fever,2025,Waikato,8,1.7
Haemophilus influenzae type b,2025,Waikato,0,0
Typhoid fever,2025,Waikato,8,1.7
Leptospirosis,2025,Waikato,17,3.6
Yersiniosis,2025,Waikato,74,15.8
Toxic shellfish poisoning,2025,Waikato,0,0
Pertussis,2025,Waikato,179,38.3
Q fever,2025,Waikato,0,0
Giardiasis,2025,Waikato,115,24.6
Meningoencephalitis - primary amoebic,2025,Waikato,0,0
Rabies and other lyssaviruses,2025,Waikato,0,0
Hydatid disease,2025,Waikato,0,0
Taeniasis,2025,Waikato,0,0
Mumps,2025,Waikato,2,suppressed
Cholera,2025,Waikato,0,0
Measles,2025,Waikato,1,suppressed
Rubella,2025,Waikato,0,0
Listeriosis,2025,Waikato,1,suppressed
Hepatitis NOS,2025,Waikato,0,0
Acute gastroenteritis,2025,Waikato,105,22.5
Cysticercosis,2025,Waikato,0,0
Campylobacteriosis,2025,Waikato,617,132.1
Cryptosporidiosis,2025,Waikato,129,27.6
Hepatitis C,2025,Waikato,4,suppressed
Malaria,2025,Waikato,3,suppressed
Hepatitis A,2025,Waikato,9,1.9
Mpox,2025,Waikato,0,0
Leprosy,2025,Waikato,0,0
Shigellosis,2025,Waikato,8,1.7
Tuberculosis disease,2025,Waikato,45,9.6
Salmonellosis,2025,Waikato,88,18.8
VTEC/STEC infection,2025,Waikato,179,38.3
Trichinosis,2025,Waikato,0,0
Diphtheria,2025,Waikato,0,0
Hydatid disease,2025,Wairarapa,0,0
Taeniasis,2025,Wairarapa,0,0
Meningoencephalitis - primary amoebic,2025,Wairarapa,0,0
Leptospirosis,2025,Wairarapa,2,suppressed
Mpox,2025,Wairarapa,0,0
Yersiniosis,2025,Wairarapa,20,38.9
Rabies and other lyssaviruses,2025,Wairarapa,0,0
Diphtheria,2025,Wairarapa,0,0
Hepatitis NOS,2025,Wairarapa,0,0
Toxic shellfish poisoning,2025,Wairarapa,0,0
Tuberculosis disease,2025,Wairarapa,0,0
Trichinosis,2025,Wairarapa,0,0
Typhoid fever,2025,Wairarapa,2,suppressed
VTEC/STEC infection,2025,Wairarapa,17,33.1
Leprosy,2025,Wairarapa,0,0
Brucellosis,2025,Wairarapa,0,0
Giardiasis,2025,Wairarapa,8,15.6
Mumps,2025,Wairarapa,0,0
Pertussis,2025,Wairarapa,8,15.6
Invasive pneumococcal disease,2025,Wairarapa,9,17.5
Shigellosis,2025,Wairarapa,0,0
Cysticercosis,2025,Wairarapa,0,0
Malaria,2025,Wairarapa,1,suppressed
Q fever,2025,Wairarapa,0,0
Paratyphoid fever,2025,Wairarapa,0,0
Haemophilus influenzae type b,2025,Wairarapa,0,0
Salmonellosis,2025,Wairarapa,13,25.3
Campylobacteriosis,2025,Wairarapa,82,159.5
Cholera,2025,Wairarapa,0,0
Legionellosis,2025,Wairarapa,0,0
Rheumatic fever,2025,Wairarapa,0,0
Cryptosporidiosis,2025,Wairarapa,7,13.6
Rickettsial disease,2025,Wairarapa,0,0
Arboviral diseases,2025,Wairarapa,1,suppressed
Meningococcal disease,2025,Wairarapa,0,0
Poliomyelitis,2025,Wairarapa,0,0
Measles,2025,Wairarapa,7,13.6
Tetanus,2025,Wairarapa,0,0
Invasive group A streptococcal infection,2025,Wairarapa,1,suppressed
Acute gastroenteritis,2025,Wairarapa,1,suppressed
Rubella,2025,Wairarapa,0,0
Hepatitis B,2025,Wairarapa,0,0
Hepatitis A,2025,Wairarapa,1,suppressed
Hepatitis C,2025,Wairarapa,0,0
Listeriosis,2025,Wairarapa,1,suppressed
Typhoid fever,2025,Waitemata,3,suppressed
Hepatitis B,2025,Waitemata,0,0
Invasive pneumococcal disease,2025,Waitemata,69,10.1
Diphtheria,2025,Waitemata,2,suppressed
Q fever,2025,Waitemata,0,0
Campylobacteriosis,2025,Waitemata,663,97
Hepatitis C,2025,Waitemata,0,0
Yersiniosis,2025,Waitemata,105,15.4
Arboviral diseases,2025,Waitemata,60,8.8
Rickettsial disease,2025,Waitemata,2,suppressed
Meningoencephalitis - primary amoebic,2025,Waitemata,0,0
Poliomyelitis,2025,Waitemata,0,0
Legionellosis,2025,Waitemata,17,2.5
Cysticercosis,2025,Waitemata,0,0
VTEC/STEC infection,2025,Waitemata,52,7.6
Shigellosis,2025,Waitemata,32,4.7
Acute gastroenteritis,2025,Waitemata,12,1.8
Rabies and other lyssaviruses,2025,Waitemata,0,0
Meningococcal disease,2025,Waitemata,5,0.7
Hepatitis A,2025,Waitemata,5,0.7
Leprosy,2025,Waitemata,1,suppressed
Hydatid disease,2025,Waitemata,0,0
Cryptosporidiosis,2025,Waitemata,59,8.6
Leptospirosis,2025,Waitemata,6,0.9
Mpox,2025,Waitemata,9,1.3
Measles,2025,Waitemata,1,suppressed
Listeriosis,2025,Waitemata,5,0.7
Invasive group A streptococcal infection,2025,Waitemata,63,9.2
Tuberculosis disease,2025,Waitemata,36,5.3
Rubella,2025,Waitemata,0,0
Hepatitis NOS,2025,Waitemata,0,0
Toxic shellfish poisoning,2025,Waitemata,0,0
Taeniasis,2025,Waitemata,0,0
Brucellosis,2025,Waitemata,0,0
Haemophilus influenzae type b,2025,Waitemata,0,0
Cholera,2025,Waitemata,0,0
Mumps,2025,Waitemata,2,suppressed
Paratyphoid fever,2025,Waitemata,1,suppressed
Salmonellosis,2025,Waitemata,115,16.8
Pertussis,2025,Waitemata,107,15.6
Trichinosis,2025,Waitemata,0,0
Tetanus,2025,Waitemata,0,0
Giardiasis,2025,Waitemata,88,12.9
Rheumatic fever,2025,Waitemata,18,2.6
Malaria,2025,Waitemata,3,suppressed
Hydatid disease,2025,West Coast,0,0
Arboviral diseases,2025,West Coast,3,suppressed
Trichinosis,2025,West Coast,0,0
Meningoencephalitis - primary amoebic,2025,West Coast,0,0
Malaria,2025,West Coast,1,suppressed
Cholera,2025,West Coast,0,0
Brucellosis,2025,West Coast,0,0
Diphtheria,2025,West Coast,0,0
Salmonellosis,2025,West Coast,5,14.4
Toxic shellfish poisoning,2025,West Coast,0,0
Leprosy,2025,West Coast,0,0
Taeniasis,2025,West Coast,0,0
Typhoid fever,2025,West Coast,0,0
Pertussis,2025,West Coast,42,121.1
Rickettsial disease,2025,West Coast,0,0
Shigellosis,2025,West Coast,0,0
Giardiasis,2025,West Coast,2,suppressed
Poliomyelitis,2025,West Coast,0,0
Q fever,2025,West Coast,0,0
Paratyphoid fever,2025,West Coast,0,0
Haemophilus influenzae type b,2025,West Coast,0,0
Tuberculosis disease,2025,West Coast,0,0
Campylobacteriosis,2025,West Coast,47,135.6
Tetanus,2025,West Coast,0,0
Legionellosis,2025,West Coast,1,suppressed
Invasive pneumococcal disease,2025,West Coast,3,suppressed
Leptospirosis,2025,West Coast,0,0
Hepatitis B,2025,West Coast,0,0
Yersiniosis,2025,West Coast,4,suppressed
Rheumatic fever,2025,West Coast,0,0
Hepatitis C,2025,West Coast,0,0
Cysticercosis,2025,West Coast,0,0
Hepatitis NOS,2025,West Coast,0,0
Meningococcal disease,2025,West Coast,0,0
Rabies and other lyssaviruses,2025,West Coast,0,0
Measles,2025,West Coast,0,0
Hepatitis A,2025,West Coast,0,0
VTEC/STEC infection,2025,West Coast,3,suppressed
Mumps,2025,West Coast,0,0
Rubella,2025,West Coast,0,0
Cryptosporidiosis,2025,West Coast,3,suppressed
Mpox,2025,West Coast,0,0
Listeriosis,2025,West Coast,0,0
Acute gastroenteritis,2025,West Coast,0,0
Invasive group A streptococcal infection,2025,West Coast,0,0
Trichinosis,2025,Whanganui,0,0
Hydatid disease,2025,Whanganui,0,0
Haemophilus influenzae type b,2025,Whanganui,0,0
Yersiniosis,2025,Whanganui,10,14.3
Rickettsial disease,2025,Whanganui,0,0
Meningoencephalitis - primary amoebic,2025,Whanganui,0,0
Taeniasis,2025,Whanganui,0,0
Tuberculosis disease,2025,Whanganui,2,suppressed
Brucellosis,2025,Whanganui,0,0
Meningococcal disease,2025,Whanganui,1,suppressed
Hepatitis B,2025,Whanganui,0,0
Tetanus,2025,Whanganui,0,0
Cryptosporidiosis,2025,Whanganui,10,14.3
Typhoid fever,2025,Whanganui,0,0
Salmonellosis,2025,Whanganui,9,12.9
Mpox,2025,Whanganui,0,0
Arboviral diseases,2025,Whanganui,6,8.6
Paratyphoid fever,2025,Whanganui,0,0
Pertussis,2025,Whanganui,15,21.4
Rabies and other lyssaviruses,2025,Whanganui,0,0
Campylobacteriosis,2025,Whanganui,59,84.3
VTEC/STEC infection,2025,Whanganui,11,15.7
Giardiasis,2025,Whanganui,7,10
Rubella,2025,Whanganui,0,0
Leptospirosis,2025,Whanganui,2,suppressed
Shigellosis,2025,Whanganui,4,suppressed
Cholera,2025,Whanganui,0,0
Hepatitis C,2025,Whanganui,0,0
Diphtheria,2025,Whanganui,0,0
Toxic shellfish poisoning,2025,Whanganui,0,0
Hepatitis NOS,2025,Whanganui,0,0
Acute gastroenteritis,2025,Whanganui,0,0
Malaria,2025,Whanganui,0,0
Measles,2025,Whanganui,0,0
Hepatitis A,2025,Whanganui,0,0
Mumps,2025,Whanganui,0,0
Invasive pneumococcal disease,2025,Whanganui,16,22.9
Legionellosis,2025,Whanganui,0,0
Q fever,2025,Whanganui,0,0
Poliomyelitis,2025,Whanganui,0,0
Listeriosis,2025,Whanganui,0,0
Cysticercosis,2025,Whanganui,0,0
Rheumatic fever,2025,Whanganui,0,0
Invasive group A streptococcal infection,2025,Whanganui,7,10
Leprosy,2025,Whanganui,0,0
