Disease,Report Year,Ethnic Group,Case Count,"Case rate per 100,000"
Arboviral diseases,2006,Māori,2,suppressed
Rickettsial disease,2006,Māori,0,0
Acute gastroenteritis,2006,Māori,40,6.4
Leprosy,2006,Māori,0,0
Malaria,2006,Māori,1,suppressed
Rabies and other lyssaviruses,2006,Māori,0,0
Leptospirosis,2006,Māori,18,2.9
Yersiniosis,2006,Māori,31,5
Hepatitis A,2006,Māori,6,1
Meningoencephalitis - primary amoebic,2006,Māori,0,0
Hepatitis NOS,2006,Māori,0,0
Shigellosis,2006,Māori,6,1
Mpox,2006,Māori,0,0
VTEC/STEC infection,2006,Māori,5,0.8
Tetanus,2006,Māori,0,0
Invasive group A streptococcal infection,2006,Māori,0,0
Toxic shellfish poisoning,2006,Māori,0,0
Pertussis,2006,Māori,122,19.5
Giardiasis,2006,Māori,70,11.2
Cholera,2006,Māori,0,0
Brucellosis,2006,Māori,0,0
Meningococcal disease,2006,Māori,44,7
Hydatid disease,2006,Māori,0,0
Cryptosporidiosis,2006,Māori,49,7.8
Taeniasis,2006,Māori,0,0
Listeriosis,2006,Māori,0,0
Typhoid fever,2006,Māori,3,suppressed
Cysticercosis,2006,Māori,0,0
Measles,2006,Māori,2,suppressed
Haemophilus influenzae type b,2006,Māori,3,suppressed
Trichinosis,2006,Māori,0,0
Poliomyelitis,2006,Māori,0,0
Salmonellosis,2006,Māori,110,17.6
Invasive pneumococcal disease,2006,Māori,0,0
Rheumatic fever,2006,Māori,57,9.1
Q fever,2006,Māori,0,0
Mumps,2006,Māori,5,0.8
Tuberculosis disease,2006,Māori,62,9.9
Legionellosis,2006,Māori,0,0
Diphtheria,2006,Māori,0,0
Campylobacteriosis,2006,Māori,821,131.5
Paratyphoid fever,2006,Māori,0,0
Rubella,2006,Māori,1,suppressed
Hepatitis C,2006,Māori,7,1.1
Hepatitis B,2006,Māori,8,1.3
Malaria,2006,Pacific,9,3.5
Leprosy,2006,Pacific,2,suppressed
Rabies and other lyssaviruses,2006,Pacific,0,0
Typhoid fever,2006,Pacific,18,7
Meningoencephalitis - primary amoebic,2006,Pacific,0,0
Meningococcal disease,2006,Pacific,24,9.3
Measles,2006,Pacific,1,suppressed
Toxic shellfish poisoning,2006,Pacific,1,suppressed
Mpox,2006,Pacific,0,0
Rickettsial disease,2006,Pacific,0,0
Taeniasis,2006,Pacific,0,0
Shigellosis,2006,Pacific,11,4.3
Invasive group A streptococcal infection,2006,Pacific,0,0
Haemophilus influenzae type b,2006,Pacific,0,0
Brucellosis,2006,Pacific,0,0
Acute gastroenteritis,2006,Pacific,16,6.2
Hepatitis A,2006,Pacific,43,16.7
Yersiniosis,2006,Pacific,9,3.5
Hydatid disease,2006,Pacific,0,0
Cholera,2006,Pacific,0,0
Cryptosporidiosis,2006,Pacific,9,3.5
Listeriosis,2006,Pacific,4,suppressed
Tetanus,2006,Pacific,0,0
Mumps,2006,Pacific,9,3.5
Legionellosis,2006,Pacific,4,suppressed
Hepatitis B,2006,Pacific,16,6.2
Poliomyelitis,2006,Pacific,0,0
Q fever,2006,Pacific,0,0
Salmonellosis,2006,Pacific,46,17.9
Diphtheria,2006,Pacific,0,0
Rheumatic fever,2006,Pacific,35,13.6
Hepatitis C,2006,Pacific,1,suppressed
Giardiasis,2006,Pacific,11,4.3
Tuberculosis disease,2006,Pacific,47,18.3
Cysticercosis,2006,Pacific,0,0
Trichinosis,2006,Pacific,0,0
Arboviral diseases,2006,Pacific,2,suppressed
Rubella,2006,Pacific,0,0
Leptospirosis,2006,Pacific,0,0
Pertussis,2006,Pacific,20,7.8
Hepatitis NOS,2006,Pacific,0,0
Paratyphoid fever,2006,Pacific,0,0
VTEC/STEC infection,2006,Pacific,2,suppressed
Campylobacteriosis,2006,Pacific,201,78.2
Invasive pneumococcal disease,2006,Pacific,0,0
Leprosy,2006,Asian,2,suppressed
Malaria,2006,Asian,5,1.3
Typhoid fever,2006,Asian,8,2.1
Tetanus,2006,Asian,0,0
Meningococcal disease,2006,Asian,5,1.3
Mumps,2006,Asian,4,suppressed
Meningoencephalitis - primary amoebic,2006,Asian,0,0
Hepatitis A,2006,Asian,12,3.1
Acute gastroenteritis,2006,Asian,24,6.2
Haemophilus influenzae type b,2006,Asian,0,0
Toxic shellfish poisoning,2006,Asian,0,0
Legionellosis,2006,Asian,2,suppressed
Diphtheria,2006,Asian,0,0
Yersiniosis,2006,Asian,35,9
Measles,2006,Asian,0,0
Tuberculosis disease,2006,Asian,149,38.3
Taeniasis,2006,Asian,0,0
Listeriosis,2006,Asian,0,0
Poliomyelitis,2006,Asian,0,0
Rickettsial disease,2006,Asian,0,0
Arboviral diseases,2006,Asian,1,suppressed
Cysticercosis,2006,Asian,0,0
Hepatitis B,2006,Asian,12,3.1
Invasive group A streptococcal infection,2006,Asian,0,0
Leptospirosis,2006,Asian,0,0
Invasive pneumococcal disease,2006,Asian,0,0
Pertussis,2006,Asian,36,9.3
Hepatitis C,2006,Asian,0,0
Brucellosis,2006,Asian,0,0
Trichinosis,2006,Asian,0,0
Rheumatic fever,2006,Asian,1,suppressed
Hydatid disease,2006,Asian,0,0
Campylobacteriosis,2006,Asian,488,125.5
Paratyphoid fever,2006,Asian,9,2.3
Rubella,2006,Asian,0,0
Shigellosis,2006,Asian,12,3.1
Mpox,2006,Asian,0,0
Rabies and other lyssaviruses,2006,Asian,0,0
Cholera,2006,Asian,0,0
VTEC/STEC infection,2006,Asian,2,suppressed
Cryptosporidiosis,2006,Asian,20,5.1
Q fever,2006,Asian,0,0
Giardiasis,2006,Asian,41,10.5
Salmonellosis,2006,Asian,41,10.5
Hepatitis NOS,2006,Asian,0,0
Typhoid fever,2006,MELAA,8,22.1
Meningococcal disease,2006,MELAA,0,0
Toxic shellfish poisoning,2006,MELAA,0,0
Meningoencephalitis - primary amoebic,2006,MELAA,0,0
Tetanus,2006,MELAA,0,0
Rickettsial disease,2006,MELAA,0,0
Hepatitis A,2006,MELAA,1,suppressed
Acute gastroenteritis,2006,MELAA,2,suppressed
Yersiniosis,2006,MELAA,3,suppressed
Malaria,2006,MELAA,3,suppressed
Mumps,2006,MELAA,0,0
Leptospirosis,2006,MELAA,0,0
Taeniasis,2006,MELAA,0,0
Poliomyelitis,2006,MELAA,0,0
Hydatid disease,2006,MELAA,0,0
Measles,2006,MELAA,1,suppressed
Cysticercosis,2006,MELAA,0,0
Hepatitis B,2006,MELAA,0,0
Haemophilus influenzae type b,2006,MELAA,0,0
Leprosy,2006,MELAA,0,0
Cholera,2006,MELAA,0,0
Diphtheria,2006,MELAA,0,0
Invasive pneumococcal disease,2006,MELAA,0,0
Brucellosis,2006,MELAA,0,0
Giardiasis,2006,MELAA,5,13.8
Tuberculosis disease,2006,MELAA,27,74.6
Mpox,2006,MELAA,0,0
Q fever,2006,MELAA,0,0
Legionellosis,2006,MELAA,0,0
Rubella,2006,MELAA,0,0
Paratyphoid fever,2006,MELAA,0,0
VTEC/STEC infection,2006,MELAA,0,0
Invasive group A streptococcal infection,2006,MELAA,0,0
Salmonellosis,2006,MELAA,6,16.6
Pertussis,2006,MELAA,2,suppressed
Listeriosis,2006,MELAA,0,0
Hepatitis NOS,2006,MELAA,0,0
Hepatitis C,2006,MELAA,0,0
Campylobacteriosis,2006,MELAA,34,93.9
Rabies and other lyssaviruses,2006,MELAA,0,0
Cryptosporidiosis,2006,MELAA,0,0
Arboviral diseases,2006,MELAA,0,0
Shigellosis,2006,MELAA,1,suppressed
Rheumatic fever,2006,MELAA,0,0
Trichinosis,2006,MELAA,0,0
Hepatitis A,2006,European or Others,54,1.9
Meningoencephalitis - primary amoebic,2006,European or Others,0,0
Mumps,2006,European or Others,26,0.9
Measles,2006,European or Others,13,0.5
Acute gastroenteritis,2006,European or Others,739,25.7
Leprosy,2006,European or Others,0,0
Brucellosis,2006,European or Others,0,0
Diphtheria,2006,European or Others,0,0
Malaria,2006,European or Others,7,0.2
Meningococcal disease,2006,European or Others,86,3
Rickettsial disease,2006,European or Others,13,0.5
Arboviral diseases,2006,European or Others,14,0.5
Yersiniosis,2006,European or Others,290,10.1
Listeriosis,2006,European or Others,13,0.5
Typhoid fever,2006,European or Others,3,suppressed
Haemophilus influenzae type b,2006,European or Others,6,0.2
Legionellosis,2006,European or Others,42,1.5
Toxic shellfish poisoning,2006,European or Others,0,0
Poliomyelitis,2006,European or Others,0,0
Hepatitis C,2006,European or Others,25,0.9
Leptospirosis,2006,European or Others,58,2
Cholera,2006,European or Others,0,0
Rheumatic fever,2006,European or Others,3,suppressed
Hydatid disease,2006,European or Others,0,0
Campylobacteriosis,2006,European or Others,10856,377.2
Rubella,2006,European or Others,6,0.2
Hepatitis B,2006,European or Others,21,0.7
Tetanus,2006,European or Others,1,suppressed
Invasive pneumococcal disease,2006,European or Others,0,0
Rabies and other lyssaviruses,2006,European or Others,0,0
Salmonellosis,2006,European or Others,965,33.5
Pertussis,2006,European or Others,883,30.7
Mpox,2006,European or Others,0,0
Q fever,2006,European or Others,0,0
Tuberculosis disease,2006,European or Others,50,1.7
Shigellosis,2006,European or Others,47,1.6
Taeniasis,2006,European or Others,0,0
Cryptosporidiosis,2006,European or Others,604,21
Paratyphoid fever,2006,European or Others,13,0.5
Cysticercosis,2006,European or Others,0,0
VTEC/STEC infection,2006,European or Others,75,2.6
Trichinosis,2006,European or Others,0,0
Invasive group A streptococcal infection,2006,European or Others,0,0
Giardiasis,2006,European or Others,871,30.3
Hepatitis NOS,2006,European or Others,0,0
Malaria,2007,Māori,1,suppressed
Meningococcal disease,2007,Māori,35,5.6
Leptospirosis,2007,Māori,14,2.2
Measles,2007,Māori,2,suppressed
Typhoid fever,2007,Māori,3,suppressed
Yersiniosis,2007,Māori,33,5.3
Rickettsial disease,2007,Māori,0,0
Diphtheria,2007,Māori,0,0
Meningoencephalitis - primary amoebic,2007,Māori,0,0
Acute gastroenteritis,2007,Māori,26,4.1
Leprosy,2007,Māori,0,0
Invasive group A streptococcal infection,2007,Māori,0,0
Legionellosis,2007,Māori,8,1.3
Hepatitis A,2007,Māori,3,suppressed
Poliomyelitis,2007,Māori,0,0
Mumps,2007,Māori,15,2.4
Cholera,2007,Māori,0,0
Taeniasis,2007,Māori,0,0
Hydatid disease,2007,Māori,2,suppressed
Q fever,2007,Māori,0,0
Arboviral diseases,2007,Māori,12,1.9
Rubella,2007,Māori,1,suppressed
Cysticercosis,2007,Māori,0,0
Haemophilus influenzae type b,2007,Māori,5,0.8
Tetanus,2007,Māori,0,0
Hepatitis C,2007,Māori,3,suppressed
Pertussis,2007,Māori,41,6.5
Invasive pneumococcal disease,2007,Māori,0,0
Brucellosis,2007,Māori,0,0
Campylobacteriosis,2007,Māori,654,104.2
Giardiasis,2007,Māori,78,12.4
Listeriosis,2007,Māori,2,suppressed
Rheumatic fever,2007,Māori,66,10.5
Shigellosis,2007,Māori,13,2.1
Paratyphoid fever,2007,Māori,1,suppressed
VTEC/STEC infection,2007,Māori,7,1.1
Toxic shellfish poisoning,2007,Māori,0,0
Hepatitis B,2007,Māori,9,1.4
Mpox,2007,Māori,0,0
Rabies and other lyssaviruses,2007,Māori,0,0
Salmonellosis,2007,Māori,94,15
Tuberculosis disease,2007,Māori,49,7.8
Trichinosis,2007,Māori,0,0
Hepatitis NOS,2007,Māori,0,0
Cryptosporidiosis,2007,Māori,91,14.5
Malaria,2007,Pacific,2,suppressed
Haemophilus influenzae type b,2007,Pacific,0,0
Meningoencephalitis - primary amoebic,2007,Pacific,0,0
Rickettsial disease,2007,Pacific,0,0
Leprosy,2007,Pacific,6,2.3
Poliomyelitis,2007,Pacific,0,0
Tetanus,2007,Pacific,0,0
Leptospirosis,2007,Pacific,0,0
Meningococcal disease,2007,Pacific,16,6.2
Acute gastroenteritis,2007,Pacific,9,3.5
Yersiniosis,2007,Pacific,11,4.2
Hepatitis A,2007,Pacific,6,2.3
Cholera,2007,Pacific,0,0
Diphtheria,2007,Pacific,0,0
Taeniasis,2007,Pacific,0,0
Hydatid disease,2007,Pacific,0,0
Arboviral diseases,2007,Pacific,28,10.8
Measles,2007,Pacific,0,0
Cysticercosis,2007,Pacific,0,0
Legionellosis,2007,Pacific,0,0
Invasive group A streptococcal infection,2007,Pacific,0,0
Rabies and other lyssaviruses,2007,Pacific,0,0
Pertussis,2007,Pacific,12,4.6
Brucellosis,2007,Pacific,2,suppressed
Mumps,2007,Pacific,20,7.7
Hepatitis C,2007,Pacific,2,suppressed
Listeriosis,2007,Pacific,0,0
Cryptosporidiosis,2007,Pacific,13,5
Q fever,2007,Pacific,0,0
Campylobacteriosis,2007,Pacific,135,52.1
Rubella,2007,Pacific,0,0
VTEC/STEC infection,2007,Pacific,0,0
Hepatitis B,2007,Pacific,7,2.7
Paratyphoid fever,2007,Pacific,0,0
Toxic shellfish poisoning,2007,Pacific,0,0
Salmonellosis,2007,Pacific,48,18.5
Typhoid fever,2007,Pacific,24,9.3
Invasive pneumococcal disease,2007,Pacific,0,0
Hepatitis NOS,2007,Pacific,0,0
Giardiasis,2007,Pacific,8,3.1
Trichinosis,2007,Pacific,0,0
Shigellosis,2007,Pacific,20,7.7
Rheumatic fever,2007,Pacific,59,22.8
Mpox,2007,Pacific,0,0
Tuberculosis disease,2007,Pacific,27,10.4
Measles,2007,Asian,0,0
Q fever,2007,Asian,0,0
Rabies and other lyssaviruses,2007,Asian,0,0
Toxic shellfish poisoning,2007,Asian,0,0
Acute gastroenteritis,2007,Asian,20,5.1
Arboviral diseases,2007,Asian,8,2
Rickettsial disease,2007,Asian,0,0
Cholera,2007,Asian,0,0
Brucellosis,2007,Asian,0,0
Pertussis,2007,Asian,13,3.3
Leprosy,2007,Asian,1,suppressed
Meningococcal disease,2007,Asian,6,1.5
Taeniasis,2007,Asian,0,0
Rubella,2007,Asian,1,suppressed
Poliomyelitis,2007,Asian,0,0
Campylobacteriosis,2007,Asian,365,93.1
Invasive group A streptococcal infection,2007,Asian,0,0
Tetanus,2007,Asian,0,0
Hepatitis B,2007,Asian,11,2.8
Paratyphoid fever,2007,Asian,15,3.8
Mumps,2007,Asian,11,2.8
Malaria,2007,Asian,5,1.3
Meningoencephalitis - primary amoebic,2007,Asian,0,0
Rheumatic fever,2007,Asian,4,suppressed
Giardiasis,2007,Asian,32,8.2
Cryptosporidiosis,2007,Asian,15,3.8
VTEC/STEC infection,2007,Asian,5,1.3
Hydatid disease,2007,Asian,1,suppressed
Hepatitis NOS,2007,Asian,1,suppressed
Shigellosis,2007,Asian,10,2.6
Haemophilus influenzae type b,2007,Asian,0,0
Typhoid fever,2007,Asian,18,4.6
Cysticercosis,2007,Asian,2,suppressed
Legionellosis,2007,Asian,1,suppressed
Yersiniosis,2007,Asian,39,9.9
Hepatitis A,2007,Asian,12,3.1
Tuberculosis disease,2007,Asian,140,35.7
Trichinosis,2007,Asian,0,0
Leptospirosis,2007,Asian,2,suppressed
Listeriosis,2007,Asian,2,suppressed
Diphtheria,2007,Asian,0,0
Invasive pneumococcal disease,2007,Asian,0,0
Hepatitis C,2007,Asian,0,0
Mpox,2007,Asian,0,0
Salmonellosis,2007,Asian,46,11.7
Measles,2007,MELAA,4,suppressed
Cryptosporidiosis,2007,MELAA,5,13.7
Campylobacteriosis,2007,MELAA,37,101.6
Meningoencephalitis - primary amoebic,2007,MELAA,0,0
Pertussis,2007,MELAA,2,suppressed
Tetanus,2007,MELAA,0,0
Rubella,2007,MELAA,0,0
Acute gastroenteritis,2007,MELAA,4,suppressed
Hepatitis A,2007,MELAA,2,suppressed
Meningococcal disease,2007,MELAA,0,0
Rabies and other lyssaviruses,2007,MELAA,0,0
Cholera,2007,MELAA,0,0
Arboviral diseases,2007,MELAA,0,0
Mpox,2007,MELAA,0,0
Q fever,2007,MELAA,0,0
Paratyphoid fever,2007,MELAA,1,suppressed
Mumps,2007,MELAA,0,0
Malaria,2007,MELAA,3,suppressed
Toxic shellfish poisoning,2007,MELAA,0,0
Poliomyelitis,2007,MELAA,0,0
Taeniasis,2007,MELAA,0,0
Trichinosis,2007,MELAA,0,0
Yersiniosis,2007,MELAA,5,13.7
Hydatid disease,2007,MELAA,1,suppressed
Rickettsial disease,2007,MELAA,0,0
Shigellosis,2007,MELAA,0,0
Listeriosis,2007,MELAA,2,suppressed
Leprosy,2007,MELAA,1,suppressed
Invasive group A streptococcal infection,2007,MELAA,0,0
Legionellosis,2007,MELAA,0,0
Cysticercosis,2007,MELAA,0,0
Invasive pneumococcal disease,2007,MELAA,0,0
Rheumatic fever,2007,MELAA,0,0
Giardiasis,2007,MELAA,11,30.2
Diphtheria,2007,MELAA,0,0
Hepatitis NOS,2007,MELAA,0,0
Typhoid fever,2007,MELAA,0,0
VTEC/STEC infection,2007,MELAA,2,suppressed
Hepatitis B,2007,MELAA,0,0
Hepatitis C,2007,MELAA,0,0
Leptospirosis,2007,MELAA,0,0
Haemophilus influenzae type b,2007,MELAA,1,suppressed
Brucellosis,2007,MELAA,2,suppressed
Tuberculosis disease,2007,MELAA,20,54.9
Salmonellosis,2007,MELAA,12,33
Q fever,2007,European or Others,0,0
Rickettsial disease,2007,European or Others,2,suppressed
Cryptosporidiosis,2007,European or Others,689,23.7
Meningococcal disease,2007,European or Others,57,2
Hepatitis A,2007,European or Others,17,0.6
Yersiniosis,2007,European or Others,345,11.9
Rabies and other lyssaviruses,2007,European or Others,0,0
Pertussis,2007,European or Others,243,8.4
Shigellosis,2007,European or Others,65,2.2
Tetanus,2007,European or Others,1,suppressed
Measles,2007,European or Others,18,0.6
Taeniasis,2007,European or Others,1,suppressed
Cholera,2007,European or Others,1,suppressed
Mumps,2007,European or Others,23,0.8
Paratyphoid fever,2007,European or Others,6,0.2
Acute gastroenteritis,2007,European or Others,460,15.8
Meningoencephalitis - primary amoebic,2007,European or Others,0,0
Trichinosis,2007,European or Others,0,0
Tuberculosis disease,2007,European or Others,40,1.4
Legionellosis,2007,European or Others,42,1.4
Arboviral diseases,2007,European or Others,49,1.7
Invasive group A streptococcal infection,2007,European or Others,0,0
Listeriosis,2007,European or Others,18,0.6
Hydatid disease,2007,European or Others,2,suppressed
Toxic shellfish poisoning,2007,European or Others,3,suppressed
Rheumatic fever,2007,European or Others,6,0.2
Malaria,2007,European or Others,9,0.3
Hepatitis NOS,2007,European or Others,0,0
Giardiasis,2007,European or Others,954,32.8
Campylobacteriosis,2007,European or Others,8544,293.8
Diphtheria,2007,European or Others,0,0
Typhoid fever,2007,European or Others,2,suppressed
Mpox,2007,European or Others,0,0
Poliomyelitis,2007,European or Others,0,0
Hepatitis B,2007,European or Others,40,1.4
Invasive pneumococcal disease,2007,European or Others,0,0
Leprosy,2007,European or Others,0,0
Haemophilus influenzae type b,2007,European or Others,8,0.3
Brucellosis,2007,European or Others,0,0
Hepatitis C,2007,European or Others,23,0.8
Cysticercosis,2007,European or Others,0,0
VTEC/STEC infection,2007,European or Others,78,2.7
Rubella,2007,European or Others,8,0.3
Salmonellosis,2007,European or Others,835,28.7
Leptospirosis,2007,European or Others,44,1.5
Cryptosporidiosis,2008,Māori,62,9.8
Rickettsial disease,2008,Māori,0,0
Campylobacteriosis,2008,Māori,451,71.5
Taeniasis,2008,Māori,0,0
Paratyphoid fever,2008,Māori,1,suppressed
Mpox,2008,Māori,0,0
Q fever,2008,Māori,0,0
Meningoencephalitis - primary amoebic,2008,Māori,0,0
Hepatitis A,2008,Māori,14,2.2
Cholera,2008,Māori,0,0
Pertussis,2008,Māori,62,9.8
Rheumatic fever,2008,Māori,107,17
Tetanus,2008,Māori,0,0
Tuberculosis disease,2008,Māori,45,7.1
Meningococcal disease,2008,Māori,40,6.3
Acute gastroenteritis,2008,Māori,38,6
Trichinosis,2008,Māori,0,0
Rabies and other lyssaviruses,2008,Māori,0,0
Listeriosis,2008,Māori,2,suppressed
Toxic shellfish poisoning,2008,Māori,0,0
Arboviral diseases,2008,Māori,5,0.8
Brucellosis,2008,Māori,1,suppressed
Typhoid fever,2008,Māori,2,suppressed
Yersiniosis,2008,Māori,33,5.2
Giardiasis,2008,Māori,82,13
Measles,2008,Māori,1,suppressed
Diphtheria,2008,Māori,0,0
Shigellosis,2008,Māori,6,1
Hydatid disease,2008,Māori,1,suppressed
Hepatitis B,2008,Māori,5,0.8
Legionellosis,2008,Māori,4,suppressed
Invasive group A streptococcal infection,2008,Māori,0,0
Malaria,2008,Māori,0,0
Poliomyelitis,2008,Māori,0,0
Leptospirosis,2008,Māori,30,4.8
Hepatitis C,2008,Māori,5,0.8
Invasive pneumococcal disease,2008,Māori,27,4.3
Hepatitis NOS,2008,Māori,0,0
Rubella,2008,Māori,1,suppressed
VTEC/STEC infection,2008,Māori,14,2.2
Cysticercosis,2008,Māori,0,0
Haemophilus influenzae type b,2008,Māori,6,1
Mumps,2008,Māori,17,2.7
Salmonellosis,2008,Māori,131,20.8
Leprosy,2008,Māori,0,0
Meningoencephalitis - primary amoebic,2008,Pacific,0,0
Rickettsial disease,2008,Pacific,0,0
Campylobacteriosis,2008,Pacific,144,55.1
Acute gastroenteritis,2008,Pacific,19,7.3
Hepatitis A,2008,Pacific,12,4.6
Paratyphoid fever,2008,Pacific,0,0
Taeniasis,2008,Pacific,0,0
Giardiasis,2008,Pacific,12,4.6
Rheumatic fever,2008,Pacific,30,11.5
Tuberculosis disease,2008,Pacific,52,19.9
Q fever,2008,Pacific,0,0
Toxic shellfish poisoning,2008,Pacific,0,0
Arboviral diseases,2008,Pacific,44,16.8
Tetanus,2008,Pacific,0,0
Cryptosporidiosis,2008,Pacific,8,3.1
Poliomyelitis,2008,Pacific,0,0
Pertussis,2008,Pacific,11,4.2
Rabies and other lyssaviruses,2008,Pacific,0,0
Listeriosis,2008,Pacific,4,suppressed
Meningococcal disease,2008,Pacific,21,8
Brucellosis,2008,Pacific,2,suppressed
Trichinosis,2008,Pacific,0,0
Diphtheria,2008,Pacific,0,0
Hepatitis NOS,2008,Pacific,0,0
Hydatid disease,2008,Pacific,1,suppressed
Measles,2008,Pacific,0,0
Shigellosis,2008,Pacific,17,6.5
Malaria,2008,Pacific,5,1.9
Cholera,2008,Pacific,0,0
Hepatitis B,2008,Pacific,5,1.9
Legionellosis,2008,Pacific,0,0
Invasive pneumococcal disease,2008,Pacific,17,6.5
Yersiniosis,2008,Pacific,16,6.1
Mumps,2008,Pacific,13,5
Hepatitis C,2008,Pacific,0,0
VTEC/STEC infection,2008,Pacific,3,suppressed
Invasive group A streptococcal infection,2008,Pacific,0,0
Mpox,2008,Pacific,0,0
Rubella,2008,Pacific,0,0
Leptospirosis,2008,Pacific,3,suppressed
Salmonellosis,2008,Pacific,25,9.6
Leprosy,2008,Pacific,3,suppressed
Haemophilus influenzae type b,2008,Pacific,1,suppressed
Cysticercosis,2008,Pacific,0,0
Typhoid fever,2008,Pacific,13,5
Cryptosporidiosis,2008,Asian,20,5.1
Meningoencephalitis - primary amoebic,2008,Asian,0,0
Campylobacteriosis,2008,Asian,270,68.4
Acute gastroenteritis,2008,Asian,40,10.1
Rheumatic fever,2008,Asian,3,suppressed
Rickettsial disease,2008,Asian,0,0
Meningococcal disease,2008,Asian,4,suppressed
Q fever,2008,Asian,0,0
Trichinosis,2008,Asian,0,0
Hepatitis A,2008,Asian,22,5.6
Paratyphoid fever,2008,Asian,14,3.5
Toxic shellfish poisoning,2008,Asian,0,0
Arboviral diseases,2008,Asian,14,3.5
Tetanus,2008,Asian,0,0
Malaria,2008,Asian,14,3.5
Cholera,2008,Asian,0,0
Giardiasis,2008,Asian,54,13.7
Hepatitis C,2008,Asian,0,0
Poliomyelitis,2008,Asian,0,0
Yersiniosis,2008,Asian,72,18.2
Taeniasis,2008,Asian,1,suppressed
Measles,2008,Asian,1,suppressed
Legionellosis,2008,Asian,2,suppressed
Mpox,2008,Asian,0,0
Hydatid disease,2008,Asian,0,0
Pertussis,2008,Asian,8,2
Leptospirosis,2008,Asian,0,0
Typhoid fever,2008,Asian,14,3.5
Rabies and other lyssaviruses,2008,Asian,0,0
Brucellosis,2008,Asian,0,0
Rubella,2008,Asian,0,0
Tuberculosis disease,2008,Asian,146,37
Listeriosis,2008,Asian,1,suppressed
Hepatitis NOS,2008,Asian,2,suppressed
Hepatitis B,2008,Asian,6,1.5
VTEC/STEC infection,2008,Asian,5,1.3
Cysticercosis,2008,Asian,0,0
Leprosy,2008,Asian,1,suppressed
Mumps,2008,Asian,5,1.3
Salmonellosis,2008,Asian,68,17.2
Diphtheria,2008,Asian,0,0
Shigellosis,2008,Asian,15,3.8
Haemophilus influenzae type b,2008,Asian,0,0
Invasive group A streptococcal infection,2008,Asian,0,0
Invasive pneumococcal disease,2008,Asian,8,2
Giardiasis,2008,MELAA,22,60.1
Q fever,2008,MELAA,0,0
Taeniasis,2008,MELAA,2,suppressed
Cryptosporidiosis,2008,MELAA,2,suppressed
Meningococcal disease,2008,MELAA,2,suppressed
Rheumatic fever,2008,MELAA,1,suppressed
Poliomyelitis,2008,MELAA,0,0
Paratyphoid fever,2008,MELAA,1,suppressed
Trichinosis,2008,MELAA,0,0
Tetanus,2008,MELAA,0,0
Toxic shellfish poisoning,2008,MELAA,0,0
Cholera,2008,MELAA,0,0
Acute gastroenteritis,2008,MELAA,2,suppressed
Hepatitis C,2008,MELAA,1,suppressed
Leprosy,2008,MELAA,0,0
Yersiniosis,2008,MELAA,4,suppressed
Meningoencephalitis - primary amoebic,2008,MELAA,0,0
Measles,2008,MELAA,0,0
Brucellosis,2008,MELAA,0,0
Mpox,2008,MELAA,0,0
Arboviral diseases,2008,MELAA,1,suppressed
Rickettsial disease,2008,MELAA,0,0
Campylobacteriosis,2008,MELAA,27,73.7
Legionellosis,2008,MELAA,0,0
Rabies and other lyssaviruses,2008,MELAA,0,0
Mumps,2008,MELAA,2,suppressed
Salmonellosis,2008,MELAA,12,32.8
Tuberculosis disease,2008,MELAA,11,30
Hepatitis NOS,2008,MELAA,0,0
Hepatitis A,2008,MELAA,2,suppressed
Rubella,2008,MELAA,0,0
Shigellosis,2008,MELAA,1,suppressed
Cysticercosis,2008,MELAA,0,0
Hepatitis B,2008,MELAA,0,0
VTEC/STEC infection,2008,MELAA,0,0
Pertussis,2008,MELAA,1,suppressed
Diphtheria,2008,MELAA,0,0
Haemophilus influenzae type b,2008,MELAA,0,0
Typhoid fever,2008,MELAA,0,0
Leptospirosis,2008,MELAA,0,0
Invasive pneumococcal disease,2008,MELAA,0,0
Malaria,2008,MELAA,5,13.7
Listeriosis,2008,MELAA,0,0
Hydatid disease,2008,MELAA,1,suppressed
Invasive group A streptococcal infection,2008,MELAA,0,0
Rheumatic fever,2008,European or Others,12,0.4
Rubella,2008,European or Others,7,0.2
Tuberculosis disease,2008,European or Others,32,1.1
Mumps,2008,European or Others,34,1.2
Taeniasis,2008,European or Others,2,suppressed
Measles,2008,European or Others,10,0.3
Toxic shellfish poisoning,2008,European or Others,1,suppressed
Rickettsial disease,2008,European or Others,9,0.3
Pertussis,2008,European or Others,327,11.1
Invasive pneumococcal disease,2008,European or Others,68,2.3
Trichinosis,2008,European or Others,0,0
Salmonellosis,2008,European or Others,972,33.1
Cholera,2008,European or Others,0,0
Giardiasis,2008,European or Others,1243,42.3
Hepatitis NOS,2008,European or Others,0,0
Cryptosporidiosis,2008,European or Others,648,22.1
VTEC/STEC infection,2008,European or Others,99,3.4
Shigellosis,2008,European or Others,67,2.3
Q fever,2008,European or Others,0,0
Arboviral diseases,2008,European or Others,43,1.5
Tetanus,2008,European or Others,0,0
Acute gastroenteritis,2008,European or Others,461,15.7
Cysticercosis,2008,European or Others,0,0
Typhoid fever,2008,European or Others,0,0
Rabies and other lyssaviruses,2008,European or Others,0,0
Leprosy,2008,European or Others,1,suppressed
Meningococcal disease,2008,European or Others,53,1.8
Brucellosis,2008,European or Others,0,0
Mpox,2008,European or Others,0,0
Diphtheria,2008,European or Others,0,0
Paratyphoid fever,2008,European or Others,7,0.2
Hepatitis B,2008,European or Others,19,0.6
Invasive group A streptococcal infection,2008,European or Others,0,0
Campylobacteriosis,2008,European or Others,4815,164
Legionellosis,2008,European or Others,65,2.2
Malaria,2008,European or Others,11,0.4
Hepatitis A,2008,European or Others,34,1.2
Hepatitis C,2008,European or Others,15,0.5
Yersiniosis,2008,European or Others,325,11.1
Haemophilus influenzae type b,2008,European or Others,2,suppressed
Meningoencephalitis - primary amoebic,2008,European or Others,0,0
Poliomyelitis,2008,European or Others,0,0
Listeriosis,2008,European or Others,20,0.7
Hydatid disease,2008,European or Others,4,suppressed
Leptospirosis,2008,European or Others,83,2.8
Measles,2009,Māori,21,3.3
Toxic shellfish poisoning,2009,Māori,1,suppressed
Salmonellosis,2009,Māori,125,19.7
Tetanus,2009,Māori,0,0
Arboviral diseases,2009,Māori,3,suppressed
Hepatitis NOS,2009,Māori,0,0
Acute gastroenteritis,2009,Māori,40,6.3
Rickettsial disease,2009,Māori,1,suppressed
Giardiasis,2009,Māori,94,14.8
Typhoid fever,2009,Māori,0,0
Rubella,2009,Māori,0,0
Tuberculosis disease,2009,Māori,52,8.2
Shigellosis,2009,Māori,5,0.8
Hepatitis B,2009,Māori,9,1.4
Trichinosis,2009,Māori,0,0
Mpox,2009,Māori,0,0
Pertussis,2009,Māori,172,27.1
Paratyphoid fever,2009,Māori,0,0
Poliomyelitis,2009,Māori,0,0
Mumps,2009,Māori,10,1.6
Rabies and other lyssaviruses,2009,Māori,0,0
Rheumatic fever,2009,Māori,82,12.9
Legionellosis,2009,Māori,2,suppressed
Yersiniosis,2009,Māori,36,5.7
Meningococcal disease,2009,Māori,49,7.7
Taeniasis,2009,Māori,0,0
Cryptosporidiosis,2009,Māori,65,10.2
VTEC/STEC infection,2009,Māori,20,3.2
Campylobacteriosis,2009,Māori,463,73
Haemophilus influenzae type b,2009,Māori,5,0.8
Cysticercosis,2009,Māori,0,0
Listeriosis,2009,Māori,6,0.9
Hepatitis C,2009,Māori,4,suppressed
Invasive pneumococcal disease,2009,Māori,178,28
Leprosy,2009,Māori,0,0
Cholera,2009,Māori,0,0
Malaria,2009,Māori,1,suppressed
Hepatitis A,2009,Māori,6,0.9
Brucellosis,2009,Māori,0,0
Leptospirosis,2009,Māori,9,1.4
Meningoencephalitis - primary amoebic,2009,Māori,0,0
Q fever,2009,Māori,0,0
Invasive group A streptococcal infection,2009,Māori,0,0
Hydatid disease,2009,Māori,0,0
Diphtheria,2009,Māori,0,0
Tetanus,2009,Pacific,0,0
Arboviral diseases,2009,Pacific,49,18.6
Legionellosis,2009,Pacific,2,suppressed
Rheumatic fever,2009,Pacific,54,20.5
Giardiasis,2009,Pacific,12,4.6
Yersiniosis,2009,Pacific,12,4.6
Trichinosis,2009,Pacific,0,0
Measles,2009,Pacific,7,2.7
Taeniasis,2009,Pacific,0,0
Shigellosis,2009,Pacific,28,10.6
Q fever,2009,Pacific,0,0
Acute gastroenteritis,2009,Pacific,10,3.8
Rickettsial disease,2009,Pacific,0,0
Paratyphoid fever,2009,Pacific,0,0
Listeriosis,2009,Pacific,3,suppressed
Mumps,2009,Pacific,1,suppressed
Salmonellosis,2009,Pacific,37,14
Cholera,2009,Pacific,0,0
Invasive pneumococcal disease,2009,Pacific,89,33.8
Hepatitis A,2009,Pacific,1,suppressed
Hepatitis NOS,2009,Pacific,0,0
Mpox,2009,Pacific,0,0
Cryptosporidiosis,2009,Pacific,18,6.8
VTEC/STEC infection,2009,Pacific,3,suppressed
Haemophilus influenzae type b,2009,Pacific,1,suppressed
Pertussis,2009,Pacific,61,23.1
Invasive group A streptococcal infection,2009,Pacific,0,0
Malaria,2009,Pacific,6,2.3
Typhoid fever,2009,Pacific,18,6.8
Hepatitis C,2009,Pacific,2,suppressed
Tuberculosis disease,2009,Pacific,32,12.1
Meningoencephalitis - primary amoebic,2009,Pacific,0,0
Hepatitis B,2009,Pacific,11,4.2
Poliomyelitis,2009,Pacific,0,0
Rubella,2009,Pacific,0,0
Hydatid disease,2009,Pacific,0,0
Leprosy,2009,Pacific,1,suppressed
Cysticercosis,2009,Pacific,0,0
Rabies and other lyssaviruses,2009,Pacific,0,0
Meningococcal disease,2009,Pacific,17,6.4
Diphtheria,2009,Pacific,1,suppressed
Brucellosis,2009,Pacific,0,0
Leptospirosis,2009,Pacific,0,0
Campylobacteriosis,2009,Pacific,172,65.3
Toxic shellfish poisoning,2009,Pacific,0,0
Measles,2009,Asian,8,2
Tetanus,2009,Asian,0,0
Yersiniosis,2009,Asian,98,24.6
Listeriosis,2009,Asian,1,suppressed
Taeniasis,2009,Asian,0,0
Shigellosis,2009,Asian,19,4.8
Acute gastroenteritis,2009,Asian,36,9
Giardiasis,2009,Asian,76,19.1
Rickettsial disease,2009,Asian,0,0
Arboviral diseases,2009,Asian,16,4
Rheumatic fever,2009,Asian,0,0
Haemophilus influenzae type b,2009,Asian,1,suppressed
Tuberculosis disease,2009,Asian,157,39.4
Invasive pneumococcal disease,2009,Asian,24,6
Cryptosporidiosis,2009,Asian,23,5.8
Pertussis,2009,Asian,39,9.8
Leptospirosis,2009,Asian,0,0
Meningococcal disease,2009,Asian,4,suppressed
Toxic shellfish poisoning,2009,Asian,0,0
Salmonellosis,2009,Asian,77,19.3
Cysticercosis,2009,Asian,0,0
Paratyphoid fever,2009,Asian,11,2.8
Mumps,2009,Asian,5,1.3
Hepatitis A,2009,Asian,15,3.8
Typhoid fever,2009,Asian,13,3.3
Trichinosis,2009,Asian,0,0
Poliomyelitis,2009,Asian,0,0
Mpox,2009,Asian,0,0
Diphtheria,2009,Asian,0,0
Q fever,2009,Asian,0,0
Invasive group A streptococcal infection,2009,Asian,0,0
Legionellosis,2009,Asian,1,suppressed
Rubella,2009,Asian,1,suppressed
Malaria,2009,Asian,17,4.3
Rabies and other lyssaviruses,2009,Asian,0,0
Hepatitis C,2009,Asian,2,suppressed
Cholera,2009,Asian,0,0
Hepatitis NOS,2009,Asian,1,suppressed
Hepatitis B,2009,Asian,5,1.3
Campylobacteriosis,2009,Asian,398,100
Meningoencephalitis - primary amoebic,2009,Asian,0,0
Brucellosis,2009,Asian,0,0
Hydatid disease,2009,Asian,0,0
Leprosy,2009,Asian,2,suppressed
VTEC/STEC infection,2009,Asian,2,suppressed
Acute gastroenteritis,2009,MELAA,5,13.6
Haemophilus influenzae type b,2009,MELAA,0,0
Hepatitis A,2009,MELAA,2,suppressed
Cholera,2009,MELAA,0,0
Giardiasis,2009,MELAA,54,146.4
Tetanus,2009,MELAA,0,0
Invasive group A streptococcal infection,2009,MELAA,0,0
Pertussis,2009,MELAA,7,19
Toxic shellfish poisoning,2009,MELAA,0,0
Yersiniosis,2009,MELAA,2,suppressed
Malaria,2009,MELAA,10,27.1
Rickettsial disease,2009,MELAA,0,0
Trichinosis,2009,MELAA,0,0
Mpox,2009,MELAA,0,0
Taeniasis,2009,MELAA,1,suppressed
Diphtheria,2009,MELAA,0,0
Cysticercosis,2009,MELAA,0,0
Legionellosis,2009,MELAA,2,suppressed
Arboviral diseases,2009,MELAA,3,suppressed
Paratyphoid fever,2009,MELAA,0,0
Salmonellosis,2009,MELAA,8,21.7
Typhoid fever,2009,MELAA,1,suppressed
Tuberculosis disease,2009,MELAA,11,29.8
Leprosy,2009,MELAA,0,0
Mumps,2009,MELAA,0,0
Rheumatic fever,2009,MELAA,0,0
Meningococcal disease,2009,MELAA,2,suppressed
Hepatitis NOS,2009,MELAA,0,0
Rubella,2009,MELAA,0,0
Q fever,2009,MELAA,0,0
Campylobacteriosis,2009,MELAA,31,84.1
Listeriosis,2009,MELAA,3,suppressed
Meningoencephalitis - primary amoebic,2009,MELAA,0,0
Cryptosporidiosis,2009,MELAA,3,suppressed
Poliomyelitis,2009,MELAA,0,0
Invasive pneumococcal disease,2009,MELAA,1,suppressed
Rabies and other lyssaviruses,2009,MELAA,0,0
Hepatitis C,2009,MELAA,0,0
Shigellosis,2009,MELAA,1,suppressed
Brucellosis,2009,MELAA,0,0
Hydatid disease,2009,MELAA,0,0
Measles,2009,MELAA,0,0
Hepatitis B,2009,MELAA,2,suppressed
VTEC/STEC infection,2009,MELAA,1,suppressed
Leptospirosis,2009,MELAA,0,0
Haemophilus influenzae type b,2009,European or Others,3,suppressed
Tetanus,2009,European or Others,1,suppressed
Acute gastroenteritis,2009,European or Others,505,17
Yersiniosis,2009,European or Others,248,8.4
Hepatitis A,2009,European or Others,18,0.6
Invasive group A streptococcal infection,2009,European or Others,0,0
Rickettsial disease,2009,European or Others,4,suppressed
VTEC/STEC infection,2009,European or Others,110,3.7
Cysticercosis,2009,European or Others,0,0
Tuberculosis disease,2009,European or Others,42,1.4
Cryptosporidiosis,2009,European or Others,707,23.8
Giardiasis,2009,European or Others,1269,42.7
Salmonellosis,2009,European or Others,814,27.4
Mpox,2009,European or Others,0,0
Arboviral diseases,2009,European or Others,67,2.3
Paratyphoid fever,2009,European or Others,13,0.4
Rheumatic fever,2009,European or Others,4,suppressed
Campylobacteriosis,2009,European or Others,5401,181.9
Invasive pneumococcal disease,2009,European or Others,378,12.7
Diphtheria,2009,European or Others,0,0
Hydatid disease,2009,European or Others,2,suppressed
Trichinosis,2009,European or Others,0,0
Poliomyelitis,2009,European or Others,0,0
Hepatitis NOS,2009,European or Others,1,suppressed
Leptospirosis,2009,European or Others,59,2
Brucellosis,2009,European or Others,0,0
Listeriosis,2009,European or Others,16,0.5
Toxic shellfish poisoning,2009,European or Others,0,0
Taeniasis,2009,European or Others,2,suppressed
Measles,2009,European or Others,209,7
Typhoid fever,2009,European or Others,2,suppressed
Malaria,2009,European or Others,10,0.3
Meningoencephalitis - primary amoebic,2009,European or Others,0,0
Pertussis,2009,European or Others,1087,36.6
Cholera,2009,European or Others,0,0
Rabies and other lyssaviruses,2009,European or Others,0,0
Legionellosis,2009,European or Others,67,2.3
Mumps,2009,European or Others,44,1.5
Shigellosis,2009,European or Others,56,1.9
Hepatitis B,2009,European or Others,25,0.8
Hepatitis C,2009,European or Others,23,0.8
Meningococcal disease,2009,European or Others,58,2
Q fever,2009,European or Others,0,0
Rubella,2009,European or Others,3,suppressed
Leprosy,2009,European or Others,0,0
Trichinosis,2010,Māori,0,0
Salmonellosis,2010,Māori,112,17.5
Pertussis,2010,Māori,119,18.6
Yersiniosis,2010,Māori,28,4.4
Haemophilus influenzae type b,2010,Māori,4,suppressed
Giardiasis,2010,Māori,115,18
Hepatitis A,2010,Māori,4,suppressed
Shigellosis,2010,Māori,17,2.7
Hepatitis C,2010,Māori,4,suppressed
Legionellosis,2010,Māori,9,1.4
Cysticercosis,2010,Māori,0,0
Invasive group A streptococcal infection,2010,Māori,0,0
Measles,2010,Māori,7,1.1
Leprosy,2010,Māori,0,0
Typhoid fever,2010,Māori,0,0
Tuberculosis disease,2010,Māori,36,5.6
Leptospirosis,2010,Māori,10,1.6
Rheumatic fever,2010,Māori,103,16.1
Meningococcal disease,2010,Māori,42,6.6
Hepatitis NOS,2010,Māori,0,0
Cryptosporidiosis,2010,Māori,70,10.9
Hepatitis B,2010,Māori,9,1.4
VTEC/STEC infection,2010,Māori,10,1.6
Toxic shellfish poisoning,2010,Māori,3,suppressed
Taeniasis,2010,Māori,0,0
Paratyphoid fever,2010,Māori,1,suppressed
Acute gastroenteritis,2010,Māori,31,4.8
Malaria,2010,Māori,0,0
Invasive pneumococcal disease,2010,Māori,128,20
Mumps,2010,Māori,5,0.8
Diphtheria,2010,Māori,0,0
Cholera,2010,Māori,0,0
Poliomyelitis,2010,Māori,0,0
Meningoencephalitis - primary amoebic,2010,Māori,0,0
Rubella,2010,Māori,0,0
Listeriosis,2010,Māori,1,suppressed
Hydatid disease,2010,Māori,1,suppressed
Tetanus,2010,Māori,0,0
Arboviral diseases,2010,Māori,0,0
Rickettsial disease,2010,Māori,0,0
Q fever,2010,Māori,0,0
Brucellosis,2010,Māori,0,0
Rabies and other lyssaviruses,2010,Māori,0,0
Mpox,2010,Māori,0,0
Campylobacteriosis,2010,Māori,474,74.1
Cysticercosis,2010,Pacific,0,0
Tuberculosis disease,2010,Pacific,45,16.9
Hepatitis C,2010,Pacific,1,suppressed
Diphtheria,2010,Pacific,0,0
Measles,2010,Pacific,0,0
Toxic shellfish poisoning,2010,Pacific,0,0
Invasive group A streptococcal infection,2010,Pacific,0,0
Rubella,2010,Pacific,0,0
Haemophilus influenzae type b,2010,Pacific,1,suppressed
Leprosy,2010,Pacific,1,suppressed
Invasive pneumococcal disease,2010,Pacific,87,32.7
Mumps,2010,Pacific,4,suppressed
Trichinosis,2010,Pacific,0,0
Rheumatic fever,2010,Pacific,58,21.8
Hepatitis A,2010,Pacific,11,4.1
Meningoencephalitis - primary amoebic,2010,Pacific,0,0
Hepatitis NOS,2010,Pacific,1,suppressed
Yersiniosis,2010,Pacific,19,7.1
VTEC/STEC infection,2010,Pacific,4,suppressed
Hepatitis B,2010,Pacific,8,3
Legionellosis,2010,Pacific,6,2.3
Rickettsial disease,2010,Pacific,0,0
Arboviral diseases,2010,Pacific,2,suppressed
Campylobacteriosis,2010,Pacific,151,56.7
Tetanus,2010,Pacific,0,0
Malaria,2010,Pacific,7,2.6
Acute gastroenteritis,2010,Pacific,5,1.9
Meningococcal disease,2010,Pacific,17,6.4
Poliomyelitis,2010,Pacific,0,0
Brucellosis,2010,Pacific,0,0
Pertussis,2010,Pacific,59,22.2
Giardiasis,2010,Pacific,9,3.4
Typhoid fever,2010,Pacific,12,4.5
Hydatid disease,2010,Pacific,1,suppressed
Paratyphoid fever,2010,Pacific,0,0
Q fever,2010,Pacific,0,0
Mpox,2010,Pacific,0,0
Leptospirosis,2010,Pacific,2,suppressed
Salmonellosis,2010,Pacific,43,16.2
Listeriosis,2010,Pacific,5,1.9
Shigellosis,2010,Pacific,15,5.6
Taeniasis,2010,Pacific,0,0
Rabies and other lyssaviruses,2010,Pacific,0,0
Cholera,2010,Pacific,0,0
Cryptosporidiosis,2010,Pacific,12,4.5
Haemophilus influenzae type b,2010,Asian,0,0
Brucellosis,2010,Asian,0,0
Malaria,2010,Asian,21,5.2
Measles,2010,Asian,0,0
Yersiniosis,2010,Asian,94,23.4
Toxic shellfish poisoning,2010,Asian,0,0
Salmonellosis,2010,Asian,60,14.9
Arboviral diseases,2010,Asian,7,1.7
Legionellosis,2010,Asian,8,2
Rickettsial disease,2010,Asian,1,suppressed
Campylobacteriosis,2010,Asian,378,94
Invasive pneumococcal disease,2010,Asian,19,4.7
Rheumatic fever,2010,Asian,1,suppressed
Rubella,2010,Asian,0,0
Giardiasis,2010,Asian,65,16.2
Hepatitis A,2010,Asian,18,4.5
Meningoencephalitis - primary amoebic,2010,Asian,0,0
Pertussis,2010,Asian,10,2.5
Shigellosis,2010,Asian,15,3.7
Diphtheria,2010,Asian,0,0
Tetanus,2010,Asian,0,0
Leprosy,2010,Asian,2,suppressed
Trichinosis,2010,Asian,0,0
Mpox,2010,Asian,0,0
Cholera,2010,Asian,0,0
Meningococcal disease,2010,Asian,2,suppressed
Hepatitis NOS,2010,Asian,2,suppressed
Tuberculosis disease,2010,Asian,177,44
VTEC/STEC infection,2010,Asian,1,suppressed
Cysticercosis,2010,Asian,0,0
Listeriosis,2010,Asian,1,suppressed
Poliomyelitis,2010,Asian,0,0
Typhoid fever,2010,Asian,15,3.7
Q fever,2010,Asian,0,0
Mumps,2010,Asian,11,2.7
Taeniasis,2010,Asian,1,suppressed
Acute gastroenteritis,2010,Asian,19,4.7
Hepatitis C,2010,Asian,0,0
Leptospirosis,2010,Asian,0,0
Rabies and other lyssaviruses,2010,Asian,0,0
Hepatitis B,2010,Asian,7,1.7
Paratyphoid fever,2010,Asian,7,1.7
Invasive group A streptococcal infection,2010,Asian,0,0
Hydatid disease,2010,Asian,1,suppressed
Cryptosporidiosis,2010,Asian,23,5.7
Haemophilus influenzae type b,2010,MELAA,0,0
Rickettsial disease,2010,MELAA,0,0
Arboviral diseases,2010,MELAA,1,suppressed
Yersiniosis,2010,MELAA,5,13.5
Trichinosis,2010,MELAA,0,0
Campylobacteriosis,2010,MELAA,51,137.2
Q fever,2010,MELAA,0,0
Cysticercosis,2010,MELAA,0,0
Hepatitis NOS,2010,MELAA,0,0
Mumps,2010,MELAA,0,0
Mpox,2010,MELAA,0,0
Meningoencephalitis - primary amoebic,2010,MELAA,0,0
Legionellosis,2010,MELAA,1,suppressed
Rheumatic fever,2010,MELAA,0,0
VTEC/STEC infection,2010,MELAA,3,suppressed
Toxic shellfish poisoning,2010,MELAA,0,0
Meningococcal disease,2010,MELAA,0,0
Shigellosis,2010,MELAA,4,suppressed
Hepatitis C,2010,MELAA,0,0
Tuberculosis disease,2010,MELAA,11,29.6
Taeniasis,2010,MELAA,2,suppressed
Malaria,2010,MELAA,2,suppressed
Hepatitis A,2010,MELAA,0,0
Giardiasis,2010,MELAA,41,110.3
Brucellosis,2010,MELAA,0,0
Poliomyelitis,2010,MELAA,0,0
Invasive group A streptococcal infection,2010,MELAA,0,0
Listeriosis,2010,MELAA,0,0
Typhoid fever,2010,MELAA,0,0
Hydatid disease,2010,MELAA,0,0
Acute gastroenteritis,2010,MELAA,7,18.8
Leprosy,2010,MELAA,0,0
Rubella,2010,MELAA,0,0
Diphtheria,2010,MELAA,0,0
Salmonellosis,2010,MELAA,7,18.8
Rabies and other lyssaviruses,2010,MELAA,0,0
Tetanus,2010,MELAA,0,0
Pertussis,2010,MELAA,7,18.8
Measles,2010,MELAA,0,0
Hepatitis B,2010,MELAA,1,suppressed
Cryptosporidiosis,2010,MELAA,8,21.5
Invasive pneumococcal disease,2010,MELAA,2,suppressed
Paratyphoid fever,2010,MELAA,0,0
Cholera,2010,MELAA,0,0
Leptospirosis,2010,MELAA,0,0
Invasive group A streptococcal infection,2010,European or Others,0,0
Rickettsial disease,2010,European or Others,12,0.4
Campylobacteriosis,2010,European or Others,5838,194.3
Haemophilus influenzae type b,2010,European or Others,3,suppressed
Hepatitis A,2010,European or Others,12,0.4
Yersiniosis,2010,European or Others,239,8
Hepatitis NOS,2010,European or Others,0,0
Meningococcal disease,2010,European or Others,36,1.2
Arboviral diseases,2010,European or Others,42,1.4
Listeriosis,2010,European or Others,16,0.5
Shigellosis,2010,European or Others,47,1.6
Meningoencephalitis - primary amoebic,2010,European or Others,0,0
Malaria,2010,European or Others,11,0.4
Leprosy,2010,European or Others,0,0
Trichinosis,2010,European or Others,0,0
Q fever,2010,European or Others,1,suppressed
Brucellosis,2010,European or Others,1,suppressed
Poliomyelitis,2010,European or Others,0,0
Rheumatic fever,2010,European or Others,3,suppressed
Giardiasis,2010,European or Others,1605,53.4
Measles,2010,European or Others,41,1.4
Legionellosis,2010,European or Others,146,4.9
Taeniasis,2010,European or Others,0,0
Mumps,2010,European or Others,21,0.7
Toxic shellfish poisoning,2010,European or Others,5,0.2
Paratyphoid fever,2010,European or Others,8,0.3
Acute gastroenteritis,2010,European or Others,389,12.9
Hepatitis B,2010,European or Others,24,0.8
Typhoid fever,2010,European or Others,3,suppressed
Cholera,2010,European or Others,2,suppressed
Salmonellosis,2010,European or Others,856,28.5
Tetanus,2010,European or Others,7,0.2
Pertussis,2010,European or Others,657,21.9
VTEC/STEC infection,2010,European or Others,120,4
Cysticercosis,2010,European or Others,0,0
Leptospirosis,2010,European or Others,68,2.3
Hydatid disease,2010,European or Others,1,suppressed
Rubella,2010,European or Others,4,suppressed
Tuberculosis disease,2010,European or Others,31,1
Cryptosporidiosis,2010,European or Others,800,26.6
Rabies and other lyssaviruses,2010,European or Others,0,0
Invasive pneumococcal disease,2010,European or Others,291,9.7
Diphtheria,2010,European or Others,0,0
Mpox,2010,European or Others,0,0
Hepatitis C,2010,European or Others,11,0.4
Invasive group A streptococcal infection,2011,Māori,0,0
Yersiniosis,2011,Māori,31,4.5
Meningococcal disease,2011,Māori,41,5.9
Arboviral diseases,2011,Māori,1,suppressed
Malaria,2011,Māori,1,suppressed
Rickettsial disease,2011,Māori,0,0
Brucellosis,2011,Māori,0,0
Meningoencephalitis - primary amoebic,2011,Māori,0,0
Hepatitis A,2011,Māori,2,suppressed
Acute gastroenteritis,2011,Māori,46,6.7
Campylobacteriosis,2011,Māori,464,67.3
Listeriosis,2011,Māori,3,suppressed
Measles,2011,Māori,113,16.4
Poliomyelitis,2011,Māori,0,0
Typhoid fever,2011,Māori,0,0
Leptospirosis,2011,Māori,9,1.3
Tetanus,2011,Māori,0,0
Hydatid disease,2011,Māori,0,0
Legionellosis,2011,Māori,6,0.9
Haemophilus influenzae type b,2011,Māori,2,suppressed
Cholera,2011,Māori,0,0
VTEC/STEC infection,2011,Māori,13,1.9
Pertussis,2011,Māori,261,37.9
Hepatitis B,2011,Māori,11,1.6
Q fever,2011,Māori,0,0
Trichinosis,2011,Māori,0,0
Tuberculosis disease,2011,Māori,39,5.7
Taeniasis,2011,Māori,0,0
Rubella,2011,Māori,3,suppressed
Cysticercosis,2011,Māori,0,0
Cryptosporidiosis,2011,Māori,60,8.7
Toxic shellfish poisoning,2011,Māori,0,0
Leprosy,2011,Māori,0,0
Paratyphoid fever,2011,Māori,1,suppressed
Diphtheria,2011,Māori,0,0
Rabies and other lyssaviruses,2011,Māori,0,0
Hepatitis NOS,2011,Māori,0,0
Salmonellosis,2011,Māori,84,12.2
Rheumatic fever,2011,Māori,91,13.2
Mpox,2011,Māori,0,0
Invasive pneumococcal disease,2011,Māori,111,16.1
Shigellosis,2011,Māori,11,1.6
Mumps,2011,Māori,9,1.3
Giardiasis,2011,Māori,110,16
Hepatitis C,2011,Māori,4,suppressed
Rickettsial disease,2011,Pacific,0,0
Leprosy,2011,Pacific,0,0
Arboviral diseases,2011,Pacific,3,suppressed
Meningoencephalitis - primary amoebic,2011,Pacific,0,0
Hepatitis A,2011,Pacific,3,suppressed
Legionellosis,2011,Pacific,8,2.8
Q fever,2011,Pacific,0,0
Brucellosis,2011,Pacific,0,0
Cysticercosis,2011,Pacific,0,0
Paratyphoid fever,2011,Pacific,0,0
Meningococcal disease,2011,Pacific,19,6.7
Leptospirosis,2011,Pacific,2,suppressed
Rabies and other lyssaviruses,2011,Pacific,0,0
Poliomyelitis,2011,Pacific,0,0
Listeriosis,2011,Pacific,3,suppressed
Haemophilus influenzae type b,2011,Pacific,1,suppressed
Campylobacteriosis,2011,Pacific,139,49.2
Measles,2011,Pacific,62,21.9
Tetanus,2011,Pacific,0,0
Rubella,2011,Pacific,1,suppressed
Diphtheria,2011,Pacific,0,0
Trichinosis,2011,Pacific,0,0
Tuberculosis disease,2011,Pacific,49,17.3
Taeniasis,2011,Pacific,0,0
Cholera,2011,Pacific,0,0
Hydatid disease,2011,Pacific,0,0
Mpox,2011,Pacific,0,0
Toxic shellfish poisoning,2011,Pacific,0,0
Pertussis,2011,Pacific,63,22.3
Hepatitis B,2011,Pacific,7,2.5
Invasive group A streptococcal infection,2011,Pacific,0,0
Invasive pneumococcal disease,2011,Pacific,59,20.9
Yersiniosis,2011,Pacific,23,8.1
Malaria,2011,Pacific,3,suppressed
Mumps,2011,Pacific,5,1.8
Salmonellosis,2011,Pacific,42,14.9
Rheumatic fever,2011,Pacific,63,22.3
Shigellosis,2011,Pacific,23,8.1
Giardiasis,2011,Pacific,22,7.8
VTEC/STEC infection,2011,Pacific,2,suppressed
Cryptosporidiosis,2011,Pacific,5,1.8
Acute gastroenteritis,2011,Pacific,17,6
Hepatitis C,2011,Pacific,0,0
Hepatitis NOS,2011,Pacific,1,suppressed
Typhoid fever,2011,Pacific,18,6.4
Legionellosis,2011,Asian,3,suppressed
Leptospirosis,2011,Asian,0,0
Meningococcal disease,2011,Asian,2,suppressed
Haemophilus influenzae type b,2011,Asian,0,0
Listeriosis,2011,Asian,5,1
Hydatid disease,2011,Asian,1,suppressed
Hepatitis A,2011,Asian,12,2.3
Malaria,2011,Asian,29,5.6
Trichinosis,2011,Asian,0,0
Diphtheria,2011,Asian,0,0
Brucellosis,2011,Asian,0,0
Taeniasis,2011,Asian,4,suppressed
Cysticercosis,2011,Asian,0,0
Measles,2011,Asian,34,6.6
Cryptosporidiosis,2011,Asian,17,3.3
Leprosy,2011,Asian,1,suppressed
Mumps,2011,Asian,12,2.3
Arboviral diseases,2011,Asian,9,1.7
Campylobacteriosis,2011,Asian,289,56.2
Cholera,2011,Asian,0,0
Meningoencephalitis - primary amoebic,2011,Asian,0,0
Acute gastroenteritis,2011,Asian,22,4.3
Tuberculosis disease,2011,Asian,163,31.7
Rubella,2011,Asian,6,1.2
Yersiniosis,2011,Asian,127,24.7
Hepatitis B,2011,Asian,7,1.4
Mpox,2011,Asian,0,0
Tetanus,2011,Asian,0,0
Rickettsial disease,2011,Asian,0,0
Paratyphoid fever,2011,Asian,4,suppressed
Invasive group A streptococcal infection,2011,Asian,0,0
Invasive pneumococcal disease,2011,Asian,15,2.9
Giardiasis,2011,Asian,76,14.8
Rabies and other lyssaviruses,2011,Asian,0,0
Hepatitis C,2011,Asian,0,0
Typhoid fever,2011,Asian,21,4.1
Toxic shellfish poisoning,2011,Asian,0,0
Salmonellosis,2011,Asian,60,11.7
Q fever,2011,Asian,0,0
VTEC/STEC infection,2011,Asian,4,suppressed
Rheumatic fever,2011,Asian,0,0
Pertussis,2011,Asian,49,9.5
Poliomyelitis,2011,Asian,0,0
Hepatitis NOS,2011,Asian,4,suppressed
Shigellosis,2011,Asian,14,2.7
Taeniasis,2011,MELAA,4,suppressed
Trichinosis,2011,MELAA,0,0
Hepatitis A,2011,MELAA,2,suppressed
Arboviral diseases,2011,MELAA,1,suppressed
Malaria,2011,MELAA,4,suppressed
Measles,2011,MELAA,6,12.2
Mumps,2011,MELAA,0,0
Poliomyelitis,2011,MELAA,0,0
Haemophilus influenzae type b,2011,MELAA,0,0
Cysticercosis,2011,MELAA,0,0
Rubella,2011,MELAA,0,0
Cryptosporidiosis,2011,MELAA,3,suppressed
Acute gastroenteritis,2011,MELAA,3,suppressed
Tetanus,2011,MELAA,0,0
Invasive pneumococcal disease,2011,MELAA,3,suppressed
Leprosy,2011,MELAA,0,0
Brucellosis,2011,MELAA,0,0
Meningoencephalitis - primary amoebic,2011,MELAA,0,0
Giardiasis,2011,MELAA,33,66.8
Salmonellosis,2011,MELAA,10,20.3
Listeriosis,2011,MELAA,0,0
Legionellosis,2011,MELAA,2,suppressed
Toxic shellfish poisoning,2011,MELAA,0,0
Rickettsial disease,2011,MELAA,0,0
Q fever,2011,MELAA,0,0
Paratyphoid fever,2011,MELAA,0,0
Hepatitis C,2011,MELAA,0,0
Hydatid disease,2011,MELAA,0,0
Meningococcal disease,2011,MELAA,1,suppressed
Rheumatic fever,2011,MELAA,0,0
Rabies and other lyssaviruses,2011,MELAA,0,0
Typhoid fever,2011,MELAA,0,0
Hepatitis NOS,2011,MELAA,0,0
Mpox,2011,MELAA,0,0
Hepatitis B,2011,MELAA,0,0
Cholera,2011,MELAA,0,0
Invasive group A streptococcal infection,2011,MELAA,0,0
Pertussis,2011,MELAA,10,20.3
Shigellosis,2011,MELAA,3,suppressed
VTEC/STEC infection,2011,MELAA,1,suppressed
Leptospirosis,2011,MELAA,0,0
Diphtheria,2011,MELAA,0,0
Tuberculosis disease,2011,MELAA,16,32.4
Yersiniosis,2011,MELAA,5,10.1
Campylobacteriosis,2011,MELAA,37,74.9
Leprosy,2011,European or Others,0,0
Meningoencephalitis - primary amoebic,2011,European or Others,0,0
Arboviral diseases,2011,European or Others,24,0.8
Acute gastroenteritis,2011,European or Others,435,15.3
Measles,2011,European or Others,373,13.1
Rubella,2011,European or Others,11,0.4
Salmonellosis,2011,European or Others,797,28
Poliomyelitis,2011,European or Others,0,0
Cysticercosis,2011,European or Others,0,0
Tetanus,2011,European or Others,0,0
Rickettsial disease,2011,European or Others,4,suppressed
Mumps,2011,European or Others,24,0.8
Paratyphoid fever,2011,European or Others,7,0.2
Rabies and other lyssaviruses,2011,European or Others,0,0
Giardiasis,2011,European or Others,1545,54.3
Brucellosis,2011,European or Others,0,0
Meningococcal disease,2011,European or Others,55,1.9
Cryptosporidiosis,2011,European or Others,507,17.8
Invasive group A streptococcal infection,2011,European or Others,0,0
Hepatitis A,2011,European or Others,6,0.2
Q fever,2011,European or Others,1,suppressed
Shigellosis,2011,European or Others,38,1.3
Haemophilus influenzae type b,2011,European or Others,5,0.2
Legionellosis,2011,European or Others,135,4.7
Malaria,2011,European or Others,13,0.5
Diphtheria,2011,European or Others,0,0
Rheumatic fever,2011,European or Others,6,0.2
Leptospirosis,2011,European or Others,55,1.9
Campylobacteriosis,2011,European or Others,5344,187.7
Taeniasis,2011,European or Others,1,suppressed
VTEC/STEC infection,2011,European or Others,130,4.6
Toxic shellfish poisoning,2011,European or Others,3,suppressed
Typhoid fever,2011,European or Others,5,0.2
Pertussis,2011,European or Others,1583,55.6
Cholera,2011,European or Others,0,0
Hepatitis C,2011,European or Others,22,0.8
Mpox,2011,European or Others,0,0
Tuberculosis disease,2011,European or Others,31,1.1
Listeriosis,2011,European or Others,15,0.5
Yersiniosis,2011,European or Others,299,10.5
Invasive pneumococcal disease,2011,European or Others,339,11.9
Hydatid disease,2011,European or Others,5,0.2
Hepatitis B,2011,European or Others,23,0.8
Trichinosis,2011,European or Others,0,0
Hepatitis NOS,2011,European or Others,1,suppressed
Measles,2012,Māori,25,3.6
Mumps,2012,Māori,2,suppressed
Acute gastroenteritis,2012,Māori,57,8.3
Arboviral diseases,2012,Māori,3,suppressed
Meningococcal disease,2012,Māori,29,4.2
Rubella,2012,Māori,1,suppressed
Q fever,2012,Māori,0,0
Rickettsial disease,2012,Māori,1,suppressed
Tetanus,2012,Māori,0,0
Giardiasis,2012,Māori,104,15.1
Salmonellosis,2012,Māori,94,13.6
Poliomyelitis,2012,Māori,0,0
Rabies and other lyssaviruses,2012,Māori,0,0
Paratyphoid fever,2012,Māori,0,0
Toxic shellfish poisoning,2012,Māori,24,3.5
Meningoencephalitis - primary amoebic,2012,Māori,0,0
Pertussis,2012,Māori,820,118.8
Rheumatic fever,2012,Māori,97,14.1
Trichinosis,2012,Māori,0,0
Cysticercosis,2012,Māori,0,0
Brucellosis,2012,Māori,0,0
Listeriosis,2012,Māori,1,suppressed
Taeniasis,2012,Māori,0,0
Diphtheria,2012,Māori,0,0
Leptospirosis,2012,Māori,18,2.6
Malaria,2012,Māori,1,suppressed
Legionellosis,2012,Māori,8,1.2
Cryptosporidiosis,2012,Māori,69,10
Campylobacteriosis,2012,Māori,491,71.1
Hepatitis C,2012,Māori,4,suppressed
Cholera,2012,Māori,0,0
Tuberculosis disease,2012,Māori,38,5.5
Typhoid fever,2012,Māori,0,0
Invasive group A streptococcal infection,2012,Māori,0,0
Hepatitis B,2012,Māori,8,1.2
Yersiniosis,2012,Māori,42,6.1
Mpox,2012,Māori,0,0
Invasive pneumococcal disease,2012,Māori,103,14.9
Haemophilus influenzae type b,2012,Māori,0,0
Shigellosis,2012,Māori,6,0.9
Hepatitis A,2012,Māori,1,suppressed
Hepatitis NOS,2012,Māori,0,0
VTEC/STEC infection,2012,Māori,15,2.2
Leprosy,2012,Māori,0,0
Hydatid disease,2012,Māori,0,0
Arboviral diseases,2012,Pacific,2,suppressed
Acute gastroenteritis,2012,Pacific,16,5.6
Rickettsial disease,2012,Pacific,0,0
Legionellosis,2012,Pacific,9,3.2
Meningoencephalitis - primary amoebic,2012,Pacific,0,0
Rheumatic fever,2012,Pacific,68,23.9
Paratyphoid fever,2012,Pacific,0,0
Rabies and other lyssaviruses,2012,Pacific,0,0
Tetanus,2012,Pacific,0,0
Giardiasis,2012,Pacific,12,4.2
Salmonellosis,2012,Pacific,38,13.4
Q fever,2012,Pacific,0,0
Shigellosis,2012,Pacific,35,12.3
Toxic shellfish poisoning,2012,Pacific,1,suppressed
Pertussis,2012,Pacific,210,73.9
Brucellosis,2012,Pacific,0,0
Cholera,2012,Pacific,0,0
Poliomyelitis,2012,Pacific,0,0
Tuberculosis disease,2012,Pacific,34,12
Invasive pneumococcal disease,2012,Pacific,57,20.1
Meningococcal disease,2012,Pacific,10,3.5
Taeniasis,2012,Pacific,0,0
Cryptosporidiosis,2012,Pacific,15,5.3
Campylobacteriosis,2012,Pacific,111,39.1
Hydatid disease,2012,Pacific,0,0
Cysticercosis,2012,Pacific,0,0
Invasive group A streptococcal infection,2012,Pacific,0,0
Typhoid fever,2012,Pacific,27,9.5
Haemophilus influenzae type b,2012,Pacific,0,0
Malaria,2012,Pacific,5,1.8
Trichinosis,2012,Pacific,0,0
Yersiniosis,2012,Pacific,29,10.2
Diphtheria,2012,Pacific,0,0
Rubella,2012,Pacific,1,suppressed
Leptospirosis,2012,Pacific,2,suppressed
VTEC/STEC infection,2012,Pacific,0,0
Measles,2012,Pacific,28,9.9
Hepatitis C,2012,Pacific,1,suppressed
Hepatitis B,2012,Pacific,2,suppressed
Mumps,2012,Pacific,1,suppressed
Hepatitis A,2012,Pacific,10,3.5
Hepatitis NOS,2012,Pacific,0,0
Mpox,2012,Pacific,0,0
Listeriosis,2012,Pacific,4,suppressed
Leprosy,2012,Pacific,1,suppressed
Rickettsial disease,2012,Asian,0,0
Giardiasis,2012,Asian,73,14.1
Pertussis,2012,Asian,172,33.3
Meningoencephalitis - primary amoebic,2012,Asian,0,0
Acute gastroenteritis,2012,Asian,32,6.2
Tuberculosis disease,2012,Asian,174,33.6
Campylobacteriosis,2012,Asian,307,59.4
Paratyphoid fever,2012,Asian,13,2.5
Shigellosis,2012,Asian,13,2.5
Toxic shellfish poisoning,2012,Asian,0,0
Tetanus,2012,Asian,0,0
Brucellosis,2012,Asian,0,0
Mumps,2012,Asian,7,1.4
Poliomyelitis,2012,Asian,0,0
Trichinosis,2012,Asian,0,0
Salmonellosis,2012,Asian,101,19.5
Meningococcal disease,2012,Asian,1,suppressed
Hepatitis A,2012,Asian,53,10.2
Measles,2012,Asian,1,suppressed
Taeniasis,2012,Asian,2,suppressed
Q fever,2012,Asian,0,0
Cysticercosis,2012,Asian,0,0
Legionellosis,2012,Asian,7,1.4
Arboviral diseases,2012,Asian,15,2.9
Cholera,2012,Asian,0,0
Malaria,2012,Asian,25,4.8
Rabies and other lyssaviruses,2012,Asian,0,0
Yersiniosis,2012,Asian,128,24.7
Invasive pneumococcal disease,2012,Asian,14,2.7
Rheumatic fever,2012,Asian,3,suppressed
Leptospirosis,2012,Asian,1,suppressed
VTEC/STEC infection,2012,Asian,5,1
Cryptosporidiosis,2012,Asian,18,3.5
Rubella,2012,Asian,2,suppressed
Hepatitis B,2012,Asian,7,1.4
Leprosy,2012,Asian,1,suppressed
Listeriosis,2012,Asian,1,suppressed
Typhoid fever,2012,Asian,16,3.1
Haemophilus influenzae type b,2012,Asian,0,0
Hydatid disease,2012,Asian,0,0
Invasive group A streptococcal infection,2012,Asian,0,0
Diphtheria,2012,Asian,0,0
Hepatitis C,2012,Asian,0,0
Hepatitis NOS,2012,Asian,1,suppressed
Mpox,2012,Asian,0,0
Tetanus,2012,MELAA,0,0
Yersiniosis,2012,MELAA,4,suppressed
Rickettsial disease,2012,MELAA,0,0
Legionellosis,2012,MELAA,0,0
VTEC/STEC infection,2012,MELAA,1,suppressed
Campylobacteriosis,2012,MELAA,28,56.6
Rheumatic fever,2012,MELAA,0,0
Rabies and other lyssaviruses,2012,MELAA,0,0
Mumps,2012,MELAA,0,0
Poliomyelitis,2012,MELAA,0,0
Pertussis,2012,MELAA,35,70.8
Meningoencephalitis - primary amoebic,2012,MELAA,0,0
Typhoid fever,2012,MELAA,0,0
Meningococcal disease,2012,MELAA,3,suppressed
Cryptosporidiosis,2012,MELAA,5,10.1
Brucellosis,2012,MELAA,0,0
Q fever,2012,MELAA,0,0
Cysticercosis,2012,MELAA,0,0
Toxic shellfish poisoning,2012,MELAA,0,0
Cholera,2012,MELAA,0,0
Acute gastroenteritis,2012,MELAA,2,suppressed
Paratyphoid fever,2012,MELAA,0,0
Malaria,2012,MELAA,3,suppressed
Listeriosis,2012,MELAA,1,suppressed
Invasive pneumococcal disease,2012,MELAA,4,suppressed
Leptospirosis,2012,MELAA,0,0
Hepatitis A,2012,MELAA,5,10.1
Arboviral diseases,2012,MELAA,3,suppressed
Measles,2012,MELAA,0,0
Taeniasis,2012,MELAA,3,suppressed
Hepatitis B,2012,MELAA,1,suppressed
Hydatid disease,2012,MELAA,0,0
Tuberculosis disease,2012,MELAA,14,28.3
Shigellosis,2012,MELAA,3,suppressed
Invasive group A streptococcal infection,2012,MELAA,0,0
Salmonellosis,2012,MELAA,8,16.2
Hepatitis NOS,2012,MELAA,0,0
Hepatitis C,2012,MELAA,0,0
Diphtheria,2012,MELAA,0,0
Rubella,2012,MELAA,0,0
Mpox,2012,MELAA,0,0
Trichinosis,2012,MELAA,0,0
Haemophilus influenzae type b,2012,MELAA,0,0
Giardiasis,2012,MELAA,39,78.8
Leprosy,2012,MELAA,0,0
Rickettsial disease,2012,European or Others,3,suppressed
Toxic shellfish poisoning,2012,European or Others,5,0.2
Brucellosis,2012,European or Others,0,0
Rheumatic fever,2012,European or Others,8,0.3
Mumps,2012,European or Others,15,0.5
Cysticercosis,2012,European or Others,0,0
VTEC/STEC infection,2012,European or Others,125,4.4
Haemophilus influenzae type b,2012,European or Others,4,suppressed
Paratyphoid fever,2012,European or Others,8,0.3
Hepatitis A,2012,European or Others,11,0.4
Rabies and other lyssaviruses,2012,European or Others,0,0
Meningoencephalitis - primary amoebic,2012,European or Others,0,0
Taeniasis,2012,European or Others,0,0
Tuberculosis disease,2012,European or Others,27,0.9
Q fever,2012,European or Others,0,0
Campylobacteriosis,2012,European or Others,5609,195.7
Pertussis,2012,European or Others,4540,158.4
Hydatid disease,2012,European or Others,1,suppressed
Leprosy,2012,European or Others,0,0
Invasive pneumococcal disease,2012,European or Others,290,10.1
Diphtheria,2012,European or Others,0,0
Poliomyelitis,2012,European or Others,0,0
Meningococcal disease,2012,European or Others,42,1.5
Giardiasis,2012,European or Others,1375,48
Measles,2012,European or Others,14,0.5
Hepatitis B,2012,European or Others,20,0.7
Yersiniosis,2012,European or Others,276,9.6
Typhoid fever,2012,European or Others,1,suppressed
Tetanus,2012,European or Others,2,suppressed
Invasive group A streptococcal infection,2012,European or Others,0,0
Acute gastroenteritis,2012,European or Others,547,19.1
Hepatitis NOS,2012,European or Others,1,suppressed
Trichinosis,2012,European or Others,0,0
Hepatitis C,2012,European or Others,26,0.9
Leptospirosis,2012,European or Others,83,2.9
Shigellosis,2012,European or Others,64,2.2
Cholera,2012,European or Others,0,0
Cryptosporidiosis,2012,European or Others,747,26.1
Rubella,2012,European or Others,0,0
Arboviral diseases,2012,European or Others,45,1.6
Malaria,2012,European or Others,4,suppressed
Legionellosis,2012,European or Others,125,4.4
Listeriosis,2012,European or Others,18,0.6
Mpox,2012,European or Others,0,0
Salmonellosis,2012,European or Others,779,27.2
Hepatitis B,2013,Māori,6,0.9
Campylobacteriosis,2013,Māori,537,77.6
VTEC/STEC infection,2013,Māori,21,3
Paratyphoid fever,2013,Māori,1,suppressed
Meningococcal disease,2013,Māori,23,3.3
Tuberculosis disease,2013,Māori,26,3.8
Mumps,2013,Māori,5,0.7
Measles,2013,Māori,6,0.9
Meningoencephalitis - primary amoebic,2013,Māori,0,0
Cryptosporidiosis,2013,Māori,157,22.7
Taeniasis,2013,Māori,0,0
Tetanus,2013,Māori,0,0
Pertussis,2013,Māori,488,70.5
Shigellosis,2013,Māori,4,suppressed
Acute gastroenteritis,2013,Māori,48,6.9
Invasive pneumococcal disease,2013,Māori,114,16.5
Leptospirosis,2013,Māori,11,1.6
Hepatitis A,2013,Māori,16,2.3
Cholera,2013,Māori,0,0
Brucellosis,2013,Māori,0,0
Rubella,2013,Māori,0,0
Giardiasis,2013,Māori,97,14
Yersiniosis,2013,Māori,43,6.2
Toxic shellfish poisoning,2013,Māori,1,suppressed
Cysticercosis,2013,Māori,0,0
Haemophilus influenzae type b,2013,Māori,0,0
Invasive group A streptococcal infection,2013,Māori,0,0
Trichinosis,2013,Māori,0,0
Hepatitis C,2013,Māori,7,1
Arboviral diseases,2013,Māori,6,0.9
Malaria,2013,Māori,1,suppressed
Rheumatic fever,2013,Māori,98,14.2
Typhoid fever,2013,Māori,2,suppressed
Poliomyelitis,2013,Māori,0,0
Mpox,2013,Māori,0,0
Hepatitis NOS,2013,Māori,0,0
Legionellosis,2013,Māori,7,1
Listeriosis,2013,Māori,4,suppressed
Hydatid disease,2013,Māori,0,0
Leprosy,2013,Māori,0,0
Diphtheria,2013,Māori,0,0
Q fever,2013,Māori,0,0
Salmonellosis,2013,Māori,77,11.1
Rabies and other lyssaviruses,2013,Māori,0,0
Rickettsial disease,2013,Māori,1,suppressed
Rheumatic fever,2013,Pacific,93,32.6
Acute gastroenteritis,2013,Pacific,12,4.2
Paratyphoid fever,2013,Pacific,0,0
Shigellosis,2013,Pacific,52,18.2
Measles,2013,Pacific,0,0
VTEC/STEC infection,2013,Pacific,4,suppressed
Rubella,2013,Pacific,0,0
Hepatitis B,2013,Pacific,6,2.1
Cysticercosis,2013,Pacific,0,0
Mumps,2013,Pacific,5,1.8
Taeniasis,2013,Pacific,0,0
Pertussis,2013,Pacific,236,82.6
Invasive pneumococcal disease,2013,Pacific,53,18.6
Hepatitis A,2013,Pacific,21,7.4
Trichinosis,2013,Pacific,0,0
Brucellosis,2013,Pacific,1,suppressed
Giardiasis,2013,Pacific,16,5.6
Yersiniosis,2013,Pacific,20,7
Mpox,2013,Pacific,0,0
Toxic shellfish poisoning,2013,Pacific,0,0
Haemophilus influenzae type b,2013,Pacific,0,0
Legionellosis,2013,Pacific,4,suppressed
Invasive group A streptococcal infection,2013,Pacific,0,0
Campylobacteriosis,2013,Pacific,148,51.8
Tuberculosis disease,2013,Pacific,41,14.4
Arboviral diseases,2013,Pacific,5,1.8
Malaria,2013,Pacific,6,2.1
Typhoid fever,2013,Pacific,32,11.2
Diphtheria,2013,Pacific,0,0
Poliomyelitis,2013,Pacific,0,0
Hepatitis NOS,2013,Pacific,0,0
Listeriosis,2013,Pacific,0,0
Meningoencephalitis - primary amoebic,2013,Pacific,0,0
Cryptosporidiosis,2013,Pacific,35,12.3
Rickettsial disease,2013,Pacific,0,0
Leprosy,2013,Pacific,5,1.8
Hydatid disease,2013,Pacific,1,suppressed
Tetanus,2013,Pacific,0,0
Salmonellosis,2013,Pacific,56,19.6
Rabies and other lyssaviruses,2013,Pacific,0,0
Leptospirosis,2013,Pacific,3,suppressed
Cholera,2013,Pacific,0,0
Hepatitis C,2013,Pacific,1,suppressed
Q fever,2013,Pacific,0,0
Meningococcal disease,2013,Pacific,9,3.2
Giardiasis,2013,Asian,77,14.8
Rubella,2013,Asian,0,0
Pertussis,2013,Asian,115,22.1
Shigellosis,2013,Asian,13,2.5
Paratyphoid fever,2013,Asian,9,1.7
Hepatitis NOS,2013,Asian,1,suppressed
Measles,2013,Asian,1,suppressed
Acute gastroenteritis,2013,Asian,32,6.1
Arboviral diseases,2013,Asian,24,4.6
Trichinosis,2013,Asian,0,0
Taeniasis,2013,Asian,3,suppressed
Salmonellosis,2013,Asian,84,16.1
Poliomyelitis,2013,Asian,0,0
Yersiniosis,2013,Asian,88,16.9
Meningoencephalitis - primary amoebic,2013,Asian,0,0
VTEC/STEC infection,2013,Asian,6,1.2
Cysticercosis,2013,Asian,1,suppressed
Legionellosis,2013,Asian,4,suppressed
Listeriosis,2013,Asian,2,suppressed
Mumps,2013,Asian,5,1
Haemophilus influenzae type b,2013,Asian,0,0
Tetanus,2013,Asian,0,0
Tuberculosis disease,2013,Asian,165,31.7
Typhoid fever,2013,Asian,14,2.7
Brucellosis,2013,Asian,0,0
Leptospirosis,2013,Asian,2,suppressed
Hepatitis A,2013,Asian,12,2.3
Hydatid disease,2013,Asian,1,suppressed
Malaria,2013,Asian,20,3.8
Toxic shellfish poisoning,2013,Asian,0,0
Invasive group A streptococcal infection,2013,Asian,0,0
Leprosy,2013,Asian,2,suppressed
Q fever,2013,Asian,0,0
Rickettsial disease,2013,Asian,0,0
Meningococcal disease,2013,Asian,2,suppressed
Rheumatic fever,2013,Asian,6,1.2
Rabies and other lyssaviruses,2013,Asian,0,0
Hepatitis B,2013,Asian,3,suppressed
Invasive pneumococcal disease,2013,Asian,17,3.3
Cryptosporidiosis,2013,Asian,42,8.1
Cholera,2013,Asian,0,0
Campylobacteriosis,2013,Asian,320,61.4
Mpox,2013,Asian,0,0
Diphtheria,2013,Asian,0,0
Hepatitis C,2013,Asian,0,0
Rubella,2013,MELAA,0,0
Paratyphoid fever,2013,MELAA,0,0
Hepatitis A,2013,MELAA,1,suppressed
Shigellosis,2013,MELAA,3,suppressed
Yersiniosis,2013,MELAA,5,10.1
Tetanus,2013,MELAA,0,0
Legionellosis,2013,MELAA,5,10.1
Salmonellosis,2013,MELAA,13,26.2
Poliomyelitis,2013,MELAA,0,0
Rabies and other lyssaviruses,2013,MELAA,0,0
Giardiasis,2013,MELAA,30,60.4
Toxic shellfish poisoning,2013,MELAA,0,0
Hepatitis B,2013,MELAA,1,suppressed
Cysticercosis,2013,MELAA,0,0
Acute gastroenteritis,2013,MELAA,3,suppressed
Haemophilus influenzae type b,2013,MELAA,0,0
Rickettsial disease,2013,MELAA,1,suppressed
Arboviral diseases,2013,MELAA,2,suppressed
Mumps,2013,MELAA,0,0
Rheumatic fever,2013,MELAA,0,0
Trichinosis,2013,MELAA,0,0
Leptospirosis,2013,MELAA,0,0
VTEC/STEC infection,2013,MELAA,0,0
Pertussis,2013,MELAA,15,30.2
Measles,2013,MELAA,0,0
Taeniasis,2013,MELAA,2,suppressed
Brucellosis,2013,MELAA,0,0
Cryptosporidiosis,2013,MELAA,14,28.2
Campylobacteriosis,2013,MELAA,36,72.5
Q fever,2013,MELAA,0,0
Mpox,2013,MELAA,0,0
Typhoid fever,2013,MELAA,0,0
Tuberculosis disease,2013,MELAA,13,26.2
Diphtheria,2013,MELAA,0,0
Cholera,2013,MELAA,0,0
Meningococcal disease,2013,MELAA,0,0
Listeriosis,2013,MELAA,0,0
Hepatitis NOS,2013,MELAA,0,0
Meningoencephalitis - primary amoebic,2013,MELAA,0,0
Hepatitis C,2013,MELAA,1,suppressed
Invasive pneumococcal disease,2013,MELAA,2,suppressed
Hydatid disease,2013,MELAA,0,0
Leprosy,2013,MELAA,0,0
Malaria,2013,MELAA,5,10.1
Invasive group A streptococcal infection,2013,MELAA,0,0
Poliomyelitis,2013,European or Others,0,0
Giardiasis,2013,European or Others,1391,48.1
Acute gastroenteritis,2013,European or Others,398,13.8
Arboviral diseases,2013,European or Others,65,2.2
Hepatitis A,2013,European or Others,40,1.4
Invasive group A streptococcal infection,2013,European or Others,0,0
Tuberculosis disease,2013,European or Others,25,0.9
Tetanus,2013,European or Others,1,suppressed
Rabies and other lyssaviruses,2013,European or Others,0,0
Legionellosis,2013,European or Others,128,4.4
Paratyphoid fever,2013,European or Others,15,0.5
Leptospirosis,2013,European or Others,44,1.5
Haemophilus influenzae type b,2013,European or Others,2,suppressed
Cholera,2013,European or Others,0,0
Shigellosis,2013,European or Others,50,1.7
Hepatitis B,2013,European or Others,10,0.3
Brucellosis,2013,European or Others,0,0
VTEC/STEC infection,2013,European or Others,171,5.9
Salmonellosis,2013,European or Others,847,29.3
Q fever,2013,European or Others,0,0
Hepatitis NOS,2013,European or Others,0,0
Rickettsial disease,2013,European or Others,6,0.2
Cysticercosis,2013,European or Others,0,0
Meningoencephalitis - primary amoebic,2013,European or Others,0,0
Campylobacteriosis,2013,European or Others,5355,185.1
Typhoid fever,2013,European or Others,2,suppressed
Mumps,2013,European or Others,8,0.3
Listeriosis,2013,European or Others,13,0.4
Trichinosis,2013,European or Others,0,0
Meningococcal disease,2013,European or Others,34,1.2
Mpox,2013,European or Others,0,0
Cryptosporidiosis,2013,European or Others,1050,36.3
Rheumatic fever,2013,European or Others,6,0.2
Rubella,2013,European or Others,1,suppressed
Toxic shellfish poisoning,2013,European or Others,0,0
Invasive pneumococcal disease,2013,European or Others,271,9.4
Hydatid disease,2013,European or Others,5,0.2
Malaria,2013,European or Others,14,0.5
Diphtheria,2013,European or Others,0,0
Measles,2013,European or Others,1,suppressed
Pertussis,2013,European or Others,2574,89
Yersiniosis,2013,European or Others,301,10.4
Hepatitis C,2013,European or Others,27,0.9
Leprosy,2013,European or Others,0,0
Taeniasis,2013,European or Others,0,0
Rickettsial disease,2014,Māori,2,suppressed
Meningoencephalitis - primary amoebic,2014,Māori,0,0
Leptospirosis,2014,Māori,12,1.7
Brucellosis,2014,Māori,0,0
Haemophilus influenzae type b,2014,Māori,1,suppressed
Legionellosis,2014,Māori,9,1.3
Paratyphoid fever,2014,Māori,0,0
Hepatitis B,2014,Māori,3,suppressed
Toxic shellfish poisoning,2014,Māori,8,1.1
Acute gastroenteritis,2014,Māori,56,8
Meningococcal disease,2014,Māori,15,2.1
Invasive group A streptococcal infection,2014,Māori,0,0
Typhoid fever,2014,Māori,1,suppressed
Tuberculosis disease,2014,Māori,37,5.3
Salmonellosis,2014,Māori,103,14.7
Trichinosis,2014,Māori,0,0
Mpox,2014,Māori,0,0
VTEC/STEC infection,2014,Māori,20,2.8
Cysticercosis,2014,Māori,0,0
Giardiasis,2014,Māori,120,17.1
Q fever,2014,Māori,0,0
Taeniasis,2014,Māori,0,0
Tetanus,2014,Māori,0,0
Listeriosis,2014,Māori,2,suppressed
Diphtheria,2014,Māori,0,0
Arboviral diseases,2014,Māori,5,0.7
Cholera,2014,Māori,0,0
Hepatitis A,2014,Māori,1,suppressed
Rabies and other lyssaviruses,2014,Māori,0,0
Yersiniosis,2014,Māori,52,7.4
Hepatitis NOS,2014,Māori,0,0
Invasive pneumococcal disease,2014,Māori,114,16.2
Campylobacteriosis,2014,Māori,507,72.2
Shigellosis,2014,Māori,4,suppressed
Rubella,2014,Māori,1,suppressed
Cryptosporidiosis,2014,Māori,57,8.1
Pertussis,2014,Māori,164,23.4
Hepatitis C,2014,Māori,6,0.9
Mumps,2014,Māori,3,suppressed
Poliomyelitis,2014,Māori,0,0
Hydatid disease,2014,Māori,2,suppressed
Rheumatic fever,2014,Māori,86,12.3
Leprosy,2014,Māori,0,0
Measles,2014,Māori,108,15.4
Malaria,2014,Māori,0,0
Hepatitis B,2014,Pacific,3,suppressed
Rickettsial disease,2014,Pacific,0,0
Hepatitis A,2014,Pacific,27,9.3
Diphtheria,2014,Pacific,2,suppressed
Mpox,2014,Pacific,0,0
Haemophilus influenzae type b,2014,Pacific,1,suppressed
Yersiniosis,2014,Pacific,30,10.3
Taeniasis,2014,Pacific,0,0
Trichinosis,2014,Pacific,0,0
Poliomyelitis,2014,Pacific,0,0
Invasive group A streptococcal infection,2014,Pacific,0,0
Hepatitis C,2014,Pacific,2,suppressed
Hepatitis NOS,2014,Pacific,3,suppressed
VTEC/STEC infection,2014,Pacific,1,suppressed
Brucellosis,2014,Pacific,0,0
Meningoencephalitis - primary amoebic,2014,Pacific,0,0
Listeriosis,2014,Pacific,3,suppressed
Campylobacteriosis,2014,Pacific,139,47.9
Tuberculosis disease,2014,Pacific,49,16.9
Q fever,2014,Pacific,0,0
Malaria,2014,Pacific,1,suppressed
Arboviral diseases,2014,Pacific,71,24.5
Toxic shellfish poisoning,2014,Pacific,0,0
Rabies and other lyssaviruses,2014,Pacific,0,0
Rheumatic fever,2014,Pacific,107,36.9
Meningococcal disease,2014,Pacific,4,suppressed
Mumps,2014,Pacific,0,0
Cysticercosis,2014,Pacific,0,0
Legionellosis,2014,Pacific,6,2.1
Cryptosporidiosis,2014,Pacific,10,3.4
Typhoid fever,2014,Pacific,15,5.2
Leptospirosis,2014,Pacific,2,suppressed
Tetanus,2014,Pacific,0,0
Paratyphoid fever,2014,Pacific,0,0
Rubella,2014,Pacific,0,0
Giardiasis,2014,Pacific,16,5.5
Acute gastroenteritis,2014,Pacific,19,6.5
Cholera,2014,Pacific,0,0
Pertussis,2014,Pacific,76,26.2
Invasive pneumococcal disease,2014,Pacific,61,21
Leprosy,2014,Pacific,4,suppressed
Measles,2014,Pacific,19,6.5
Hydatid disease,2014,Pacific,0,0
Salmonellosis,2014,Pacific,41,14.1
Shigellosis,2014,Pacific,29,10
Diphtheria,2014,Asian,0,0
Rickettsial disease,2014,Asian,0,0
Toxic shellfish poisoning,2014,Asian,0,0
Mpox,2014,Asian,0,0
Q fever,2014,Asian,0,0
Hepatitis NOS,2014,Asian,1,suppressed
Brucellosis,2014,Asian,0,0
Legionellosis,2014,Asian,1,suppressed
Trichinosis,2014,Asian,0,0
Tuberculosis disease,2014,Asian,178,33.6
Meningoencephalitis - primary amoebic,2014,Asian,0,0
Rheumatic fever,2014,Asian,0,0
Meningococcal disease,2014,Asian,0,0
Invasive group A streptococcal infection,2014,Asian,0,0
Haemophilus influenzae type b,2014,Asian,1,suppressed
Hydatid disease,2014,Asian,0,0
Taeniasis,2014,Asian,3,suppressed
Arboviral diseases,2014,Asian,41,7.7
Malaria,2014,Asian,18,3.4
Leptospirosis,2014,Asian,1,suppressed
Invasive pneumococcal disease,2014,Asian,23,4.3
Typhoid fever,2014,Asian,22,4.1
VTEC/STEC infection,2014,Asian,11,2.1
Cysticercosis,2014,Asian,0,0
Hepatitis A,2014,Asian,20,3.8
Cryptosporidiosis,2014,Asian,17,3.2
Mumps,2014,Asian,4,suppressed
Campylobacteriosis,2014,Asian,313,59
Measles,2014,Asian,28,5.3
Leprosy,2014,Asian,0,0
Rabies and other lyssaviruses,2014,Asian,0,0
Acute gastroenteritis,2014,Asian,56,10.6
Hepatitis B,2014,Asian,7,1.3
Poliomyelitis,2014,Asian,0,0
Giardiasis,2014,Asian,91,17.2
Cholera,2014,Asian,0,0
Listeriosis,2014,Asian,5,0.9
Yersiniosis,2014,Asian,128,24.1
Pertussis,2014,Asian,34,6.4
Paratyphoid fever,2014,Asian,8,1.5
Hepatitis C,2014,Asian,0,0
Tetanus,2014,Asian,0,0
Rubella,2014,Asian,0,0
Salmonellosis,2014,Asian,86,16.2
Shigellosis,2014,Asian,17,3.2
Hepatitis C,2014,MELAA,1,suppressed
Legionellosis,2014,MELAA,0,0
VTEC/STEC infection,2014,MELAA,1,suppressed
Acute gastroenteritis,2014,MELAA,2,suppressed
Hepatitis NOS,2014,MELAA,0,0
Trichinosis,2014,MELAA,0,0
Brucellosis,2014,MELAA,0,0
Meningococcal disease,2014,MELAA,0,0
Invasive group A streptococcal infection,2014,MELAA,0,0
Cysticercosis,2014,MELAA,0,0
Haemophilus influenzae type b,2014,MELAA,0,0
Measles,2014,MELAA,4,suppressed
Rickettsial disease,2014,MELAA,0,0
Arboviral diseases,2014,MELAA,3,suppressed
Leprosy,2014,MELAA,0,0
Hepatitis A,2014,MELAA,2,suppressed
Diphtheria,2014,MELAA,0,0
Poliomyelitis,2014,MELAA,0,0
Rabies and other lyssaviruses,2014,MELAA,0,0
Hepatitis B,2014,MELAA,1,suppressed
Yersiniosis,2014,MELAA,8,15.8
Cryptosporidiosis,2014,MELAA,4,suppressed
Taeniasis,2014,MELAA,2,suppressed
Campylobacteriosis,2014,MELAA,43,85.2
Q fever,2014,MELAA,0,0
Paratyphoid fever,2014,MELAA,0,0
Mumps,2014,MELAA,2,suppressed
Pertussis,2014,MELAA,7,13.9
Leptospirosis,2014,MELAA,1,suppressed
Tuberculosis disease,2014,MELAA,12,23.8
Cholera,2014,MELAA,0,0
Typhoid fever,2014,MELAA,1,suppressed
Meningoencephalitis - primary amoebic,2014,MELAA,0,0
Rubella,2014,MELAA,0,0
Giardiasis,2014,MELAA,46,91.1
Listeriosis,2014,MELAA,1,suppressed
Hydatid disease,2014,MELAA,1,suppressed
Invasive pneumococcal disease,2014,MELAA,1,suppressed
Toxic shellfish poisoning,2014,MELAA,0,0
Tetanus,2014,MELAA,0,0
Shigellosis,2014,MELAA,1,suppressed
Mpox,2014,MELAA,0,0
Malaria,2014,MELAA,4,suppressed
Salmonellosis,2014,MELAA,6,11.9
Rheumatic fever,2014,MELAA,0,0
Mumps,2014,European or Others,8,0.3
Haemophilus influenzae type b,2014,European or Others,2,suppressed
Diphtheria,2014,European or Others,0,0
Poliomyelitis,2014,European or Others,0,0
VTEC/STEC infection,2014,European or Others,149,5.1
Legionellosis,2014,European or Others,106,3.6
Cysticercosis,2014,European or Others,1,suppressed
Measles,2014,European or Others,112,3.8
Rickettsial disease,2014,European or Others,4,suppressed
Arboviral diseases,2014,European or Others,131,4.5
Hepatitis A,2014,European or Others,20,0.7
Malaria,2014,European or Others,9,0.3
Leptospirosis,2014,European or Others,39,1.3
Meningococcal disease,2014,European or Others,25,0.8
Rabies and other lyssaviruses,2014,European or Others,0,0
Hepatitis B,2014,European or Others,18,0.6
Yersiniosis,2014,European or Others,439,14.9
Mpox,2014,European or Others,0,0
Taeniasis,2014,European or Others,0,0
Campylobacteriosis,2014,European or Others,5372,182.5
Q fever,2014,European or Others,0,0
Shigellosis,2014,European or Others,67,2.3
Pertussis,2014,European or Others,759,25.8
Acute gastroenteritis,2014,European or Others,544,18.5
Invasive pneumococcal disease,2014,European or Others,265,9
Meningoencephalitis - primary amoebic,2014,European or Others,0,0
Brucellosis,2014,European or Others,0,0
Cholera,2014,European or Others,0,0
Rubella,2014,European or Others,2,suppressed
Invasive group A streptococcal infection,2014,European or Others,0,0
Rheumatic fever,2014,European or Others,5,0.2
Paratyphoid fever,2014,European or Others,11,0.4
Hydatid disease,2014,European or Others,1,suppressed
Leprosy,2014,European or Others,0,0
Giardiasis,2014,European or Others,1302,44.2
Trichinosis,2014,European or Others,0,0
Hepatitis C,2014,European or Others,19,0.6
Hepatitis NOS,2014,European or Others,4,suppressed
Listeriosis,2014,European or Others,14,0.5
Salmonellosis,2014,European or Others,659,22.4
Typhoid fever,2014,European or Others,3,suppressed
Cryptosporidiosis,2014,European or Others,472,16
Tetanus,2014,European or Others,0,0
Tuberculosis disease,2014,European or Others,20,0.7
Toxic shellfish poisoning,2014,European or Others,10,0.3
Rubella,2015,Māori,0,0
Legionellosis,2015,Māori,20,2.8
Measles,2015,Māori,0,0
Yersiniosis,2015,Māori,51,7.1
Diphtheria,2015,Māori,0,0
Arboviral diseases,2015,Māori,7,1
Invasive group A streptococcal infection,2015,Māori,0,0
Q fever,2015,Māori,0,0
Poliomyelitis,2015,Māori,0,0
Rabies and other lyssaviruses,2015,Māori,0,0
Acute gastroenteritis,2015,Māori,46,6.4
Leptospirosis,2015,Māori,11,1.5
Rheumatic fever,2015,Māori,48,6.7
Hepatitis NOS,2015,Māori,1,suppressed
Cysticercosis,2015,Māori,0,0
Meningoencephalitis - primary amoebic,2015,Māori,0,0
Hepatitis B,2015,Māori,6,0.8
Rickettsial disease,2015,Māori,0,0
Mumps,2015,Māori,3,suppressed
Campylobacteriosis,2015,Māori,487,68.2
Malaria,2015,Māori,1,suppressed
Pertussis,2015,Māori,176,24.6
Brucellosis,2015,Māori,0,0
Haemophilus influenzae type b,2015,Māori,0,0
Giardiasis,2015,Māori,112,15.7
Hepatitis A,2015,Māori,6,0.8
Tuberculosis disease,2015,Māori,25,3.5
Taeniasis,2015,Māori,0,0
Hydatid disease,2015,Māori,0,0
Listeriosis,2015,Māori,5,0.7
Paratyphoid fever,2015,Māori,2,suppressed
Toxic shellfish poisoning,2015,Māori,0,0
Shigellosis,2015,Māori,5,0.7
Leprosy,2015,Māori,0,0
Salmonellosis,2015,Māori,105,14.7
Invasive pneumococcal disease,2015,Māori,107,15
Cholera,2015,Māori,0,0
Meningococcal disease,2015,Māori,20,2.8
Mpox,2015,Māori,0,0
Typhoid fever,2015,Māori,1,suppressed
Cryptosporidiosis,2015,Māori,56,7.8
Tetanus,2015,Māori,0,0
Hepatitis C,2015,Māori,13,1.8
Trichinosis,2015,Māori,0,0
VTEC/STEC infection,2015,Māori,30,4.2
Rubella,2015,Pacific,0,0
Legionellosis,2015,Pacific,5,1.7
Mumps,2015,Pacific,1,suppressed
Giardiasis,2015,Pacific,17,5.7
Leptospirosis,2015,Pacific,0,0
Brucellosis,2015,Pacific,0,0
Invasive group A streptococcal infection,2015,Pacific,0,0
Hepatitis A,2015,Pacific,7,2.4
Yersiniosis,2015,Pacific,18,6.1
Diphtheria,2015,Pacific,0,0
Malaria,2015,Pacific,4,suppressed
Campylobacteriosis,2015,Pacific,128,43.2
Q fever,2015,Pacific,0,0
Rickettsial disease,2015,Pacific,0,0
Cysticercosis,2015,Pacific,0,0
Arboviral diseases,2015,Pacific,80,27
Leprosy,2015,Pacific,2,suppressed
Rheumatic fever,2015,Pacific,60,20.3
Acute gastroenteritis,2015,Pacific,16,5.4
Meningoencephalitis - primary amoebic,2015,Pacific,0,0
Salmonellosis,2015,Pacific,49,16.5
Hepatitis B,2015,Pacific,4,suppressed
Typhoid fever,2015,Pacific,18,6.1
Hydatid disease,2015,Pacific,0,0
Listeriosis,2015,Pacific,1,suppressed
Pertussis,2015,Pacific,90,30.4
Paratyphoid fever,2015,Pacific,0,0
Shigellosis,2015,Pacific,21,7.1
Tetanus,2015,Pacific,0,0
Rabies and other lyssaviruses,2015,Pacific,0,0
Tuberculosis disease,2015,Pacific,57,19.2
Cholera,2015,Pacific,0,0
Meningococcal disease,2015,Pacific,8,2.7
Cryptosporidiosis,2015,Pacific,17,5.7
Toxic shellfish poisoning,2015,Pacific,0,0
VTEC/STEC infection,2015,Pacific,10,3.4
Taeniasis,2015,Pacific,0,0
Haemophilus influenzae type b,2015,Pacific,0,0
Hepatitis C,2015,Pacific,0,0
Trichinosis,2015,Pacific,0,0
Invasive pneumococcal disease,2015,Pacific,51,17.2
Poliomyelitis,2015,Pacific,0,0
Mpox,2015,Pacific,0,0
Hepatitis NOS,2015,Pacific,2,suppressed
Measles,2015,Pacific,2,suppressed
Legionellosis,2015,Asian,14,2.6
Malaria,2015,Asian,18,3.3
Meningoencephalitis - primary amoebic,2015,Asian,0,0
Leptospirosis,2015,Asian,0,0
Diphtheria,2015,Asian,2,suppressed
Hydatid disease,2015,Asian,1,suppressed
Leprosy,2015,Asian,2,suppressed
Giardiasis,2015,Asian,91,16.8
Campylobacteriosis,2015,Asian,354,65.2
Q fever,2015,Asian,0,0
Measles,2015,Asian,3,suppressed
Cysticercosis,2015,Asian,0,0
Mumps,2015,Asian,4,suppressed
Pertussis,2015,Asian,47,8.7
Arboviral diseases,2015,Asian,19,3.5
Tetanus,2015,Asian,0,0
Hepatitis A,2015,Asian,9,1.7
Salmonellosis,2015,Asian,89,16.4
Poliomyelitis,2015,Asian,0,0
Rubella,2015,Asian,0,0
Taeniasis,2015,Asian,2,suppressed
Hepatitis B,2015,Asian,1,suppressed
VTEC/STEC infection,2015,Asian,14,2.6
Acute gastroenteritis,2015,Asian,41,7.6
Haemophilus influenzae type b,2015,Asian,0,0
Toxic shellfish poisoning,2015,Asian,0,0
Shigellosis,2015,Asian,13,2.4
Brucellosis,2015,Asian,0,0
Meningococcal disease,2015,Asian,3,suppressed
Rabies and other lyssaviruses,2015,Asian,0,0
Typhoid fever,2015,Asian,22,4.1
Rheumatic fever,2015,Asian,2,suppressed
Yersiniosis,2015,Asian,100,18.4
Listeriosis,2015,Asian,8,1.5
Mpox,2015,Asian,0,0
Trichinosis,2015,Asian,0,0
Invasive group A streptococcal infection,2015,Asian,0,0
Rickettsial disease,2015,Asian,0,0
Tuberculosis disease,2015,Asian,185,34.1
Hepatitis C,2015,Asian,0,0
Invasive pneumococcal disease,2015,Asian,15,2.8
Cholera,2015,Asian,0,0
Cryptosporidiosis,2015,Asian,26,4.8
Hepatitis NOS,2015,Asian,0,0
Paratyphoid fever,2015,Asian,7,1.3
Leptospirosis,2015,MELAA,0,0
Meningoencephalitis - primary amoebic,2015,MELAA,0,0
Cysticercosis,2015,MELAA,1,suppressed
Meningococcal disease,2015,MELAA,0,0
Campylobacteriosis,2015,MELAA,42,81.4
Leprosy,2015,MELAA,0,0
Malaria,2015,MELAA,6,11.6
Cryptosporidiosis,2015,MELAA,8,15.5
Acute gastroenteritis,2015,MELAA,8,15.5
Diphtheria,2015,MELAA,0,0
Listeriosis,2015,MELAA,0,0
Mumps,2015,MELAA,0,0
Tuberculosis disease,2015,MELAA,8,15.5
Salmonellosis,2015,MELAA,12,23.3
Rickettsial disease,2015,MELAA,0,0
Measles,2015,MELAA,0,0
Hepatitis B,2015,MELAA,2,suppressed
Hydatid disease,2015,MELAA,0,0
Legionellosis,2015,MELAA,3,suppressed
Paratyphoid fever,2015,MELAA,1,suppressed
Haemophilus influenzae type b,2015,MELAA,0,0
Tetanus,2015,MELAA,0,0
Pertussis,2015,MELAA,6,11.6
Arboviral diseases,2015,MELAA,0,0
Poliomyelitis,2015,MELAA,0,0
Cholera,2015,MELAA,0,0
Hepatitis A,2015,MELAA,3,suppressed
Giardiasis,2015,MELAA,24,46.5
Rubella,2015,MELAA,0,0
Hepatitis NOS,2015,MELAA,0,0
VTEC/STEC infection,2015,MELAA,8,15.5
Taeniasis,2015,MELAA,2,suppressed
Invasive group A streptococcal infection,2015,MELAA,0,0
Toxic shellfish poisoning,2015,MELAA,0,0
Shigellosis,2015,MELAA,5,9.7
Rabies and other lyssaviruses,2015,MELAA,0,0
Mpox,2015,MELAA,0,0
Brucellosis,2015,MELAA,1,suppressed
Trichinosis,2015,MELAA,0,0
Yersiniosis,2015,MELAA,7,13.6
Typhoid fever,2015,MELAA,0,0
Rheumatic fever,2015,MELAA,0,0
Hepatitis C,2015,MELAA,0,0
Q fever,2015,MELAA,0,0
Invasive pneumococcal disease,2015,MELAA,1,suppressed
Rubella,2015,European or Others,0,0
Paratyphoid fever,2015,European or Others,22,0.7
Rickettsial disease,2015,European or Others,7,0.2
Leprosy,2015,European or Others,1,suppressed
Brucellosis,2015,European or Others,0,0
Diphtheria,2015,European or Others,0,0
Campylobacteriosis,2015,European or Others,4837,161
Mumps,2015,European or Others,5,0.2
Legionellosis,2015,European or Others,200,6.7
Meningoencephalitis - primary amoebic,2015,European or Others,0,0
Rheumatic fever,2015,European or Others,0,0
Measles,2015,European or Others,5,0.2
Rabies and other lyssaviruses,2015,European or Others,0,0
Hydatid disease,2015,European or Others,3,suppressed
Q fever,2015,European or Others,0,0
Invasive group A streptococcal infection,2015,European or Others,0,0
Hepatitis B,2015,European or Others,19,0.6
Tuberculosis disease,2015,European or Others,17,0.6
Malaria,2015,European or Others,8,0.3
Poliomyelitis,2015,European or Others,0,0
Toxic shellfish poisoning,2015,European or Others,3,suppressed
Giardiasis,2015,European or Others,1153,38.4
Cholera,2015,European or Others,0,0
Cysticercosis,2015,European or Others,0,0
Salmonellosis,2015,European or Others,747,24.9
Meningococcal disease,2015,European or Others,32,1.1
VTEC/STEC infection,2015,European or Others,256,8.5
Tetanus,2015,European or Others,1,suppressed
Taeniasis,2015,European or Others,1,suppressed
Typhoid fever,2015,European or Others,1,suppressed
Leptospirosis,2015,European or Others,50,1.7
Haemophilus influenzae type b,2015,European or Others,3,suppressed
Arboviral diseases,2015,European or Others,69,2.3
Listeriosis,2015,European or Others,12,0.4
Yersiniosis,2015,European or Others,428,14.2
Mpox,2015,European or Others,0,0
Cryptosporidiosis,2015,European or Others,565,18.8
Pertussis,2015,European or Others,800,26.6
Acute gastroenteritis,2015,European or Others,329,11
Trichinosis,2015,European or Others,0,0
Invasive pneumococcal disease,2015,European or Others,258,8.6
Hepatitis NOS,2015,European or Others,1,suppressed
Hepatitis A,2015,European or Others,19,0.6
Hepatitis C,2015,European or Others,22,0.7
Shigellosis,2015,European or Others,58,1.9
Mumps,2016,Māori,3,suppressed
Q fever,2016,Māori,0,0
Meningoencephalitis - primary amoebic,2016,Māori,0,0
Poliomyelitis,2016,Māori,0,0
Campylobacteriosis,2016,Māori,667,84.6
Taeniasis,2016,Māori,0,0
Toxic shellfish poisoning,2016,Māori,1,suppressed
Paratyphoid fever,2016,Māori,0,0
Tuberculosis disease,2016,Māori,27,3.4
Brucellosis,2016,Māori,0,0
Meningococcal disease,2016,Māori,18,2.3
Diphtheria,2016,Māori,0,0
Invasive group A streptococcal infection,2016,Māori,0,0
Rickettsial disease,2016,Māori,0,0
Hydatid disease,2016,Māori,0,0
Measles,2016,Māori,50,6.3
Trichinosis,2016,Māori,0,0
Tetanus,2016,Māori,0,0
Cholera,2016,Māori,0,0
Yersiniosis,2016,Māori,81,10.3
Rubella,2016,Māori,0,0
Malaria,2016,Māori,0,0
VTEC/STEC infection,2016,Māori,48,6.1
Rheumatic fever,2016,Māori,52,6.6
Acute gastroenteritis,2016,Māori,52,6.6
Hepatitis NOS,2016,Māori,0,0
Cysticercosis,2016,Māori,0,0
Cryptosporidiosis,2016,Māori,121,15.3
Rabies and other lyssaviruses,2016,Māori,0,0
Arboviral diseases,2016,Māori,17,2.2
Hepatitis C,2016,Māori,8,1
Leptospirosis,2016,Māori,12,1.5
Hepatitis B,2016,Māori,4,suppressed
Typhoid fever,2016,Māori,0,0
Giardiasis,2016,Māori,107,13.6
Hepatitis A,2016,Māori,2,suppressed
Leprosy,2016,Māori,0,0
Shigellosis,2016,Māori,12,1.5
Invasive pneumococcal disease,2016,Māori,113,14.3
Listeriosis,2016,Māori,6,0.8
Mpox,2016,Māori,0,0
Legionellosis,2016,Māori,10,1.3
Haemophilus influenzae type b,2016,Māori,2,suppressed
Pertussis,2016,Māori,170,21.6
Salmonellosis,2016,Māori,128,16.2
Campylobacteriosis,2016,Pacific,159,49.8
Hepatitis C,2016,Pacific,0,0
Q fever,2016,Pacific,0,0
Giardiasis,2016,Pacific,17,5.3
Measles,2016,Pacific,11,3.4
Meningococcal disease,2016,Pacific,12,3.8
Taeniasis,2016,Pacific,0,0
Mpox,2016,Pacific,0,0
Brucellosis,2016,Pacific,0,0
Hepatitis B,2016,Pacific,2,suppressed
Mumps,2016,Pacific,6,1.9
Acute gastroenteritis,2016,Pacific,28,8.8
Arboviral diseases,2016,Pacific,126,39.5
Trichinosis,2016,Pacific,0,0
Cholera,2016,Pacific,0,0
Poliomyelitis,2016,Pacific,0,0
Salmonellosis,2016,Pacific,62,19.4
Rheumatic fever,2016,Pacific,80,25.1
Meningoencephalitis - primary amoebic,2016,Pacific,0,0
VTEC/STEC infection,2016,Pacific,16,5
Hepatitis NOS,2016,Pacific,3,suppressed
Invasive group A streptococcal infection,2016,Pacific,0,0
Paratyphoid fever,2016,Pacific,0,0
Tetanus,2016,Pacific,0,0
Rickettsial disease,2016,Pacific,0,0
Pertussis,2016,Pacific,43,13.5
Leprosy,2016,Pacific,0,0
Leptospirosis,2016,Pacific,2,suppressed
Rabies and other lyssaviruses,2016,Pacific,0,0
Typhoid fever,2016,Pacific,18,5.6
Haemophilus influenzae type b,2016,Pacific,0,0
Rubella,2016,Pacific,0,0
Cryptosporidiosis,2016,Pacific,17,5.3
Shigellosis,2016,Pacific,47,14.7
Diphtheria,2016,Pacific,1,suppressed
Listeriosis,2016,Pacific,4,suppressed
Toxic shellfish poisoning,2016,Pacific,0,0
Tuberculosis disease,2016,Pacific,37,11.6
Cysticercosis,2016,Pacific,0,0
Legionellosis,2016,Pacific,10,3.1
Invasive pneumococcal disease,2016,Pacific,78,24.4
Yersiniosis,2016,Pacific,22,6.9
Malaria,2016,Pacific,4,suppressed
Hepatitis A,2016,Pacific,6,1.9
Hydatid disease,2016,Pacific,1,suppressed
Pertussis,2016,Asian,44,6.2
Poliomyelitis,2016,Asian,0,0
Tuberculosis disease,2016,Asian,182,25.5
VTEC/STEC infection,2016,Asian,40,5.6
Campylobacteriosis,2016,Asian,408,57.2
Q fever,2016,Asian,0,0
Cryptosporidiosis,2016,Asian,48,6.7
Haemophilus influenzae type b,2016,Asian,0,0
Arboviral diseases,2016,Asian,33,4.6
Taeniasis,2016,Asian,2,suppressed
Brucellosis,2016,Asian,0,0
Diphtheria,2016,Asian,0,0
Meningococcal disease,2016,Asian,5,0.7
Giardiasis,2016,Asian,94,13.2
Measles,2016,Asian,4,suppressed
Hepatitis B,2016,Asian,6,0.8
Yersiniosis,2016,Asian,181,25.4
Mpox,2016,Asian,0,0
Mumps,2016,Asian,4,suppressed
Acute gastroenteritis,2016,Asian,52,7.3
Rickettsial disease,2016,Asian,1,suppressed
Toxic shellfish poisoning,2016,Asian,0,0
Cholera,2016,Asian,0,0
Rabies and other lyssaviruses,2016,Asian,0,0
Trichinosis,2016,Asian,0,0
Salmonellosis,2016,Asian,77,10.8
Hepatitis NOS,2016,Asian,3,suppressed
Rubella,2016,Asian,2,suppressed
Meningoencephalitis - primary amoebic,2016,Asian,0,0
Tetanus,2016,Asian,0,0
Invasive group A streptococcal infection,2016,Asian,0,0
Paratyphoid fever,2016,Asian,14,2
Shigellosis,2016,Asian,13,1.8
Malaria,2016,Asian,8,1.1
Typhoid fever,2016,Asian,19,2.7
Hepatitis C,2016,Asian,0,0
Invasive pneumococcal disease,2016,Asian,22,3.1
Rheumatic fever,2016,Asian,1,suppressed
Legionellosis,2016,Asian,8,1.1
Leptospirosis,2016,Asian,1,suppressed
Listeriosis,2016,Asian,6,0.8
Hydatid disease,2016,Asian,0,0
Hepatitis A,2016,Asian,9,1.3
Cysticercosis,2016,Asian,0,0
Leprosy,2016,Asian,0,0
Typhoid fever,2016,MELAA,1,suppressed
Poliomyelitis,2016,MELAA,0,0
Brucellosis,2016,MELAA,0,0
Hepatitis NOS,2016,MELAA,0,0
Campylobacteriosis,2016,MELAA,52,75.9
Taeniasis,2016,MELAA,1,suppressed
Q fever,2016,MELAA,0,0
Rickettsial disease,2016,MELAA,0,0
Trichinosis,2016,MELAA,0,0
Cholera,2016,MELAA,0,0
Acute gastroenteritis,2016,MELAA,7,10.2
Tuberculosis disease,2016,MELAA,9,13.1
Yersiniosis,2016,MELAA,8,11.7
VTEC/STEC infection,2016,MELAA,7,10.2
Cryptosporidiosis,2016,MELAA,9,13.1
Hepatitis B,2016,MELAA,1,suppressed
Tetanus,2016,MELAA,0,0
Mumps,2016,MELAA,0,0
Pertussis,2016,MELAA,13,19
Paratyphoid fever,2016,MELAA,0,0
Diphtheria,2016,MELAA,0,0
Leptospirosis,2016,MELAA,0,0
Measles,2016,MELAA,0,0
Rabies and other lyssaviruses,2016,MELAA,0,0
Rubella,2016,MELAA,0,0
Hepatitis A,2016,MELAA,2,suppressed
Toxic shellfish poisoning,2016,MELAA,0,0
Giardiasis,2016,MELAA,41,59.9
Legionellosis,2016,MELAA,0,0
Invasive group A streptococcal infection,2016,MELAA,0,0
Malaria,2016,MELAA,4,suppressed
Haemophilus influenzae type b,2016,MELAA,0,0
Hepatitis C,2016,MELAA,0,0
Invasive pneumococcal disease,2016,MELAA,2,suppressed
Cysticercosis,2016,MELAA,0,0
Listeriosis,2016,MELAA,0,0
Meningococcal disease,2016,MELAA,1,suppressed
Meningoencephalitis - primary amoebic,2016,MELAA,0,0
Arboviral diseases,2016,MELAA,5,7.3
Mpox,2016,MELAA,0,0
Hydatid disease,2016,MELAA,0,0
Rheumatic fever,2016,MELAA,0,0
Shigellosis,2016,MELAA,0,0
Leprosy,2016,MELAA,0,0
Salmonellosis,2016,MELAA,10,14.6
Cholera,2016,European or Others,0,0
Taeniasis,2016,European or Others,1,suppressed
Q fever,2016,European or Others,0,0
Tetanus,2016,European or Others,1,suppressed
Tuberculosis disease,2016,European or Others,36,1.3
Measles,2016,European or Others,36,1.3
Brucellosis,2016,European or Others,0,0
Yersiniosis,2016,European or Others,528,18.7
VTEC/STEC infection,2016,European or Others,296,10.5
Campylobacteriosis,2016,European or Others,5813,205.9
Rubella,2016,European or Others,1,suppressed
Legionellosis,2016,European or Others,214,7.6
Mumps,2016,European or Others,5,0.2
Acute gastroenteritis,2016,European or Others,326,11.5
Pertussis,2016,European or Others,805,28.5
Diphtheria,2016,European or Others,0,0
Leptospirosis,2016,European or Others,66,2.3
Trichinosis,2016,European or Others,0,0
Cryptosporidiosis,2016,European or Others,832,29.5
Meningoencephalitis - primary amoebic,2016,European or Others,0,0
Rheumatic fever,2016,European or Others,3,suppressed
Rickettsial disease,2016,European or Others,4,suppressed
Mpox,2016,European or Others,0,0
Paratyphoid fever,2016,European or Others,16,0.6
Cysticercosis,2016,European or Others,0,0
Invasive pneumococcal disease,2016,European or Others,251,8.9
Shigellosis,2016,European or Others,94,3.3
Haemophilus influenzae type b,2016,European or Others,0,0
Rabies and other lyssaviruses,2016,European or Others,0,0
Hepatitis A,2016,European or Others,16,0.6
Malaria,2016,European or Others,8,0.3
Poliomyelitis,2016,European or Others,0,0
Giardiasis,2016,European or Others,1291,45.7
Hydatid disease,2016,European or Others,1,suppressed
Toxic shellfish poisoning,2016,European or Others,2,suppressed
Hepatitis B,2016,European or Others,18,0.6
Hepatitis NOS,2016,European or Others,1,suppressed
Hepatitis C,2016,European or Others,23,0.8
Arboviral diseases,2016,European or Others,133,4.7
Invasive group A streptococcal infection,2016,European or Others,0,0
Listeriosis,2016,European or Others,20,0.7
Meningococcal disease,2016,European or Others,39,1.4
Typhoid fever,2016,European or Others,0,0
Leprosy,2016,European or Others,0,0
Salmonellosis,2016,European or Others,781,27.7
Acute gastroenteritis,2017,Māori,34,4.2
Cryptosporidiosis,2017,Māori,137,17
Tetanus,2017,Māori,0,0
Tuberculosis disease,2017,Māori,25,3.1
Measles,2017,Māori,0,0
Rubella,2017,Māori,0,0
Diphtheria,2017,Māori,0,0
Poliomyelitis,2017,Māori,0,0
Q fever,2017,Māori,0,0
Taeniasis,2017,Māori,0,0
Rheumatic fever,2017,Māori,73,9.1
Legionellosis,2017,Māori,23,2.9
Leptospirosis,2017,Māori,19,2.4
Pertussis,2017,Māori,309,38.5
Giardiasis,2017,Māori,130,16.2
Arboviral diseases,2017,Māori,3,suppressed
Salmonellosis,2017,Māori,111,13.8
VTEC/STEC infection,2017,Māori,70,8.7
Mpox,2017,Māori,0,0
Hepatitis A,2017,Māori,12,1.5
Campylobacteriosis,2017,Māori,527,65.6
Toxic shellfish poisoning,2017,Māori,2,suppressed
Paratyphoid fever,2017,Māori,11,1.4
Mumps,2017,Māori,179,22.3
Hepatitis C,2017,Māori,3,suppressed
Invasive pneumococcal disease,2017,Māori,134,16.7
Trichinosis,2017,Māori,0,0
Brucellosis,2017,Māori,0,0
Meningococcal disease,2017,Māori,34,4.2
Rabies and other lyssaviruses,2017,Māori,0,0
Hepatitis B,2017,Māori,6,0.7
Yersiniosis,2017,Māori,101,12.6
Hydatid disease,2017,Māori,0,0
Cysticercosis,2017,Māori,0,0
Meningoencephalitis - primary amoebic,2017,Māori,0,0
Invasive group A streptococcal infection,2017,Māori,0,0
Haemophilus influenzae type b,2017,Māori,2,suppressed
Typhoid fever,2017,Māori,6,0.7
Malaria,2017,Māori,1,suppressed
Leprosy,2017,Māori,0,0
Cholera,2017,Māori,0,0
Hepatitis NOS,2017,Māori,0,0
Listeriosis,2017,Māori,5,0.6
Rickettsial disease,2017,Māori,0,0
Shigellosis,2017,Māori,14,1.7
Giardiasis,2017,Pacific,28,8.6
Rubella,2017,Pacific,0,0
Cysticercosis,2017,Pacific,0,0
Brucellosis,2017,Pacific,0,0
Mumps,2017,Pacific,673,206.8
Tetanus,2017,Pacific,0,0
Acute gastroenteritis,2017,Pacific,10,3.1
Campylobacteriosis,2017,Pacific,139,42.7
Leptospirosis,2017,Pacific,2,suppressed
Diphtheria,2017,Pacific,0,0
Rheumatic fever,2017,Pacific,73,22.4
Salmonellosis,2017,Pacific,45,13.8
Hepatitis A,2017,Pacific,20,6.1
Measles,2017,Pacific,0,0
VTEC/STEC infection,2017,Pacific,16,4.9
Cryptosporidiosis,2017,Pacific,46,14.1
Hydatid disease,2017,Pacific,0,0
Paratyphoid fever,2017,Pacific,0,0
Shigellosis,2017,Pacific,75,23
Pertussis,2017,Pacific,135,41.5
Hepatitis C,2017,Pacific,0,0
Invasive pneumococcal disease,2017,Pacific,80,24.6
Trichinosis,2017,Pacific,0,0
Tuberculosis disease,2017,Pacific,35,10.8
Meningococcal disease,2017,Pacific,12,3.7
Rabies and other lyssaviruses,2017,Pacific,0,0
Hepatitis B,2017,Pacific,6,1.8
Hepatitis NOS,2017,Pacific,6,1.8
Listeriosis,2017,Pacific,3,suppressed
Meningoencephalitis - primary amoebic,2017,Pacific,0,0
Legionellosis,2017,Pacific,6,1.8
Invasive group A streptococcal infection,2017,Pacific,0,0
Haemophilus influenzae type b,2017,Pacific,0,0
Typhoid fever,2017,Pacific,32,9.8
Rickettsial disease,2017,Pacific,0,0
Malaria,2017,Pacific,6,1.8
Arboviral diseases,2017,Pacific,53,16.3
Yersiniosis,2017,Pacific,33,10.1
Mpox,2017,Pacific,0,0
Taeniasis,2017,Pacific,0,0
Poliomyelitis,2017,Pacific,0,0
Toxic shellfish poisoning,2017,Pacific,0,0
Cholera,2017,Pacific,0,0
Leprosy,2017,Pacific,3,suppressed
Q fever,2017,Pacific,0,0
Mumps,2017,Asian,169,23.1
Rubella,2017,Asian,1,suppressed
Salmonellosis,2017,Asian,97,13.3
Tetanus,2017,Asian,0,0
Q fever,2017,Asian,0,0
Pertussis,2017,Asian,68,9.3
Paratyphoid fever,2017,Asian,9,1.2
Meningococcal disease,2017,Asian,5,0.7
Diphtheria,2017,Asian,0,0
VTEC/STEC infection,2017,Asian,29,4
Rheumatic fever,2017,Asian,3,suppressed
Hepatitis NOS,2017,Asian,2,suppressed
Rabies and other lyssaviruses,2017,Asian,0,0
Toxic shellfish poisoning,2017,Asian,0,0
Hepatitis B,2017,Asian,3,suppressed
Legionellosis,2017,Asian,7,1
Typhoid fever,2017,Asian,16,2.2
Invasive pneumococcal disease,2017,Asian,29,4
Shigellosis,2017,Asian,28,3.8
Tuberculosis disease,2017,Asian,218,29.9
Meningoencephalitis - primary amoebic,2017,Asian,0,0
Malaria,2017,Asian,13,1.8
Cholera,2017,Asian,0,0
Measles,2017,Asian,6,0.8
Campylobacteriosis,2017,Asian,350,47.9
Hydatid disease,2017,Asian,0,0
Cysticercosis,2017,Asian,0,0
Invasive group A streptococcal infection,2017,Asian,0,0
Trichinosis,2017,Asian,0,0
Leptospirosis,2017,Asian,2,suppressed
Rickettsial disease,2017,Asian,1,suppressed
Arboviral diseases,2017,Asian,41,5.6
Yersiniosis,2017,Asian,164,22.5
Giardiasis,2017,Asian,98,13.4
Hepatitis A,2017,Asian,12,1.6
Cryptosporidiosis,2017,Asian,47,6.4
Taeniasis,2017,Asian,1,suppressed
Leprosy,2017,Asian,0,0
Mpox,2017,Asian,0,0
Poliomyelitis,2017,Asian,0,0
Hepatitis C,2017,Asian,1,suppressed
Brucellosis,2017,Asian,0,0
Acute gastroenteritis,2017,Asian,23,3.1
Haemophilus influenzae type b,2017,Asian,1,suppressed
Listeriosis,2017,Asian,1,suppressed
Mumps,2017,MELAA,13,18.6
Rubella,2017,MELAA,0,0
Leptospirosis,2017,MELAA,0,0
Typhoid fever,2017,MELAA,0,0
Legionellosis,2017,MELAA,4,suppressed
Campylobacteriosis,2017,MELAA,63,90
Paratyphoid fever,2017,MELAA,0,0
VTEC/STEC infection,2017,MELAA,12,17.1
Toxic shellfish poisoning,2017,MELAA,0,0
Rheumatic fever,2017,MELAA,0,0
Salmonellosis,2017,MELAA,13,18.6
Pertussis,2017,MELAA,26,37.1
Tetanus,2017,MELAA,0,0
Hydatid disease,2017,MELAA,1,suppressed
Measles,2017,MELAA,0,0
Tuberculosis disease,2017,MELAA,6,8.6
Leprosy,2017,MELAA,0,0
Malaria,2017,MELAA,5,7.1
Shigellosis,2017,MELAA,5,7.1
Yersiniosis,2017,MELAA,18,25.7
Giardiasis,2017,MELAA,33,47.1
Hepatitis B,2017,MELAA,0,0
Acute gastroenteritis,2017,MELAA,2,suppressed
Invasive group A streptococcal infection,2017,MELAA,0,0
Cysticercosis,2017,MELAA,0,0
Hepatitis C,2017,MELAA,0,0
Cryptosporidiosis,2017,MELAA,12,17.1
Invasive pneumococcal disease,2017,MELAA,4,suppressed
Diphtheria,2017,MELAA,0,0
Hepatitis A,2017,MELAA,1,suppressed
Mpox,2017,MELAA,0,0
Cholera,2017,MELAA,0,0
Poliomyelitis,2017,MELAA,0,0
Q fever,2017,MELAA,0,0
Arboviral diseases,2017,MELAA,5,7.1
Hepatitis NOS,2017,MELAA,0,0
Taeniasis,2017,MELAA,1,suppressed
Trichinosis,2017,MELAA,0,0
Meningococcal disease,2017,MELAA,4,suppressed
Rickettsial disease,2017,MELAA,0,0
Brucellosis,2017,MELAA,1,suppressed
Listeriosis,2017,MELAA,0,0
Meningoencephalitis - primary amoebic,2017,MELAA,0,0
Haemophilus influenzae type b,2017,MELAA,0,0
Rabies and other lyssaviruses,2017,MELAA,0,0
Cysticercosis,2017,European or Others,0,0
Typhoid fever,2017,European or Others,5,0.2
Legionellosis,2017,European or Others,179,6.2
Giardiasis,2017,European or Others,1279,44.4
Leptospirosis,2017,European or Others,114,4
Hepatitis NOS,2017,European or Others,1,suppressed
Shigellosis,2017,European or Others,117,4.1
Q fever,2017,European or Others,0,0
Paratyphoid fever,2017,European or Others,16,0.6
Tuberculosis disease,2017,European or Others,23,0.8
Salmonellosis,2017,European or Others,832,28.9
Mumps,2017,European or Others,260,9
Invasive pneumococcal disease,2017,European or Others,265,9.2
Campylobacteriosis,2017,European or Others,5050,175.1
Poliomyelitis,2017,European or Others,0,0
Meningococcal disease,2017,European or Others,57,2
Hepatitis B,2017,European or Others,11,0.4
Meningoencephalitis - primary amoebic,2017,European or Others,0,0
VTEC/STEC infection,2017,European or Others,399,13.8
Invasive group A streptococcal infection,2017,European or Others,0,0
Listeriosis,2017,European or Others,12,0.4
Diphtheria,2017,European or Others,1,suppressed
Tetanus,2017,European or Others,0,0
Trichinosis,2017,European or Others,0,0
Hepatitis C,2017,European or Others,16,0.6
Rheumatic fever,2017,European or Others,3,suppressed
Malaria,2017,European or Others,17,0.6
Cholera,2017,European or Others,0,0
Brucellosis,2017,European or Others,0,0
Taeniasis,2017,European or Others,1,suppressed
Rubella,2017,European or Others,0,0
Cryptosporidiosis,2017,European or Others,897,31.1
Measles,2017,European or Others,9,0.3
Arboviral diseases,2017,European or Others,80,2.8
Yersiniosis,2017,European or Others,574,19.9
Toxic shellfish poisoning,2017,European or Others,3,suppressed
Acute gastroenteritis,2017,European or Others,224,7.8
Rabies and other lyssaviruses,2017,European or Others,0,0
Pertussis,2017,European or Others,1579,54.8
Leprosy,2017,European or Others,0,0
Rickettsial disease,2017,European or Others,3,suppressed
Mpox,2017,European or Others,0,0
Hydatid disease,2017,European or Others,0,0
Hepatitis A,2017,European or Others,11,0.4
Haemophilus influenzae type b,2017,European or Others,1,suppressed
Trichinosis,2018,Māori,0,0
Legionellosis,2018,Māori,14,1.7
Q fever,2018,Māori,0,0
Meningococcal disease,2018,Māori,33,4
Paratyphoid fever,2018,Māori,2,suppressed
Typhoid fever,2018,Māori,0,0
Listeriosis,2018,Māori,1,suppressed
Cysticercosis,2018,Māori,0,0
Leptospirosis,2018,Māori,18,2.2
Campylobacteriosis,2018,Māori,583,71.4
Acute gastroenteritis,2018,Māori,20,2.4
Salmonellosis,2018,Māori,122,14.9
Giardiasis,2018,Māori,144,17.6
Tuberculosis disease,2018,Māori,24,2.9
Brucellosis,2018,Māori,0,0
Yersiniosis,2018,Māori,102,12.5
Taeniasis,2018,Māori,0,0
Diphtheria,2018,Māori,0,0
Shigellosis,2018,Māori,16,2
Measles,2018,Māori,0,0
Invasive pneumococcal disease,2018,Māori,129,15.8
Hepatitis A,2018,Māori,5,0.6
Malaria,2018,Māori,1,suppressed
Haemophilus influenzae type b,2018,Māori,1,suppressed
Poliomyelitis,2018,Māori,0,0
Hepatitis C,2018,Māori,10,1.2
Rubella,2018,Māori,0,0
Cholera,2018,Māori,0,0
Mpox,2018,Māori,0,0
Rabies and other lyssaviruses,2018,Māori,0,0
Mumps,2018,Māori,66,8.1
VTEC/STEC infection,2018,Māori,96,11.8
Rickettsial disease,2018,Māori,0,0
Hydatid disease,2018,Māori,0,0
Pertussis,2018,Māori,557,68.2
Leprosy,2018,Māori,0,0
Hepatitis B,2018,Māori,5,0.6
Tetanus,2018,Māori,0,0
Cryptosporidiosis,2018,Māori,206,25.2
Arboviral diseases,2018,Māori,6,0.7
Meningoencephalitis - primary amoebic,2018,Māori,0,0
Invasive group A streptococcal infection,2018,Māori,0,0
Toxic shellfish poisoning,2018,Māori,2,suppressed
Rheumatic fever,2018,Māori,68,8.3
Hepatitis NOS,2018,Māori,0,0
Arboviral diseases,2018,Pacific,171,51.7
Cysticercosis,2018,Pacific,0,0
Legionellosis,2018,Pacific,5,1.5
Leptospirosis,2018,Pacific,5,1.5
Campylobacteriosis,2018,Pacific,138,41.7
Q fever,2018,Pacific,0,0
Hepatitis A,2018,Pacific,21,6.4
Poliomyelitis,2018,Pacific,0,0
Diphtheria,2018,Pacific,0,0
Yersiniosis,2018,Pacific,49,14.8
VTEC/STEC infection,2018,Pacific,27,8.2
Listeriosis,2018,Pacific,3,suppressed
Cryptosporidiosis,2018,Pacific,72,21.8
Measles,2018,Pacific,1,suppressed
Brucellosis,2018,Pacific,2,suppressed
Hepatitis C,2018,Pacific,1,suppressed
Invasive pneumococcal disease,2018,Pacific,92,27.8
Tuberculosis disease,2018,Pacific,39,11.8
Mpox,2018,Pacific,0,0
Trichinosis,2018,Pacific,0,0
Typhoid fever,2018,Pacific,23,7
Paratyphoid fever,2018,Pacific,0,0
Cholera,2018,Pacific,0,0
Hydatid disease,2018,Pacific,0,0
Taeniasis,2018,Pacific,0,0
Giardiasis,2018,Pacific,21,6.4
Shigellosis,2018,Pacific,64,19.4
Invasive group A streptococcal infection,2018,Pacific,0,0
Haemophilus influenzae type b,2018,Pacific,0,0
Rickettsial disease,2018,Pacific,0,0
Toxic shellfish poisoning,2018,Pacific,0,0
Malaria,2018,Pacific,3,suppressed
Rabies and other lyssaviruses,2018,Pacific,0,0
Acute gastroenteritis,2018,Pacific,10,3
Rheumatic fever,2018,Pacific,110,33.3
Hepatitis B,2018,Pacific,11,3.3
Hepatitis NOS,2018,Pacific,1,suppressed
Rubella,2018,Pacific,0,0
Leprosy,2018,Pacific,2,suppressed
Tetanus,2018,Pacific,0,0
Meningococcal disease,2018,Pacific,15,4.5
Mumps,2018,Pacific,107,32.4
Meningoencephalitis - primary amoebic,2018,Pacific,0,0
Pertussis,2018,Pacific,154,46.6
Salmonellosis,2018,Pacific,62,18.8
Q fever,2018,Asian,0,0
Listeriosis,2018,Asian,3,suppressed
Brucellosis,2018,Asian,0,0
Invasive pneumococcal disease,2018,Asian,26,3.5
VTEC/STEC infection,2018,Asian,58,7.8
Tuberculosis disease,2018,Asian,205,27.5
Campylobacteriosis,2018,Asian,374,50.2
Rabies and other lyssaviruses,2018,Asian,0,0
Hepatitis B,2018,Asian,5,0.7
Giardiasis,2018,Asian,100,13.4
Yersiniosis,2018,Asian,231,31
Haemophilus influenzae type b,2018,Asian,1,suppressed
Hepatitis C,2018,Asian,1,suppressed
Legionellosis,2018,Asian,6,0.8
Arboviral diseases,2018,Asian,44,5.9
Acute gastroenteritis,2018,Asian,15,2
Cysticercosis,2018,Asian,1,suppressed
Leptospirosis,2018,Asian,2,suppressed
Meningoencephalitis - primary amoebic,2018,Asian,0,0
Hydatid disease,2018,Asian,0,0
Mpox,2018,Asian,0,0
Measles,2018,Asian,5,0.7
Cryptosporidiosis,2018,Asian,86,11.6
Tetanus,2018,Asian,0,0
Rickettsial disease,2018,Asian,0,0
Shigellosis,2018,Asian,29,3.9
Diphtheria,2018,Asian,0,0
Leprosy,2018,Asian,1,suppressed
Malaria,2018,Asian,12,1.6
Cholera,2018,Asian,1,suppressed
Hepatitis A,2018,Asian,18,2.4
Meningococcal disease,2018,Asian,9,1.2
Hepatitis NOS,2018,Asian,4,suppressed
Rubella,2018,Asian,0,0
Trichinosis,2018,Asian,0,0
Taeniasis,2018,Asian,0,0
Invasive group A streptococcal infection,2018,Asian,0,0
Toxic shellfish poisoning,2018,Asian,0,0
Typhoid fever,2018,Asian,25,3.4
Poliomyelitis,2018,Asian,0,0
Pertussis,2018,Asian,96,12.9
Mumps,2018,Asian,75,10.1
Paratyphoid fever,2018,Asian,11,1.5
Salmonellosis,2018,Asian,110,14.8
Rheumatic fever,2018,Asian,2,suppressed
Yersiniosis,2018,MELAA,13,18.2
Hepatitis C,2018,MELAA,0,0
Q fever,2018,MELAA,0,0
VTEC/STEC infection,2018,MELAA,11,15.4
Hydatid disease,2018,MELAA,0,0
Hepatitis B,2018,MELAA,1,suppressed
Rubella,2018,MELAA,0,0
Tetanus,2018,MELAA,0,0
Leptospirosis,2018,MELAA,0,0
Legionellosis,2018,MELAA,3,suppressed
Haemophilus influenzae type b,2018,MELAA,0,0
Tuberculosis disease,2018,MELAA,14,19.6
Hepatitis A,2018,MELAA,5,7
Diphtheria,2018,MELAA,0,0
Poliomyelitis,2018,MELAA,0,0
Hepatitis NOS,2018,MELAA,0,0
Listeriosis,2018,MELAA,0,0
Measles,2018,MELAA,0,0
Cysticercosis,2018,MELAA,0,0
Invasive group A streptococcal infection,2018,MELAA,0,0
Cryptosporidiosis,2018,MELAA,13,18.2
Invasive pneumococcal disease,2018,MELAA,0,0
Arboviral diseases,2018,MELAA,3,suppressed
Leprosy,2018,MELAA,0,0
Rickettsial disease,2018,MELAA,0,0
Acute gastroenteritis,2018,MELAA,2,suppressed
Brucellosis,2018,MELAA,1,suppressed
Meningococcal disease,2018,MELAA,2,suppressed
Rheumatic fever,2018,MELAA,0,0
Mpox,2018,MELAA,0,0
Taeniasis,2018,MELAA,2,suppressed
Meningoencephalitis - primary amoebic,2018,MELAA,0,0
Campylobacteriosis,2018,MELAA,44,61.7
Paratyphoid fever,2018,MELAA,0,0
Trichinosis,2018,MELAA,0,0
Shigellosis,2018,MELAA,5,7
Malaria,2018,MELAA,7,9.8
Rabies and other lyssaviruses,2018,MELAA,0,0
Salmonellosis,2018,MELAA,10,14
Cholera,2018,MELAA,0,0
Typhoid fever,2018,MELAA,0,0
Mumps,2018,MELAA,15,21
Pertussis,2018,MELAA,21,29.4
Toxic shellfish poisoning,2018,MELAA,0,0
Giardiasis,2018,MELAA,27,37.8
Haemophilus influenzae type b,2018,European or Others,1,suppressed
Hepatitis B,2018,European or Others,8,0.3
Rubella,2018,European or Others,1,suppressed
Hepatitis C,2018,European or Others,21,0.7
Listeriosis,2018,European or Others,23,0.8
Legionellosis,2018,European or Others,145,4.9
Leptospirosis,2018,European or Others,84,2.9
Diphtheria,2018,European or Others,0,0
Leprosy,2018,European or Others,0,0
Poliomyelitis,2018,European or Others,0,0
Brucellosis,2018,European or Others,0,0
Hepatitis NOS,2018,European or Others,2,suppressed
Measles,2018,European or Others,23,0.8
Giardiasis,2018,European or Others,1133,38.6
Cysticercosis,2018,European or Others,0,0
Invasive group A streptococcal infection,2018,European or Others,0,0
Q fever,2018,European or Others,0,0
Taeniasis,2018,European or Others,1,suppressed
Arboviral diseases,2018,European or Others,79,2.7
Rickettsial disease,2018,European or Others,3,suppressed
Malaria,2018,European or Others,10,0.3
Acute gastroenteritis,2018,European or Others,163,5.5
Meningococcal disease,2018,European or Others,61,2.1
Rheumatic fever,2018,European or Others,6,0.2
Salmonellosis,2018,European or Others,769,26.2
Mpox,2018,European or Others,0,0
VTEC/STEC infection,2018,European or Others,710,24.2
Meningoencephalitis - primary amoebic,2018,European or Others,0,0
Hydatid disease,2018,European or Others,0,0
Campylobacteriosis,2018,European or Others,4998,170.1
Toxic shellfish poisoning,2018,European or Others,1,suppressed
Mumps,2018,European or Others,156,5.3
Paratyphoid fever,2018,European or Others,4,suppressed
Tetanus,2018,European or Others,0,0
Trichinosis,2018,European or Others,0,0
Tuberculosis disease,2018,European or Others,18,0.6
Hepatitis A,2018,European or Others,17,0.6
Typhoid fever,2018,European or Others,4,suppressed
Shigellosis,2018,European or Others,96,3.3
Cryptosporidiosis,2018,European or Others,1080,36.8
Yersiniosis,2018,European or Others,701,23.9
Pertussis,2018,European or Others,2121,72.2
Cholera,2018,European or Others,0,0
Invasive pneumococcal disease,2018,European or Others,292,9.9
Rabies and other lyssaviruses,2018,European or Others,0,0
Rubella,2019,Māori,0,0
Brucellosis,2019,Māori,0,0
Diphtheria,2019,Māori,0,0
Leprosy,2019,Māori,0,0
Cysticercosis,2019,Māori,0,0
Invasive group A streptococcal infection,2019,Māori,0,0
Salmonellosis,2019,Māori,135,16.3
Tuberculosis disease,2019,Māori,29,3.5
VTEC/STEC infection,2019,Māori,138,16.7
Mumps,2019,Māori,21,2.5
Hydatid disease,2019,Māori,0,0
Q fever,2019,Māori,0,0
Taeniasis,2019,Māori,0,0
Poliomyelitis,2019,Māori,0,0
Toxic shellfish poisoning,2019,Māori,0,0
Arboviral diseases,2019,Māori,14,1.7
Tetanus,2019,Māori,0,0
Measles,2019,Māori,523,63.3
Meningococcal disease,2019,Māori,47,5.7
Rabies and other lyssaviruses,2019,Māori,0,0
Typhoid fever,2019,Māori,0,0
Rheumatic fever,2019,Māori,59,7.1
Yersiniosis,2019,Māori,89,10.8
Hepatitis NOS,2019,Māori,0,0
Listeriosis,2019,Māori,7,0.8
Campylobacteriosis,2019,Māori,558,67.6
Legionellosis,2019,Māori,24,2.9
Leptospirosis,2019,Māori,11,1.3
Paratyphoid fever,2019,Māori,0,0
Invasive pneumococcal disease,2019,Māori,150,18.2
Hepatitis C,2019,Māori,7,0.8
Cryptosporidiosis,2019,Māori,124,15
Trichinosis,2019,Māori,0,0
Hepatitis A,2019,Māori,6,0.7
Hepatitis B,2019,Māori,10,1.2
Meningoencephalitis - primary amoebic,2019,Māori,0,0
Pertussis,2019,Māori,221,26.8
Rickettsial disease,2019,Māori,0,0
Cholera,2019,Māori,0,0
Malaria,2019,Māori,0,0
Shigellosis,2019,Māori,18,2.2
Giardiasis,2019,Māori,176,21.3
Mpox,2019,Māori,0,0
Acute gastroenteritis,2019,Māori,73,8.8
Haemophilus influenzae type b,2019,Māori,1,suppressed
Legionellosis,2019,Pacific,6,1.8
Rheumatic fever,2019,Pacific,104,31.1
Rickettsial disease,2019,Pacific,0,0
Taeniasis,2019,Pacific,0,0
Brucellosis,2019,Pacific,0,0
Salmonellosis,2019,Pacific,73,21.8
Listeriosis,2019,Pacific,2,suppressed
Q fever,2019,Pacific,0,0
Poliomyelitis,2019,Pacific,0,0
Rubella,2019,Pacific,0,0
Arboviral diseases,2019,Pacific,13,3.9
Mumps,2019,Pacific,47,14
Cryptosporidiosis,2019,Pacific,32,9.6
Leptospirosis,2019,Pacific,3,suppressed
Rabies and other lyssaviruses,2019,Pacific,0,0
Trichinosis,2019,Pacific,0,0
Typhoid fever,2019,Pacific,19,5.7
Invasive group A streptococcal infection,2019,Pacific,0,0
Meningoencephalitis - primary amoebic,2019,Pacific,0,0
Hydatid disease,2019,Pacific,0,0
Campylobacteriosis,2019,Pacific,150,44.8
Diphtheria,2019,Pacific,1,suppressed
Cysticercosis,2019,Pacific,0,0
Pertussis,2019,Pacific,94,28.1
Toxic shellfish poisoning,2019,Pacific,0,0
VTEC/STEC infection,2019,Pacific,31,9.3
Acute gastroenteritis,2019,Pacific,15,4.5
Malaria,2019,Pacific,4,suppressed
Hepatitis C,2019,Pacific,1,suppressed
Mpox,2019,Pacific,0,0
Tuberculosis disease,2019,Pacific,46,13.7
Yersiniosis,2019,Pacific,47,14
Measles,2019,Pacific,879,262.5
Hepatitis A,2019,Pacific,18,5.4
Paratyphoid fever,2019,Pacific,2,suppressed
Hepatitis NOS,2019,Pacific,5,1.5
Shigellosis,2019,Pacific,50,14.9
Hepatitis B,2019,Pacific,2,suppressed
Giardiasis,2019,Pacific,33,9.9
Invasive pneumococcal disease,2019,Pacific,78,23.3
Cholera,2019,Pacific,0,0
Leprosy,2019,Pacific,4,suppressed
Haemophilus influenzae type b,2019,Pacific,0,0
Meningococcal disease,2019,Pacific,28,8.4
Tetanus,2019,Pacific,0,0
Brucellosis,2019,Asian,1,suppressed
Poliomyelitis,2019,Asian,0,0
Q fever,2019,Asian,0,0
Listeriosis,2019,Asian,2,suppressed
Arboviral diseases,2019,Asian,52,6.9
Leptospirosis,2019,Asian,1,suppressed
Rickettsial disease,2019,Asian,1,suppressed
Measles,2019,Asian,170,22.5
Diphtheria,2019,Asian,0,0
Legionellosis,2019,Asian,8,1.1
Rabies and other lyssaviruses,2019,Asian,0,0
Salmonellosis,2019,Asian,119,15.8
Tuberculosis disease,2019,Asian,206,27.3
Cholera,2019,Asian,0,0
Hydatid disease,2019,Asian,0,0
Giardiasis,2019,Asian,125,16.5
Campylobacteriosis,2019,Asian,381,50.4
Meningococcal disease,2019,Asian,8,1.1
Hepatitis B,2019,Asian,4,suppressed
Cysticercosis,2019,Asian,0,0
VTEC/STEC infection,2019,Asian,56,7.4
Invasive group A streptococcal infection,2019,Asian,0,0
Leprosy,2019,Asian,2,suppressed
Malaria,2019,Asian,8,1.1
Hepatitis C,2019,Asian,1,suppressed
Trichinosis,2019,Asian,0,0
Typhoid fever,2019,Asian,32,4.2
Meningoencephalitis - primary amoebic,2019,Asian,0,0
Yersiniosis,2019,Asian,250,33.1
Rubella,2019,Asian,1,suppressed
Taeniasis,2019,Asian,3,suppressed
Hepatitis NOS,2019,Asian,4,suppressed
Shigellosis,2019,Asian,32,4.2
Mpox,2019,Asian,0,0
Tetanus,2019,Asian,0,0
Acute gastroenteritis,2019,Asian,35,4.6
Mumps,2019,Asian,45,6
Pertussis,2019,Asian,55,7.3
Invasive pneumococcal disease,2019,Asian,20,2.6
Cryptosporidiosis,2019,Asian,79,10.5
Toxic shellfish poisoning,2019,Asian,0,0
Hepatitis A,2019,Asian,19,2.5
Paratyphoid fever,2019,Asian,10,1.3
Rheumatic fever,2019,Asian,1,suppressed
Haemophilus influenzae type b,2019,Asian,0,0
Legionellosis,2019,MELAA,0,0
Diphtheria,2019,MELAA,0,0
Brucellosis,2019,MELAA,0,0
Poliomyelitis,2019,MELAA,0,0
Meningoencephalitis - primary amoebic,2019,MELAA,0,0
Shigellosis,2019,MELAA,5,6.9
Rabies and other lyssaviruses,2019,MELAA,0,0
Q fever,2019,MELAA,0,0
Typhoid fever,2019,MELAA,1,suppressed
Cholera,2019,MELAA,0,0
Hydatid disease,2019,MELAA,0,0
Salmonellosis,2019,MELAA,15,20.7
Listeriosis,2019,MELAA,1,suppressed
Meningococcal disease,2019,MELAA,1,suppressed
Taeniasis,2019,MELAA,2,suppressed
Cysticercosis,2019,MELAA,0,0
Rickettsial disease,2019,MELAA,0,0
Measles,2019,MELAA,31,42.9
Arboviral diseases,2019,MELAA,6,8.3
Malaria,2019,MELAA,3,suppressed
Leptospirosis,2019,MELAA,1,suppressed
Invasive pneumococcal disease,2019,MELAA,2,suppressed
Tuberculosis disease,2019,MELAA,16,22.1
Trichinosis,2019,MELAA,0,0
Yersiniosis,2019,MELAA,29,40.1
Campylobacteriosis,2019,MELAA,49,67.8
Cryptosporidiosis,2019,MELAA,10,13.8
Hepatitis NOS,2019,MELAA,0,0
VTEC/STEC infection,2019,MELAA,17,23.5
Mpox,2019,MELAA,0,0
Paratyphoid fever,2019,MELAA,0,0
Acute gastroenteritis,2019,MELAA,5,6.9
Mumps,2019,MELAA,11,15.2
Hepatitis C,2019,MELAA,0,0
Rubella,2019,MELAA,0,0
Rheumatic fever,2019,MELAA,0,0
Tetanus,2019,MELAA,0,0
Hepatitis B,2019,MELAA,0,0
Pertussis,2019,MELAA,17,23.5
Giardiasis,2019,MELAA,21,29
Hepatitis A,2019,MELAA,1,suppressed
Leprosy,2019,MELAA,0,0
Haemophilus influenzae type b,2019,MELAA,0,0
Toxic shellfish poisoning,2019,MELAA,0,0
Invasive group A streptococcal infection,2019,MELAA,0,0
Leptospirosis,2019,European or Others,72,2.4
Legionellosis,2019,European or Others,123,4.1
Cholera,2019,European or Others,0,0
Poliomyelitis,2019,European or Others,0,0
Meningoencephalitis - primary amoebic,2019,European or Others,0,0
Mumps,2019,European or Others,137,4.6
Rickettsial disease,2019,European or Others,3,suppressed
Campylobacteriosis,2019,European or Others,4931,165.4
Brucellosis,2019,European or Others,1,suppressed
Meningococcal disease,2019,European or Others,55,1.8
Rabies and other lyssaviruses,2019,European or Others,0,0
Arboviral diseases,2019,European or Others,159,5.3
Measles,2019,European or Others,572,19.2
Cryptosporidiosis,2019,European or Others,781,26.2
VTEC/STEC infection,2019,European or Others,856,28.7
Q fever,2019,European or Others,1,suppressed
Invasive pneumococcal disease,2019,European or Others,242,8.1
Tuberculosis disease,2019,European or Others,19,0.6
Leprosy,2019,European or Others,0,0
Cysticercosis,2019,European or Others,0,0
Hydatid disease,2019,European or Others,1,suppressed
Listeriosis,2019,European or Others,18,0.6
Trichinosis,2019,European or Others,0,0
Diphtheria,2019,European or Others,0,0
Mpox,2019,European or Others,0,0
Malaria,2019,European or Others,12,0.4
Taeniasis,2019,European or Others,0,0
Giardiasis,2019,European or Others,1386,46.5
Paratyphoid fever,2019,European or Others,5,0.2
Hepatitis A,2019,European or Others,23,0.8
Acute gastroenteritis,2019,European or Others,349,11.7
Pertussis,2019,European or Others,813,27.3
Hepatitis B,2019,European or Others,12,0.4
Hepatitis NOS,2019,European or Others,0,0
Rubella,2019,European or Others,1,suppressed
Rheumatic fever,2019,European or Others,4,suppressed
Tetanus,2019,European or Others,0,0
Haemophilus influenzae type b,2019,European or Others,1,suppressed
Hepatitis C,2019,European or Others,15,0.5
Salmonellosis,2019,European or Others,844,28.3
Yersiniosis,2019,European or Others,759,25.5
Invasive group A streptococcal infection,2019,European or Others,0,0
Toxic shellfish poisoning,2019,European or Others,1,suppressed
Shigellosis,2019,European or Others,109,3.7
Typhoid fever,2019,European or Others,2,suppressed
Poliomyelitis,2020,Māori,0,0
Taeniasis,2020,Māori,0,0
Rabies and other lyssaviruses,2020,Māori,0,0
Leptospirosis,2020,Māori,8,1
Campylobacteriosis,2020,Māori,559,66.5
Meningococcal disease,2020,Māori,11,1.3
Diphtheria,2020,Māori,0,0
Cryptosporidiosis,2020,Māori,91,10.8
Brucellosis,2020,Māori,0,0
Q fever,2020,Māori,0,0
VTEC/STEC infection,2020,Māori,113,13.4
Paratyphoid fever,2020,Māori,0,0
Measles,2020,Māori,3,suppressed
Acute gastroenteritis,2020,Māori,51,6.1
Cholera,2020,Māori,0,0
Trichinosis,2020,Māori,0,0
Invasive pneumococcal disease,2020,Māori,114,13.6
Hydatid disease,2020,Māori,0,0
Giardiasis,2020,Māori,149,17.7
Listeriosis,2020,Māori,1,suppressed
Cysticercosis,2020,Māori,0,0
Leprosy,2020,Māori,0,0
Rickettsial disease,2020,Māori,0,0
Mumps,2020,Māori,18,2.1
Hepatitis C,2020,Māori,15,1.8
Meningoencephalitis - primary amoebic,2020,Māori,0,0
Arboviral diseases,2020,Māori,3,suppressed
Tuberculosis disease,2020,Māori,31,3.7
Yersiniosis,2020,Māori,112,13.3
Mpox,2020,Māori,0,0
Rheumatic fever,2020,Māori,73,8.7
Hepatitis B,2020,Māori,6,0.7
Pertussis,2020,Māori,50,5.9
Shigellosis,2020,Māori,5,0.6
Haemophilus influenzae type b,2020,Māori,0,0
Tetanus,2020,Māori,0,0
Malaria,2020,Māori,2,suppressed
Hepatitis NOS,2020,Māori,1,suppressed
Rubella,2020,Māori,0,0
Salmonellosis,2020,Māori,113,13.4
Typhoid fever,2020,Māori,0,0
Toxic shellfish poisoning,2020,Māori,0,0
Invasive group A streptococcal infection,2020,Māori,0,0
Hepatitis A,2020,Māori,0,0
Legionellosis,2020,Māori,19,2.3
Invasive pneumococcal disease,2020,Pacific,61,17.9
Meningococcal disease,2020,Pacific,3,suppressed
Cryptosporidiosis,2020,Pacific,16,4.7
Listeriosis,2020,Pacific,1,suppressed
Hydatid disease,2020,Pacific,0,0
Cholera,2020,Pacific,0,0
Mumps,2020,Pacific,30,8.8
Paratyphoid fever,2020,Pacific,0,0
Arboviral diseases,2020,Pacific,6,1.8
VTEC/STEC infection,2020,Pacific,18,5.3
Rabies and other lyssaviruses,2020,Pacific,0,0
Brucellosis,2020,Pacific,1,suppressed
Poliomyelitis,2020,Pacific,0,0
Measles,2020,Pacific,5,1.5
Hepatitis B,2020,Pacific,5,1.5
Giardiasis,2020,Pacific,15,4.4
Yersiniosis,2020,Pacific,52,15.3
Leptospirosis,2020,Pacific,1,suppressed
Q fever,2020,Pacific,0,0
Pertussis,2020,Pacific,12,3.5
Hepatitis C,2020,Pacific,0,0
Haemophilus influenzae type b,2020,Pacific,1,suppressed
Acute gastroenteritis,2020,Pacific,10,2.9
Leprosy,2020,Pacific,3,suppressed
Diphtheria,2020,Pacific,0,0
Rubella,2020,Pacific,0,0
Rheumatic fever,2020,Pacific,71,20.8
Hepatitis A,2020,Pacific,6,1.8
Mpox,2020,Pacific,0,0
Legionellosis,2020,Pacific,5,1.5
Campylobacteriosis,2020,Pacific,135,39.6
Tetanus,2020,Pacific,0,0
Toxic shellfish poisoning,2020,Pacific,0,0
Tuberculosis disease,2020,Pacific,38,11.2
Salmonellosis,2020,Pacific,38,11.2
Malaria,2020,Pacific,3,suppressed
Rickettsial disease,2020,Pacific,0,0
Hepatitis NOS,2020,Pacific,3,suppressed
Shigellosis,2020,Pacific,11,3.2
Typhoid fever,2020,Pacific,3,suppressed
Cysticercosis,2020,Pacific,0,0
Invasive group A streptococcal infection,2020,Pacific,0,0
Meningoencephalitis - primary amoebic,2020,Pacific,0,0
Taeniasis,2020,Pacific,0,0
Trichinosis,2020,Pacific,0,0
Mumps,2020,Asian,17,2.2
Poliomyelitis,2020,Asian,0,0
Hepatitis NOS,2020,Asian,4,suppressed
Paratyphoid fever,2020,Asian,15,1.9
Giardiasis,2020,Asian,71,9.2
Cholera,2020,Asian,0,0
Hepatitis C,2020,Asian,0,0
Rubella,2020,Asian,0,0
Acute gastroenteritis,2020,Asian,31,4
Measles,2020,Asian,1,suppressed
Q fever,2020,Asian,0,0
Hepatitis B,2020,Asian,0,0
Rheumatic fever,2020,Asian,3,suppressed
Campylobacteriosis,2020,Asian,363,47.1
Arboviral diseases,2020,Asian,11,1.4
Pertussis,2020,Asian,8,1
Haemophilus influenzae type b,2020,Asian,0,0
Tetanus,2020,Asian,0,0
Brucellosis,2020,Asian,0,0
Rabies and other lyssaviruses,2020,Asian,0,0
Meningococcal disease,2020,Asian,2,suppressed
Salmonellosis,2020,Asian,70,9.1
Cryptosporidiosis,2020,Asian,28,3.6
Toxic shellfish poisoning,2020,Asian,0,0
Hepatitis A,2020,Asian,7,0.9
VTEC/STEC infection,2020,Asian,52,6.7
Invasive pneumococcal disease,2020,Asian,25,3.2
Invasive group A streptococcal infection,2020,Asian,0,0
Shigellosis,2020,Asian,15,1.9
Legionellosis,2020,Asian,12,1.6
Tuberculosis disease,2020,Asian,217,28.2
Typhoid fever,2020,Asian,20,2.6
Malaria,2020,Asian,4,suppressed
Trichinosis,2020,Asian,0,0
Mpox,2020,Asian,0,0
Listeriosis,2020,Asian,8,1
Taeniasis,2020,Asian,0,0
Cysticercosis,2020,Asian,0,0
Meningoencephalitis - primary amoebic,2020,Asian,0,0
Leptospirosis,2020,Asian,1,suppressed
Diphtheria,2020,Asian,0,0
Rickettsial disease,2020,Asian,0,0
Yersiniosis,2020,Asian,295,38.3
Hydatid disease,2020,Asian,0,0
Leprosy,2020,Asian,0,0
Measles,2020,MELAA,0,0
Poliomyelitis,2020,MELAA,0,0
Q fever,2020,MELAA,0,0
Toxic shellfish poisoning,2020,MELAA,0,0
Tuberculosis disease,2020,MELAA,8,10.9
Cholera,2020,MELAA,0,0
Rheumatic fever,2020,MELAA,1,suppressed
Mumps,2020,MELAA,4,suppressed
Giardiasis,2020,MELAA,16,21.7
Rubella,2020,MELAA,0,0
Shigellosis,2020,MELAA,2,suppressed
Cysticercosis,2020,MELAA,0,0
Meningococcal disease,2020,MELAA,0,0
Campylobacteriosis,2020,MELAA,47,63.8
Arboviral diseases,2020,MELAA,0,0
Rabies and other lyssaviruses,2020,MELAA,0,0
Paratyphoid fever,2020,MELAA,0,0
Acute gastroenteritis,2020,MELAA,3,suppressed
Brucellosis,2020,MELAA,0,0
Leptospirosis,2020,MELAA,0,0
VTEC/STEC infection,2020,MELAA,18,24.4
Trichinosis,2020,MELAA,0,0
Cryptosporidiosis,2020,MELAA,4,suppressed
Taeniasis,2020,MELAA,1,suppressed
Listeriosis,2020,MELAA,0,0
Salmonellosis,2020,MELAA,9,12.2
Tetanus,2020,MELAA,0,0
Typhoid fever,2020,MELAA,0,0
Invasive pneumococcal disease,2020,MELAA,2,suppressed
Rickettsial disease,2020,MELAA,2,suppressed
Diphtheria,2020,MELAA,0,0
Hepatitis NOS,2020,MELAA,0,0
Hepatitis B,2020,MELAA,0,0
Hydatid disease,2020,MELAA,0,0
Yersiniosis,2020,MELAA,19,25.8
Pertussis,2020,MELAA,0,0
Malaria,2020,MELAA,4,suppressed
Mpox,2020,MELAA,0,0
Hepatitis C,2020,MELAA,0,0
Leprosy,2020,MELAA,0,0
Meningoencephalitis - primary amoebic,2020,MELAA,0,0
Hepatitis A,2020,MELAA,2,suppressed
Invasive group A streptococcal infection,2020,MELAA,0,0
Legionellosis,2020,MELAA,0,0
Haemophilus influenzae type b,2020,MELAA,0,0
Q fever,2020,European or Others,0,0
Rheumatic fever,2020,European or Others,1,suppressed
Shigellosis,2020,European or Others,27,0.9
Mumps,2020,European or Others,75,2.5
Campylobacteriosis,2020,European or Others,4160,136.6
Brucellosis,2020,European or Others,1,suppressed
Giardiasis,2020,European or Others,883,29
Rubella,2020,European or Others,0,0
Poliomyelitis,2020,European or Others,0,0
Hepatitis B,2020,European or Others,7,0.2
Listeriosis,2020,European or Others,25,0.8
Pertussis,2020,European or Others,98,3.2
Legionellosis,2020,European or Others,124,4.1
Acute gastroenteritis,2020,European or Others,253,8.3
Tuberculosis disease,2020,European or Others,23,0.8
Malaria,2020,European or Others,4,suppressed
Salmonellosis,2020,European or Others,477,15.7
Trichinosis,2020,European or Others,0,0
Cryptosporidiosis,2020,European or Others,591,19.4
Taeniasis,2020,European or Others,2,suppressed
Hepatitis C,2020,European or Others,13,0.4
Rabies and other lyssaviruses,2020,European or Others,0,0
Paratyphoid fever,2020,European or Others,2,suppressed
Cholera,2020,European or Others,0,0
VTEC/STEC infection,2020,European or Others,643,21.1
Rickettsial disease,2020,European or Others,3,suppressed
Leprosy,2020,European or Others,0,0
Leptospirosis,2020,European or Others,51,1.7
Tetanus,2020,European or Others,0,0
Hydatid disease,2020,European or Others,0,0
Measles,2020,European or Others,0,0
Hepatitis NOS,2020,European or Others,3,suppressed
Typhoid fever,2020,European or Others,1,suppressed
Diphtheria,2020,European or Others,0,0
Invasive pneumococcal disease,2020,European or Others,148,4.9
Toxic shellfish poisoning,2020,European or Others,0,0
Meningoencephalitis - primary amoebic,2020,European or Others,0,0
Hepatitis A,2020,European or Others,6,0.2
Mpox,2020,European or Others,0,0
Haemophilus influenzae type b,2020,European or Others,2,suppressed
Cysticercosis,2020,European or Others,0,0
Invasive group A streptococcal infection,2020,European or Others,0,0
Yersiniosis,2020,European or Others,778,25.5
Meningococcal disease,2020,European or Others,19,0.6
Arboviral diseases,2020,European or Others,36,1.2
Q fever,2021,Māori,0,0
Brucellosis,2021,Māori,0,0
Listeriosis,2021,Māori,5,0.6
Campylobacteriosis,2021,Māori,631,70.3
Hepatitis B,2021,Māori,6,0.7
Tuberculosis disease,2021,Māori,16,1.8
Cryptosporidiosis,2021,Māori,79,8.8
Salmonellosis,2021,Māori,108,12
Leptospirosis,2021,Māori,17,1.9
Hydatid disease,2021,Māori,0,0
Malaria,2021,Māori,0,0
Cholera,2021,Māori,0,0
Paratyphoid fever,2021,Māori,0,0
Tetanus,2021,Māori,0,0
Rubella,2021,Māori,0,0
VTEC/STEC infection,2021,Māori,97,10.8
Measles,2021,Māori,0,0
Rabies and other lyssaviruses,2021,Māori,0,0
Toxic shellfish poisoning,2021,Māori,0,0
Pertussis,2021,Māori,7,0.8
Acute gastroenteritis,2021,Māori,45,5
Shigellosis,2021,Māori,1,suppressed
Trichinosis,2021,Māori,0,0
Leprosy,2021,Māori,0,0
Typhoid fever,2021,Māori,0,0
Rheumatic fever,2021,Māori,58,6.5
Giardiasis,2021,Māori,120,13.4
Hepatitis NOS,2021,Māori,0,0
Mpox,2021,Māori,0,0
Hepatitis C,2021,Māori,9,1
Taeniasis,2021,Māori,0,0
Legionellosis,2021,Māori,18,2
Cysticercosis,2021,Māori,0,0
Hepatitis A,2021,Māori,4,suppressed
Mumps,2021,Māori,1,suppressed
Diphtheria,2021,Māori,0,0
Invasive group A streptococcal infection,2021,Māori,0,0
Yersiniosis,2021,Māori,160,17.8
Poliomyelitis,2021,Māori,0,0
Meningococcal disease,2021,Māori,21,2.3
Meningoencephalitis - primary amoebic,2021,Māori,0,0
Rickettsial disease,2021,Māori,0,0
Invasive pneumococcal disease,2021,Māori,150,16.7
Haemophilus influenzae type b,2021,Māori,1,suppressed
Arboviral diseases,2021,Māori,0,0
Hydatid disease,2021,Pacific,0,0
VTEC/STEC infection,2021,Pacific,22,6.1
Pertussis,2021,Pacific,2,suppressed
Campylobacteriosis,2021,Pacific,140,39.1
Tuberculosis disease,2021,Pacific,39,10.9
Rabies and other lyssaviruses,2021,Pacific,0,0
Typhoid fever,2021,Pacific,1,suppressed
Paratyphoid fever,2021,Pacific,0,0
Tetanus,2021,Pacific,0,0
Hepatitis B,2021,Pacific,3,suppressed
Rubella,2021,Pacific,0,0
Listeriosis,2021,Pacific,2,suppressed
Salmonellosis,2021,Pacific,30,8.4
Legionellosis,2021,Pacific,11,3.1
Toxic shellfish poisoning,2021,Pacific,0,0
Leptospirosis,2021,Pacific,0,0
Measles,2021,Pacific,0,0
Diphtheria,2021,Pacific,0,0
Arboviral diseases,2021,Pacific,3,suppressed
Hepatitis NOS,2021,Pacific,6,1.7
Mpox,2021,Pacific,0,0
Rheumatic fever,2021,Pacific,28,7.8
Meningoencephalitis - primary amoebic,2021,Pacific,0,0
Cysticercosis,2021,Pacific,0,0
Trichinosis,2021,Pacific,0,0
Cryptosporidiosis,2021,Pacific,19,5.3
Q fever,2021,Pacific,0,0
Mumps,2021,Pacific,0,0
Yersiniosis,2021,Pacific,65,18.1
Acute gastroenteritis,2021,Pacific,17,4.7
Cholera,2021,Pacific,0,0
Giardiasis,2021,Pacific,8,2.2
Leprosy,2021,Pacific,1,suppressed
Hepatitis A,2021,Pacific,0,0
Brucellosis,2021,Pacific,1,suppressed
Shigellosis,2021,Pacific,1,suppressed
Poliomyelitis,2021,Pacific,0,0
Malaria,2021,Pacific,0,0
Hepatitis C,2021,Pacific,0,0
Invasive pneumococcal disease,2021,Pacific,63,17.6
Taeniasis,2021,Pacific,0,0
Meningococcal disease,2021,Pacific,3,suppressed
Invasive group A streptococcal infection,2021,Pacific,0,0
Haemophilus influenzae type b,2021,Pacific,0,0
Rickettsial disease,2021,Pacific,0,0
Tuberculosis disease,2021,Asian,221,24.1
Leptospirosis,2021,Asian,1,suppressed
Arboviral diseases,2021,Asian,0,0
Pertussis,2021,Asian,3,suppressed
Rabies and other lyssaviruses,2021,Asian,0,0
Hepatitis B,2021,Asian,1,suppressed
Hydatid disease,2021,Asian,0,0
Q fever,2021,Asian,0,0
Toxic shellfish poisoning,2021,Asian,0,0
Trichinosis,2021,Asian,0,0
Shigellosis,2021,Asian,1,suppressed
Hepatitis C,2021,Asian,1,suppressed
Measles,2021,Asian,0,0
Hepatitis NOS,2021,Asian,2,suppressed
Diphtheria,2021,Asian,0,0
Malaria,2021,Asian,1,suppressed
Cholera,2021,Asian,0,0
Cryptosporidiosis,2021,Asian,39,4.3
Poliomyelitis,2021,Asian,0,0
Yersiniosis,2021,Asian,394,43
VTEC/STEC infection,2021,Asian,60,6.5
Brucellosis,2021,Asian,0,0
Taeniasis,2021,Asian,0,0
Legionellosis,2021,Asian,12,1.3
Tetanus,2021,Asian,0,0
Listeriosis,2021,Asian,7,0.8
Mumps,2021,Asian,0,0
Paratyphoid fever,2021,Asian,2,suppressed
Hepatitis A,2021,Asian,2,suppressed
Meningoencephalitis - primary amoebic,2021,Asian,0,0
Rheumatic fever,2021,Asian,0,0
Salmonellosis,2021,Asian,73,8
Giardiasis,2021,Asian,61,6.7
Campylobacteriosis,2021,Asian,359,39.2
Invasive pneumococcal disease,2021,Asian,32,3.5
Haemophilus influenzae type b,2021,Asian,0,0
Leprosy,2021,Asian,4,suppressed
Invasive group A streptococcal infection,2021,Asian,0,0
Rubella,2021,Asian,0,0
Acute gastroenteritis,2021,Asian,19,2.1
Meningococcal disease,2021,Asian,1,suppressed
Typhoid fever,2021,Asian,2,suppressed
Cysticercosis,2021,Asian,0,0
Mpox,2021,Asian,0,0
Rickettsial disease,2021,Asian,0,0
Tuberculosis disease,2021,MELAA,16,17
VTEC/STEC infection,2021,MELAA,17,18.1
Hepatitis B,2021,MELAA,0,0
Trichinosis,2021,MELAA,0,0
Mumps,2021,MELAA,0,0
Diphtheria,2021,MELAA,0,0
Rubella,2021,MELAA,0,0
Hydatid disease,2021,MELAA,0,0
Brucellosis,2021,MELAA,0,0
Hepatitis C,2021,MELAA,0,0
Pertussis,2021,MELAA,1,suppressed
Leptospirosis,2021,MELAA,1,suppressed
Measles,2021,MELAA,0,0
Rheumatic fever,2021,MELAA,0,0
Paratyphoid fever,2021,MELAA,0,0
Mpox,2021,MELAA,0,0
Hepatitis NOS,2021,MELAA,0,0
Yersiniosis,2021,MELAA,17,18.1
Toxic shellfish poisoning,2021,MELAA,0,0
Cysticercosis,2021,MELAA,0,0
Tetanus,2021,MELAA,0,0
Invasive pneumococcal disease,2021,MELAA,5,5.3
Invasive group A streptococcal infection,2021,MELAA,0,0
Haemophilus influenzae type b,2021,MELAA,0,0
Leprosy,2021,MELAA,0,0
Rabies and other lyssaviruses,2021,MELAA,0,0
Cholera,2021,MELAA,0,0
Meningococcal disease,2021,MELAA,0,0
Poliomyelitis,2021,MELAA,0,0
Hepatitis A,2021,MELAA,0,0
Meningoencephalitis - primary amoebic,2021,MELAA,0,0
Giardiasis,2021,MELAA,11,11.7
Taeniasis,2021,MELAA,1,suppressed
Shigellosis,2021,MELAA,0,0
Campylobacteriosis,2021,MELAA,63,67.1
Legionellosis,2021,MELAA,3,suppressed
Rickettsial disease,2021,MELAA,0,0
Salmonellosis,2021,MELAA,6,6.4
Arboviral diseases,2021,MELAA,1,suppressed
Acute gastroenteritis,2021,MELAA,5,5.3
Typhoid fever,2021,MELAA,0,0
Listeriosis,2021,MELAA,0,0
Q fever,2021,MELAA,0,0
Cryptosporidiosis,2021,MELAA,6,6.4
Malaria,2021,MELAA,1,suppressed
Invasive pneumococcal disease,2021,European or Others,217,7.7
Brucellosis,2021,European or Others,0,0
Hepatitis B,2021,European or Others,2,suppressed
Mpox,2021,European or Others,0,0
Hepatitis C,2021,European or Others,25,0.9
Haemophilus influenzae type b,2021,European or Others,2,suppressed
Invasive group A streptococcal infection,2021,European or Others,0,0
Tetanus,2021,European or Others,1,suppressed
Leptospirosis,2021,European or Others,58,2.1
Diphtheria,2021,European or Others,0,0
Salmonellosis,2021,European or Others,493,17.5
Hepatitis A,2021,European or Others,2,suppressed
Hepatitis NOS,2021,European or Others,0,0
VTEC/STEC infection,2021,European or Others,707,25.1
Listeriosis,2021,European or Others,18,0.6
Shigellosis,2021,European or Others,1,suppressed
Campylobacteriosis,2021,European or Others,4477,158.8
Cysticercosis,2021,European or Others,0,0
Toxic shellfish poisoning,2021,European or Others,3,suppressed
Pertussis,2021,European or Others,28,1
Trichinosis,2021,European or Others,0,0
Acute gastroenteritis,2021,European or Others,150,5.3
Cholera,2021,European or Others,0,0
Rabies and other lyssaviruses,2021,European or Others,0,0
Tuberculosis disease,2021,European or Others,17,0.6
Poliomyelitis,2021,European or Others,0,0
Yersiniosis,2021,European or Others,754,26.8
Giardiasis,2021,European or Others,832,29.5
Hydatid disease,2021,European or Others,1,suppressed
Cryptosporidiosis,2021,European or Others,555,19.7
Measles,2021,European or Others,0,0
Legionellosis,2021,European or Others,133,4.7
Typhoid fever,2021,European or Others,0,0
Arboviral diseases,2021,European or Others,4,suppressed
Malaria,2021,European or Others,5,0.2
Leprosy,2021,European or Others,0,0
Q fever,2021,European or Others,0,0
Mumps,2021,European or Others,0,0
Meningoencephalitis - primary amoebic,2021,European or Others,0,0
Rheumatic fever,2021,European or Others,0,0
Rickettsial disease,2021,European or Others,1,suppressed
Meningococcal disease,2021,European or Others,16,0.6
Paratyphoid fever,2021,European or Others,0,0
Rubella,2021,European or Others,0,0
Taeniasis,2021,European or Others,0,0
Legionellosis,2022,Māori,26,2.9
Salmonellosis,2022,Māori,105,11.7
Hepatitis C,2022,Māori,4,suppressed
Yersiniosis,2022,Māori,150,16.8
Q fever,2022,Māori,0,0
Rabies and other lyssaviruses,2022,Māori,0,0
Mumps,2022,Māori,0,0
Shigellosis,2022,Māori,4,suppressed
Leprosy,2022,Māori,0,0
Hepatitis B,2022,Māori,0,0
VTEC/STEC infection,2022,Māori,112,12.5
Paratyphoid fever,2022,Māori,0,0
Hepatitis A,2022,Māori,4,suppressed
Cysticercosis,2022,Māori,0,0
Measles,2022,Māori,0,0
Typhoid fever,2022,Māori,0,0
Trichinosis,2022,Māori,0,0
Acute gastroenteritis,2022,Māori,58,6.5
Diphtheria,2022,Māori,0,0
Mpox,2022,Māori,6,0.7
Hydatid disease,2022,Māori,0,0
Poliomyelitis,2022,Māori,0,0
Hepatitis NOS,2022,Māori,0,0
Taeniasis,2022,Māori,0,0
Leptospirosis,2022,Māori,24,2.7
Listeriosis,2022,Māori,9,1
Campylobacteriosis,2022,Māori,649,72.5
Invasive pneumococcal disease,2022,Māori,209,23.4
Giardiasis,2022,Māori,88,9.8
Pertussis,2022,Māori,3,suppressed
Invasive group A streptococcal infection,2022,Māori,0,0
Brucellosis,2022,Māori,0,0
Rubella,2022,Māori,0,0
Rheumatic fever,2022,Māori,52,5.8
Tuberculosis disease,2022,Māori,23,2.6
Cryptosporidiosis,2022,Māori,94,10.5
Malaria,2022,Māori,1,suppressed
Cholera,2022,Māori,0,0
Haemophilus influenzae type b,2022,Māori,0,0
Arboviral diseases,2022,Māori,1,suppressed
Meningoencephalitis - primary amoebic,2022,Māori,0,0
Meningococcal disease,2022,Māori,34,3.8
Toxic shellfish poisoning,2022,Māori,0,0
Tetanus,2022,Māori,0,0
Rickettsial disease,2022,Māori,0,0
Hydatid disease,2022,Pacific,0,0
Cholera,2022,Pacific,0,0
Rabies and other lyssaviruses,2022,Pacific,0,0
Typhoid fever,2022,Pacific,8,2.2
Leptospirosis,2022,Pacific,4,suppressed
Mpox,2022,Pacific,3,suppressed
Mumps,2022,Pacific,0,0
Q fever,2022,Pacific,0,0
Hepatitis B,2022,Pacific,5,1.4
Campylobacteriosis,2022,Pacific,188,52.8
Hepatitis NOS,2022,Pacific,1,suppressed
Tuberculosis disease,2022,Pacific,21,5.9
Hepatitis A,2022,Pacific,1,suppressed
Diphtheria,2022,Pacific,0,0
Invasive pneumococcal disease,2022,Pacific,109,30.6
Hepatitis C,2022,Pacific,0,0
Salmonellosis,2022,Pacific,32,9
Poliomyelitis,2022,Pacific,0,0
Yersiniosis,2022,Pacific,60,16.8
Giardiasis,2022,Pacific,9,2.5
Shigellosis,2022,Pacific,5,1.4
Legionellosis,2022,Pacific,12,3.4
Cryptosporidiosis,2022,Pacific,9,2.5
Measles,2022,Pacific,0,0
Rubella,2022,Pacific,0,0
Pertussis,2022,Pacific,0,0
Invasive group A streptococcal infection,2022,Pacific,0,0
Leprosy,2022,Pacific,3,suppressed
Malaria,2022,Pacific,3,suppressed
Listeriosis,2022,Pacific,3,suppressed
Trichinosis,2022,Pacific,0,0
Brucellosis,2022,Pacific,0,0
Taeniasis,2022,Pacific,0,0
Haemophilus influenzae type b,2022,Pacific,0,0
Cysticercosis,2022,Pacific,0,0
Meningococcal disease,2022,Pacific,10,2.8
Acute gastroenteritis,2022,Pacific,23,6.5
Paratyphoid fever,2022,Pacific,0,0
Arboviral diseases,2022,Pacific,1,suppressed
Tetanus,2022,Pacific,0,0
Rheumatic fever,2022,Pacific,26,7.3
VTEC/STEC infection,2022,Pacific,24,6.7
Meningoencephalitis - primary amoebic,2022,Pacific,0,0
Rickettsial disease,2022,Pacific,0,0
Toxic shellfish poisoning,2022,Pacific,1,suppressed
Cholera,2022,Asian,1,suppressed
Legionellosis,2022,Asian,16,1.8
Leptospirosis,2022,Asian,1,suppressed
Mpox,2022,Asian,6,0.7
Hepatitis A,2022,Asian,18,2
Invasive pneumococcal disease,2022,Asian,37,4.1
Rabies and other lyssaviruses,2022,Asian,0,0
Poliomyelitis,2022,Asian,0,0
VTEC/STEC infection,2022,Asian,62,6.8
Q fever,2022,Asian,0,0
Hepatitis B,2022,Asian,2,suppressed
Cysticercosis,2022,Asian,0,0
Salmonellosis,2022,Asian,103,11.3
Leprosy,2022,Asian,0,0
Arboviral diseases,2022,Asian,21,2.3
Hepatitis C,2022,Asian,1,suppressed
Listeriosis,2022,Asian,8,0.9
Brucellosis,2022,Asian,1,suppressed
Hepatitis NOS,2022,Asian,1,suppressed
Taeniasis,2022,Asian,2,suppressed
Measles,2022,Asian,0,0
Meningoencephalitis - primary amoebic,2022,Asian,0,0
Shigellosis,2022,Asian,15,1.6
Pertussis,2022,Asian,2,suppressed
Malaria,2022,Asian,2,suppressed
Rubella,2022,Asian,0,0
Acute gastroenteritis,2022,Asian,25,2.7
Yersiniosis,2022,Asian,272,29.8
Hydatid disease,2022,Asian,1,suppressed
Paratyphoid fever,2022,Asian,13,1.4
Tuberculosis disease,2022,Asian,192,21.1
Campylobacteriosis,2022,Asian,477,52.3
Cryptosporidiosis,2022,Asian,26,2.9
Rickettsial disease,2022,Asian,0,0
Giardiasis,2022,Asian,49,5.4
Invasive group A streptococcal infection,2022,Asian,0,0
Haemophilus influenzae type b,2022,Asian,0,0
Rheumatic fever,2022,Asian,0,0
Toxic shellfish poisoning,2022,Asian,1,suppressed
Mumps,2022,Asian,0,0
Trichinosis,2022,Asian,0,0
Diphtheria,2022,Asian,0,0
Meningococcal disease,2022,Asian,4,suppressed
Tetanus,2022,Asian,0,0
Typhoid fever,2022,Asian,22,2.4
Acute gastroenteritis,2022,MELAA,3,suppressed
Invasive pneumococcal disease,2022,MELAA,10,10.7
Hydatid disease,2022,MELAA,0,0
Mpox,2022,MELAA,8,8.6
Listeriosis,2022,MELAA,1,suppressed
Yersiniosis,2022,MELAA,19,20.4
Hepatitis B,2022,MELAA,0,0
Malaria,2022,MELAA,4,suppressed
Legionellosis,2022,MELAA,5,5.4
Leptospirosis,2022,MELAA,1,suppressed
Salmonellosis,2022,MELAA,4,suppressed
Hepatitis NOS,2022,MELAA,0,0
Rabies and other lyssaviruses,2022,MELAA,0,0
Hepatitis A,2022,MELAA,1,suppressed
Cryptosporidiosis,2022,MELAA,5,5.4
Q fever,2022,MELAA,0,0
Measles,2022,MELAA,0,0
Cysticercosis,2022,MELAA,0,0
Arboviral diseases,2022,MELAA,0,0
Paratyphoid fever,2022,MELAA,0,0
Rickettsial disease,2022,MELAA,0,0
Cholera,2022,MELAA,0,0
Tuberculosis disease,2022,MELAA,11,11.8
Brucellosis,2022,MELAA,0,0
Poliomyelitis,2022,MELAA,0,0
Meningoencephalitis - primary amoebic,2022,MELAA,0,0
Campylobacteriosis,2022,MELAA,79,84.7
VTEC/STEC infection,2022,MELAA,14,15
Rubella,2022,MELAA,0,0
Shigellosis,2022,MELAA,1,suppressed
Diphtheria,2022,MELAA,0,0
Pertussis,2022,MELAA,0,0
Haemophilus influenzae type b,2022,MELAA,0,0
Toxic shellfish poisoning,2022,MELAA,0,0
Hepatitis C,2022,MELAA,0,0
Mumps,2022,MELAA,0,0
Trichinosis,2022,MELAA,0,0
Typhoid fever,2022,MELAA,0,0
Taeniasis,2022,MELAA,1,suppressed
Meningococcal disease,2022,MELAA,0,0
Rheumatic fever,2022,MELAA,0,0
Giardiasis,2022,MELAA,11,11.8
Leprosy,2022,MELAA,0,0
Invasive group A streptococcal infection,2022,MELAA,0,0
Tetanus,2022,MELAA,0,0
Listeriosis,2022,European or Others,17,0.6
Leptospirosis,2022,European or Others,89,3.2
Arboviral diseases,2022,European or Others,5,0.2
Hepatitis C,2022,European or Others,18,0.6
Hepatitis A,2022,European or Others,33,1.2
Hydatid disease,2022,European or Others,1,suppressed
Mpox,2022,European or Others,18,0.6
Meningoencephalitis - primary amoebic,2022,European or Others,0,0
Cysticercosis,2022,European or Others,0,0
VTEC/STEC infection,2022,European or Others,795,28.1
Legionellosis,2022,European or Others,172,6.1
Campylobacteriosis,2022,European or Others,4457,157.8
Q fever,2022,European or Others,0,0
Diphtheria,2022,European or Others,2,suppressed
Malaria,2022,European or Others,8,0.3
Rickettsial disease,2022,European or Others,5,0.2
Invasive pneumococcal disease,2022,European or Others,264,9.3
Cholera,2022,European or Others,0,0
Tuberculosis disease,2022,European or Others,18,0.6
Trichinosis,2022,European or Others,0,0
Yersiniosis,2022,European or Others,723,25.6
Meningococcal disease,2022,European or Others,24,0.8
Leprosy,2022,European or Others,0,0
Giardiasis,2022,European or Others,514,18.2
Hepatitis B,2022,European or Others,4,suppressed
Shigellosis,2022,European or Others,43,1.5
Hepatitis NOS,2022,European or Others,0,0
Pertussis,2022,European or Others,13,0.5
Paratyphoid fever,2022,European or Others,2,suppressed
Brucellosis,2022,European or Others,0,0
Taeniasis,2022,European or Others,0,0
Rabies and other lyssaviruses,2022,European or Others,0,0
Mumps,2022,European or Others,1,suppressed
Cryptosporidiosis,2022,European or Others,454,16.1
Salmonellosis,2022,European or Others,495,17.5
Measles,2022,European or Others,0,0
Rheumatic fever,2022,European or Others,0,0
Haemophilus influenzae type b,2022,European or Others,0,0
Toxic shellfish poisoning,2022,European or Others,0,0
Poliomyelitis,2022,European or Others,0,0
Invasive group A streptococcal infection,2022,European or Others,0,0
Tetanus,2022,European or Others,1,suppressed
Rubella,2022,European or Others,0,0
Acute gastroenteritis,2022,European or Others,211,7.5
Typhoid fever,2022,European or Others,1,suppressed
Hydatid disease,2023,Māori,0,0
Leptospirosis,2023,Māori,28,3.1
Diphtheria,2023,Māori,0,0
Hepatitis NOS,2023,Māori,0,0
Hepatitis A,2023,Māori,4,suppressed
Rickettsial disease,2023,Māori,0,0
Meningococcal disease,2023,Māori,18,2
Q fever,2023,Māori,0,0
Meningoencephalitis - primary amoebic,2023,Māori,0,0
Cysticercosis,2023,Māori,0,0
Leprosy,2023,Māori,0,0
Invasive pneumococcal disease,2023,Māori,194,21.3
Arboviral diseases,2023,Māori,1,suppressed
Rabies and other lyssaviruses,2023,Māori,0,0
Pertussis,2023,Māori,52,5.7
Listeriosis,2023,Māori,4,suppressed
Brucellosis,2023,Māori,0,0
Mpox,2023,Māori,0,0
Yersiniosis,2023,Māori,173,19
Legionellosis,2023,Māori,30,3.3
Hepatitis B,2023,Māori,4,suppressed
Measles,2023,Māori,6,0.7
Malaria,2023,Māori,0,0
Toxic shellfish poisoning,2023,Māori,0,0
Tetanus,2023,Māori,0,0
Invasive group A streptococcal infection,2023,Māori,0,0
Hepatitis C,2023,Māori,8,0.9
Mumps,2023,Māori,0,0
Cholera,2023,Māori,0,0
Tuberculosis disease,2023,Māori,16,1.8
Poliomyelitis,2023,Māori,0,0
Rheumatic fever,2023,Māori,81,8.9
VTEC/STEC infection,2023,Māori,130,14.3
Rubella,2023,Māori,0,0
Taeniasis,2023,Māori,0,0
Campylobacteriosis,2023,Māori,610,66.9
Paratyphoid fever,2023,Māori,1,suppressed
Haemophilus influenzae type b,2023,Māori,2,suppressed
Acute gastroenteritis,2023,Māori,85,9.3
Typhoid fever,2023,Māori,0,0
Trichinosis,2023,Māori,0,0
Shigellosis,2023,Māori,13,1.4
Cryptosporidiosis,2023,Māori,98,10.8
Salmonellosis,2023,Māori,107,11.7
Giardiasis,2023,Māori,108,11.9
Arboviral diseases,2023,Pacific,2,suppressed
Leptospirosis,2023,Pacific,5,1.4
Diphtheria,2023,Pacific,1,suppressed
Cysticercosis,2023,Pacific,0,0
Campylobacteriosis,2023,Pacific,178,48.5
Hydatid disease,2023,Pacific,0,0
Measles,2023,Pacific,0,0
Rickettsial disease,2023,Pacific,0,0
Listeriosis,2023,Pacific,4,suppressed
Paratyphoid fever,2023,Pacific,3,suppressed
Cholera,2023,Pacific,0,0
Rabies and other lyssaviruses,2023,Pacific,0,0
Malaria,2023,Pacific,12,3.3
Mumps,2023,Pacific,0,0
Salmonellosis,2023,Pacific,49,13.4
Meningoencephalitis - primary amoebic,2023,Pacific,0,0
Poliomyelitis,2023,Pacific,0,0
Cryptosporidiosis,2023,Pacific,21,5.7
Rubella,2023,Pacific,0,0
Shigellosis,2023,Pacific,10,2.7
Hepatitis B,2023,Pacific,5,1.4
Leprosy,2023,Pacific,3,suppressed
Invasive pneumococcal disease,2023,Pacific,114,31.1
Haemophilus influenzae type b,2023,Pacific,2,suppressed
Invasive group A streptococcal infection,2023,Pacific,0,0
Brucellosis,2023,Pacific,2,suppressed
Mpox,2023,Pacific,0,0
Typhoid fever,2023,Pacific,16,4.4
Hepatitis A,2023,Pacific,1,suppressed
Meningococcal disease,2023,Pacific,11,3
Legionellosis,2023,Pacific,12,3.3
Q fever,2023,Pacific,0,0
Toxic shellfish poisoning,2023,Pacific,0,0
VTEC/STEC infection,2023,Pacific,30,8.2
Acute gastroenteritis,2023,Pacific,11,3
Tetanus,2023,Pacific,0,0
Taeniasis,2023,Pacific,0,0
Pertussis,2023,Pacific,29,7.9
Hepatitis NOS,2023,Pacific,3,suppressed
Giardiasis,2023,Pacific,15,4.1
Yersiniosis,2023,Pacific,53,14.4
Tuberculosis disease,2023,Pacific,45,12.3
Trichinosis,2023,Pacific,0,0
Hepatitis C,2023,Pacific,3,suppressed
Rheumatic fever,2023,Pacific,94,25.6
Campylobacteriosis,2023,Asian,538,57.1
Arboviral diseases,2023,Asian,26,2.8
Rickettsial disease,2023,Asian,2,suppressed
Mumps,2023,Asian,6,0.6
Listeriosis,2023,Asian,8,0.8
Rubella,2023,Asian,0,0
Shigellosis,2023,Asian,33,3.5
Legionellosis,2023,Asian,14,1.5
Malaria,2023,Asian,20,2.1
Cholera,2023,Asian,0,0
Rabies and other lyssaviruses,2023,Asian,1,suppressed
Poliomyelitis,2023,Asian,0,0
Diphtheria,2023,Asian,0,0
Cryptosporidiosis,2023,Asian,65,6.9
Salmonellosis,2023,Asian,128,13.6
Mpox,2023,Asian,3,suppressed
Hepatitis B,2023,Asian,2,suppressed
Measles,2023,Asian,4,suppressed
Hydatid disease,2023,Asian,1,suppressed
Paratyphoid fever,2023,Asian,22,2.3
Leptospirosis,2023,Asian,5,0.5
Brucellosis,2023,Asian,2,suppressed
Leprosy,2023,Asian,1,suppressed
Typhoid fever,2023,Asian,52,5.5
Trichinosis,2023,Asian,0,0
Meningococcal disease,2023,Asian,0,0
Hepatitis NOS,2023,Asian,1,suppressed
Q fever,2023,Asian,0,0
Rheumatic fever,2023,Asian,1,suppressed
VTEC/STEC infection,2023,Asian,57,6.1
Cysticercosis,2023,Asian,0,0
Tetanus,2023,Asian,0,0
Invasive group A streptococcal infection,2023,Asian,0,0
Acute gastroenteritis,2023,Asian,32,3.4
Pertussis,2023,Asian,9,1
Meningoencephalitis - primary amoebic,2023,Asian,0,0
Taeniasis,2023,Asian,0,0
Hepatitis C,2023,Asian,0,0
Yersiniosis,2023,Asian,268,28.5
Haemophilus influenzae type b,2023,Asian,0,0
Giardiasis,2023,Asian,102,10.8
Toxic shellfish poisoning,2023,Asian,0,0
Invasive pneumococcal disease,2023,Asian,66,7
Hepatitis A,2023,Asian,17,1.8
Tuberculosis disease,2023,Asian,218,23.1
Measles,2023,MELAA,0,0
Malaria,2023,MELAA,5,5.2
Rickettsial disease,2023,MELAA,0,0
Legionellosis,2023,MELAA,1,suppressed
Rubella,2023,MELAA,0,0
Hydatid disease,2023,MELAA,0,0
Salmonellosis,2023,MELAA,9,9.4
Brucellosis,2023,MELAA,0,0
Arboviral diseases,2023,MELAA,6,6.2
Cholera,2023,MELAA,1,suppressed
Q fever,2023,MELAA,0,0
Shigellosis,2023,MELAA,7,7.3
Meningococcal disease,2023,MELAA,2,suppressed
Campylobacteriosis,2023,MELAA,83,86.4
Leprosy,2023,MELAA,0,0
Rabies and other lyssaviruses,2023,MELAA,0,0
VTEC/STEC infection,2023,MELAA,12,12.5
Cysticercosis,2023,MELAA,0,0
Mumps,2023,MELAA,1,suppressed
Typhoid fever,2023,MELAA,2,suppressed
Leptospirosis,2023,MELAA,1,suppressed
Poliomyelitis,2023,MELAA,0,0
Listeriosis,2023,MELAA,1,suppressed
Taeniasis,2023,MELAA,0,0
Mpox,2023,MELAA,0,0
Yersiniosis,2023,MELAA,28,29.2
Diphtheria,2023,MELAA,0,0
Hepatitis B,2023,MELAA,0,0
Paratyphoid fever,2023,MELAA,0,0
Hepatitis NOS,2023,MELAA,0,0
Tuberculosis disease,2023,MELAA,12,12.5
Tetanus,2023,MELAA,0,0
Invasive group A streptococcal infection,2023,MELAA,0,0
Acute gastroenteritis,2023,MELAA,8,8.3
Hepatitis C,2023,MELAA,1,suppressed
Cryptosporidiosis,2023,MELAA,13,13.5
Giardiasis,2023,MELAA,17,17.7
Rheumatic fever,2023,MELAA,0,0
Trichinosis,2023,MELAA,0,0
Pertussis,2023,MELAA,2,suppressed
Meningoencephalitis - primary amoebic,2023,MELAA,0,0
Toxic shellfish poisoning,2023,MELAA,0,0
Invasive pneumococcal disease,2023,MELAA,9,9.4
Haemophilus influenzae type b,2023,MELAA,0,0
Hepatitis A,2023,MELAA,4,suppressed
Legionellosis,2023,European or Others,181,6.3
Rubella,2023,European or Others,0,0
Shigellosis,2023,European or Others,59,2
Rickettsial disease,2023,European or Others,1,suppressed
Malaria,2023,European or Others,16,0.6
Cholera,2023,European or Others,0,0
Salmonellosis,2023,European or Others,534,18.5
Poliomyelitis,2023,European or Others,0,0
Campylobacteriosis,2023,European or Others,4331,150.2
Q fever,2023,European or Others,0,0
Hydatid disease,2023,European or Others,1,suppressed
Hepatitis NOS,2023,European or Others,4,suppressed
Cysticercosis,2023,European or Others,0,0
Arboviral diseases,2023,European or Others,32,1.1
Leprosy,2023,European or Others,0,0
Rabies and other lyssaviruses,2023,European or Others,0,0
Leptospirosis,2023,European or Others,126,4.4
Mumps,2023,European or Others,7,0.2
Listeriosis,2023,European or Others,20,0.7
Typhoid fever,2023,European or Others,1,suppressed
Rheumatic fever,2023,European or Others,3,suppressed
Meningococcal disease,2023,European or Others,25,0.9
Measles,2023,European or Others,4,suppressed
Mpox,2023,European or Others,5,0.2
Invasive group A streptococcal infection,2023,European or Others,0,0
Acute gastroenteritis,2023,European or Others,313,10.9
Diphtheria,2023,European or Others,2,suppressed
Hepatitis B,2023,European or Others,8,0.3
Taeniasis,2023,European or Others,0,0
Toxic shellfish poisoning,2023,European or Others,0,0
Yersiniosis,2023,European or Others,822,28.5
Cryptosporidiosis,2023,European or Others,605,21
Tetanus,2023,European or Others,1,suppressed
Giardiasis,2023,European or Others,618,21.4
Paratyphoid fever,2023,European or Others,2,suppressed
VTEC/STEC infection,2023,European or Others,768,26.6
Meningoencephalitis - primary amoebic,2023,European or Others,0,0
Hepatitis A,2023,European or Others,8,0.3
Hepatitis C,2023,European or Others,19,0.7
Brucellosis,2023,European or Others,0,0
Pertussis,2023,European or Others,47,1.6
Trichinosis,2023,European or Others,0,0
Invasive pneumococcal disease,2023,European or Others,362,12.6
Haemophilus influenzae type b,2023,European or Others,0,0
Tuberculosis disease,2023,European or Others,13,0.5
Hydatid disease,2024,Māori,0,0
Rubella,2024,Māori,0,0
Salmonellosis,2024,Māori,129,14
Cholera,2024,Māori,0,0
Malaria,2024,Māori,0,0
Q fever,2024,Māori,1,suppressed
Mpox,2024,Māori,3,suppressed
Rickettsial disease,2024,Māori,0,0
Legionellosis,2024,Māori,23,2.5
Campylobacteriosis,2024,Māori,597,64.7
Rabies and other lyssaviruses,2024,Māori,0,0
Hepatitis NOS,2024,Māori,0,0
Brucellosis,2024,Māori,0,0
Measles,2024,Māori,0,0
Listeriosis,2024,Māori,9,1
Invasive pneumococcal disease,2024,Māori,191,20.7
Rheumatic fever,2024,Māori,75,8.1
Poliomyelitis,2024,Māori,0,0
Cysticercosis,2024,Māori,0,0
Giardiasis,2024,Māori,99,10.7
Acute gastroenteritis,2024,Māori,60,6.5
Leptospirosis,2024,Māori,11,1.2
Diphtheria,2024,Māori,0,0
Arboviral diseases,2024,Māori,7,0.8
Invasive group A streptococcal infection,2024,Māori,28,3
Leprosy,2024,Māori,0,0
Cryptosporidiosis,2024,Māori,200,21.7
Taeniasis,2024,Māori,0,0
Hepatitis A,2024,Māori,13,1.4
Toxic shellfish poisoning,2024,Māori,0,0
Pertussis,2024,Māori,478,51.8
Shigellosis,2024,Māori,14,1.5
VTEC/STEC infection,2024,Māori,144,15.6
Trichinosis,2024,Māori,0,0
Typhoid fever,2024,Māori,0,0
Tetanus,2024,Māori,0,0
Mumps,2024,Māori,0,0
Paratyphoid fever,2024,Māori,0,0
Hepatitis B,2024,Māori,2,suppressed
Meningococcal disease,2024,Māori,17,1.8
Meningoencephalitis - primary amoebic,2024,Māori,0,0
Yersiniosis,2024,Māori,127,13.8
Tuberculosis disease,2024,Māori,12,1.3
Haemophilus influenzae type b,2024,Māori,0,0
Hepatitis C,2024,Māori,6,0.6
Rubella,2024,Pacific,0,0
Cryptosporidiosis,2024,Pacific,64,17.1
Mpox,2024,Pacific,1,suppressed
Rickettsial disease,2024,Pacific,0,0
Hydatid disease,2024,Pacific,0,0
Q fever,2024,Pacific,0,0
Rabies and other lyssaviruses,2024,Pacific,0,0
Cholera,2024,Pacific,0,0
Measles,2024,Pacific,0,0
Poliomyelitis,2024,Pacific,0,0
Listeriosis,2024,Pacific,4,suppressed
Rheumatic fever,2024,Pacific,123,32.9
Giardiasis,2024,Pacific,13,3.5
Campylobacteriosis,2024,Pacific,186,49.7
Malaria,2024,Pacific,10,2.7
Leprosy,2024,Pacific,2,suppressed
Arboviral diseases,2024,Pacific,5,1.3
Legionellosis,2024,Pacific,7,1.9
Diphtheria,2024,Pacific,1,suppressed
Mumps,2024,Pacific,0,0
Haemophilus influenzae type b,2024,Pacific,1,suppressed
Leptospirosis,2024,Pacific,4,suppressed
Meningococcal disease,2024,Pacific,5,1.3
Taeniasis,2024,Pacific,0,0
Trichinosis,2024,Pacific,0,0
Hepatitis NOS,2024,Pacific,1,suppressed
Acute gastroenteritis,2024,Pacific,19,5.1
Cysticercosis,2024,Pacific,0,0
Shigellosis,2024,Pacific,29,7.7
Pertussis,2024,Pacific,120,32.1
Hepatitis C,2024,Pacific,1,suppressed
Brucellosis,2024,Pacific,0,0
Invasive group A streptococcal infection,2024,Pacific,28,7.5
VTEC/STEC infection,2024,Pacific,26,6.9
Hepatitis B,2024,Pacific,3,suppressed
Yersiniosis,2024,Pacific,37,9.9
Meningoencephalitis - primary amoebic,2024,Pacific,0,0
Toxic shellfish poisoning,2024,Pacific,0,0
Salmonellosis,2024,Pacific,64,17.1
Tetanus,2024,Pacific,0,0
Paratyphoid fever,2024,Pacific,0,0
Hepatitis A,2024,Pacific,3,suppressed
Invasive pneumococcal disease,2024,Pacific,128,34.2
Tuberculosis disease,2024,Pacific,42,11.2
Typhoid fever,2024,Pacific,7,1.9
Rubella,2024,Asian,0,0
Brucellosis,2024,Asian,0,0
Q fever,2024,Asian,0,0
Campylobacteriosis,2024,Asian,586,60.9
Listeriosis,2024,Asian,6,0.6
Diphtheria,2024,Asian,0,0
Hydatid disease,2024,Asian,1,suppressed
Taeniasis,2024,Asian,1,suppressed
Cryptosporidiosis,2024,Asian,77,8
Meningoencephalitis - primary amoebic,2024,Asian,0,0
Meningococcal disease,2024,Asian,2,suppressed
Leprosy,2024,Asian,1,suppressed
Malaria,2024,Asian,11,1.1
Measles,2024,Asian,0,0
Rickettsial disease,2024,Asian,1,suppressed
Mumps,2024,Asian,13,1.4
Poliomyelitis,2024,Asian,0,0
Leptospirosis,2024,Asian,2,suppressed
Cholera,2024,Asian,1,suppressed
Tuberculosis disease,2024,Asian,266,27.6
Rheumatic fever,2024,Asian,3,suppressed
Giardiasis,2024,Asian,115,12
Hepatitis A,2024,Asian,36,3.7
Cysticercosis,2024,Asian,0,0
Shigellosis,2024,Asian,30,3.1
Pertussis,2024,Asian,59,6.1
Rabies and other lyssaviruses,2024,Asian,0,0
Tetanus,2024,Asian,0,0
Arboviral diseases,2024,Asian,29,3
Invasive pneumococcal disease,2024,Asian,41,4.3
Hepatitis NOS,2024,Asian,3,suppressed
Salmonellosis,2024,Asian,110,11.4
Trichinosis,2024,Asian,0,0
Yersiniosis,2024,Asian,261,27.1
Legionellosis,2024,Asian,16,1.7
Paratyphoid fever,2024,Asian,13,1.4
Mpox,2024,Asian,3,suppressed
VTEC/STEC infection,2024,Asian,65,6.8
Haemophilus influenzae type b,2024,Asian,0,0
Invasive group A streptococcal infection,2024,Asian,9,0.9
Toxic shellfish poisoning,2024,Asian,0,0
Acute gastroenteritis,2024,Asian,54,5.6
Hepatitis B,2024,Asian,3,suppressed
Hepatitis C,2024,Asian,1,suppressed
Typhoid fever,2024,Asian,55,5.7
Cryptosporidiosis,2024,MELAA,17,17.4
Brucellosis,2024,MELAA,1,suppressed
Giardiasis,2024,MELAA,27,27.6
Mumps,2024,MELAA,2,suppressed
Taeniasis,2024,MELAA,0,0
Rheumatic fever,2024,MELAA,3,suppressed
Poliomyelitis,2024,MELAA,0,0
Campylobacteriosis,2024,MELAA,84,85.8
Measles,2024,MELAA,0,0
Rubella,2024,MELAA,0,0
Acute gastroenteritis,2024,MELAA,6,6.1
Pertussis,2024,MELAA,26,26.6
Rabies and other lyssaviruses,2024,MELAA,0,0
Cholera,2024,MELAA,0,0
Salmonellosis,2024,MELAA,10,10.2
Invasive pneumococcal disease,2024,MELAA,6,6.1
Hepatitis C,2024,MELAA,1,suppressed
Tuberculosis disease,2024,MELAA,16,16.3
Diphtheria,2024,MELAA,0,0
Q fever,2024,MELAA,0,0
Shigellosis,2024,MELAA,11,11.2
Mpox,2024,MELAA,2,suppressed
Paratyphoid fever,2024,MELAA,0,0
Hepatitis B,2024,MELAA,0,0
Arboviral diseases,2024,MELAA,8,8.2
Leprosy,2024,MELAA,0,0
Malaria,2024,MELAA,4,suppressed
Typhoid fever,2024,MELAA,0,0
Invasive group A streptococcal infection,2024,MELAA,1,suppressed
Leptospirosis,2024,MELAA,1,suppressed
Trichinosis,2024,MELAA,0,0
Listeriosis,2024,MELAA,0,0
VTEC/STEC infection,2024,MELAA,19,19.4
Meningoencephalitis - primary amoebic,2024,MELAA,0,0
Meningococcal disease,2024,MELAA,0,0
Toxic shellfish poisoning,2024,MELAA,0,0
Yersiniosis,2024,MELAA,22,22.5
Hydatid disease,2024,MELAA,1,suppressed
Tetanus,2024,MELAA,0,0
Hepatitis NOS,2024,MELAA,0,0
Legionellosis,2024,MELAA,0,0
Haemophilus influenzae type b,2024,MELAA,0,0
Hepatitis A,2024,MELAA,7,7.1
Rickettsial disease,2024,MELAA,0,0
Cysticercosis,2024,MELAA,0,0
Tuberculosis disease,2024,European or Others,20,0.7
Poliomyelitis,2024,European or Others,0,0
Taeniasis,2024,European or Others,1,suppressed
Cryptosporidiosis,2024,European or Others,871,29.7
Rubella,2024,European or Others,0,0
Hepatitis B,2024,European or Others,4,suppressed
Brucellosis,2024,European or Others,0,0
Rabies and other lyssaviruses,2024,European or Others,0,0
Acute gastroenteritis,2024,European or Others,289,9.9
Cholera,2024,European or Others,0,0
Pertussis,2024,European or Others,1051,35.8
Mumps,2024,European or Others,4,suppressed
Giardiasis,2024,European or Others,589,20.1
Diphtheria,2024,European or Others,1,suppressed
Rheumatic fever,2024,European or Others,3,suppressed
Invasive pneumococcal disease,2024,European or Others,350,11.9
Mpox,2024,European or Others,14,0.5
Campylobacteriosis,2024,European or Others,4096,139.7
Paratyphoid fever,2024,European or Others,1,suppressed
Q fever,2024,European or Others,1,suppressed
Tetanus,2024,European or Others,2,suppressed
Rickettsial disease,2024,European or Others,1,suppressed
Malaria,2024,European or Others,4,suppressed
Salmonellosis,2024,European or Others,526,17.9
Invasive group A streptococcal infection,2024,European or Others,79,2.7
Hepatitis C,2024,European or Others,11,0.4
Leptospirosis,2024,European or Others,84,2.9
Trichinosis,2024,European or Others,0,0
VTEC/STEC infection,2024,European or Others,850,29
Shigellosis,2024,European or Others,71,2.4
Hepatitis NOS,2024,European or Others,1,suppressed
Meningoencephalitis - primary amoebic,2024,European or Others,0,0
Leprosy,2024,European or Others,0,0
Arboviral diseases,2024,European or Others,88,3
Legionellosis,2024,European or Others,135,4.6
Toxic shellfish poisoning,2024,European or Others,1,suppressed
Hepatitis A,2024,European or Others,9,0.3
Listeriosis,2024,European or Others,17,0.6
Haemophilus influenzae type b,2024,European or Others,0,0
Meningococcal disease,2024,European or Others,19,0.6
Measles,2024,European or Others,1,suppressed
Typhoid fever,2024,European or Others,0,0
Hydatid disease,2024,European or Others,0,0
Yersiniosis,2024,European or Others,689,23.5
Cysticercosis,2024,European or Others,0,0
Poliomyelitis,2025,Māori,0,0
Rheumatic fever,2025,Māori,87,9.4
Arboviral diseases,2025,Māori,48,5.2
Taeniasis,2025,Māori,0,0
Cholera,2025,Māori,0,0
Malaria,2025,Māori,0,0
Pertussis,2025,Māori,930,100.5
Tuberculosis disease,2025,Māori,23,2.5
Trichinosis,2025,Māori,0,0
Mumps,2025,Māori,2,suppressed
Cryptosporidiosis,2025,Māori,142,15.3
Hepatitis C,2025,Māori,5,0.5
Brucellosis,2025,Māori,0,0
Paratyphoid fever,2025,Māori,0,0
Rubella,2025,Māori,0,0
Hepatitis B,2025,Māori,5,0.5
Campylobacteriosis,2025,Māori,635,68.6
Tetanus,2025,Māori,0,0
Rabies and other lyssaviruses,2025,Māori,0,0
Salmonellosis,2025,Māori,148,16
Invasive pneumococcal disease,2025,Māori,218,23.6
Leptospirosis,2025,Māori,12,1.3
Giardiasis,2025,Māori,111,12
VTEC/STEC infection,2025,Māori,192,20.8
Hydatid disease,2025,Māori,1,suppressed
Q fever,2025,Māori,1,suppressed
Hepatitis NOS,2025,Māori,0,0
Acute gastroenteritis,2025,Māori,71,7.7
Leprosy,2025,Māori,0,0
Rickettsial disease,2025,Māori,2,suppressed
Measles,2025,Māori,17,1.8
Diphtheria,2025,Māori,0,0
Meningococcal disease,2025,Māori,12,1.3
Invasive group A streptococcal infection,2025,Māori,203,21.9
Haemophilus influenzae type b,2025,Māori,0,0
Yersiniosis,2025,Māori,158,17.1
Cysticercosis,2025,Māori,0,0
Listeriosis,2025,Māori,6,0.6
Mpox,2025,Māori,5,0.5
Legionellosis,2025,Māori,5,0.5
Toxic shellfish poisoning,2025,Māori,1,suppressed
Typhoid fever,2025,Māori,0,0
Shigellosis,2025,Māori,26,2.8
Hepatitis A,2025,Māori,10,1.1
Meningoencephalitis - primary amoebic,2025,Māori,0,0
Taeniasis,2025,Pacific,0,0
Giardiasis,2025,Pacific,19,5
Mumps,2025,Pacific,0,0
Invasive group A streptococcal infection,2025,Pacific,159,42.2
Tuberculosis disease,2025,Pacific,35,9.3
Hepatitis B,2025,Pacific,2,suppressed
Invasive pneumococcal disease,2025,Pacific,107,28.4
Q fever,2025,Pacific,0,0
Poliomyelitis,2025,Pacific,0,0
Diphtheria,2025,Pacific,3,suppressed
Paratyphoid fever,2025,Pacific,0,0
Rubella,2025,Pacific,0,0
Arboviral diseases,2025,Pacific,130,34.5
Cholera,2025,Pacific,0,0
Pertussis,2025,Pacific,179,47.5
Salmonellosis,2025,Pacific,61,16.2
Leprosy,2025,Pacific,2,suppressed
Hepatitis C,2025,Pacific,0,0
Brucellosis,2025,Pacific,1,suppressed
Cryptosporidiosis,2025,Pacific,22,5.8
Rheumatic fever,2025,Pacific,114,30.3
Mpox,2025,Pacific,0,0
Campylobacteriosis,2025,Pacific,204,54.2
Listeriosis,2025,Pacific,3,suppressed
VTEC/STEC infection,2025,Pacific,30,8
Legionellosis,2025,Pacific,9,2.4
Rickettsial disease,2025,Pacific,0,0
Rabies and other lyssaviruses,2025,Pacific,0,0
Malaria,2025,Pacific,31,8.2
Typhoid fever,2025,Pacific,10,2.7
Leptospirosis,2025,Pacific,2,suppressed
Hepatitis NOS,2025,Pacific,0,0
Trichinosis,2025,Pacific,0,0
Hydatid disease,2025,Pacific,0,0
Shigellosis,2025,Pacific,18,4.8
Cysticercosis,2025,Pacific,0,0
Meningococcal disease,2025,Pacific,10,2.7
Toxic shellfish poisoning,2025,Pacific,0,0
Meningoencephalitis - primary amoebic,2025,Pacific,0,0
Haemophilus influenzae type b,2025,Pacific,1,suppressed
Tetanus,2025,Pacific,0,0
Hepatitis A,2025,Pacific,10,2.7
Acute gastroenteritis,2025,Pacific,25,6.6
Yersiniosis,2025,Pacific,42,11.2
Measles,2025,Pacific,1,suppressed
Poliomyelitis,2025,Asian,0,0
Rubella,2025,Asian,0,0
Rheumatic fever,2025,Asian,3,suppressed
Hepatitis C,2025,Asian,0,0
Tuberculosis disease,2025,Asian,288,29.7
Cholera,2025,Asian,0,0
VTEC/STEC infection,2025,Asian,78,8.1
Hepatitis B,2025,Asian,4,suppressed
Brucellosis,2025,Asian,0,0
Mumps,2025,Asian,10,1
Salmonellosis,2025,Asian,174,18
Pertussis,2025,Asian,104,10.7
Invasive pneumococcal disease,2025,Asian,44,4.5
Leptospirosis,2025,Asian,3,suppressed
Giardiasis,2025,Asian,92,9.5
Taeniasis,2025,Asian,0,0
Mpox,2025,Asian,12,1.2
Q fever,2025,Asian,0,0
Paratyphoid fever,2025,Asian,9,0.9
Campylobacteriosis,2025,Asian,640,66.1
Hydatid disease,2025,Asian,3,suppressed
Arboviral diseases,2025,Asian,44,4.5
Rabies and other lyssaviruses,2025,Asian,0,0
Malaria,2025,Asian,4,suppressed
Invasive group A streptococcal infection,2025,Asian,37,3.8
Haemophilus influenzae type b,2025,Asian,0,0
Hepatitis NOS,2025,Asian,1,suppressed
Diphtheria,2025,Asian,0,0
Trichinosis,2025,Asian,0,0
Cryptosporidiosis,2025,Asian,52,5.4
Typhoid fever,2025,Asian,39,4
Meningococcal disease,2025,Asian,2,suppressed
Listeriosis,2025,Asian,8,0.8
Leprosy,2025,Asian,1,suppressed
Acute gastroenteritis,2025,Asian,60,6.2
Rickettsial disease,2025,Asian,0,0
Toxic shellfish poisoning,2025,Asian,0,0
Meningoencephalitis - primary amoebic,2025,Asian,0,0
Hepatitis A,2025,Asian,31,3.2
Shigellosis,2025,Asian,31,3.2
Yersiniosis,2025,Asian,275,28.4
Tetanus,2025,Asian,0,0
Measles,2025,Asian,3,suppressed
Cysticercosis,2025,Asian,0,0
Legionellosis,2025,Asian,8,0.8
Campylobacteriosis,2025,MELAA,88,89.5
Invasive pneumococcal disease,2025,MELAA,4,suppressed
Cholera,2025,MELAA,0,0
Pertussis,2025,MELAA,41,41.7
Poliomyelitis,2025,MELAA,0,0
Paratyphoid fever,2025,MELAA,0,0
Hydatid disease,2025,MELAA,0,0
Salmonellosis,2025,MELAA,13,13.2
Invasive group A streptococcal infection,2025,MELAA,3,suppressed
Taeniasis,2025,MELAA,1,suppressed
Malaria,2025,MELAA,5,5.1
Cryptosporidiosis,2025,MELAA,12,12.2
Rheumatic fever,2025,MELAA,0,0
Q fever,2025,MELAA,0,0
Giardiasis,2025,MELAA,19,19.3
Listeriosis,2025,MELAA,1,suppressed
Rubella,2025,MELAA,0,0
Hepatitis C,2025,MELAA,1,suppressed
Hepatitis NOS,2025,MELAA,0,0
Rabies and other lyssaviruses,2025,MELAA,0,0
Leprosy,2025,MELAA,0,0
Shigellosis,2025,MELAA,9,9.2
Tetanus,2025,MELAA,0,0
Diphtheria,2025,MELAA,0,0
Tuberculosis disease,2025,MELAA,15,15.3
VTEC/STEC infection,2025,MELAA,27,27.5
Leptospirosis,2025,MELAA,0,0
Meningococcal disease,2025,MELAA,1,suppressed
Meningoencephalitis - primary amoebic,2025,MELAA,0,0
Toxic shellfish poisoning,2025,MELAA,0,0
Mpox,2025,MELAA,2,suppressed
Rickettsial disease,2025,MELAA,1,suppressed
Arboviral diseases,2025,MELAA,4,suppressed
Mumps,2025,MELAA,3,suppressed
Trichinosis,2025,MELAA,0,0
Haemophilus influenzae type b,2025,MELAA,0,0
Brucellosis,2025,MELAA,0,0
Acute gastroenteritis,2025,MELAA,7,7.1
Typhoid fever,2025,MELAA,0,0
Yersiniosis,2025,MELAA,19,19.3
Hepatitis A,2025,MELAA,1,suppressed
Measles,2025,MELAA,2,suppressed
Hepatitis B,2025,MELAA,1,suppressed
Legionellosis,2025,MELAA,1,suppressed
Cysticercosis,2025,MELAA,0,0
Rabies and other lyssaviruses,2025,European or Others,0,0
Q fever,2025,European or Others,0,0
Salmonellosis,2025,European or Others,703,23.8
Pertussis,2025,European or Others,1413,47.8
Invasive pneumococcal disease,2025,European or Others,344,11.6
Listeriosis,2025,European or Others,23,0.8
Leprosy,2025,European or Others,1,suppressed
Cryptosporidiosis,2025,European or Others,624,21.1
Shigellosis,2025,European or Others,89,3
Hepatitis C,2025,European or Others,12,0.4
Giardiasis,2025,European or Others,617,20.9
Campylobacteriosis,2025,European or Others,4147,140.3
Rubella,2025,European or Others,0,0
Hepatitis NOS,2025,European or Others,1,suppressed
Taeniasis,2025,European or Others,1,suppressed
Rickettsial disease,2025,European or Others,2,suppressed
Typhoid fever,2025,European or Others,1,suppressed
Malaria,2025,European or Others,8,0.3
Measles,2025,European or Others,35,1.2
Diphtheria,2025,European or Others,1,suppressed
Trichinosis,2025,European or Others,0,0
Tuberculosis disease,2025,European or Others,16,0.5
Leptospirosis,2025,European or Others,60,2
Yersiniosis,2025,European or Others,605,20.5
Mpox,2025,European or Others,22,0.7
VTEC/STEC infection,2025,European or Others,852,28.8
Rheumatic fever,2025,European or Others,2,suppressed
Paratyphoid fever,2025,European or Others,2,suppressed
Acute gastroenteritis,2025,European or Others,306,10.4
Arboviral diseases,2025,European or Others,228,7.7
Tetanus,2025,European or Others,0,0
Cholera,2025,European or Others,0,0
Brucellosis,2025,European or Others,0,0
Mumps,2025,European or Others,4,suppressed
Poliomyelitis,2025,European or Others,0,0
Hepatitis A,2025,European or Others,12,0.4
Meningoencephalitis - primary amoebic,2025,European or Others,0,0
Meningococcal disease,2025,European or Others,16,0.5
Hydatid disease,2025,European or Others,1,suppressed
Hepatitis B,2025,European or Others,3,suppressed
Cysticercosis,2025,European or Others,0,0
Legionellosis,2025,European or Others,142,4.8
Toxic shellfish poisoning,2025,European or Others,0,0
Haemophilus influenzae type b,2025,European or Others,0,0
Invasive group A streptococcal infection,2025,European or Others,238,8.1
