Disease,Report Year,Age Group (year),Case Count,"Case rate per 100,000"
Arboviral diseases,2006,0-4 years,0,0
Measles,2006,0-4 years,18,6.3
Meningococcal disease,2006,0-4 years,62,21.7
Leptospirosis,2006,0-4 years,0,0
Haemophilus influenzae type b,2006,0-4 years,5,1.7
Rubella,2006,0-4 years,5,1.7
Mumps,2006,0-4 years,11,3.8
Malaria,2006,0-4 years,0,0
Hepatitis NOS,2006,0-4 years,0,0
Invasive group A streptococcal infection,2006,0-4 years,0,0
Listeriosis,2006,0-4 years,2,suppressed
Hepatitis A,2006,0-4 years,16,5.6
Hepatitis C,2006,0-4 years,0,0
Mpox,2006,0-4 years,0,0
Invasive pneumococcal disease,2006,0-4 years,0,0
Toxic shellfish poisoning,2006,0-4 years,0,0
Shigellosis,2006,0-4 years,15,5.2
Hepatitis B,2006,0-4 years,0,0
VTEC/STEC infection,2006,0-4 years,44,15.4
Rheumatic fever,2006,0-4 years,0,0
Legionellosis,2006,0-4 years,0,0
Trichinosis,2006,0-4 years,0,0
Tuberculosis disease,2006,0-4 years,12,4.2
Pertussis,2006,0-4 years,90,31.5
Paratyphoid fever,2006,0-4 years,2,suppressed
Tetanus,2006,0-4 years,0,0
Taeniasis,2006,0-4 years,0,0
Campylobacteriosis,2006,0-4 years,1461,510.9
Poliomyelitis,2006,0-4 years,0,0
Giardiasis,2006,0-4 years,278,97.2
Rabies and other lyssaviruses,2006,0-4 years,0,0
Rickettsial disease,2006,0-4 years,0,0
Salmonellosis,2006,0-4 years,363,126.9
Q fever,2006,0-4 years,0,0
Meningoencephalitis - primary amoebic,2006,0-4 years,0,0
Cryptosporidiosis,2006,0-4 years,271,94.8
Cholera,2006,0-4 years,0,0
Leprosy,2006,0-4 years,0,0
Acute gastroenteritis,2006,0-4 years,26,9.1
Hydatid disease,2006,0-4 years,0,0
Brucellosis,2006,0-4 years,0,0
Diphtheria,2006,0-4 years,0,0
Cysticercosis,2006,0-4 years,0,0
Yersiniosis,2006,0-4 years,110,38.5
Typhoid fever,2006,0-4 years,6,2.1
Pertussis,2006,45-49 years,83,27.2
Hepatitis A,2006,45-49 years,3,suppressed
Arboviral diseases,2006,45-49 years,2,suppressed
Leprosy,2006,45-49 years,0,0
Typhoid fever,2006,45-49 years,1,suppressed
Q fever,2006,45-49 years,0,0
Brucellosis,2006,45-49 years,0,0
Hepatitis NOS,2006,45-49 years,0,0
Meningoencephalitis - primary amoebic,2006,45-49 years,0,0
Invasive group A streptococcal infection,2006,45-49 years,0,0
Hepatitis C,2006,45-49 years,1,suppressed
Tetanus,2006,45-49 years,0,0
Cysticercosis,2006,45-49 years,0,0
Rickettsial disease,2006,45-49 years,2,suppressed
Rheumatic fever,2006,45-49 years,0,0
Campylobacteriosis,2006,45-49 years,1017,333.3
Haemophilus influenzae type b,2006,45-49 years,0,0
Diphtheria,2006,45-49 years,0,0
VTEC/STEC infection,2006,45-49 years,3,suppressed
Salmonellosis,2006,45-49 years,64,21
Trichinosis,2006,45-49 years,0,0
Hepatitis B,2006,45-49 years,6,2
Mpox,2006,45-49 years,0,0
Tuberculosis disease,2006,45-49 years,18,5.9
Mumps,2006,45-49 years,3,suppressed
Shigellosis,2006,45-49 years,5,1.6
Hydatid disease,2006,45-49 years,0,0
Giardiasis,2006,45-49 years,57,18.7
Rubella,2006,45-49 years,0,0
Malaria,2006,45-49 years,0,0
Taeniasis,2006,45-49 years,0,0
Legionellosis,2006,45-49 years,4,suppressed
Acute gastroenteritis,2006,45-49 years,58,19
Measles,2006,45-49 years,0,0
Meningococcal disease,2006,45-49 years,7,2.3
Leptospirosis,2006,45-49 years,12,3.9
Paratyphoid fever,2006,45-49 years,0,0
Invasive pneumococcal disease,2006,45-49 years,0,0
Listeriosis,2006,45-49 years,0,0
Poliomyelitis,2006,45-49 years,0,0
Cholera,2006,45-49 years,0,0
Cryptosporidiosis,2006,45-49 years,22,7.2
Toxic shellfish poisoning,2006,45-49 years,0,0
Yersiniosis,2006,45-49 years,31,10.2
Rabies and other lyssaviruses,2006,45-49 years,0,0
Brucellosis,2006,50-54 years,0,0
Pertussis,2006,50-54 years,82,31.1
Typhoid fever,2006,50-54 years,0,0
Q fever,2006,50-54 years,0,0
Hepatitis C,2006,50-54 years,2,suppressed
Hepatitis NOS,2006,50-54 years,0,0
Mumps,2006,50-54 years,0,0
Malaria,2006,50-54 years,0,0
Arboviral diseases,2006,50-54 years,1,suppressed
Tetanus,2006,50-54 years,0,0
Trichinosis,2006,50-54 years,0,0
Measles,2006,50-54 years,0,0
Legionellosis,2006,50-54 years,5,1.9
Hepatitis A,2006,50-54 years,5,1.9
Invasive group A streptococcal infection,2006,50-54 years,0,0
Campylobacteriosis,2006,50-54 years,999,379
Listeriosis,2006,50-54 years,1,suppressed
Rheumatic fever,2006,50-54 years,0,0
Mpox,2006,50-54 years,0,0
VTEC/STEC infection,2006,50-54 years,2,suppressed
Rubella,2006,50-54 years,0,0
Rickettsial disease,2006,50-54 years,2,suppressed
Giardiasis,2006,50-54 years,55,20.9
Tuberculosis disease,2006,50-54 years,17,6.4
Toxic shellfish poisoning,2006,50-54 years,0,0
Shigellosis,2006,50-54 years,4,suppressed
Salmonellosis,2006,50-54 years,70,26.6
Rabies and other lyssaviruses,2006,50-54 years,0,0
Haemophilus influenzae type b,2006,50-54 years,0,0
Invasive pneumococcal disease,2006,50-54 years,0,0
Yersiniosis,2006,50-54 years,37,14
Acute gastroenteritis,2006,50-54 years,78,29.6
Cholera,2006,50-54 years,0,0
Hepatitis B,2006,50-54 years,2,suppressed
Hydatid disease,2006,50-54 years,0,0
Leprosy,2006,50-54 years,1,suppressed
Diphtheria,2006,50-54 years,0,0
Meningococcal disease,2006,50-54 years,4,suppressed
Meningoencephalitis - primary amoebic,2006,50-54 years,0,0
Cryptosporidiosis,2006,50-54 years,21,8
Leptospirosis,2006,50-54 years,15,5.7
Cysticercosis,2006,50-54 years,0,0
Taeniasis,2006,50-54 years,0,0
Poliomyelitis,2006,50-54 years,0,0
Paratyphoid fever,2006,50-54 years,2,suppressed
Arboviral diseases,2006,55-59 years,2,suppressed
Mpox,2006,55-59 years,0,0
Hepatitis A,2006,55-59 years,5,2.1
Legionellosis,2006,55-59 years,7,2.9
Yersiniosis,2006,55-59 years,23,9.5
Salmonellosis,2006,55-59 years,73,30
Invasive group A streptococcal infection,2006,55-59 years,0,0
Typhoid fever,2006,55-59 years,0,0
Haemophilus influenzae type b,2006,55-59 years,0,0
Tuberculosis disease,2006,55-59 years,16,6.6
Rheumatic fever,2006,55-59 years,0,0
Brucellosis,2006,55-59 years,0,0
Hepatitis NOS,2006,55-59 years,0,0
Giardiasis,2006,55-59 years,62,25.5
Q fever,2006,55-59 years,0,0
Pertussis,2006,55-59 years,84,34.6
Hepatitis C,2006,55-59 years,1,suppressed
Acute gastroenteritis,2006,55-59 years,53,21.8
VTEC/STEC infection,2006,55-59 years,1,suppressed
Mumps,2006,55-59 years,0,0
Shigellosis,2006,55-59 years,6,2.5
Hepatitis B,2006,55-59 years,3,suppressed
Cholera,2006,55-59 years,0,0
Campylobacteriosis,2006,55-59 years,892,367.1
Malaria,2006,55-59 years,1,suppressed
Trichinosis,2006,55-59 years,0,0
Taeniasis,2006,55-59 years,0,0
Rabies and other lyssaviruses,2006,55-59 years,0,0
Measles,2006,55-59 years,0,0
Tetanus,2006,55-59 years,0,0
Leprosy,2006,55-59 years,0,0
Paratyphoid fever,2006,55-59 years,2,suppressed
Rubella,2006,55-59 years,0,0
Meningococcal disease,2006,55-59 years,5,2.1
Rickettsial disease,2006,55-59 years,1,suppressed
Cysticercosis,2006,55-59 years,0,0
Cryptosporidiosis,2006,55-59 years,11,4.5
Listeriosis,2006,55-59 years,1,suppressed
Leptospirosis,2006,55-59 years,6,2.5
Hydatid disease,2006,55-59 years,0,0
Meningoencephalitis - primary amoebic,2006,55-59 years,0,0
Invasive pneumococcal disease,2006,55-59 years,0,0
Toxic shellfish poisoning,2006,55-59 years,0,0
Poliomyelitis,2006,55-59 years,0,0
Diphtheria,2006,55-59 years,0,0
Campylobacteriosis,2006,60-64 years,788,422.3
Pertussis,2006,60-64 years,61,32.7
Brucellosis,2006,60-64 years,0,0
VTEC/STEC infection,2006,60-64 years,3,suppressed
Hepatitis A,2006,60-64 years,6,3.2
Hepatitis C,2006,60-64 years,0,0
Invasive group A streptococcal infection,2006,60-64 years,0,0
Mpox,2006,60-64 years,0,0
Rubella,2006,60-64 years,0,0
Rheumatic fever,2006,60-64 years,0,0
Hepatitis NOS,2006,60-64 years,0,0
Trichinosis,2006,60-64 years,0,0
Salmonellosis,2006,60-64 years,58,31.1
Typhoid fever,2006,60-64 years,0,0
Tetanus,2006,60-64 years,0,0
Rickettsial disease,2006,60-64 years,1,suppressed
Tuberculosis disease,2006,60-64 years,15,8
Invasive pneumococcal disease,2006,60-64 years,0,0
Legionellosis,2006,60-64 years,6,3.2
Rabies and other lyssaviruses,2006,60-64 years,0,0
Shigellosis,2006,60-64 years,3,suppressed
Acute gastroenteritis,2006,60-64 years,47,25.2
Mumps,2006,60-64 years,0,0
Q fever,2006,60-64 years,0,0
Hydatid disease,2006,60-64 years,0,0
Paratyphoid fever,2006,60-64 years,1,suppressed
Haemophilus influenzae type b,2006,60-64 years,1,suppressed
Toxic shellfish poisoning,2006,60-64 years,0,0
Meningoencephalitis - primary amoebic,2006,60-64 years,0,0
Leprosy,2006,60-64 years,0,0
Giardiasis,2006,60-64 years,62,33.2
Meningococcal disease,2006,60-64 years,0,0
Leptospirosis,2006,60-64 years,2,suppressed
Diphtheria,2006,60-64 years,0,0
Cryptosporidiosis,2006,60-64 years,6,3.2
Malaria,2006,60-64 years,1,suppressed
Arboviral diseases,2006,60-64 years,0,0
Poliomyelitis,2006,60-64 years,0,0
Cysticercosis,2006,60-64 years,0,0
Measles,2006,60-64 years,0,0
Hepatitis B,2006,60-64 years,3,suppressed
Yersiniosis,2006,60-64 years,19,10.2
Cholera,2006,60-64 years,0,0
Listeriosis,2006,60-64 years,0,0
Taeniasis,2006,60-64 years,0,0
Hepatitis A,2006,65-69 years,0,0
Brucellosis,2006,65-69 years,0,0
Rheumatic fever,2006,65-69 years,0,0
Toxic shellfish poisoning,2006,65-69 years,0,0
Arboviral diseases,2006,65-69 years,1,suppressed
Typhoid fever,2006,65-69 years,2,suppressed
Pertussis,2006,65-69 years,48,30.9
Q fever,2006,65-69 years,0,0
Hepatitis NOS,2006,65-69 years,0,0
Taeniasis,2006,65-69 years,0,0
Leptospirosis,2006,65-69 years,1,suppressed
Cysticercosis,2006,65-69 years,0,0
Haemophilus influenzae type b,2006,65-69 years,0,0
Rabies and other lyssaviruses,2006,65-69 years,0,0
Legionellosis,2006,65-69 years,8,5.1
Yersiniosis,2006,65-69 years,14,9
Poliomyelitis,2006,65-69 years,0,0
Trichinosis,2006,65-69 years,0,0
Rubella,2006,65-69 years,0,0
Meningococcal disease,2006,65-69 years,3,suppressed
Rickettsial disease,2006,65-69 years,1,suppressed
Hepatitis C,2006,65-69 years,2,suppressed
Invasive group A streptococcal infection,2006,65-69 years,0,0
Mumps,2006,65-69 years,0,0
Meningoencephalitis - primary amoebic,2006,65-69 years,0,0
Cholera,2006,65-69 years,0,0
Hepatitis B,2006,65-69 years,0,0
Campylobacteriosis,2006,65-69 years,608,390.9
Malaria,2006,65-69 years,1,suppressed
Leprosy,2006,65-69 years,0,0
Shigellosis,2006,65-69 years,4,suppressed
Invasive pneumococcal disease,2006,65-69 years,0,0
Listeriosis,2006,65-69 years,4,suppressed
Hydatid disease,2006,65-69 years,0,0
Tetanus,2006,65-69 years,0,0
VTEC/STEC infection,2006,65-69 years,5,3.2
Acute gastroenteritis,2006,65-69 years,33,21.2
Diphtheria,2006,65-69 years,0,0
Mpox,2006,65-69 years,0,0
Measles,2006,65-69 years,0,0
Paratyphoid fever,2006,65-69 years,0,0
Cryptosporidiosis,2006,65-69 years,3,suppressed
Giardiasis,2006,65-69 years,21,13.5
Salmonellosis,2006,65-69 years,43,27.6
Tuberculosis disease,2006,65-69 years,11,7.1
Brucellosis,2006,70-74 years,0,0
Campylobacteriosis,2006,70-74 years,478,397.9
Measles,2006,70-74 years,0,0
Hepatitis A,2006,70-74 years,4,suppressed
Yersiniosis,2006,70-74 years,12,10
Rubella,2006,70-74 years,0,0
Pertussis,2006,70-74 years,19,15.8
Haemophilus influenzae type b,2006,70-74 years,0,0
Typhoid fever,2006,70-74 years,0,0
Diphtheria,2006,70-74 years,0,0
Leptospirosis,2006,70-74 years,0,0
Rabies and other lyssaviruses,2006,70-74 years,0,0
Hepatitis B,2006,70-74 years,0,0
Invasive pneumococcal disease,2006,70-74 years,0,0
Shigellosis,2006,70-74 years,1,suppressed
Q fever,2006,70-74 years,0,0
Hepatitis NOS,2006,70-74 years,0,0
Invasive group A streptococcal infection,2006,70-74 years,0,0
Mumps,2006,70-74 years,0,0
Arboviral diseases,2006,70-74 years,0,0
Hepatitis C,2006,70-74 years,0,0
Cholera,2006,70-74 years,0,0
Poliomyelitis,2006,70-74 years,0,0
Meningoencephalitis - primary amoebic,2006,70-74 years,0,0
Taeniasis,2006,70-74 years,0,0
Trichinosis,2006,70-74 years,0,0
VTEC/STEC infection,2006,70-74 years,1,suppressed
Meningococcal disease,2006,70-74 years,1,suppressed
Legionellosis,2006,70-74 years,6,5
Tetanus,2006,70-74 years,0,0
Mpox,2006,70-74 years,0,0
Malaria,2006,70-74 years,2,suppressed
Rheumatic fever,2006,70-74 years,0,0
Tuberculosis disease,2006,70-74 years,16,13.3
Giardiasis,2006,70-74 years,15,12.5
Listeriosis,2006,70-74 years,2,suppressed
Cryptosporidiosis,2006,70-74 years,3,suppressed
Toxic shellfish poisoning,2006,70-74 years,0,0
Salmonellosis,2006,70-74 years,23,19.1
Acute gastroenteritis,2006,70-74 years,39,32.5
Leprosy,2006,70-74 years,0,0
Cysticercosis,2006,70-74 years,0,0
Paratyphoid fever,2006,70-74 years,0,0
Rickettsial disease,2006,70-74 years,0,0
Hydatid disease,2006,70-74 years,0,0
Arboviral diseases,2006,75-79 years,0,0
Q fever,2006,75-79 years,0,0
Hepatitis B,2006,75-79 years,0,0
Cholera,2006,75-79 years,0,0
Taeniasis,2006,75-79 years,0,0
Haemophilus influenzae type b,2006,75-79 years,0,0
Rabies and other lyssaviruses,2006,75-79 years,0,0
Hepatitis NOS,2006,75-79 years,0,0
Brucellosis,2006,75-79 years,0,0
Legionellosis,2006,75-79 years,2,suppressed
Hepatitis C,2006,75-79 years,1,suppressed
Tetanus,2006,75-79 years,0,0
Invasive group A streptococcal infection,2006,75-79 years,0,0
Hepatitis A,2006,75-79 years,2,suppressed
Leptospirosis,2006,75-79 years,0,0
Typhoid fever,2006,75-79 years,0,0
Mpox,2006,75-79 years,0,0
Measles,2006,75-79 years,0,0
Rheumatic fever,2006,75-79 years,0,0
Campylobacteriosis,2006,75-79 years,365,352.4
Trichinosis,2006,75-79 years,0,0
Rubella,2006,75-79 years,0,0
Shigellosis,2006,75-79 years,1,suppressed
Leprosy,2006,75-79 years,0,0
Yersiniosis,2006,75-79 years,9,8.7
VTEC/STEC infection,2006,75-79 years,1,suppressed
Mumps,2006,75-79 years,1,suppressed
Pertussis,2006,75-79 years,21,20.3
Salmonellosis,2006,75-79 years,26,25.1
Tuberculosis disease,2006,75-79 years,12,11.6
Listeriosis,2006,75-79 years,0,0
Meningoencephalitis - primary amoebic,2006,75-79 years,0,0
Paratyphoid fever,2006,75-79 years,0,0
Toxic shellfish poisoning,2006,75-79 years,0,0
Invasive pneumococcal disease,2006,75-79 years,0,0
Meningococcal disease,2006,75-79 years,5,4.8
Rickettsial disease,2006,75-79 years,0,0
Giardiasis,2006,75-79 years,14,13.5
Malaria,2006,75-79 years,1,suppressed
Diphtheria,2006,75-79 years,0,0
Acute gastroenteritis,2006,75-79 years,39,37.6
Cysticercosis,2006,75-79 years,0,0
Poliomyelitis,2006,75-79 years,0,0
Cryptosporidiosis,2006,75-79 years,0,0
Hydatid disease,2006,75-79 years,0,0
Rheumatic fever,2006,80-84 years,0,0
Pertussis,2006,80-84 years,7,9.4
Campylobacteriosis,2006,80-84 years,215,289.9
Mpox,2006,80-84 years,0,0
Rabies and other lyssaviruses,2006,80-84 years,0,0
Hepatitis A,2006,80-84 years,1,suppressed
Arboviral diseases,2006,80-84 years,0,0
Q fever,2006,80-84 years,0,0
Brucellosis,2006,80-84 years,0,0
Invasive group A streptococcal infection,2006,80-84 years,0,0
Mumps,2006,80-84 years,0,0
Tuberculosis disease,2006,80-84 years,6,8.1
Cholera,2006,80-84 years,0,0
Haemophilus influenzae type b,2006,80-84 years,1,suppressed
Taeniasis,2006,80-84 years,0,0
Rubella,2006,80-84 years,0,0
Legionellosis,2006,80-84 years,2,suppressed
Hepatitis NOS,2006,80-84 years,0,0
Shigellosis,2006,80-84 years,1,suppressed
Malaria,2006,80-84 years,0,0
Yersiniosis,2006,80-84 years,10,13.5
Hepatitis C,2006,80-84 years,1,suppressed
VTEC/STEC infection,2006,80-84 years,3,suppressed
Paratyphoid fever,2006,80-84 years,0,0
Typhoid fever,2006,80-84 years,0,0
Measles,2006,80-84 years,0,0
Hepatitis B,2006,80-84 years,0,0
Leprosy,2006,80-84 years,0,0
Invasive pneumococcal disease,2006,80-84 years,0,0
Toxic shellfish poisoning,2006,80-84 years,0,0
Trichinosis,2006,80-84 years,0,0
Rickettsial disease,2006,80-84 years,0,0
Salmonellosis,2006,80-84 years,14,18.9
Meningococcal disease,2006,80-84 years,2,suppressed
Tetanus,2006,80-84 years,0,0
Meningoencephalitis - primary amoebic,2006,80-84 years,0,0
Cryptosporidiosis,2006,80-84 years,1,suppressed
Giardiasis,2006,80-84 years,8,10.8
Listeriosis,2006,80-84 years,3,suppressed
Cysticercosis,2006,80-84 years,0,0
Hydatid disease,2006,80-84 years,0,0
Acute gastroenteritis,2006,80-84 years,51,68.8
Leptospirosis,2006,80-84 years,0,0
Diphtheria,2006,80-84 years,0,0
Poliomyelitis,2006,80-84 years,0,0
Taeniasis,2006,85+ years,0,0
Pertussis,2006,85+ years,3,suppressed
Hepatitis A,2006,85+ years,1,suppressed
Rheumatic fever,2006,85+ years,0,0
Paratyphoid fever,2006,85+ years,0,0
Hepatitis C,2006,85+ years,0,0
Typhoid fever,2006,85+ years,0,0
Mpox,2006,85+ years,0,0
Meningoencephalitis - primary amoebic,2006,85+ years,0,0
Diphtheria,2006,85+ years,0,0
Cholera,2006,85+ years,0,0
Legionellosis,2006,85+ years,3,suppressed
Cysticercosis,2006,85+ years,0,0
Brucellosis,2006,85+ years,0,0
Rabies and other lyssaviruses,2006,85+ years,0,0
Yersiniosis,2006,85+ years,6,10.3
Tuberculosis disease,2006,85+ years,9,15.5
Q fever,2006,85+ years,0,0
Tetanus,2006,85+ years,0,0
Meningococcal disease,2006,85+ years,1,suppressed
Campylobacteriosis,2006,85+ years,156,268.2
Listeriosis,2006,85+ years,1,suppressed
Invasive group A streptococcal infection,2006,85+ years,0,0
Measles,2006,85+ years,0,0
Arboviral diseases,2006,85+ years,0,0
Leptospirosis,2006,85+ years,0,0
Hepatitis B,2006,85+ years,0,0
Toxic shellfish poisoning,2006,85+ years,0,0
Shigellosis,2006,85+ years,0,0
Giardiasis,2006,85+ years,4,suppressed
Hepatitis NOS,2006,85+ years,0,0
Rubella,2006,85+ years,0,0
Cryptosporidiosis,2006,85+ years,2,suppressed
Mumps,2006,85+ years,0,0
Rickettsial disease,2006,85+ years,0,0
VTEC/STEC infection,2006,85+ years,0,0
Invasive pneumococcal disease,2006,85+ years,0,0
Poliomyelitis,2006,85+ years,0,0
Haemophilus influenzae type b,2006,85+ years,0,0
Trichinosis,2006,85+ years,0,0
Salmonellosis,2006,85+ years,10,17.2
Acute gastroenteritis,2006,85+ years,91,156.4
Malaria,2006,85+ years,0,0
Hydatid disease,2006,85+ years,0,0
Leprosy,2006,85+ years,0,0
Meningoencephalitis - primary amoebic,2006,5-9 years,0,0
Shigellosis,2006,5-9 years,10,3.4
Mumps,2006,5-9 years,11,3.8
Diphtheria,2006,5-9 years,0,0
Listeriosis,2006,5-9 years,0,0
Meningococcal disease,2006,5-9 years,9,3.1
Paratyphoid fever,2006,5-9 years,2,suppressed
Malaria,2006,5-9 years,1,suppressed
Leprosy,2006,5-9 years,0,0
Hepatitis A,2006,5-9 years,19,6.5
Typhoid fever,2006,5-9 years,7,2.4
Rickettsial disease,2006,5-9 years,0,0
Cryptosporidiosis,2006,5-9 years,88,30.2
Leptospirosis,2006,5-9 years,0,0
Hepatitis B,2006,5-9 years,0,0
Cysticercosis,2006,5-9 years,0,0
Legionellosis,2006,5-9 years,0,0
Measles,2006,5-9 years,0,0
Trichinosis,2006,5-9 years,0,0
Hydatid disease,2006,5-9 years,0,0
Hepatitis C,2006,5-9 years,0,0
Poliomyelitis,2006,5-9 years,0,0
Q fever,2006,5-9 years,0,0
Taeniasis,2006,5-9 years,0,0
Brucellosis,2006,5-9 years,0,0
Hepatitis NOS,2006,5-9 years,0,0
Rubella,2006,5-9 years,0,0
Rabies and other lyssaviruses,2006,5-9 years,0,0
Yersiniosis,2006,5-9 years,9,3.1
Tetanus,2006,5-9 years,1,suppressed
Arboviral diseases,2006,5-9 years,0,0
Invasive pneumococcal disease,2006,5-9 years,0,0
Toxic shellfish poisoning,2006,5-9 years,0,0
Haemophilus influenzae type b,2006,5-9 years,2,suppressed
Giardiasis,2006,5-9 years,76,26
Invasive group A streptococcal infection,2006,5-9 years,0,0
VTEC/STEC infection,2006,5-9 years,5,1.7
Rheumatic fever,2006,5-9 years,29,9.9
Salmonellosis,2006,5-9 years,93,31.9
Mpox,2006,5-9 years,0,0
Tuberculosis disease,2006,5-9 years,4,suppressed
Pertussis,2006,5-9 years,77,26.4
Cholera,2006,5-9 years,0,0
Campylobacteriosis,2006,5-9 years,679,232.6
Acute gastroenteritis,2006,5-9 years,10,3.4
Listeriosis,2006,10-14 years,0,0
Measles,2006,10-14 years,0,0
Paratyphoid fever,2006,10-14 years,1,suppressed
Shigellosis,2006,10-14 years,2,suppressed
Meningoencephalitis - primary amoebic,2006,10-14 years,0,0
Diphtheria,2006,10-14 years,0,0
Hepatitis A,2006,10-14 years,11,3.5
Rubella,2006,10-14 years,1,suppressed
Meningococcal disease,2006,10-14 years,6,1.9
Leptospirosis,2006,10-14 years,0,0
Arboviral diseases,2006,10-14 years,0,0
Invasive group A streptococcal infection,2006,10-14 years,0,0
Mumps,2006,10-14 years,11,3.5
Malaria,2006,10-14 years,1,suppressed
Cryptosporidiosis,2006,10-14 years,59,19
Mpox,2006,10-14 years,0,0
Invasive pneumococcal disease,2006,10-14 years,0,0
Toxic shellfish poisoning,2006,10-14 years,0,0
Typhoid fever,2006,10-14 years,3,suppressed
Brucellosis,2006,10-14 years,0,0
VTEC/STEC infection,2006,10-14 years,3,suppressed
Rheumatic fever,2006,10-14 years,51,16.4
Haemophilus influenzae type b,2006,10-14 years,0,0
Leprosy,2006,10-14 years,0,0
Tuberculosis disease,2006,10-14 years,19,6.1
Pertussis,2006,10-14 years,94,30.3
Legionellosis,2006,10-14 years,1,suppressed
Hepatitis B,2006,10-14 years,1,suppressed
Hepatitis C,2006,10-14 years,1,suppressed
Giardiasis,2006,10-14 years,24,7.7
Cholera,2006,10-14 years,0,0
Campylobacteriosis,2006,10-14 years,713,229.7
Cysticercosis,2006,10-14 years,0,0
Salmonellosis,2006,10-14 years,55,17.7
Acute gastroenteritis,2006,10-14 years,19,6.1
Rickettsial disease,2006,10-14 years,0,0
Tetanus,2006,10-14 years,0,0
Q fever,2006,10-14 years,0,0
Taeniasis,2006,10-14 years,0,0
Poliomyelitis,2006,10-14 years,0,0
Yersiniosis,2006,10-14 years,12,3.9
Hepatitis NOS,2006,10-14 years,0,0
Hydatid disease,2006,10-14 years,0,0
Rabies and other lyssaviruses,2006,10-14 years,0,0
Trichinosis,2006,10-14 years,0,0
Arboviral diseases,2006,15-19 years,1,suppressed
Measles,2006,15-19 years,0,0
Rubella,2006,15-19 years,0,0
Invasive group A streptococcal infection,2006,15-19 years,0,0
Mpox,2006,15-19 years,0,0
Pertussis,2006,15-19 years,92,29.3
Leprosy,2006,15-19 years,0,0
Listeriosis,2006,15-19 years,0,0
Tuberculosis disease,2006,15-19 years,20,6.4
Shigellosis,2006,15-19 years,3,suppressed
Hydatid disease,2006,15-19 years,0,0
Invasive pneumococcal disease,2006,15-19 years,0,0
Paratyphoid fever,2006,15-19 years,2,suppressed
Rickettsial disease,2006,15-19 years,0,0
Brucellosis,2006,15-19 years,0,0
VTEC/STEC infection,2006,15-19 years,1,suppressed
Hepatitis A,2006,15-19 years,14,4.5
Cryptosporidiosis,2006,15-19 years,39,12.4
Meningoencephalitis - primary amoebic,2006,15-19 years,0,0
Cysticercosis,2006,15-19 years,0,0
Toxic shellfish poisoning,2006,15-19 years,0,0
Haemophilus influenzae type b,2006,15-19 years,0,0
Meningococcal disease,2006,15-19 years,31,9.9
Yersiniosis,2006,15-19 years,14,4.5
Rheumatic fever,2006,15-19 years,15,4.8
Mumps,2006,15-19 years,1,suppressed
Malaria,2006,15-19 years,2,suppressed
Hepatitis C,2006,15-19 years,3,suppressed
Hepatitis B,2006,15-19 years,4,suppressed
Giardiasis,2006,15-19 years,17,5.4
Cholera,2006,15-19 years,0,0
Diphtheria,2006,15-19 years,0,0
Hepatitis NOS,2006,15-19 years,0,0
Salmonellosis,2006,15-19 years,67,21.4
Acute gastroenteritis,2006,15-19 years,36,11.5
Leptospirosis,2006,15-19 years,3,suppressed
Tetanus,2006,15-19 years,0,0
Taeniasis,2006,15-19 years,0,0
Rabies and other lyssaviruses,2006,15-19 years,0,0
Legionellosis,2006,15-19 years,0,0
Poliomyelitis,2006,15-19 years,0,0
Trichinosis,2006,15-19 years,0,0
Campylobacteriosis,2006,15-19 years,1251,399
Typhoid fever,2006,15-19 years,5,1.6
Q fever,2006,15-19 years,0,0
Arboviral diseases,2006,20-24 years,7,2.4
Diphtheria,2006,20-24 years,0,0
Mpox,2006,20-24 years,0,0
Tuberculosis disease,2006,20-24 years,51,17.5
Meningoencephalitis - primary amoebic,2006,20-24 years,0,0
Measles,2006,20-24 years,0,0
Brucellosis,2006,20-24 years,0,0
Hepatitis C,2006,20-24 years,4,suppressed
Paratyphoid fever,2006,20-24 years,2,suppressed
Cryptosporidiosis,2006,20-24 years,50,17.2
Listeriosis,2006,20-24 years,2,suppressed
Mumps,2006,20-24 years,1,suppressed
Tetanus,2006,20-24 years,0,0
Q fever,2006,20-24 years,0,0
Invasive group A streptococcal infection,2006,20-24 years,0,0
Pertussis,2006,20-24 years,68,23.4
Hepatitis A,2006,20-24 years,6,2.1
Typhoid fever,2006,20-24 years,2,suppressed
Rickettsial disease,2006,20-24 years,1,suppressed
VTEC/STEC infection,2006,20-24 years,3,suppressed
Malaria,2006,20-24 years,8,2.7
Meningococcal disease,2006,20-24 years,11,3.8
Haemophilus influenzae type b,2006,20-24 years,0,0
Poliomyelitis,2006,20-24 years,0,0
Rubella,2006,20-24 years,0,0
Legionellosis,2006,20-24 years,0,0
Hepatitis NOS,2006,20-24 years,0,0
Hydatid disease,2006,20-24 years,0,0
Rheumatic fever,2006,20-24 years,3,suppressed
Invasive pneumococcal disease,2006,20-24 years,0,0
Leptospirosis,2006,20-24 years,7,2.4
Hepatitis B,2006,20-24 years,8,2.7
Leprosy,2006,20-24 years,0,0
Salmonellosis,2006,20-24 years,108,37.1
Toxic shellfish poisoning,2006,20-24 years,0,0
Trichinosis,2006,20-24 years,0,0
Yersiniosis,2006,20-24 years,31,10.6
Cysticercosis,2006,20-24 years,0,0
Acute gastroenteritis,2006,20-24 years,37,12.7
Shigellosis,2006,20-24 years,10,3.4
Taeniasis,2006,20-24 years,0,0
Cholera,2006,20-24 years,0,0
Campylobacteriosis,2006,20-24 years,1651,567.1
Rabies and other lyssaviruses,2006,20-24 years,0,0
Giardiasis,2006,20-24 years,49,16.8
Meningoencephalitis - primary amoebic,2006,25-29 years,0,0
Hepatitis C,2006,25-29 years,6,2.3
Tetanus,2006,25-29 years,0,0
Mpox,2006,25-29 years,0,0
Mumps,2006,25-29 years,1,suppressed
Malaria,2006,25-29 years,0,0
Diphtheria,2006,25-29 years,0,0
Arboviral diseases,2006,25-29 years,3,suppressed
Measles,2006,25-29 years,0,0
Listeriosis,2006,25-29 years,0,0
Rickettsial disease,2006,25-29 years,0,0
Tuberculosis disease,2006,25-29 years,37,14.2
Paratyphoid fever,2006,25-29 years,5,1.9
Pertussis,2006,25-29 years,48,18.4
Legionellosis,2006,25-29 years,1,suppressed
Salmonellosis,2006,25-29 years,77,29.6
Acute gastroenteritis,2006,25-29 years,44,16.9
Cryptosporidiosis,2006,25-29 years,38,14.6
Rubella,2006,25-29 years,0,0
Hydatid disease,2006,25-29 years,0,0
Hepatitis A,2006,25-29 years,5,1.9
Campylobacteriosis,2006,25-29 years,1237,475.1
Brucellosis,2006,25-29 years,0,0
Invasive pneumococcal disease,2006,25-29 years,0,0
Yersiniosis,2006,25-29 years,23,8.8
Leprosy,2006,25-29 years,2,suppressed
Cysticercosis,2006,25-29 years,0,0
Invasive group A streptococcal infection,2006,25-29 years,0,0
Shigellosis,2006,25-29 years,8,3.1
Meningococcal disease,2006,25-29 years,6,2.3
Leptospirosis,2006,25-29 years,5,1.9
Typhoid fever,2006,25-29 years,2,suppressed
Toxic shellfish poisoning,2006,25-29 years,0,0
Poliomyelitis,2006,25-29 years,0,0
Haemophilus influenzae type b,2006,25-29 years,0,0
Hepatitis B,2006,25-29 years,15,5.8
VTEC/STEC infection,2006,25-29 years,4,suppressed
Rheumatic fever,2006,25-29 years,6,2.3
Hepatitis NOS,2006,25-29 years,0,0
Trichinosis,2006,25-29 years,0,0
Q fever,2006,25-29 years,0,0
Giardiasis,2006,25-29 years,73,28
Cholera,2006,25-29 years,0,0
Taeniasis,2006,25-29 years,0,0
Rabies and other lyssaviruses,2006,25-29 years,0,0
Brucellosis,2006,30-34 years,0,0
Meningoencephalitis - primary amoebic,2006,30-34 years,0,0
Mpox,2006,30-34 years,0,0
Tuberculosis disease,2006,30-34 years,31,10.8
Arboviral diseases,2006,30-34 years,2,suppressed
Typhoid fever,2006,30-34 years,4,suppressed
Salmonellosis,2006,30-34 years,68,23.8
Measles,2006,30-34 years,0,0
Listeriosis,2006,30-34 years,0,0
Pertussis,2006,30-34 years,81,28.3
Hepatitis A,2006,30-34 years,8,2.8
Invasive group A streptococcal infection,2006,30-34 years,0,0
VTEC/STEC infection,2006,30-34 years,1,suppressed
Diphtheria,2006,30-34 years,0,0
Rubella,2006,30-34 years,0,0
Hepatitis C,2006,30-34 years,5,1.7
Tetanus,2006,30-34 years,0,0
Q fever,2006,30-34 years,0,0
Mumps,2006,30-34 years,0,0
Acute gastroenteritis,2006,30-34 years,60,21
Campylobacteriosis,2006,30-34 years,1099,384.3
Rheumatic fever,2006,30-34 years,1,suppressed
Haemophilus influenzae type b,2006,30-34 years,0,0
Rickettsial disease,2006,30-34 years,1,suppressed
Paratyphoid fever,2006,30-34 years,3,suppressed
Cryptosporidiosis,2006,30-34 years,42,14.7
Hepatitis NOS,2006,30-34 years,0,0
Invasive pneumococcal disease,2006,30-34 years,0,0
Hydatid disease,2006,30-34 years,0,0
Yersiniosis,2006,30-34 years,32,11.2
Shigellosis,2006,30-34 years,5,1.7
Malaria,2006,30-34 years,4,suppressed
Toxic shellfish poisoning,2006,30-34 years,0,0
Poliomyelitis,2006,30-34 years,0,0
Cholera,2006,30-34 years,0,0
Hepatitis B,2006,30-34 years,6,2.1
Legionellosis,2006,30-34 years,1,suppressed
Giardiasis,2006,30-34 years,136,47.6
Trichinosis,2006,30-34 years,0,0
Taeniasis,2006,30-34 years,0,0
Cysticercosis,2006,30-34 years,0,0
Meningococcal disease,2006,30-34 years,3,suppressed
Rabies and other lyssaviruses,2006,30-34 years,0,0
Leprosy,2006,30-34 years,0,0
Leptospirosis,2006,30-34 years,10,3.5
Mpox,2006,35-39 years,0,0
Tetanus,2006,35-39 years,0,0
Hepatitis C,2006,35-39 years,1,suppressed
Hepatitis A,2006,35-39 years,9,2.9
Tuberculosis disease,2006,35-39 years,27,8.6
Typhoid fever,2006,35-39 years,3,suppressed
Arboviral diseases,2006,35-39 years,0,0
Salmonellosis,2006,35-39 years,64,20.5
Pertussis,2006,35-39 years,80,25.6
Measles,2006,35-39 years,0,0
Q fever,2006,35-39 years,0,0
Acute gastroenteritis,2006,35-39 years,76,24.3
Rheumatic fever,2006,35-39 years,2,suppressed
Brucellosis,2006,35-39 years,0,0
Mumps,2006,35-39 years,7,2.2
Rickettsial disease,2006,35-39 years,3,suppressed
Paratyphoid fever,2006,35-39 years,0,0
Rubella,2006,35-39 years,1,suppressed
Listeriosis,2006,35-39 years,1,suppressed
Meningoencephalitis - primary amoebic,2006,35-39 years,0,0
Hydatid disease,2006,35-39 years,0,0
Cryptosporidiosis,2006,35-39 years,48,15.4
Invasive group A streptococcal infection,2006,35-39 years,0,0
Malaria,2006,35-39 years,6,1.9
Diphtheria,2006,35-39 years,0,0
Campylobacteriosis,2006,35-39 years,1122,359
Invasive pneumococcal disease,2006,35-39 years,0,0
VTEC/STEC infection,2006,35-39 years,3,suppressed
Yersiniosis,2006,35-39 years,34,10.9
Poliomyelitis,2006,35-39 years,0,0
Shigellosis,2006,35-39 years,15,4.8
Toxic shellfish poisoning,2006,35-39 years,1,suppressed
Haemophilus influenzae type b,2006,35-39 years,0,0
Hepatitis NOS,2006,35-39 years,0,0
Hepatitis B,2006,35-39 years,7,2.2
Leprosy,2006,35-39 years,1,suppressed
Legionellosis,2006,35-39 years,3,suppressed
Meningococcal disease,2006,35-39 years,1,suppressed
Trichinosis,2006,35-39 years,0,0
Taeniasis,2006,35-39 years,0,0
Giardiasis,2006,35-39 years,153,49
Cholera,2006,35-39 years,0,0
Leptospirosis,2006,35-39 years,13,4.2
Rabies and other lyssaviruses,2006,35-39 years,0,0
Cysticercosis,2006,35-39 years,0,0
Brucellosis,2006,40-44 years,0,0
Invasive group A streptococcal infection,2006,40-44 years,0,0
Pertussis,2006,40-44 years,77,23.9
Hepatitis A,2006,40-44 years,8,2.5
Mpox,2006,40-44 years,0,0
Tuberculosis disease,2006,40-44 years,29,9
Typhoid fever,2006,40-44 years,7,2.2
Arboviral diseases,2006,40-44 years,2,suppressed
Q fever,2006,40-44 years,0,0
Rickettsial disease,2006,40-44 years,1,suppressed
VTEC/STEC infection,2006,40-44 years,2,suppressed
Mumps,2006,40-44 years,0,0
Hepatitis C,2006,40-44 years,7,2.2
Meningoencephalitis - primary amoebic,2006,40-44 years,0,0
Paratyphoid fever,2006,40-44 years,1,suppressed
Salmonellosis,2006,40-44 years,55,17.1
Malaria,2006,40-44 years,1,suppressed
Legionellosis,2006,40-44 years,3,suppressed
Hydatid disease,2006,40-44 years,0,0
Cryptosporidiosis,2006,40-44 years,32,9.9
Measles,2006,40-44 years,0,0
Tetanus,2006,40-44 years,0,0
Diphtheria,2006,40-44 years,0,0
Yersiniosis,2006,40-44 years,24,7.4
Acute gastroenteritis,2006,40-44 years,70,21.7
Meningococcal disease,2006,40-44 years,3,suppressed
Hepatitis NOS,2006,40-44 years,0,0
Trichinosis,2006,40-44 years,0,0
Toxic shellfish poisoning,2006,40-44 years,0,0
Listeriosis,2006,40-44 years,2,suppressed
Haemophilus influenzae type b,2006,40-44 years,0,0
Rheumatic fever,2006,40-44 years,0,0
Rabies and other lyssaviruses,2006,40-44 years,0,0
Campylobacteriosis,2006,40-44 years,1015,314.8
Rubella,2006,40-44 years,0,0
Invasive pneumococcal disease,2006,40-44 years,0,0
Hepatitis B,2006,40-44 years,6,1.9
Poliomyelitis,2006,40-44 years,0,0
Leprosy,2006,40-44 years,0,0
Cysticercosis,2006,40-44 years,0,0
Leptospirosis,2006,40-44 years,13,4
Taeniasis,2006,40-44 years,0,0
Giardiasis,2006,40-44 years,103,31.9
Cholera,2006,40-44 years,0,0
Shigellosis,2006,40-44 years,8,2.5
Hepatitis A,2007,0-4 years,0,0
Arboviral diseases,2007,0-4 years,1,suppressed
Taeniasis,2007,0-4 years,0,0
Campylobacteriosis,2007,0-4 years,1236,421.7
Q fever,2007,0-4 years,0,0
Cysticercosis,2007,0-4 years,0,0
Cholera,2007,0-4 years,0,0
Haemophilus influenzae type b,2007,0-4 years,9,3.1
Tuberculosis disease,2007,0-4 years,12,4.1
Shigellosis,2007,0-4 years,25,8.5
Measles,2007,0-4 years,15,5.1
Rabies and other lyssaviruses,2007,0-4 years,0,0
Brucellosis,2007,0-4 years,0,0
Cryptosporidiosis,2007,0-4 years,359,122.5
Meningococcal disease,2007,0-4 years,50,17.1
Typhoid fever,2007,0-4 years,7,2.4
Hepatitis B,2007,0-4 years,1,suppressed
Leptospirosis,2007,0-4 years,1,suppressed
Mumps,2007,0-4 years,23,7.8
Rickettsial disease,2007,0-4 years,0,0
Salmonellosis,2007,0-4 years,319,108.8
Yersiniosis,2007,0-4 years,131,44.7
Mpox,2007,0-4 years,0,0
Poliomyelitis,2007,0-4 years,0,0
Legionellosis,2007,0-4 years,0,0
Meningoencephalitis - primary amoebic,2007,0-4 years,0,0
Tetanus,2007,0-4 years,0,0
VTEC/STEC infection,2007,0-4 years,54,18.4
Rheumatic fever,2007,0-4 years,1,suppressed
Pertussis,2007,0-4 years,60,20.5
Diphtheria,2007,0-4 years,0,0
Paratyphoid fever,2007,0-4 years,1,suppressed
Malaria,2007,0-4 years,0,0
Hydatid disease,2007,0-4 years,0,0
Acute gastroenteritis,2007,0-4 years,39,13.3
Rubella,2007,0-4 years,9,3.1
Trichinosis,2007,0-4 years,0,0
Leprosy,2007,0-4 years,0,0
Toxic shellfish poisoning,2007,0-4 years,0,0
Invasive group A streptococcal infection,2007,0-4 years,0,0
Hepatitis C,2007,0-4 years,0,0
Hepatitis NOS,2007,0-4 years,0,0
Listeriosis,2007,0-4 years,0,0
Giardiasis,2007,0-4 years,281,95.9
Invasive pneumococcal disease,2007,0-4 years,0,0
Taeniasis,2007,45-49 years,0,0
Brucellosis,2007,45-49 years,1,suppressed
Cholera,2007,45-49 years,0,0
Pertussis,2007,45-49 years,25,8
Campylobacteriosis,2007,45-49 years,860,274.6
Legionellosis,2007,45-49 years,8,2.6
Arboviral diseases,2007,45-49 years,11,3.5
Yersiniosis,2007,45-49 years,28,8.9
Typhoid fever,2007,45-49 years,1,suppressed
Hepatitis A,2007,45-49 years,2,suppressed
Rabies and other lyssaviruses,2007,45-49 years,0,0
Tuberculosis disease,2007,45-49 years,16,5.1
Toxic shellfish poisoning,2007,45-49 years,0,0
Rheumatic fever,2007,45-49 years,2,suppressed
Listeriosis,2007,45-49 years,0,0
Malaria,2007,45-49 years,3,suppressed
Hepatitis C,2007,45-49 years,2,suppressed
Mumps,2007,45-49 years,3,suppressed
Rickettsial disease,2007,45-49 years,0,0
Leptospirosis,2007,45-49 years,7,2.2
Diphtheria,2007,45-49 years,0,0
Hepatitis NOS,2007,45-49 years,0,0
Acute gastroenteritis,2007,45-49 years,56,17.9
Cryptosporidiosis,2007,45-49 years,20,6.4
Invasive pneumococcal disease,2007,45-49 years,0,0
Rubella,2007,45-49 years,0,0
Hydatid disease,2007,45-49 years,0,0
Meningoencephalitis - primary amoebic,2007,45-49 years,0,0
Tetanus,2007,45-49 years,0,0
Haemophilus influenzae type b,2007,45-49 years,1,suppressed
Giardiasis,2007,45-49 years,83,26.5
Shigellosis,2007,45-49 years,6,1.9
Salmonellosis,2007,45-49 years,82,26.2
Cysticercosis,2007,45-49 years,0,0
Leprosy,2007,45-49 years,1,suppressed
Measles,2007,45-49 years,0,0
Trichinosis,2007,45-49 years,0,0
Poliomyelitis,2007,45-49 years,0,0
Q fever,2007,45-49 years,0,0
Invasive group A streptococcal infection,2007,45-49 years,0,0
Hepatitis B,2007,45-49 years,6,1.9
Paratyphoid fever,2007,45-49 years,1,suppressed
Mpox,2007,45-49 years,0,0
VTEC/STEC infection,2007,45-49 years,3,suppressed
Meningococcal disease,2007,45-49 years,3,suppressed
Campylobacteriosis,2007,50-54 years,787,291.2
Listeriosis,2007,50-54 years,0,0
Tuberculosis disease,2007,50-54 years,16,5.9
Rheumatic fever,2007,50-54 years,0,0
Legionellosis,2007,50-54 years,7,2.6
Arboviral diseases,2007,50-54 years,12,4.4
Leptospirosis,2007,50-54 years,5,1.8
Pertussis,2007,50-54 years,20,7.4
Cholera,2007,50-54 years,0,0
Yersiniosis,2007,50-54 years,22,8.1
Malaria,2007,50-54 years,4,suppressed
Giardiasis,2007,50-54 years,66,24.4
Brucellosis,2007,50-54 years,1,suppressed
Diphtheria,2007,50-54 years,0,0
Taeniasis,2007,50-54 years,1,suppressed
Cryptosporidiosis,2007,50-54 years,20,7.4
Mpox,2007,50-54 years,0,0
Hepatitis A,2007,50-54 years,3,suppressed
Rabies and other lyssaviruses,2007,50-54 years,0,0
Invasive group A streptococcal infection,2007,50-54 years,0,0
Rubella,2007,50-54 years,0,0
Shigellosis,2007,50-54 years,9,3.3
Hepatitis C,2007,50-54 years,5,1.8
Invasive pneumococcal disease,2007,50-54 years,0,0
VTEC/STEC infection,2007,50-54 years,2,suppressed
Haemophilus influenzae type b,2007,50-54 years,0,0
Typhoid fever,2007,50-54 years,0,0
Salmonellosis,2007,50-54 years,56,20.7
Cysticercosis,2007,50-54 years,0,0
Leprosy,2007,50-54 years,0,0
Measles,2007,50-54 years,0,0
Toxic shellfish poisoning,2007,50-54 years,0,0
Tetanus,2007,50-54 years,0,0
Trichinosis,2007,50-54 years,0,0
Poliomyelitis,2007,50-54 years,0,0
Rickettsial disease,2007,50-54 years,0,0
Hepatitis NOS,2007,50-54 years,0,0
Meningoencephalitis - primary amoebic,2007,50-54 years,0,0
Q fever,2007,50-54 years,0,0
Mumps,2007,50-54 years,1,suppressed
Hydatid disease,2007,50-54 years,1,suppressed
Meningococcal disease,2007,50-54 years,2,suppressed
Acute gastroenteritis,2007,50-54 years,48,17.8
Paratyphoid fever,2007,50-54 years,2,suppressed
Hepatitis B,2007,50-54 years,5,1.8
Taeniasis,2007,55-59 years,0,0
Legionellosis,2007,55-59 years,5,2.1
Tetanus,2007,55-59 years,0,0
Campylobacteriosis,2007,55-59 years,750,308.2
Diphtheria,2007,55-59 years,0,0
Arboviral diseases,2007,55-59 years,10,4.1
Giardiasis,2007,55-59 years,70,28.8
Malaria,2007,55-59 years,1,suppressed
Listeriosis,2007,55-59 years,2,suppressed
Typhoid fever,2007,55-59 years,1,suppressed
Rabies and other lyssaviruses,2007,55-59 years,0,0
Tuberculosis disease,2007,55-59 years,13,5.3
Leptospirosis,2007,55-59 years,9,3.7
Rheumatic fever,2007,55-59 years,0,0
Invasive group A streptococcal infection,2007,55-59 years,0,0
Hepatitis B,2007,55-59 years,8,3.3
Leprosy,2007,55-59 years,0,0
Pertussis,2007,55-59 years,18,7.4
Rubella,2007,55-59 years,0,0
Invasive pneumococcal disease,2007,55-59 years,0,0
Q fever,2007,55-59 years,0,0
Cryptosporidiosis,2007,55-59 years,14,5.8
Brucellosis,2007,55-59 years,0,0
Hepatitis A,2007,55-59 years,3,suppressed
Mumps,2007,55-59 years,1,suppressed
Haemophilus influenzae type b,2007,55-59 years,0,0
Toxic shellfish poisoning,2007,55-59 years,0,0
Salmonellosis,2007,55-59 years,56,23
Trichinosis,2007,55-59 years,0,0
Poliomyelitis,2007,55-59 years,0,0
Shigellosis,2007,55-59 years,13,5.3
Hepatitis NOS,2007,55-59 years,0,0
VTEC/STEC infection,2007,55-59 years,2,suppressed
Hydatid disease,2007,55-59 years,0,0
Rickettsial disease,2007,55-59 years,0,0
Hepatitis C,2007,55-59 years,1,suppressed
Cysticercosis,2007,55-59 years,0,0
Acute gastroenteritis,2007,55-59 years,37,15.2
Mpox,2007,55-59 years,0,0
Measles,2007,55-59 years,0,0
Yersiniosis,2007,55-59 years,33,13.6
Meningococcal disease,2007,55-59 years,3,suppressed
Meningoencephalitis - primary amoebic,2007,55-59 years,0,0
Cholera,2007,55-59 years,0,0
Paratyphoid fever,2007,55-59 years,1,suppressed
Legionellosis,2007,60-64 years,6,3
Campylobacteriosis,2007,60-64 years,680,344.3
Tuberculosis disease,2007,60-64 years,20,10.1
Rabies and other lyssaviruses,2007,60-64 years,0,0
Malaria,2007,60-64 years,3,suppressed
Taeniasis,2007,60-64 years,0,0
Hepatitis B,2007,60-64 years,4,suppressed
Leptospirosis,2007,60-64 years,2,suppressed
Pertussis,2007,60-64 years,15,7.6
Arboviral diseases,2007,60-64 years,7,3.5
Hepatitis A,2007,60-64 years,1,suppressed
Toxic shellfish poisoning,2007,60-64 years,1,suppressed
Leprosy,2007,60-64 years,0,0
Listeriosis,2007,60-64 years,1,suppressed
VTEC/STEC infection,2007,60-64 years,4,suppressed
Rheumatic fever,2007,60-64 years,0,0
Q fever,2007,60-64 years,0,0
Brucellosis,2007,60-64 years,0,0
Diphtheria,2007,60-64 years,0,0
Giardiasis,2007,60-64 years,61,30.9
Haemophilus influenzae type b,2007,60-64 years,0,0
Measles,2007,60-64 years,0,0
Cysticercosis,2007,60-64 years,0,0
Tetanus,2007,60-64 years,0,0
Trichinosis,2007,60-64 years,0,0
Hepatitis NOS,2007,60-64 years,0,0
Cryptosporidiosis,2007,60-64 years,11,5.6
Typhoid fever,2007,60-64 years,0,0
Hydatid disease,2007,60-64 years,2,suppressed
Hepatitis C,2007,60-64 years,0,0
Rubella,2007,60-64 years,0,0
Meningoencephalitis - primary amoebic,2007,60-64 years,0,0
Paratyphoid fever,2007,60-64 years,0,0
Mpox,2007,60-64 years,0,0
Rickettsial disease,2007,60-64 years,1,suppressed
Poliomyelitis,2007,60-64 years,0,0
Yersiniosis,2007,60-64 years,21,10.6
Acute gastroenteritis,2007,60-64 years,26,13.2
Meningococcal disease,2007,60-64 years,1,suppressed
Shigellosis,2007,60-64 years,4,suppressed
Cholera,2007,60-64 years,0,0
Mumps,2007,60-64 years,0,0
Salmonellosis,2007,60-64 years,56,28.4
Invasive group A streptococcal infection,2007,60-64 years,0,0
Invasive pneumococcal disease,2007,60-64 years,0,0
Arboviral diseases,2007,65-69 years,5,3.1
Hepatitis NOS,2007,65-69 years,0,0
Tetanus,2007,65-69 years,0,0
Tuberculosis disease,2007,65-69 years,14,8.6
Diphtheria,2007,65-69 years,0,0
Leptospirosis,2007,65-69 years,0,0
Hepatitis A,2007,65-69 years,1,suppressed
Acute gastroenteritis,2007,65-69 years,35,21.5
Brucellosis,2007,65-69 years,0,0
Listeriosis,2007,65-69 years,5,3.1
Rabies and other lyssaviruses,2007,65-69 years,0,0
Campylobacteriosis,2007,65-69 years,522,320.5
Hydatid disease,2007,65-69 years,0,0
Q fever,2007,65-69 years,0,0
VTEC/STEC infection,2007,65-69 years,3,suppressed
Haemophilus influenzae type b,2007,65-69 years,0,0
Pertussis,2007,65-69 years,12,7.4
Legionellosis,2007,65-69 years,6,3.7
Taeniasis,2007,65-69 years,0,0
Hepatitis B,2007,65-69 years,3,suppressed
Giardiasis,2007,65-69 years,44,27
Cysticercosis,2007,65-69 years,0,0
Toxic shellfish poisoning,2007,65-69 years,1,suppressed
Cholera,2007,65-69 years,0,0
Malaria,2007,65-69 years,0,0
Yersiniosis,2007,65-69 years,9,5.5
Rubella,2007,65-69 years,0,0
Rheumatic fever,2007,65-69 years,0,0
Typhoid fever,2007,65-69 years,0,0
Measles,2007,65-69 years,0,0
Meningoencephalitis - primary amoebic,2007,65-69 years,0,0
Mpox,2007,65-69 years,0,0
Mumps,2007,65-69 years,0,0
Rickettsial disease,2007,65-69 years,0,0
Salmonellosis,2007,65-69 years,47,28.9
Cryptosporidiosis,2007,65-69 years,14,8.6
Trichinosis,2007,65-69 years,0,0
Leprosy,2007,65-69 years,0,0
Invasive pneumococcal disease,2007,65-69 years,0,0
Poliomyelitis,2007,65-69 years,0,0
Shigellosis,2007,65-69 years,2,suppressed
Invasive group A streptococcal infection,2007,65-69 years,0,0
Hepatitis C,2007,65-69 years,0,0
Paratyphoid fever,2007,65-69 years,0,0
Meningococcal disease,2007,65-69 years,1,suppressed
Diphtheria,2007,70-74 years,0,0
Arboviral diseases,2007,70-74 years,3,suppressed
Taeniasis,2007,70-74 years,0,0
Haemophilus influenzae type b,2007,70-74 years,1,suppressed
Legionellosis,2007,70-74 years,7,5.7
Rabies and other lyssaviruses,2007,70-74 years,0,0
Mpox,2007,70-74 years,0,0
Campylobacteriosis,2007,70-74 years,424,347.4
Meningococcal disease,2007,70-74 years,1,suppressed
Tetanus,2007,70-74 years,1,suppressed
Leptospirosis,2007,70-74 years,0,0
Hydatid disease,2007,70-74 years,0,0
Brucellosis,2007,70-74 years,0,0
Tuberculosis disease,2007,70-74 years,10,8.2
Pertussis,2007,70-74 years,9,7.4
Giardiasis,2007,70-74 years,19,15.6
Measles,2007,70-74 years,0,0
Meningoencephalitis - primary amoebic,2007,70-74 years,0,0
Cholera,2007,70-74 years,0,0
Malaria,2007,70-74 years,0,0
Invasive pneumococcal disease,2007,70-74 years,0,0
Rubella,2007,70-74 years,0,0
Listeriosis,2007,70-74 years,3,suppressed
VTEC/STEC infection,2007,70-74 years,1,suppressed
Yersiniosis,2007,70-74 years,11,9
Typhoid fever,2007,70-74 years,0,0
Paratyphoid fever,2007,70-74 years,0,0
Hepatitis B,2007,70-74 years,0,0
Rickettsial disease,2007,70-74 years,0,0
Salmonellosis,2007,70-74 years,28,22.9
Leprosy,2007,70-74 years,0,0
Hepatitis A,2007,70-74 years,0,0
Toxic shellfish poisoning,2007,70-74 years,0,0
Cysticercosis,2007,70-74 years,0,0
Q fever,2007,70-74 years,0,0
Shigellosis,2007,70-74 years,0,0
Rheumatic fever,2007,70-74 years,0,0
Hepatitis C,2007,70-74 years,0,0
Trichinosis,2007,70-74 years,0,0
Invasive group A streptococcal infection,2007,70-74 years,0,0
Mumps,2007,70-74 years,1,suppressed
Cryptosporidiosis,2007,70-74 years,7,5.7
Hepatitis NOS,2007,70-74 years,0,0
Acute gastroenteritis,2007,70-74 years,18,14.7
Poliomyelitis,2007,70-74 years,0,0
Mpox,2007,75-79 years,0,0
Legionellosis,2007,75-79 years,4,suppressed
Taeniasis,2007,75-79 years,0,0
Giardiasis,2007,75-79 years,16,15.4
Tetanus,2007,75-79 years,0,0
Arboviral diseases,2007,75-79 years,0,0
Invasive pneumococcal disease,2007,75-79 years,0,0
Haemophilus influenzae type b,2007,75-79 years,1,suppressed
Tuberculosis disease,2007,75-79 years,14,13.5
Diphtheria,2007,75-79 years,0,0
Leptospirosis,2007,75-79 years,0,0
Salmonellosis,2007,75-79 years,24,23.1
Meningoencephalitis - primary amoebic,2007,75-79 years,0,0
Cholera,2007,75-79 years,1,suppressed
Typhoid fever,2007,75-79 years,0,0
Cysticercosis,2007,75-79 years,0,0
Leprosy,2007,75-79 years,0,0
Campylobacteriosis,2007,75-79 years,342,328.6
Brucellosis,2007,75-79 years,0,0
Hydatid disease,2007,75-79 years,0,0
Rubella,2007,75-79 years,0,0
Q fever,2007,75-79 years,0,0
Pertussis,2007,75-79 years,9,8.6
Hepatitis B,2007,75-79 years,1,suppressed
Hepatitis NOS,2007,75-79 years,0,0
Measles,2007,75-79 years,0,0
Hepatitis A,2007,75-79 years,2,suppressed
Rabies and other lyssaviruses,2007,75-79 years,0,0
Yersiniosis,2007,75-79 years,15,14.4
Trichinosis,2007,75-79 years,0,0
Poliomyelitis,2007,75-79 years,0,0
VTEC/STEC infection,2007,75-79 years,1,suppressed
Rickettsial disease,2007,75-79 years,0,0
Acute gastroenteritis,2007,75-79 years,13,12.5
Invasive group A streptococcal infection,2007,75-79 years,0,0
Paratyphoid fever,2007,75-79 years,0,0
Malaria,2007,75-79 years,1,suppressed
Listeriosis,2007,75-79 years,2,suppressed
Shigellosis,2007,75-79 years,4,suppressed
Cryptosporidiosis,2007,75-79 years,4,suppressed
Rheumatic fever,2007,75-79 years,0,0
Hepatitis C,2007,75-79 years,0,0
Meningococcal disease,2007,75-79 years,2,suppressed
Mumps,2007,75-79 years,0,0
Toxic shellfish poisoning,2007,75-79 years,0,0
Hepatitis B,2007,80-84 years,0,0
Pertussis,2007,80-84 years,2,suppressed
Leptospirosis,2007,80-84 years,0,0
Taeniasis,2007,80-84 years,0,0
Brucellosis,2007,80-84 years,0,0
Toxic shellfish poisoning,2007,80-84 years,0,0
Rickettsial disease,2007,80-84 years,0,0
Typhoid fever,2007,80-84 years,1,suppressed
Legionellosis,2007,80-84 years,5,6.6
VTEC/STEC infection,2007,80-84 years,3,suppressed
Malaria,2007,80-84 years,0,0
Leprosy,2007,80-84 years,0,0
Invasive pneumococcal disease,2007,80-84 years,0,0
Diphtheria,2007,80-84 years,0,0
Rheumatic fever,2007,80-84 years,0,0
Hydatid disease,2007,80-84 years,1,suppressed
Q fever,2007,80-84 years,0,0
Cholera,2007,80-84 years,0,0
Haemophilus influenzae type b,2007,80-84 years,0,0
Rubella,2007,80-84 years,0,0
Giardiasis,2007,80-84 years,3,suppressed
Tuberculosis disease,2007,80-84 years,8,10.6
Hepatitis A,2007,80-84 years,0,0
Cysticercosis,2007,80-84 years,0,0
Trichinosis,2007,80-84 years,0,0
Cryptosporidiosis,2007,80-84 years,1,suppressed
Tetanus,2007,80-84 years,0,0
Listeriosis,2007,80-84 years,5,6.6
Yersiniosis,2007,80-84 years,9,11.9
Paratyphoid fever,2007,80-84 years,0,0
Arboviral diseases,2007,80-84 years,2,suppressed
Mumps,2007,80-84 years,0,0
Poliomyelitis,2007,80-84 years,0,0
Hepatitis NOS,2007,80-84 years,0,0
Mpox,2007,80-84 years,0,0
Meningococcal disease,2007,80-84 years,0,0
Acute gastroenteritis,2007,80-84 years,16,21.2
Salmonellosis,2007,80-84 years,9,11.9
Rabies and other lyssaviruses,2007,80-84 years,0,0
Campylobacteriosis,2007,80-84 years,229,303.6
Invasive group A streptococcal infection,2007,80-84 years,0,0
Hepatitis C,2007,80-84 years,1,suppressed
Measles,2007,80-84 years,0,0
Meningoencephalitis - primary amoebic,2007,80-84 years,0,0
Shigellosis,2007,80-84 years,2,suppressed
Brucellosis,2007,85+ years,0,0
Tetanus,2007,85+ years,0,0
Trichinosis,2007,85+ years,0,0
Legionellosis,2007,85+ years,2,suppressed
Hydatid disease,2007,85+ years,1,suppressed
Haemophilus influenzae type b,2007,85+ years,1,suppressed
Hepatitis A,2007,85+ years,1,suppressed
Malaria,2007,85+ years,0,0
Rabies and other lyssaviruses,2007,85+ years,0,0
Campylobacteriosis,2007,85+ years,114,187.5
Hepatitis NOS,2007,85+ years,0,0
VTEC/STEC infection,2007,85+ years,1,suppressed
Q fever,2007,85+ years,0,0
Leptospirosis,2007,85+ years,0,0
Yersiniosis,2007,85+ years,8,13.2
Invasive group A streptococcal infection,2007,85+ years,0,0
Typhoid fever,2007,85+ years,0,0
Giardiasis,2007,85+ years,2,suppressed
Taeniasis,2007,85+ years,0,0
Hepatitis B,2007,85+ years,1,suppressed
Cryptosporidiosis,2007,85+ years,1,suppressed
Meningococcal disease,2007,85+ years,1,suppressed
Cysticercosis,2007,85+ years,0,0
Listeriosis,2007,85+ years,2,suppressed
Rheumatic fever,2007,85+ years,0,0
Paratyphoid fever,2007,85+ years,0,0
Arboviral diseases,2007,85+ years,0,0
Tuberculosis disease,2007,85+ years,7,11.5
Salmonellosis,2007,85+ years,8,13.2
Acute gastroenteritis,2007,85+ years,22,36.2
Measles,2007,85+ years,0,0
Mpox,2007,85+ years,0,0
Toxic shellfish poisoning,2007,85+ years,0,0
Invasive pneumococcal disease,2007,85+ years,0,0
Shigellosis,2007,85+ years,0,0
Cholera,2007,85+ years,0,0
Diphtheria,2007,85+ years,0,0
Rubella,2007,85+ years,0,0
Poliomyelitis,2007,85+ years,0,0
Mumps,2007,85+ years,0,0
Pertussis,2007,85+ years,0,0
Leprosy,2007,85+ years,0,0
Hepatitis C,2007,85+ years,0,0
Rickettsial disease,2007,85+ years,0,0
Meningoencephalitis - primary amoebic,2007,85+ years,0,0
Brucellosis,2007,5-9 years,0,0
Cholera,2007,5-9 years,0,0
Leptospirosis,2007,5-9 years,0,0
Mpox,2007,5-9 years,0,0
Cryptosporidiosis,2007,5-9 years,120,41.1
Taeniasis,2007,5-9 years,0,0
Haemophilus influenzae type b,2007,5-9 years,1,suppressed
Hepatitis B,2007,5-9 years,0,0
Acute gastroenteritis,2007,5-9 years,9,3.1
Shigellosis,2007,5-9 years,6,2.1
Rabies and other lyssaviruses,2007,5-9 years,0,0
Yersiniosis,2007,5-9 years,23,7.9
Rubella,2007,5-9 years,0,0
Mumps,2007,5-9 years,12,4.1
Typhoid fever,2007,5-9 years,5,1.7
Pertussis,2007,5-9 years,20,6.9
Q fever,2007,5-9 years,0,0
Invasive pneumococcal disease,2007,5-9 years,0,0
Measles,2007,5-9 years,3,suppressed
Arboviral diseases,2007,5-9 years,1,suppressed
Tuberculosis disease,2007,5-9 years,7,2.4
Invasive group A streptococcal infection,2007,5-9 years,0,0
Meningococcal disease,2007,5-9 years,11,3.8
Rheumatic fever,2007,5-9 years,33,11.3
Giardiasis,2007,5-9 years,97,33.2
Diphtheria,2007,5-9 years,0,0
Tetanus,2007,5-9 years,0,0
Rickettsial disease,2007,5-9 years,0,0
Listeriosis,2007,5-9 years,0,0
Legionellosis,2007,5-9 years,0,0
Toxic shellfish poisoning,2007,5-9 years,0,0
Cysticercosis,2007,5-9 years,0,0
Campylobacteriosis,2007,5-9 years,604,207
Trichinosis,2007,5-9 years,0,0
Hydatid disease,2007,5-9 years,0,0
Hepatitis C,2007,5-9 years,0,0
Hepatitis A,2007,5-9 years,6,2.1
Salmonellosis,2007,5-9 years,70,24
Paratyphoid fever,2007,5-9 years,0,0
VTEC/STEC infection,2007,5-9 years,12,4.1
Meningoencephalitis - primary amoebic,2007,5-9 years,0,0
Malaria,2007,5-9 years,0,0
Hepatitis NOS,2007,5-9 years,0,0
Leprosy,2007,5-9 years,0,0
Poliomyelitis,2007,5-9 years,0,0
Mpox,2007,10-14 years,0,0
Invasive group A streptococcal infection,2007,10-14 years,0,0
Tuberculosis disease,2007,10-14 years,4,suppressed
Diphtheria,2007,10-14 years,0,0
Haemophilus influenzae type b,2007,10-14 years,1,suppressed
Hepatitis B,2007,10-14 years,1,suppressed
Rabies and other lyssaviruses,2007,10-14 years,0,0
Rubella,2007,10-14 years,0,0
Cryptosporidiosis,2007,10-14 years,65,21.2
Yersiniosis,2007,10-14 years,22,7.2
Hepatitis A,2007,10-14 years,2,suppressed
Typhoid fever,2007,10-14 years,1,suppressed
Listeriosis,2007,10-14 years,0,0
Rheumatic fever,2007,10-14 years,56,18.3
Pertussis,2007,10-14 years,25,8.2
Legionellosis,2007,10-14 years,0,0
Toxic shellfish poisoning,2007,10-14 years,0,0
Leptospirosis,2007,10-14 years,0,0
Arboviral diseases,2007,10-14 years,1,suppressed
Invasive pneumococcal disease,2007,10-14 years,0,0
Meningococcal disease,2007,10-14 years,8,2.6
Mumps,2007,10-14 years,12,3.9
Shigellosis,2007,10-14 years,7,2.3
Salmonellosis,2007,10-14 years,58,18.9
Cholera,2007,10-14 years,0,0
Acute gastroenteritis,2007,10-14 years,11,3.6
Measles,2007,10-14 years,0,0
Taeniasis,2007,10-14 years,0,0
Campylobacteriosis,2007,10-14 years,578,188.7
Hydatid disease,2007,10-14 years,0,0
Cysticercosis,2007,10-14 years,2,suppressed
Leprosy,2007,10-14 years,1,suppressed
Giardiasis,2007,10-14 years,22,7.2
Paratyphoid fever,2007,10-14 years,3,suppressed
Tetanus,2007,10-14 years,0,0
Q fever,2007,10-14 years,0,0
Malaria,2007,10-14 years,3,suppressed
Trichinosis,2007,10-14 years,0,0
Hepatitis NOS,2007,10-14 years,0,0
Meningoencephalitis - primary amoebic,2007,10-14 years,0,0
Hepatitis C,2007,10-14 years,0,0
Poliomyelitis,2007,10-14 years,0,0
VTEC/STEC infection,2007,10-14 years,2,suppressed
Rickettsial disease,2007,10-14 years,0,0
Brucellosis,2007,10-14 years,0,0
Pertussis,2007,15-19 years,24,7.6
Campylobacteriosis,2007,15-19 years,941,297.6
Typhoid fever,2007,15-19 years,8,2.5
Hepatitis A,2007,15-19 years,8,2.5
Yersiniosis,2007,15-19 years,19,6
Arboviral diseases,2007,15-19 years,4,suppressed
Rickettsial disease,2007,15-19 years,0,0
Invasive group A streptococcal infection,2007,15-19 years,0,0
Rheumatic fever,2007,15-19 years,30,9.5
Taeniasis,2007,15-19 years,0,0
Mpox,2007,15-19 years,0,0
Cholera,2007,15-19 years,0,0
Leptospirosis,2007,15-19 years,1,suppressed
Hepatitis NOS,2007,15-19 years,0,0
Rabies and other lyssaviruses,2007,15-19 years,0,0
Salmonellosis,2007,15-19 years,69,21.8
Toxic shellfish poisoning,2007,15-19 years,0,0
Q fever,2007,15-19 years,0,0
Malaria,2007,15-19 years,0,0
Paratyphoid fever,2007,15-19 years,2,suppressed
Cryptosporidiosis,2007,15-19 years,39,12.3
Tuberculosis disease,2007,15-19 years,20,6.3
Meningoencephalitis - primary amoebic,2007,15-19 years,0,0
Trichinosis,2007,15-19 years,0,0
Legionellosis,2007,15-19 years,0,0
Cysticercosis,2007,15-19 years,0,0
Hepatitis B,2007,15-19 years,2,suppressed
Hepatitis C,2007,15-19 years,2,suppressed
Hydatid disease,2007,15-19 years,0,0
Tetanus,2007,15-19 years,0,0
VTEC/STEC infection,2007,15-19 years,2,suppressed
Diphtheria,2007,15-19 years,0,0
Poliomyelitis,2007,15-19 years,0,0
Mumps,2007,15-19 years,3,suppressed
Listeriosis,2007,15-19 years,0,0
Meningococcal disease,2007,15-19 years,14,4.4
Giardiasis,2007,15-19 years,23,7.3
Measles,2007,15-19 years,1,suppressed
Brucellosis,2007,15-19 years,0,0
Haemophilus influenzae type b,2007,15-19 years,0,0
Rubella,2007,15-19 years,0,0
Acute gastroenteritis,2007,15-19 years,28,8.9
Invasive pneumococcal disease,2007,15-19 years,0,0
Shigellosis,2007,15-19 years,6,1.9
Leprosy,2007,15-19 years,0,0
Arboviral diseases,2007,20-24 years,8,2.8
Pertussis,2007,20-24 years,13,4.5
Trichinosis,2007,20-24 years,0,0
Leptospirosis,2007,20-24 years,8,2.8
Cholera,2007,20-24 years,0,0
Hepatitis A,2007,20-24 years,3,suppressed
Rabies and other lyssaviruses,2007,20-24 years,0,0
Typhoid fever,2007,20-24 years,3,suppressed
Hepatitis B,2007,20-24 years,6,2.1
Tuberculosis disease,2007,20-24 years,33,11.4
Legionellosis,2007,20-24 years,2,suppressed
Brucellosis,2007,20-24 years,0,0
Rheumatic fever,2007,20-24 years,7,2.4
Taeniasis,2007,20-24 years,0,0
Yersiniosis,2007,20-24 years,29,10
Toxic shellfish poisoning,2007,20-24 years,0,0
Cryptosporidiosis,2007,20-24 years,53,18.3
Listeriosis,2007,20-24 years,0,0
Cysticercosis,2007,20-24 years,0,0
VTEC/STEC infection,2007,20-24 years,1,suppressed
Haemophilus influenzae type b,2007,20-24 years,0,0
Tetanus,2007,20-24 years,0,0
Diphtheria,2007,20-24 years,0,0
Campylobacteriosis,2007,20-24 years,1207,417.4
Acute gastroenteritis,2007,20-24 years,30,10.4
Hepatitis C,2007,20-24 years,2,suppressed
Mpox,2007,20-24 years,0,0
Measles,2007,20-24 years,0,0
Mumps,2007,20-24 years,5,1.7
Shigellosis,2007,20-24 years,7,2.4
Rickettsial disease,2007,20-24 years,0,0
Invasive group A streptococcal infection,2007,20-24 years,0,0
Paratyphoid fever,2007,20-24 years,3,suppressed
Rubella,2007,20-24 years,0,0
Meningococcal disease,2007,20-24 years,10,3.5
Meningoencephalitis - primary amoebic,2007,20-24 years,0,0
Hydatid disease,2007,20-24 years,0,0
Giardiasis,2007,20-24 years,48,16.6
Invasive pneumococcal disease,2007,20-24 years,0,0
Q fever,2007,20-24 years,0,0
Salmonellosis,2007,20-24 years,98,33.9
Poliomyelitis,2007,20-24 years,0,0
Leprosy,2007,20-24 years,2,suppressed
Malaria,2007,20-24 years,3,suppressed
Hepatitis NOS,2007,20-24 years,0,0
Brucellosis,2007,25-29 years,0,0
Campylobacteriosis,2007,25-29 years,973,368
Haemophilus influenzae type b,2007,25-29 years,0,0
Arboviral diseases,2007,25-29 years,11,4.2
Measles,2007,25-29 years,2,suppressed
Toxic shellfish poisoning,2007,25-29 years,0,0
Diphtheria,2007,25-29 years,0,0
Leptospirosis,2007,25-29 years,6,2.3
Cholera,2007,25-29 years,0,0
Listeriosis,2007,25-29 years,2,suppressed
Legionellosis,2007,25-29 years,2,suppressed
Rheumatic fever,2007,25-29 years,5,1.9
Taeniasis,2007,25-29 years,0,0
Hepatitis B,2007,25-29 years,7,2.6
Acute gastroenteritis,2007,25-29 years,44,16.6
Typhoid fever,2007,25-29 years,6,2.3
Pertussis,2007,25-29 years,15,5.7
Invasive group A streptococcal infection,2007,25-29 years,0,0
Q fever,2007,25-29 years,0,0
Meningoencephalitis - primary amoebic,2007,25-29 years,0,0
Rabies and other lyssaviruses,2007,25-29 years,0,0
Mpox,2007,25-29 years,0,0
Yersiniosis,2007,25-29 years,24,9.1
Shigellosis,2007,25-29 years,6,2.3
Meningococcal disease,2007,25-29 years,2,suppressed
Cryptosporidiosis,2007,25-29 years,52,19.7
Tetanus,2007,25-29 years,0,0
Mumps,2007,25-29 years,3,suppressed
Rickettsial disease,2007,25-29 years,0,0
Salmonellosis,2007,25-29 years,74,28
Tuberculosis disease,2007,25-29 years,20,7.6
Rubella,2007,25-29 years,1,suppressed
Invasive pneumococcal disease,2007,25-29 years,0,0
Cysticercosis,2007,25-29 years,0,0
Leprosy,2007,25-29 years,0,0
Malaria,2007,25-29 years,1,suppressed
VTEC/STEC infection,2007,25-29 years,1,suppressed
Poliomyelitis,2007,25-29 years,0,0
Paratyphoid fever,2007,25-29 years,5,1.9
Hepatitis A,2007,25-29 years,4,suppressed
Hepatitis NOS,2007,25-29 years,1,suppressed
Hydatid disease,2007,25-29 years,0,0
Trichinosis,2007,25-29 years,0,0
Hepatitis C,2007,25-29 years,4,suppressed
Giardiasis,2007,25-29 years,89,33.7
Mpox,2007,30-34 years,0,0
Leptospirosis,2007,30-34 years,4,suppressed
Brucellosis,2007,30-34 years,0,0
Taeniasis,2007,30-34 years,0,0
Acute gastroenteritis,2007,30-34 years,44,15.8
Haemophilus influenzae type b,2007,30-34 years,0,0
Rheumatic fever,2007,30-34 years,2,suppressed
Campylobacteriosis,2007,30-34 years,806,289.4
Cholera,2007,30-34 years,0,0
Rubella,2007,30-34 years,0,0
Listeriosis,2007,30-34 years,2,suppressed
Pertussis,2007,30-34 years,22,7.9
Measles,2007,30-34 years,1,suppressed
Invasive group A streptococcal infection,2007,30-34 years,0,0
Arboviral diseases,2007,30-34 years,13,4.7
Toxic shellfish poisoning,2007,30-34 years,0,0
Typhoid fever,2007,30-34 years,7,2.5
Tuberculosis disease,2007,30-34 years,28,10.1
Invasive pneumococcal disease,2007,30-34 years,0,0
Shigellosis,2007,30-34 years,8,2.9
Rabies and other lyssaviruses,2007,30-34 years,0,0
Hepatitis A,2007,30-34 years,1,suppressed
VTEC/STEC infection,2007,30-34 years,1,suppressed
Q fever,2007,30-34 years,0,0
Rickettsial disease,2007,30-34 years,0,0
Tetanus,2007,30-34 years,0,0
Hepatitis C,2007,30-34 years,2,suppressed
Meningoencephalitis - primary amoebic,2007,30-34 years,0,0
Legionellosis,2007,30-34 years,4,suppressed
Salmonellosis,2007,30-34 years,79,28.4
Yersiniosis,2007,30-34 years,32,11.5
Poliomyelitis,2007,30-34 years,0,0
Meningococcal disease,2007,30-34 years,3,suppressed
Cysticercosis,2007,30-34 years,0,0
Hepatitis B,2007,30-34 years,12,4.3
Cryptosporidiosis,2007,30-34 years,62,22.3
Mumps,2007,30-34 years,4,suppressed
Paratyphoid fever,2007,30-34 years,2,suppressed
Malaria,2007,30-34 years,1,suppressed
Giardiasis,2007,30-34 years,133,47.8
Diphtheria,2007,30-34 years,0,0
Hydatid disease,2007,30-34 years,0,0
Leprosy,2007,30-34 years,1,suppressed
Hepatitis NOS,2007,30-34 years,0,0
Trichinosis,2007,30-34 years,0,0
Campylobacteriosis,2007,35-39 years,785,249
Q fever,2007,35-39 years,0,0
Toxic shellfish poisoning,2007,35-39 years,0,0
Pertussis,2007,35-39 years,20,6.3
Hepatitis A,2007,35-39 years,2,suppressed
Haemophilus influenzae type b,2007,35-39 years,0,0
Legionellosis,2007,35-39 years,1,suppressed
Rheumatic fever,2007,35-39 years,3,suppressed
Brucellosis,2007,35-39 years,1,suppressed
Arboviral diseases,2007,35-39 years,13,4.1
Listeriosis,2007,35-39 years,1,suppressed
Invasive group A streptococcal infection,2007,35-39 years,0,0
Rabies and other lyssaviruses,2007,35-39 years,0,0
Cholera,2007,35-39 years,0,0
Meningoencephalitis - primary amoebic,2007,35-39 years,0,0
Mpox,2007,35-39 years,0,0
Rubella,2007,35-39 years,0,0
Invasive pneumococcal disease,2007,35-39 years,0,0
VTEC/STEC infection,2007,35-39 years,3,suppressed
Rickettsial disease,2007,35-39 years,0,0
Salmonellosis,2007,35-39 years,66,20.9
Tuberculosis disease,2007,35-39 years,23,7.3
Taeniasis,2007,35-39 years,0,0
Hepatitis B,2007,35-39 years,10,3.2
Paratyphoid fever,2007,35-39 years,0,0
Cysticercosis,2007,35-39 years,0,0
Hepatitis NOS,2007,35-39 years,0,0
Meningococcal disease,2007,35-39 years,4,suppressed
Shigellosis,2007,35-39 years,9,2.9
Giardiasis,2007,35-39 years,207,65.7
Tetanus,2007,35-39 years,0,0
Cryptosporidiosis,2007,35-39 years,59,18.7
Hydatid disease,2007,35-39 years,0,0
Leprosy,2007,35-39 years,2,suppressed
Typhoid fever,2007,35-39 years,4,suppressed
Leptospirosis,2007,35-39 years,10,3.2
Poliomyelitis,2007,35-39 years,0,0
Malaria,2007,35-39 years,2,suppressed
Measles,2007,35-39 years,2,suppressed
Yersiniosis,2007,35-39 years,34,10.8
Hepatitis C,2007,35-39 years,4,suppressed
Acute gastroenteritis,2007,35-39 years,56,17.8
Trichinosis,2007,35-39 years,0,0
Mumps,2007,35-39 years,2,suppressed
Diphtheria,2007,35-39 years,0,0
Q fever,2007,40-44 years,0,0
Cholera,2007,40-44 years,0,0
Cysticercosis,2007,40-44 years,0,0
Leptospirosis,2007,40-44 years,13,4.1
Brucellosis,2007,40-44 years,1,suppressed
Tuberculosis disease,2007,40-44 years,18,5.6
Arboviral diseases,2007,40-44 years,13,4.1
Legionellosis,2007,40-44 years,5,1.6
Campylobacteriosis,2007,40-44 years,818,256.5
Hepatitis A,2007,40-44 years,3,suppressed
Rabies and other lyssaviruses,2007,40-44 years,0,0
Leprosy,2007,40-44 years,1,suppressed
Toxic shellfish poisoning,2007,40-44 years,1,suppressed
Rheumatic fever,2007,40-44 years,0,0
Cryptosporidiosis,2007,40-44 years,22,6.9
VTEC/STEC infection,2007,40-44 years,4,suppressed
Listeriosis,2007,40-44 years,1,suppressed
Typhoid fever,2007,40-44 years,4,suppressed
Pertussis,2007,40-44 years,21,6.6
Taeniasis,2007,40-44 years,0,0
Hepatitis B,2007,40-44 years,5,1.6
Haemophilus influenzae type b,2007,40-44 years,0,0
Mumps,2007,40-44 years,3,suppressed
Meningococcal disease,2007,40-44 years,0,0
Trichinosis,2007,40-44 years,0,0
Yersiniosis,2007,40-44 years,28,8.8
Tetanus,2007,40-44 years,0,0
Malaria,2007,40-44 years,2,suppressed
Hydatid disease,2007,40-44 years,1,suppressed
Rubella,2007,40-44 years,0,0
Hepatitis C,2007,40-44 years,6,1.9
Diphtheria,2007,40-44 years,0,0
Rickettsial disease,2007,40-44 years,1,suppressed
Salmonellosis,2007,40-44 years,68,21.3
Invasive group A streptococcal infection,2007,40-44 years,0,0
Hepatitis NOS,2007,40-44 years,0,0
Acute gastroenteritis,2007,40-44 years,46,14.4
Meningoencephalitis - primary amoebic,2007,40-44 years,0,0
Giardiasis,2007,40-44 years,127,39.8
Mpox,2007,40-44 years,0,0
Invasive pneumococcal disease,2007,40-44 years,0,0
Poliomyelitis,2007,40-44 years,0,0
Shigellosis,2007,40-44 years,15,4.7
Paratyphoid fever,2007,40-44 years,2,suppressed
Measles,2007,40-44 years,0,0
Diphtheria,2008,0-4 years,0,0
Taeniasis,2008,0-4 years,0,0
Cryptosporidiosis,2008,0-4 years,288,95.7
Pertussis,2008,0-4 years,62,20.6
Meningococcal disease,2008,0-4 years,51,16.9
Listeriosis,2008,0-4 years,1,suppressed
Rabies and other lyssaviruses,2008,0-4 years,0,0
Leprosy,2008,0-4 years,0,0
Brucellosis,2008,0-4 years,0,0
Tuberculosis disease,2008,0-4 years,4,suppressed
Tetanus,2008,0-4 years,0,0
VTEC/STEC infection,2008,0-4 years,42,14
Legionellosis,2008,0-4 years,0,0
Campylobacteriosis,2008,0-4 years,927,308
Hepatitis B,2008,0-4 years,2,suppressed
Acute gastroenteritis,2008,0-4 years,129,42.9
Mpox,2008,0-4 years,0,0
Haemophilus influenzae type b,2008,0-4 years,4,suppressed
Toxic shellfish poisoning,2008,0-4 years,0,0
Invasive pneumococcal disease,2008,0-4 years,23,7.6
Trichinosis,2008,0-4 years,0,0
Paratyphoid fever,2008,0-4 years,4,suppressed
Leptospirosis,2008,0-4 years,0,0
Hepatitis C,2008,0-4 years,0,0
Rheumatic fever,2008,0-4 years,2,suppressed
Meningoencephalitis - primary amoebic,2008,0-4 years,0,0
Giardiasis,2008,0-4 years,358,118.9
Typhoid fever,2008,0-4 years,4,suppressed
Measles,2008,0-4 years,8,2.7
Salmonellosis,2008,0-4 years,342,113.6
Hydatid disease,2008,0-4 years,0,0
Hepatitis A,2008,0-4 years,13,4.3
Cysticercosis,2008,0-4 years,0,0
Malaria,2008,0-4 years,1,suppressed
Shigellosis,2008,0-4 years,13,4.3
Arboviral diseases,2008,0-4 years,1,suppressed
Rubella,2008,0-4 years,6,2
Rickettsial disease,2008,0-4 years,0,0
Invasive group A streptococcal infection,2008,0-4 years,0,0
Q fever,2008,0-4 years,0,0
Hepatitis NOS,2008,0-4 years,0,0
Poliomyelitis,2008,0-4 years,0,0
Cholera,2008,0-4 years,0,0
Yersiniosis,2008,0-4 years,156,51.8
Mumps,2008,0-4 years,24,8
Campylobacteriosis,2008,45-49 years,423,132.1
Malaria,2008,45-49 years,3,suppressed
Trichinosis,2008,45-49 years,0,0
Leprosy,2008,45-49 years,1,suppressed
Invasive pneumococcal disease,2008,45-49 years,6,1.9
Mpox,2008,45-49 years,0,0
Brucellosis,2008,45-49 years,0,0
Acute gastroenteritis,2008,45-49 years,51,15.9
Shigellosis,2008,45-49 years,8,2.5
Invasive group A streptococcal infection,2008,45-49 years,0,0
Hepatitis B,2008,45-49 years,4,suppressed
Legionellosis,2008,45-49 years,4,suppressed
Meningoencephalitis - primary amoebic,2008,45-49 years,0,0
Haemophilus influenzae type b,2008,45-49 years,0,0
Arboviral diseases,2008,45-49 years,10,3.1
Hepatitis A,2008,45-49 years,4,suppressed
Listeriosis,2008,45-49 years,2,suppressed
Hepatitis NOS,2008,45-49 years,0,0
Tuberculosis disease,2008,45-49 years,11,3.4
Mumps,2008,45-49 years,3,suppressed
Rabies and other lyssaviruses,2008,45-49 years,0,0
Tetanus,2008,45-49 years,0,0
VTEC/STEC infection,2008,45-49 years,6,1.9
Cholera,2008,45-49 years,0,0
Meningococcal disease,2008,45-49 years,7,2.2
Diphtheria,2008,45-49 years,0,0
Typhoid fever,2008,45-49 years,0,0
Paratyphoid fever,2008,45-49 years,1,suppressed
Salmonellosis,2008,45-49 years,68,21.2
Taeniasis,2008,45-49 years,0,0
Leptospirosis,2008,45-49 years,15,4.7
Cryptosporidiosis,2008,45-49 years,18,5.6
Giardiasis,2008,45-49 years,97,30.3
Toxic shellfish poisoning,2008,45-49 years,0,0
Pertussis,2008,45-49 years,28,8.7
Yersiniosis,2008,45-49 years,26,8.1
Rickettsial disease,2008,45-49 years,1,suppressed
Q fever,2008,45-49 years,0,0
Poliomyelitis,2008,45-49 years,0,0
Cysticercosis,2008,45-49 years,0,0
Measles,2008,45-49 years,0,0
Rubella,2008,45-49 years,0,0
Hepatitis C,2008,45-49 years,1,suppressed
Rheumatic fever,2008,45-49 years,1,suppressed
Hydatid disease,2008,45-49 years,0,0
Shigellosis,2008,50-54 years,9,3.3
Invasive pneumococcal disease,2008,50-54 years,7,2.5
Campylobacteriosis,2008,50-54 years,377,136.2
Leprosy,2008,50-54 years,0,0
Hepatitis B,2008,50-54 years,4,suppressed
Arboviral diseases,2008,50-54 years,13,4.7
Trichinosis,2008,50-54 years,0,0
Brucellosis,2008,50-54 years,1,suppressed
Haemophilus influenzae type b,2008,50-54 years,0,0
Invasive group A streptococcal infection,2008,50-54 years,0,0
Mpox,2008,50-54 years,0,0
Listeriosis,2008,50-54 years,2,suppressed
Taeniasis,2008,50-54 years,0,0
Pertussis,2008,50-54 years,32,11.6
Giardiasis,2008,50-54 years,74,26.7
Mumps,2008,50-54 years,0,0
Tetanus,2008,50-54 years,0,0
Hepatitis NOS,2008,50-54 years,0,0
Hydatid disease,2008,50-54 years,2,suppressed
Cholera,2008,50-54 years,0,0
Malaria,2008,50-54 years,2,suppressed
Typhoid fever,2008,50-54 years,2,suppressed
Q fever,2008,50-54 years,0,0
Legionellosis,2008,50-54 years,4,suppressed
Meningoencephalitis - primary amoebic,2008,50-54 years,0,0
Diphtheria,2008,50-54 years,0,0
VTEC/STEC infection,2008,50-54 years,2,suppressed
Paratyphoid fever,2008,50-54 years,3,suppressed
Toxic shellfish poisoning,2008,50-54 years,1,suppressed
Cysticercosis,2008,50-54 years,0,0
Rheumatic fever,2008,50-54 years,0,0
Cryptosporidiosis,2008,50-54 years,16,5.8
Rickettsial disease,2008,50-54 years,0,0
Meningococcal disease,2008,50-54 years,4,suppressed
Hepatitis A,2008,50-54 years,3,suppressed
Yersiniosis,2008,50-54 years,26,9.4
Salmonellosis,2008,50-54 years,54,19.5
Tuberculosis disease,2008,50-54 years,17,6.1
Rubella,2008,50-54 years,1,suppressed
Measles,2008,50-54 years,0,0
Leptospirosis,2008,50-54 years,13,4.7
Poliomyelitis,2008,50-54 years,0,0
Rabies and other lyssaviruses,2008,50-54 years,0,0
Acute gastroenteritis,2008,50-54 years,44,15.9
Hepatitis C,2008,50-54 years,1,suppressed
Trichinosis,2008,55-59 years,0,0
Listeriosis,2008,55-59 years,0,0
Arboviral diseases,2008,55-59 years,11,4.5
Malaria,2008,55-59 years,1,suppressed
Hepatitis B,2008,55-59 years,1,suppressed
Cryptosporidiosis,2008,55-59 years,15,6.1
Brucellosis,2008,55-59 years,0,0
Campylobacteriosis,2008,55-59 years,357,146
Shigellosis,2008,55-59 years,10,4.1
Mpox,2008,55-59 years,0,0
Invasive pneumococcal disease,2008,55-59 years,11,4.5
Taeniasis,2008,55-59 years,0,0
Leprosy,2008,55-59 years,1,suppressed
VTEC/STEC infection,2008,55-59 years,1,suppressed
Hydatid disease,2008,55-59 years,0,0
Cholera,2008,55-59 years,0,0
Meningococcal disease,2008,55-59 years,0,0
Haemophilus influenzae type b,2008,55-59 years,0,0
Legionellosis,2008,55-59 years,8,3.3
Meningoencephalitis - primary amoebic,2008,55-59 years,0,0
Diphtheria,2008,55-59 years,0,0
Tetanus,2008,55-59 years,0,0
Hepatitis NOS,2008,55-59 years,1,suppressed
Giardiasis,2008,55-59 years,56,22.9
Poliomyelitis,2008,55-59 years,0,0
Rickettsial disease,2008,55-59 years,0,0
Leptospirosis,2008,55-59 years,10,4.1
Hepatitis C,2008,55-59 years,1,suppressed
Invasive group A streptococcal infection,2008,55-59 years,0,0
Hepatitis A,2008,55-59 years,3,suppressed
Typhoid fever,2008,55-59 years,1,suppressed
Pertussis,2008,55-59 years,30,12.3
Tuberculosis disease,2008,55-59 years,18,7.4
Acute gastroenteritis,2008,55-59 years,33,13.5
Mumps,2008,55-59 years,0,0
Measles,2008,55-59 years,0,0
Paratyphoid fever,2008,55-59 years,1,suppressed
Rubella,2008,55-59 years,0,0
Rheumatic fever,2008,55-59 years,0,0
Yersiniosis,2008,55-59 years,30,12.3
Q fever,2008,55-59 years,0,0
Rabies and other lyssaviruses,2008,55-59 years,0,0
Cysticercosis,2008,55-59 years,0,0
Toxic shellfish poisoning,2008,55-59 years,0,0
Salmonellosis,2008,55-59 years,66,27
Listeriosis,2008,60-64 years,1,suppressed
Mpox,2008,60-64 years,0,0
Arboviral diseases,2008,60-64 years,12,5.7
Tetanus,2008,60-64 years,0,0
Campylobacteriosis,2008,60-64 years,360,169.9
Brucellosis,2008,60-64 years,0,0
Tuberculosis disease,2008,60-64 years,19,9
Hepatitis B,2008,60-64 years,1,suppressed
Measles,2008,60-64 years,0,0
Meningoencephalitis - primary amoebic,2008,60-64 years,0,0
Leptospirosis,2008,60-64 years,7,3.3
Invasive group A streptococcal infection,2008,60-64 years,0,0
Malaria,2008,60-64 years,1,suppressed
Trichinosis,2008,60-64 years,0,0
Legionellosis,2008,60-64 years,12,5.7
Diphtheria,2008,60-64 years,0,0
Giardiasis,2008,60-64 years,89,42
Shigellosis,2008,60-64 years,4,suppressed
Hepatitis NOS,2008,60-64 years,0,0
Paratyphoid fever,2008,60-64 years,1,suppressed
VTEC/STEC infection,2008,60-64 years,8,3.8
Leprosy,2008,60-64 years,0,0
Hydatid disease,2008,60-64 years,1,suppressed
Cryptosporidiosis,2008,60-64 years,11,5.2
Acute gastroenteritis,2008,60-64 years,31,14.6
Rheumatic fever,2008,60-64 years,0,0
Cholera,2008,60-64 years,0,0
Meningococcal disease,2008,60-64 years,4,suppressed
Pertussis,2008,60-64 years,17,8
Taeniasis,2008,60-64 years,0,0
Mumps,2008,60-64 years,0,0
Salmonellosis,2008,60-64 years,57,26.9
Haemophilus influenzae type b,2008,60-64 years,0,0
Rickettsial disease,2008,60-64 years,1,suppressed
Toxic shellfish poisoning,2008,60-64 years,0,0
Invasive pneumococcal disease,2008,60-64 years,5,2.4
Hepatitis C,2008,60-64 years,0,0
Typhoid fever,2008,60-64 years,0,0
Poliomyelitis,2008,60-64 years,0,0
Q fever,2008,60-64 years,0,0
Yersiniosis,2008,60-64 years,22,10.4
Hepatitis A,2008,60-64 years,2,suppressed
Rubella,2008,60-64 years,0,0
Cysticercosis,2008,60-64 years,0,0
Rabies and other lyssaviruses,2008,60-64 years,0,0
Legionellosis,2008,65-69 years,7,4.2
Mpox,2008,65-69 years,0,0
Meningococcal disease,2008,65-69 years,1,suppressed
Cholera,2008,65-69 years,0,0
Brucellosis,2008,65-69 years,0,0
Diphtheria,2008,65-69 years,0,0
Arboviral diseases,2008,65-69 years,3,suppressed
Campylobacteriosis,2008,65-69 years,285,172.2
Invasive pneumococcal disease,2008,65-69 years,9,5.4
Rickettsial disease,2008,65-69 years,0,0
Malaria,2008,65-69 years,1,suppressed
Meningoencephalitis - primary amoebic,2008,65-69 years,0,0
Hepatitis B,2008,65-69 years,2,suppressed
Salmonellosis,2008,65-69 years,28,16.9
Tetanus,2008,65-69 years,0,0
Invasive group A streptococcal infection,2008,65-69 years,0,0
Listeriosis,2008,65-69 years,2,suppressed
Trichinosis,2008,65-69 years,0,0
Leptospirosis,2008,65-69 years,3,suppressed
Cryptosporidiosis,2008,65-69 years,7,4.2
Measles,2008,65-69 years,0,0
Hepatitis C,2008,65-69 years,0,0
Haemophilus influenzae type b,2008,65-69 years,0,0
Pertussis,2008,65-69 years,20,12.1
VTEC/STEC infection,2008,65-69 years,3,suppressed
Rubella,2008,65-69 years,0,0
Hepatitis NOS,2008,65-69 years,0,0
Leprosy,2008,65-69 years,0,0
Tuberculosis disease,2008,65-69 years,20,12.1
Rheumatic fever,2008,65-69 years,0,0
Yersiniosis,2008,65-69 years,18,10.9
Q fever,2008,65-69 years,0,0
Poliomyelitis,2008,65-69 years,0,0
Mumps,2008,65-69 years,0,0
Taeniasis,2008,65-69 years,0,0
Shigellosis,2008,65-69 years,2,suppressed
Hydatid disease,2008,65-69 years,1,suppressed
Typhoid fever,2008,65-69 years,1,suppressed
Rabies and other lyssaviruses,2008,65-69 years,0,0
Hepatitis A,2008,65-69 years,1,suppressed
Acute gastroenteritis,2008,65-69 years,12,7.2
Giardiasis,2008,65-69 years,31,18.7
Toxic shellfish poisoning,2008,65-69 years,0,0
Cysticercosis,2008,65-69 years,0,0
Paratyphoid fever,2008,65-69 years,0,0
Meningoencephalitis - primary amoebic,2008,70-74 years,0,0
Brucellosis,2008,70-74 years,0,0
Invasive group A streptococcal infection,2008,70-74 years,0,0
Salmonellosis,2008,70-74 years,38,30.3
Campylobacteriosis,2008,70-74 years,211,168.5
Cholera,2008,70-74 years,0,0
Hepatitis B,2008,70-74 years,0,0
Mpox,2008,70-74 years,0,0
Pertussis,2008,70-74 years,11,8.8
Invasive pneumococcal disease,2008,70-74 years,6,4.8
VTEC/STEC infection,2008,70-74 years,1,suppressed
Arboviral diseases,2008,70-74 years,4,suppressed
Haemophilus influenzae type b,2008,70-74 years,1,suppressed
Meningococcal disease,2008,70-74 years,2,suppressed
Leprosy,2008,70-74 years,0,0
Cryptosporidiosis,2008,70-74 years,4,suppressed
Measles,2008,70-74 years,0,0
Shigellosis,2008,70-74 years,3,suppressed
Tetanus,2008,70-74 years,0,0
Leptospirosis,2008,70-74 years,2,suppressed
Malaria,2008,70-74 years,0,0
Listeriosis,2008,70-74 years,2,suppressed
Acute gastroenteritis,2008,70-74 years,24,19.2
Legionellosis,2008,70-74 years,9,7.2
Paratyphoid fever,2008,70-74 years,0,0
Rabies and other lyssaviruses,2008,70-74 years,0,0
Hepatitis C,2008,70-74 years,0,0
Poliomyelitis,2008,70-74 years,0,0
Giardiasis,2008,70-74 years,29,23.2
Rickettsial disease,2008,70-74 years,0,0
Diphtheria,2008,70-74 years,0,0
Typhoid fever,2008,70-74 years,0,0
Rheumatic fever,2008,70-74 years,0,0
Tuberculosis disease,2008,70-74 years,17,13.6
Toxic shellfish poisoning,2008,70-74 years,0,0
Trichinosis,2008,70-74 years,0,0
Q fever,2008,70-74 years,0,0
Hepatitis NOS,2008,70-74 years,0,0
Hydatid disease,2008,70-74 years,1,suppressed
Yersiniosis,2008,70-74 years,18,14.4
Mumps,2008,70-74 years,3,suppressed
Hepatitis A,2008,70-74 years,0,0
Taeniasis,2008,70-74 years,0,0
Rubella,2008,70-74 years,0,0
Cysticercosis,2008,70-74 years,0,0
Campylobacteriosis,2008,75-79 years,188,181
Hepatitis B,2008,75-79 years,2,suppressed
Brucellosis,2008,75-79 years,0,0
Hydatid disease,2008,75-79 years,0,0
Invasive pneumococcal disease,2008,75-79 years,8,7.7
Invasive group A streptococcal infection,2008,75-79 years,0,0
Legionellosis,2008,75-79 years,11,10.6
Cryptosporidiosis,2008,75-79 years,2,suppressed
Meningococcal disease,2008,75-79 years,1,suppressed
Meningoencephalitis - primary amoebic,2008,75-79 years,0,0
Leprosy,2008,75-79 years,0,0
Haemophilus influenzae type b,2008,75-79 years,0,0
Mpox,2008,75-79 years,0,0
Trichinosis,2008,75-79 years,0,0
Cholera,2008,75-79 years,0,0
Leptospirosis,2008,75-79 years,0,0
Rabies and other lyssaviruses,2008,75-79 years,0,0
Tetanus,2008,75-79 years,0,0
Q fever,2008,75-79 years,0,0
Salmonellosis,2008,75-79 years,26,25
Rickettsial disease,2008,75-79 years,1,suppressed
Malaria,2008,75-79 years,0,0
Mumps,2008,75-79 years,0,0
Poliomyelitis,2008,75-79 years,0,0
Arboviral diseases,2008,75-79 years,0,0
Toxic shellfish poisoning,2008,75-79 years,0,0
Hepatitis C,2008,75-79 years,0,0
VTEC/STEC infection,2008,75-79 years,2,suppressed
Typhoid fever,2008,75-79 years,0,0
Rheumatic fever,2008,75-79 years,0,0
Pertussis,2008,75-79 years,9,8.7
Shigellosis,2008,75-79 years,2,suppressed
Giardiasis,2008,75-79 years,17,16.4
Tuberculosis disease,2008,75-79 years,12,11.6
Listeriosis,2008,75-79 years,3,suppressed
Taeniasis,2008,75-79 years,0,0
Rubella,2008,75-79 years,0,0
Acute gastroenteritis,2008,75-79 years,20,19.3
Hepatitis A,2008,75-79 years,2,suppressed
Measles,2008,75-79 years,0,0
Yersiniosis,2008,75-79 years,16,15.4
Hepatitis NOS,2008,75-79 years,0,0
Paratyphoid fever,2008,75-79 years,0,0
Diphtheria,2008,75-79 years,0,0
Cysticercosis,2008,75-79 years,0,0
Cholera,2008,80-84 years,0,0
Meningoencephalitis - primary amoebic,2008,80-84 years,0,0
Invasive group A streptococcal infection,2008,80-84 years,0,0
Hepatitis B,2008,80-84 years,1,suppressed
Meningococcal disease,2008,80-84 years,2,suppressed
Mumps,2008,80-84 years,0,0
Trichinosis,2008,80-84 years,0,0
Measles,2008,80-84 years,0,0
Malaria,2008,80-84 years,0,0
Tetanus,2008,80-84 years,0,0
Hydatid disease,2008,80-84 years,0,0
Campylobacteriosis,2008,80-84 years,130,168.6
Invasive pneumococcal disease,2008,80-84 years,15,19.5
Q fever,2008,80-84 years,0,0
Haemophilus influenzae type b,2008,80-84 years,0,0
Rickettsial disease,2008,80-84 years,0,0
Pertussis,2008,80-84 years,3,suppressed
Listeriosis,2008,80-84 years,3,suppressed
Hepatitis NOS,2008,80-84 years,0,0
Poliomyelitis,2008,80-84 years,0,0
Arboviral diseases,2008,80-84 years,1,suppressed
Rabies and other lyssaviruses,2008,80-84 years,0,0
Cryptosporidiosis,2008,80-84 years,1,suppressed
Leptospirosis,2008,80-84 years,0,0
Rheumatic fever,2008,80-84 years,0,0
VTEC/STEC infection,2008,80-84 years,1,suppressed
Shigellosis,2008,80-84 years,1,suppressed
Rubella,2008,80-84 years,0,0
Brucellosis,2008,80-84 years,0,0
Mpox,2008,80-84 years,0,0
Tuberculosis disease,2008,80-84 years,9,11.7
Cysticercosis,2008,80-84 years,0,0
Giardiasis,2008,80-84 years,5,6.5
Leprosy,2008,80-84 years,0,0
Acute gastroenteritis,2008,80-84 years,5,6.5
Paratyphoid fever,2008,80-84 years,1,suppressed
Typhoid fever,2008,80-84 years,0,0
Yersiniosis,2008,80-84 years,9,11.7
Legionellosis,2008,80-84 years,3,suppressed
Toxic shellfish poisoning,2008,80-84 years,0,0
Diphtheria,2008,80-84 years,0,0
Taeniasis,2008,80-84 years,0,0
Salmonellosis,2008,80-84 years,16,20.8
Hepatitis A,2008,80-84 years,1,suppressed
Hepatitis C,2008,80-84 years,0,0
Cholera,2008,85+ years,0,0
Giardiasis,2008,85+ years,5,7.9
Campylobacteriosis,2008,85+ years,84,133
Shigellosis,2008,85+ years,0,0
Meningococcal disease,2008,85+ years,0,0
Leptospirosis,2008,85+ years,0,0
Hepatitis C,2008,85+ years,0,0
Arboviral diseases,2008,85+ years,0,0
Typhoid fever,2008,85+ years,0,0
Pertussis,2008,85+ years,0,0
Measles,2008,85+ years,0,0
Acute gastroenteritis,2008,85+ years,20,31.7
Malaria,2008,85+ years,0,0
Hepatitis B,2008,85+ years,0,0
Meningoencephalitis - primary amoebic,2008,85+ years,0,0
Invasive pneumococcal disease,2008,85+ years,11,17.4
Hepatitis A,2008,85+ years,0,0
Listeriosis,2008,85+ years,3,suppressed
Cryptosporidiosis,2008,85+ years,0,0
Trichinosis,2008,85+ years,0,0
Poliomyelitis,2008,85+ years,0,0
Legionellosis,2008,85+ years,4,suppressed
Haemophilus influenzae type b,2008,85+ years,0,0
Rickettsial disease,2008,85+ years,0,0
Brucellosis,2008,85+ years,0,0
Diphtheria,2008,85+ years,0,0
Toxic shellfish poisoning,2008,85+ years,0,0
Taeniasis,2008,85+ years,0,0
Mpox,2008,85+ years,0,0
Leprosy,2008,85+ years,0,0
Salmonellosis,2008,85+ years,9,14.2
Mumps,2008,85+ years,0,0
Rabies and other lyssaviruses,2008,85+ years,0,0
Invasive group A streptococcal infection,2008,85+ years,0,0
Rheumatic fever,2008,85+ years,0,0
Tetanus,2008,85+ years,0,0
Q fever,2008,85+ years,0,0
Rubella,2008,85+ years,0,0
Tuberculosis disease,2008,85+ years,5,7.9
Paratyphoid fever,2008,85+ years,0,0
Hepatitis NOS,2008,85+ years,0,0
Hydatid disease,2008,85+ years,0,0
Cysticercosis,2008,85+ years,0,0
VTEC/STEC infection,2008,85+ years,0,0
Yersiniosis,2008,85+ years,12,19
Cryptosporidiosis,2008,5-9 years,95,32.7
VTEC/STEC infection,2008,5-9 years,10,3.4
Taeniasis,2008,5-9 years,0,0
Diphtheria,2008,5-9 years,0,0
Acute gastroenteritis,2008,5-9 years,14,4.8
Listeriosis,2008,5-9 years,0,0
Rabies and other lyssaviruses,2008,5-9 years,0,0
Campylobacteriosis,2008,5-9 years,328,112.7
Tuberculosis disease,2008,5-9 years,6,2.1
Haemophilus influenzae type b,2008,5-9 years,1,suppressed
Salmonellosis,2008,5-9 years,80,27.5
Typhoid fever,2008,5-9 years,7,2.4
Leptospirosis,2008,5-9 years,0,0
Meningoencephalitis - primary amoebic,2008,5-9 years,0,0
Pertussis,2008,5-9 years,26,8.9
Leprosy,2008,5-9 years,0,0
Meningococcal disease,2008,5-9 years,13,4.5
Arboviral diseases,2008,5-9 years,1,suppressed
Invasive pneumococcal disease,2008,5-9 years,4,suppressed
Rubella,2008,5-9 years,0,0
Hydatid disease,2008,5-9 years,0,0
Legionellosis,2008,5-9 years,0,0
Rickettsial disease,2008,5-9 years,0,0
Q fever,2008,5-9 years,0,0
Hepatitis B,2008,5-9 years,0,0
Mpox,2008,5-9 years,0,0
Hepatitis NOS,2008,5-9 years,0,0
Toxic shellfish poisoning,2008,5-9 years,0,0
Cysticercosis,2008,5-9 years,0,0
Brucellosis,2008,5-9 years,0,0
Invasive group A streptococcal infection,2008,5-9 years,0,0
Tetanus,2008,5-9 years,0,0
Poliomyelitis,2008,5-9 years,0,0
Rheumatic fever,2008,5-9 years,38,13.1
Trichinosis,2008,5-9 years,0,0
Mumps,2008,5-9 years,12,4.1
Giardiasis,2008,5-9 years,151,51.9
Measles,2008,5-9 years,1,suppressed
Shigellosis,2008,5-9 years,4,suppressed
Yersiniosis,2008,5-9 years,15,5.2
Hepatitis A,2008,5-9 years,9,3.1
Malaria,2008,5-9 years,2,suppressed
Cholera,2008,5-9 years,0,0
Hepatitis C,2008,5-9 years,0,0
Paratyphoid fever,2008,5-9 years,1,suppressed
Cryptosporidiosis,2008,10-14 years,47,15.5
Leptospirosis,2008,10-14 years,0,0
Taeniasis,2008,10-14 years,0,0
Listeriosis,2008,10-14 years,0,0
Tuberculosis disease,2008,10-14 years,6,2
Measles,2008,10-14 years,1,suppressed
Giardiasis,2008,10-14 years,33,10.9
Legionellosis,2008,10-14 years,0,0
Meningococcal disease,2008,10-14 years,9,3
Diphtheria,2008,10-14 years,0,0
Invasive pneumococcal disease,2008,10-14 years,2,suppressed
Acute gastroenteritis,2008,10-14 years,14,4.6
Arboviral diseases,2008,10-14 years,5,1.6
Tetanus,2008,10-14 years,0,0
VTEC/STEC infection,2008,10-14 years,5,1.6
Rabies and other lyssaviruses,2008,10-14 years,0,0
Rheumatic fever,2008,10-14 years,69,22.7
Haemophilus influenzae type b,2008,10-14 years,2,suppressed
Q fever,2008,10-14 years,0,0
Rickettsial disease,2008,10-14 years,0,0
Pertussis,2008,10-14 years,41,13.5
Mpox,2008,10-14 years,0,0
Toxic shellfish poisoning,2008,10-14 years,0,0
Cysticercosis,2008,10-14 years,0,0
Leprosy,2008,10-14 years,0,0
Campylobacteriosis,2008,10-14 years,272,89.6
Hepatitis NOS,2008,10-14 years,0,0
Rubella,2008,10-14 years,0,0
Hydatid disease,2008,10-14 years,0,0
Trichinosis,2008,10-14 years,0,0
Yersiniosis,2008,10-14 years,18,5.9
Invasive group A streptococcal infection,2008,10-14 years,0,0
Malaria,2008,10-14 years,1,suppressed
Brucellosis,2008,10-14 years,0,0
Typhoid fever,2008,10-14 years,1,suppressed
Meningoencephalitis - primary amoebic,2008,10-14 years,0,0
Mumps,2008,10-14 years,12,4
Hepatitis A,2008,10-14 years,8,2.6
Cholera,2008,10-14 years,0,0
Paratyphoid fever,2008,10-14 years,0,0
Hepatitis C,2008,10-14 years,0,0
Salmonellosis,2008,10-14 years,54,17.8
Shigellosis,2008,10-14 years,7,2.3
Hepatitis B,2008,10-14 years,0,0
Poliomyelitis,2008,10-14 years,0,0
Legionellosis,2008,15-19 years,0,0
Leptospirosis,2008,15-19 years,4,suppressed
Cysticercosis,2008,15-19 years,0,0
Arboviral diseases,2008,15-19 years,8,2.5
Diphtheria,2008,15-19 years,0,0
Hydatid disease,2008,15-19 years,0,0
Listeriosis,2008,15-19 years,1,suppressed
Taeniasis,2008,15-19 years,1,suppressed
Haemophilus influenzae type b,2008,15-19 years,0,0
Q fever,2008,15-19 years,0,0
Malaria,2008,15-19 years,4,suppressed
Toxic shellfish poisoning,2008,15-19 years,0,0
Campylobacteriosis,2008,15-19 years,468,147.6
Rheumatic fever,2008,15-19 years,21,6.6
Brucellosis,2008,15-19 years,0,0
Tuberculosis disease,2008,15-19 years,15,4.7
Hepatitis B,2008,15-19 years,1,suppressed
Meningococcal disease,2008,15-19 years,13,4.1
Giardiasis,2008,15-19 years,43,13.6
Cholera,2008,15-19 years,0,0
Leprosy,2008,15-19 years,0,0
Hepatitis NOS,2008,15-19 years,0,0
Hepatitis A,2008,15-19 years,9,2.8
Rabies and other lyssaviruses,2008,15-19 years,0,0
VTEC/STEC infection,2008,15-19 years,11,3.5
Yersiniosis,2008,15-19 years,20,6.3
Hepatitis C,2008,15-19 years,1,suppressed
Paratyphoid fever,2008,15-19 years,1,suppressed
Invasive group A streptococcal infection,2008,15-19 years,0,0
Measles,2008,15-19 years,1,suppressed
Acute gastroenteritis,2008,15-19 years,29,9.1
Mpox,2008,15-19 years,0,0
Cryptosporidiosis,2008,15-19 years,57,18
Trichinosis,2008,15-19 years,0,0
Tetanus,2008,15-19 years,0,0
Rubella,2008,15-19 years,1,suppressed
Shigellosis,2008,15-19 years,4,suppressed
Mumps,2008,15-19 years,3,suppressed
Rickettsial disease,2008,15-19 years,0,0
Meningoencephalitis - primary amoebic,2008,15-19 years,0,0
Pertussis,2008,15-19 years,28,8.8
Invasive pneumococcal disease,2008,15-19 years,4,suppressed
Poliomyelitis,2008,15-19 years,0,0
Salmonellosis,2008,15-19 years,75,23.7
Typhoid fever,2008,15-19 years,3,suppressed
Tuberculosis disease,2008,20-24 years,28,9.7
Arboviral diseases,2008,20-24 years,8,2.8
Invasive pneumococcal disease,2008,20-24 years,1,suppressed
Leptospirosis,2008,20-24 years,20,6.9
Tetanus,2008,20-24 years,0,0
Legionellosis,2008,20-24 years,1,suppressed
Cholera,2008,20-24 years,0,0
Brucellosis,2008,20-24 years,0,0
Listeriosis,2008,20-24 years,1,suppressed
Trichinosis,2008,20-24 years,0,0
Toxic shellfish poisoning,2008,20-24 years,0,0
Rabies and other lyssaviruses,2008,20-24 years,0,0
Hydatid disease,2008,20-24 years,0,0
Acute gastroenteritis,2008,20-24 years,30,10.4
Cryptosporidiosis,2008,20-24 years,52,18
Diphtheria,2008,20-24 years,0,0
Meningococcal disease,2008,20-24 years,3,suppressed
Campylobacteriosis,2008,20-24 years,602,208.5
Malaria,2008,20-24 years,4,suppressed
Taeniasis,2008,20-24 years,1,suppressed
Shigellosis,2008,20-24 years,6,2.1
Leprosy,2008,20-24 years,2,suppressed
Cysticercosis,2008,20-24 years,0,0
Paratyphoid fever,2008,20-24 years,4,suppressed
Hepatitis C,2008,20-24 years,7,2.4
VTEC/STEC infection,2008,20-24 years,6,2.1
Mumps,2008,20-24 years,1,suppressed
Measles,2008,20-24 years,1,suppressed
Invasive group A streptococcal infection,2008,20-24 years,0,0
Poliomyelitis,2008,20-24 years,0,0
Mpox,2008,20-24 years,0,0
Meningoencephalitis - primary amoebic,2008,20-24 years,0,0
Pertussis,2008,20-24 years,14,4.8
Rheumatic fever,2008,20-24 years,12,4.2
Hepatitis A,2008,20-24 years,9,3.1
Hepatitis NOS,2008,20-24 years,0,0
Rubella,2008,20-24 years,1,suppressed
Salmonellosis,2008,20-24 years,96,33.3
Giardiasis,2008,20-24 years,58,20.1
Hepatitis B,2008,20-24 years,3,suppressed
Rickettsial disease,2008,20-24 years,0,0
Yersiniosis,2008,20-24 years,29,10
Typhoid fever,2008,20-24 years,2,suppressed
Q fever,2008,20-24 years,0,0
Haemophilus influenzae type b,2008,20-24 years,0,0
Invasive group A streptococcal infection,2008,25-29 years,0,0
VTEC/STEC infection,2008,25-29 years,10,3.7
Taeniasis,2008,25-29 years,0,0
Invasive pneumococcal disease,2008,25-29 years,0,0
Legionellosis,2008,25-29 years,1,suppressed
Toxic shellfish poisoning,2008,25-29 years,0,0
Tetanus,2008,25-29 years,0,0
Leprosy,2008,25-29 years,0,0
Arboviral diseases,2008,25-29 years,15,5.6
Cryptosporidiosis,2008,25-29 years,46,17.1
Rheumatic fever,2008,25-29 years,3,suppressed
Leptospirosis,2008,25-29 years,8,3
Malaria,2008,25-29 years,10,3.7
Campylobacteriosis,2008,25-29 years,459,170.9
Meningoencephalitis - primary amoebic,2008,25-29 years,0,0
Listeriosis,2008,25-29 years,3,suppressed
Brucellosis,2008,25-29 years,1,suppressed
Trichinosis,2008,25-29 years,0,0
Paratyphoid fever,2008,25-29 years,1,suppressed
Cysticercosis,2008,25-29 years,0,0
Giardiasis,2008,25-29 years,96,35.7
Hydatid disease,2008,25-29 years,0,0
Measles,2008,25-29 years,0,0
Acute gastroenteritis,2008,25-29 years,37,13.8
Rickettsial disease,2008,25-29 years,1,suppressed
Hepatitis B,2008,25-29 years,3,suppressed
Mpox,2008,25-29 years,0,0
Q fever,2008,25-29 years,0,0
Pertussis,2008,25-29 years,19,7.1
Shigellosis,2008,25-29 years,9,3.4
Hepatitis A,2008,25-29 years,7,2.6
Hepatitis NOS,2008,25-29 years,0,0
Poliomyelitis,2008,25-29 years,0,0
Salmonellosis,2008,25-29 years,86,32
Mumps,2008,25-29 years,5,1.9
Hepatitis C,2008,25-29 years,5,1.9
Rabies and other lyssaviruses,2008,25-29 years,0,0
Yersiniosis,2008,25-29 years,22,8.2
Tuberculosis disease,2008,25-29 years,31,11.5
Diphtheria,2008,25-29 years,0,0
Meningococcal disease,2008,25-29 years,4,suppressed
Rubella,2008,25-29 years,0,0
Typhoid fever,2008,25-29 years,3,suppressed
Cholera,2008,25-29 years,0,0
Haemophilus influenzae type b,2008,25-29 years,0,0
Measles,2008,30-34 years,0,0
Tetanus,2008,30-34 years,0,0
Invasive pneumococcal disease,2008,30-34 years,3,suppressed
Campylobacteriosis,2008,30-34 years,407,149.7
Mpox,2008,30-34 years,0,0
Invasive group A streptococcal infection,2008,30-34 years,0,0
VTEC/STEC infection,2008,30-34 years,1,suppressed
Leprosy,2008,30-34 years,1,suppressed
Rabies and other lyssaviruses,2008,30-34 years,0,0
Tuberculosis disease,2008,30-34 years,30,11
Arboviral diseases,2008,30-34 years,4,suppressed
Listeriosis,2008,30-34 years,0,0
Hepatitis B,2008,30-34 years,3,suppressed
Trichinosis,2008,30-34 years,0,0
Toxic shellfish poisoning,2008,30-34 years,0,0
Cysticercosis,2008,30-34 years,0,0
Brucellosis,2008,30-34 years,0,0
Giardiasis,2008,30-34 years,174,64
Hepatitis C,2008,30-34 years,2,suppressed
Rickettsial disease,2008,30-34 years,2,suppressed
Hydatid disease,2008,30-34 years,0,0
Legionellosis,2008,30-34 years,2,suppressed
Cholera,2008,30-34 years,0,0
Malaria,2008,30-34 years,3,suppressed
Taeniasis,2008,30-34 years,0,0
Shigellosis,2008,30-34 years,9,3.3
Cryptosporidiosis,2008,30-34 years,44,16.2
Hepatitis A,2008,30-34 years,7,2.6
Poliomyelitis,2008,30-34 years,0,0
Leptospirosis,2008,30-34 years,7,2.6
Typhoid fever,2008,30-34 years,2,suppressed
Mumps,2008,30-34 years,7,2.6
Acute gastroenteritis,2008,30-34 years,36,13.2
Rheumatic fever,2008,30-34 years,5,1.8
Paratyphoid fever,2008,30-34 years,3,suppressed
Q fever,2008,30-34 years,0,0
Meningoencephalitis - primary amoebic,2008,30-34 years,0,0
Pertussis,2008,30-34 years,26,9.6
Hepatitis NOS,2008,30-34 years,0,0
Haemophilus influenzae type b,2008,30-34 years,0,0
Rubella,2008,30-34 years,0,0
Salmonellosis,2008,30-34 years,83,30.5
Meningococcal disease,2008,30-34 years,2,suppressed
Yersiniosis,2008,30-34 years,23,8.5
Diphtheria,2008,30-34 years,0,0
Listeriosis,2008,35-39 years,2,suppressed
Trichinosis,2008,35-39 years,0,0
Leptospirosis,2008,35-39 years,18,5.7
VTEC/STEC infection,2008,35-39 years,9,2.9
Rabies and other lyssaviruses,2008,35-39 years,0,0
Tetanus,2008,35-39 years,0,0
Malaria,2008,35-39 years,4,suppressed
Cholera,2008,35-39 years,0,0
Leprosy,2008,35-39 years,0,0
Measles,2008,35-39 years,0,0
Invasive pneumococcal disease,2008,35-39 years,6,1.9
Shigellosis,2008,35-39 years,9,2.9
Hydatid disease,2008,35-39 years,1,suppressed
Campylobacteriosis,2008,35-39 years,410,130.5
Acute gastroenteritis,2008,35-39 years,47,15
Hepatitis A,2008,35-39 years,8,2.5
Legionellosis,2008,35-39 years,4,suppressed
Mumps,2008,35-39 years,3,suppressed
Mpox,2008,35-39 years,0,0
Taeniasis,2008,35-39 years,3,suppressed
Pertussis,2008,35-39 years,25,8
Brucellosis,2008,35-39 years,0,0
Arboviral diseases,2008,35-39 years,8,2.5
Rubella,2008,35-39 years,0,0
Poliomyelitis,2008,35-39 years,0,0
Toxic shellfish poisoning,2008,35-39 years,0,0
Paratyphoid fever,2008,35-39 years,1,suppressed
Hepatitis C,2008,35-39 years,2,suppressed
Rickettsial disease,2008,35-39 years,2,suppressed
Invasive group A streptococcal infection,2008,35-39 years,0,0
Hepatitis B,2008,35-39 years,6,1.9
Diphtheria,2008,35-39 years,0,0
Meningoencephalitis - primary amoebic,2008,35-39 years,0,0
Haemophilus influenzae type b,2008,35-39 years,1,suppressed
Typhoid fever,2008,35-39 years,1,suppressed
Tuberculosis disease,2008,35-39 years,27,8.6
Hepatitis NOS,2008,35-39 years,1,suppressed
Salmonellosis,2008,35-39 years,81,25.8
Cysticercosis,2008,35-39 years,0,0
Meningococcal disease,2008,35-39 years,2,suppressed
Giardiasis,2008,35-39 years,221,70.4
Yersiniosis,2008,35-39 years,24,7.6
Rheumatic fever,2008,35-39 years,2,suppressed
Cryptosporidiosis,2008,35-39 years,42,13.4
Q fever,2008,35-39 years,0,0
Listeriosis,2008,40-44 years,1,suppressed
Tetanus,2008,40-44 years,0,0
Campylobacteriosis,2008,40-44 years,391,124.1
Hepatitis NOS,2008,40-44 years,0,0
Cholera,2008,40-44 years,0,0
Meningococcal disease,2008,40-44 years,4,suppressed
Trichinosis,2008,40-44 years,0,0
Malaria,2008,40-44 years,3,suppressed
Brucellosis,2008,40-44 years,1,suppressed
Arboviral diseases,2008,40-44 years,11,3.5
Acute gastroenteritis,2008,40-44 years,57,18.1
Invasive pneumococcal disease,2008,40-44 years,3,suppressed
Taeniasis,2008,40-44 years,0,0
Leptospirosis,2008,40-44 years,10,3.2
Tuberculosis disease,2008,40-44 years,18,5.7
Mpox,2008,40-44 years,0,0
Hepatitis B,2008,40-44 years,4,suppressed
Diphtheria,2008,40-44 years,0,0
Shigellosis,2008,40-44 years,13,4.1
Salmonellosis,2008,40-44 years,76,24.1
Leprosy,2008,40-44 years,0,0
Haemophilus influenzae type b,2008,40-44 years,0,0
Hepatitis C,2008,40-44 years,2,suppressed
Giardiasis,2008,40-44 years,121,38.4
Measles,2008,40-44 years,0,0
Legionellosis,2008,40-44 years,3,suppressed
VTEC/STEC infection,2008,40-44 years,4,suppressed
Meningoencephalitis - primary amoebic,2008,40-44 years,0,0
Pertussis,2008,40-44 years,26,8.3
Hepatitis A,2008,40-44 years,3,suppressed
Rheumatic fever,2008,40-44 years,2,suppressed
Paratyphoid fever,2008,40-44 years,3,suppressed
Cysticercosis,2008,40-44 years,0,0
Mumps,2008,40-44 years,3,suppressed
Hydatid disease,2008,40-44 years,1,suppressed
Cryptosporidiosis,2008,40-44 years,20,6.3
Invasive group A streptococcal infection,2008,40-44 years,0,0
Yersiniosis,2008,40-44 years,23,7.3
Typhoid fever,2008,40-44 years,2,suppressed
Rabies and other lyssaviruses,2008,40-44 years,0,0
Rubella,2008,40-44 years,0,0
Toxic shellfish poisoning,2008,40-44 years,0,0
Q fever,2008,40-44 years,0,0
Rickettsial disease,2008,40-44 years,1,suppressed
Poliomyelitis,2008,40-44 years,0,0
Leprosy,2009,0-4 years,0,0
Invasive pneumococcal disease,2009,0-4 years,98,31.9
Arboviral diseases,2009,0-4 years,0,0
Poliomyelitis,2009,0-4 years,0,0
Cholera,2009,0-4 years,0,0
Campylobacteriosis,2009,0-4 years,974,317
Typhoid fever,2009,0-4 years,1,suppressed
Rickettsial disease,2009,0-4 years,1,suppressed
Toxic shellfish poisoning,2009,0-4 years,0,0
Malaria,2009,0-4 years,2,suppressed
Cryptosporidiosis,2009,0-4 years,296,96.3
Hepatitis B,2009,0-4 years,1,suppressed
Listeriosis,2009,0-4 years,0,0
Mumps,2009,0-4 years,19,6.2
Giardiasis,2009,0-4 years,367,119.5
Trichinosis,2009,0-4 years,0,0
Hepatitis A,2009,0-4 years,2,suppressed
Haemophilus influenzae type b,2009,0-4 years,4,suppressed
Shigellosis,2009,0-4 years,13,4.2
Invasive group A streptococcal infection,2009,0-4 years,0,0
Salmonellosis,2009,0-4 years,297,96.7
Mpox,2009,0-4 years,0,0
Paratyphoid fever,2009,0-4 years,2,suppressed
Brucellosis,2009,0-4 years,0,0
Rubella,2009,0-4 years,3,suppressed
Hepatitis C,2009,0-4 years,0,0
Taeniasis,2009,0-4 years,0,0
Measles,2009,0-4 years,100,32.6
Yersiniosis,2009,0-4 years,135,43.9
Hydatid disease,2009,0-4 years,0,0
Tetanus,2009,0-4 years,0,0
Rheumatic fever,2009,0-4 years,2,suppressed
Meningococcal disease,2009,0-4 years,63,20.5
Acute gastroenteritis,2009,0-4 years,118,38.4
Legionellosis,2009,0-4 years,0,0
VTEC/STEC infection,2009,0-4 years,62,20.2
Q fever,2009,0-4 years,0,0
Rabies and other lyssaviruses,2009,0-4 years,0,0
Meningoencephalitis - primary amoebic,2009,0-4 years,0,0
Hepatitis NOS,2009,0-4 years,0,0
Cysticercosis,2009,0-4 years,0,0
Pertussis,2009,0-4 years,259,84.3
Leptospirosis,2009,0-4 years,0,0
Diphtheria,2009,0-4 years,0,0
Tuberculosis disease,2009,0-4 years,12,3.9
Q fever,2009,45-49 years,0,0
Legionellosis,2009,45-49 years,7,2.2
Cryptosporidiosis,2009,45-49 years,23,7.1
Typhoid fever,2009,45-49 years,2,suppressed
Arboviral diseases,2009,45-49 years,14,4.3
Campylobacteriosis,2009,45-49 years,437,135
Tuberculosis disease,2009,45-49 years,22,6.8
Pertussis,2009,45-49 years,84,26
Haemophilus influenzae type b,2009,45-49 years,0,0
Cysticercosis,2009,45-49 years,0,0
Shigellosis,2009,45-49 years,8,2.5
Hepatitis B,2009,45-49 years,10,3.1
Mumps,2009,45-49 years,1,suppressed
Paratyphoid fever,2009,45-49 years,0,0
Invasive pneumococcal disease,2009,45-49 years,22,6.8
Hepatitis C,2009,45-49 years,6,1.9
Measles,2009,45-49 years,1,suppressed
Rubella,2009,45-49 years,0,0
Giardiasis,2009,45-49 years,98,30.3
VTEC/STEC infection,2009,45-49 years,5,1.5
Yersiniosis,2009,45-49 years,28,8.7
Mpox,2009,45-49 years,0,0
Toxic shellfish poisoning,2009,45-49 years,0,0
Taeniasis,2009,45-49 years,0,0
Salmonellosis,2009,45-49 years,61,18.8
Rheumatic fever,2009,45-49 years,0,0
Rabies and other lyssaviruses,2009,45-49 years,0,0
Rickettsial disease,2009,45-49 years,1,suppressed
Hydatid disease,2009,45-49 years,0,0
Acute gastroenteritis,2009,45-49 years,52,16.1
Invasive group A streptococcal infection,2009,45-49 years,0,0
Meningoencephalitis - primary amoebic,2009,45-49 years,0,0
Tetanus,2009,45-49 years,0,0
Malaria,2009,45-49 years,3,suppressed
Cholera,2009,45-49 years,0,0
Poliomyelitis,2009,45-49 years,0,0
Leptospirosis,2009,45-49 years,11,3.4
Hepatitis A,2009,45-49 years,5,1.5
Meningococcal disease,2009,45-49 years,4,suppressed
Brucellosis,2009,45-49 years,0,0
Listeriosis,2009,45-49 years,1,suppressed
Leprosy,2009,45-49 years,0,0
Trichinosis,2009,45-49 years,0,0
Hepatitis NOS,2009,45-49 years,0,0
Diphtheria,2009,45-49 years,0,0
Q fever,2009,50-54 years,0,0
Malaria,2009,50-54 years,2,suppressed
Paratyphoid fever,2009,50-54 years,1,suppressed
Typhoid fever,2009,50-54 years,0,0
Rubella,2009,50-54 years,0,0
Cysticercosis,2009,50-54 years,0,0
Tuberculosis disease,2009,50-54 years,18,6.3
Pertussis,2009,50-54 years,72,25.3
Cryptosporidiosis,2009,50-54 years,10,3.5
Taeniasis,2009,50-54 years,0,0
Rabies and other lyssaviruses,2009,50-54 years,0,0
Mpox,2009,50-54 years,0,0
Measles,2009,50-54 years,0,0
Invasive group A streptococcal infection,2009,50-54 years,0,0
Giardiasis,2009,50-54 years,88,30.9
Rheumatic fever,2009,50-54 years,0,0
Acute gastroenteritis,2009,50-54 years,46,16.2
Meningoencephalitis - primary amoebic,2009,50-54 years,0,0
Toxic shellfish poisoning,2009,50-54 years,0,0
Arboviral diseases,2009,50-54 years,13,4.6
Shigellosis,2009,50-54 years,5,1.8
Cholera,2009,50-54 years,0,0
Salmonellosis,2009,50-54 years,60,21.1
Invasive pneumococcal disease,2009,50-54 years,32,11.2
Campylobacteriosis,2009,50-54 years,412,144.8
Haemophilus influenzae type b,2009,50-54 years,0,0
Tetanus,2009,50-54 years,0,0
Rickettsial disease,2009,50-54 years,0,0
VTEC/STEC infection,2009,50-54 years,5,1.8
Hepatitis NOS,2009,50-54 years,0,0
Hepatitis B,2009,50-54 years,0,0
Mumps,2009,50-54 years,0,0
Hepatitis A,2009,50-54 years,1,suppressed
Hydatid disease,2009,50-54 years,0,0
Hepatitis C,2009,50-54 years,0,0
Poliomyelitis,2009,50-54 years,0,0
Trichinosis,2009,50-54 years,0,0
Yersiniosis,2009,50-54 years,24,8.4
Listeriosis,2009,50-54 years,2,suppressed
Brucellosis,2009,50-54 years,0,0
Meningococcal disease,2009,50-54 years,2,suppressed
Diphtheria,2009,50-54 years,0,0
Leprosy,2009,50-54 years,0,0
Legionellosis,2009,50-54 years,4,suppressed
Leptospirosis,2009,50-54 years,9,3.2
Haemophilus influenzae type b,2009,55-59 years,0,0
Arboviral diseases,2009,55-59 years,17,6.8
Hepatitis A,2009,55-59 years,5,2
Shigellosis,2009,55-59 years,7,2.8
Q fever,2009,55-59 years,0,0
Cysticercosis,2009,55-59 years,0,0
Invasive pneumococcal disease,2009,55-59 years,29,11.7
Pertussis,2009,55-59 years,71,28.6
Salmonellosis,2009,55-59 years,55,22.2
Giardiasis,2009,55-59 years,65,26.2
Rickettsial disease,2009,55-59 years,0,0
Tuberculosis disease,2009,55-59 years,21,8.5
Hepatitis B,2009,55-59 years,3,suppressed
Typhoid fever,2009,55-59 years,0,0
Toxic shellfish poisoning,2009,55-59 years,0,0
Taeniasis,2009,55-59 years,0,0
Rheumatic fever,2009,55-59 years,0,0
Measles,2009,55-59 years,1,suppressed
Rabies and other lyssaviruses,2009,55-59 years,0,0
Trichinosis,2009,55-59 years,0,0
Paratyphoid fever,2009,55-59 years,1,suppressed
Rubella,2009,55-59 years,0,0
Tetanus,2009,55-59 years,0,0
Meningococcal disease,2009,55-59 years,1,suppressed
Invasive group A streptococcal infection,2009,55-59 years,0,0
Malaria,2009,55-59 years,1,suppressed
Legionellosis,2009,55-59 years,6,2.4
Mumps,2009,55-59 years,1,suppressed
Cryptosporidiosis,2009,55-59 years,20,8.1
Hepatitis NOS,2009,55-59 years,0,0
Cholera,2009,55-59 years,0,0
Poliomyelitis,2009,55-59 years,0,0
VTEC/STEC infection,2009,55-59 years,6,2.4
Campylobacteriosis,2009,55-59 years,362,145.8
Leptospirosis,2009,55-59 years,5,2
Brucellosis,2009,55-59 years,0,0
Meningoencephalitis - primary amoebic,2009,55-59 years,0,0
Mpox,2009,55-59 years,0,0
Leprosy,2009,55-59 years,0,0
Acute gastroenteritis,2009,55-59 years,33,13.3
Diphtheria,2009,55-59 years,0,0
Hydatid disease,2009,55-59 years,0,0
Listeriosis,2009,55-59 years,0,0
Yersiniosis,2009,55-59 years,21,8.5
Hepatitis C,2009,55-59 years,0,0
Q fever,2009,60-64 years,0,0
Pertussis,2009,60-64 years,61,27.5
Typhoid fever,2009,60-64 years,0,0
Rabies and other lyssaviruses,2009,60-64 years,0,0
Rheumatic fever,2009,60-64 years,0,0
Meningococcal disease,2009,60-64 years,4,suppressed
Cysticercosis,2009,60-64 years,0,0
Arboviral diseases,2009,60-64 years,14,6.3
Tetanus,2009,60-64 years,0,0
Legionellosis,2009,60-64 years,11,5
Toxic shellfish poisoning,2009,60-64 years,0,0
Shigellosis,2009,60-64 years,6,2.7
Hepatitis A,2009,60-64 years,1,suppressed
Cholera,2009,60-64 years,0,0
Salmonellosis,2009,60-64 years,45,20.3
Invasive pneumococcal disease,2009,60-64 years,40,18
Cryptosporidiosis,2009,60-64 years,9,4.1
Giardiasis,2009,60-64 years,66,29.8
VTEC/STEC infection,2009,60-64 years,5,2.3
Brucellosis,2009,60-64 years,0,0
Hepatitis C,2009,60-64 years,0,0
Tuberculosis disease,2009,60-64 years,13,5.9
Acute gastroenteritis,2009,60-64 years,28,12.6
Rubella,2009,60-64 years,0,0
Taeniasis,2009,60-64 years,0,0
Listeriosis,2009,60-64 years,2,suppressed
Mumps,2009,60-64 years,1,suppressed
Meningoencephalitis - primary amoebic,2009,60-64 years,0,0
Trichinosis,2009,60-64 years,0,0
Paratyphoid fever,2009,60-64 years,0,0
Leptospirosis,2009,60-64 years,3,suppressed
Campylobacteriosis,2009,60-64 years,367,165.4
Diphtheria,2009,60-64 years,0,0
Haemophilus influenzae type b,2009,60-64 years,1,suppressed
Leprosy,2009,60-64 years,0,0
Malaria,2009,60-64 years,3,suppressed
Hepatitis B,2009,60-64 years,6,2.7
Poliomyelitis,2009,60-64 years,0,0
Invasive group A streptococcal infection,2009,60-64 years,0,0
Measles,2009,60-64 years,0,0
Hydatid disease,2009,60-64 years,0,0
Yersiniosis,2009,60-64 years,21,9.5
Rickettsial disease,2009,60-64 years,0,0
Mpox,2009,60-64 years,0,0
Hepatitis NOS,2009,60-64 years,1,suppressed
Shigellosis,2009,65-69 years,6,3.5
Giardiasis,2009,65-69 years,45,26.3
Legionellosis,2009,65-69 years,10,5.8
Cysticercosis,2009,65-69 years,0,0
Rabies and other lyssaviruses,2009,65-69 years,0,0
Typhoid fever,2009,65-69 years,0,0
Meningococcal disease,2009,65-69 years,1,suppressed
Haemophilus influenzae type b,2009,65-69 years,1,suppressed
Taeniasis,2009,65-69 years,0,0
Diphtheria,2009,65-69 years,0,0
Rubella,2009,65-69 years,0,0
Paratyphoid fever,2009,65-69 years,1,suppressed
Mumps,2009,65-69 years,1,suppressed
Cholera,2009,65-69 years,0,0
Poliomyelitis,2009,65-69 years,0,0
Brucellosis,2009,65-69 years,0,0
Hepatitis C,2009,65-69 years,0,0
Hydatid disease,2009,65-69 years,1,suppressed
Yersiniosis,2009,65-69 years,15,8.8
Invasive group A streptococcal infection,2009,65-69 years,0,0
Malaria,2009,65-69 years,0,0
Toxic shellfish poisoning,2009,65-69 years,1,suppressed
Cryptosporidiosis,2009,65-69 years,6,3.5
Salmonellosis,2009,65-69 years,27,15.8
Rheumatic fever,2009,65-69 years,0,0
Pertussis,2009,65-69 years,31,18.1
Hepatitis NOS,2009,65-69 years,0,0
Trichinosis,2009,65-69 years,0,0
Invasive pneumococcal disease,2009,65-69 years,48,28
VTEC/STEC infection,2009,65-69 years,4,suppressed
Q fever,2009,65-69 years,0,0
Acute gastroenteritis,2009,65-69 years,25,14.6
Tuberculosis disease,2009,65-69 years,17,9.9
Rickettsial disease,2009,65-69 years,0,0
Hepatitis A,2009,65-69 years,3,suppressed
Listeriosis,2009,65-69 years,1,suppressed
Campylobacteriosis,2009,65-69 years,299,174.6
Mpox,2009,65-69 years,0,0
Tetanus,2009,65-69 years,0,0
Leprosy,2009,65-69 years,0,0
Leptospirosis,2009,65-69 years,2,suppressed
Measles,2009,65-69 years,0,0
Hepatitis B,2009,65-69 years,2,suppressed
Meningoencephalitis - primary amoebic,2009,65-69 years,0,0
Arboviral diseases,2009,65-69 years,8,4.7
Toxic shellfish poisoning,2009,70-74 years,0,0
Giardiasis,2009,70-74 years,12,9.3
VTEC/STEC infection,2009,70-74 years,3,suppressed
Legionellosis,2009,70-74 years,8,6.2
Mumps,2009,70-74 years,0,0
Rabies and other lyssaviruses,2009,70-74 years,0,0
Haemophilus influenzae type b,2009,70-74 years,0,0
Q fever,2009,70-74 years,0,0
Hepatitis A,2009,70-74 years,0,0
Pertussis,2009,70-74 years,28,21.7
Poliomyelitis,2009,70-74 years,0,0
Paratyphoid fever,2009,70-74 years,0,0
Brucellosis,2009,70-74 years,0,0
Yersiniosis,2009,70-74 years,10,7.7
Tuberculosis disease,2009,70-74 years,11,8.5
Invasive group A streptococcal infection,2009,70-74 years,0,0
Malaria,2009,70-74 years,0,0
Typhoid fever,2009,70-74 years,0,0
Salmonellosis,2009,70-74 years,31,24
Invasive pneumococcal disease,2009,70-74 years,44,34.1
Taeniasis,2009,70-74 years,0,0
Listeriosis,2009,70-74 years,5,3.9
Trichinosis,2009,70-74 years,0,0
Acute gastroenteritis,2009,70-74 years,17,13.2
Tetanus,2009,70-74 years,0,0
Diphtheria,2009,70-74 years,0,0
Cysticercosis,2009,70-74 years,0,0
Shigellosis,2009,70-74 years,2,suppressed
Rheumatic fever,2009,70-74 years,0,0
Rubella,2009,70-74 years,0,0
Cholera,2009,70-74 years,0,0
Campylobacteriosis,2009,70-74 years,199,154.2
Measles,2009,70-74 years,0,0
Mpox,2009,70-74 years,0,0
Rickettsial disease,2009,70-74 years,0,0
Hepatitis C,2009,70-74 years,0,0
Meningococcal disease,2009,70-74 years,1,suppressed
Arboviral diseases,2009,70-74 years,3,suppressed
Hepatitis B,2009,70-74 years,3,suppressed
Leprosy,2009,70-74 years,0,0
Cryptosporidiosis,2009,70-74 years,8,6.2
Hydatid disease,2009,70-74 years,1,suppressed
Leptospirosis,2009,70-74 years,1,suppressed
Meningoencephalitis - primary amoebic,2009,70-74 years,0,0
Hepatitis NOS,2009,70-74 years,0,0
Pertussis,2009,75-79 years,16,15.4
Trichinosis,2009,75-79 years,0,0
Acute gastroenteritis,2009,75-79 years,24,23.1
Poliomyelitis,2009,75-79 years,0,0
Legionellosis,2009,75-79 years,8,7.7
Rubella,2009,75-79 years,0,0
Invasive pneumococcal disease,2009,75-79 years,46,44.3
Taeniasis,2009,75-79 years,0,0
Yersiniosis,2009,75-79 years,10,9.6
Hepatitis A,2009,75-79 years,0,0
Tetanus,2009,75-79 years,0,0
Rabies and other lyssaviruses,2009,75-79 years,0,0
Haemophilus influenzae type b,2009,75-79 years,0,0
Campylobacteriosis,2009,75-79 years,170,163.7
Salmonellosis,2009,75-79 years,24,23.1
Arboviral diseases,2009,75-79 years,0,0
Leprosy,2009,75-79 years,0,0
Toxic shellfish poisoning,2009,75-79 years,0,0
Hydatid disease,2009,75-79 years,0,0
Measles,2009,75-79 years,0,0
Cysticercosis,2009,75-79 years,0,0
VTEC/STEC infection,2009,75-79 years,3,suppressed
Tuberculosis disease,2009,75-79 years,5,4.8
Leptospirosis,2009,75-79 years,0,0
Rheumatic fever,2009,75-79 years,0,0
Rickettsial disease,2009,75-79 years,0,0
Q fever,2009,75-79 years,0,0
Mumps,2009,75-79 years,0,0
Hepatitis NOS,2009,75-79 years,0,0
Hepatitis B,2009,75-79 years,0,0
Paratyphoid fever,2009,75-79 years,1,suppressed
Cholera,2009,75-79 years,0,0
Meningococcal disease,2009,75-79 years,2,suppressed
Brucellosis,2009,75-79 years,0,0
Hepatitis C,2009,75-79 years,0,0
Giardiasis,2009,75-79 years,6,5.8
Typhoid fever,2009,75-79 years,0,0
Shigellosis,2009,75-79 years,2,suppressed
Cryptosporidiosis,2009,75-79 years,2,suppressed
Invasive group A streptococcal infection,2009,75-79 years,0,0
Listeriosis,2009,75-79 years,3,suppressed
Meningoencephalitis - primary amoebic,2009,75-79 years,0,0
Mpox,2009,75-79 years,0,0
Diphtheria,2009,75-79 years,0,0
Malaria,2009,75-79 years,1,suppressed
Pertussis,2009,80-84 years,5,6.4
Trichinosis,2009,80-84 years,0,0
Rheumatic fever,2009,80-84 years,0,0
Hepatitis A,2009,80-84 years,0,0
Paratyphoid fever,2009,80-84 years,0,0
Measles,2009,80-84 years,0,0
Hepatitis NOS,2009,80-84 years,0,0
Acute gastroenteritis,2009,80-84 years,35,44.6
Yersiniosis,2009,80-84 years,5,6.4
Tuberculosis disease,2009,80-84 years,3,suppressed
Tetanus,2009,80-84 years,0,0
Taeniasis,2009,80-84 years,0,0
Toxic shellfish poisoning,2009,80-84 years,0,0
Campylobacteriosis,2009,80-84 years,103,131.3
Legionellosis,2009,80-84 years,6,7.7
Invasive pneumococcal disease,2009,80-84 years,45,57.4
Hepatitis C,2009,80-84 years,0,0
Rabies and other lyssaviruses,2009,80-84 years,0,0
Hydatid disease,2009,80-84 years,0,0
Cysticercosis,2009,80-84 years,0,0
Shigellosis,2009,80-84 years,0,0
Q fever,2009,80-84 years,0,0
Leptospirosis,2009,80-84 years,0,0
Cryptosporidiosis,2009,80-84 years,2,suppressed
Mumps,2009,80-84 years,0,0
Salmonellosis,2009,80-84 years,13,16.6
Listeriosis,2009,80-84 years,1,suppressed
Cholera,2009,80-84 years,0,0
Brucellosis,2009,80-84 years,0,0
Hepatitis B,2009,80-84 years,0,0
VTEC/STEC infection,2009,80-84 years,1,suppressed
Giardiasis,2009,80-84 years,5,6.4
Rubella,2009,80-84 years,0,0
Malaria,2009,80-84 years,0,0
Arboviral diseases,2009,80-84 years,0,0
Typhoid fever,2009,80-84 years,0,0
Leprosy,2009,80-84 years,0,0
Diphtheria,2009,80-84 years,0,0
Haemophilus influenzae type b,2009,80-84 years,0,0
Meningoencephalitis - primary amoebic,2009,80-84 years,0,0
Meningococcal disease,2009,80-84 years,0,0
Rickettsial disease,2009,80-84 years,0,0
Poliomyelitis,2009,80-84 years,0,0
Invasive group A streptococcal infection,2009,80-84 years,0,0
Mpox,2009,80-84 years,0,0
Campylobacteriosis,2009,85+ years,91,138.6
Tetanus,2009,85+ years,1,suppressed
Taeniasis,2009,85+ years,0,0
Paratyphoid fever,2009,85+ years,0,0
Rheumatic fever,2009,85+ years,0,0
Cysticercosis,2009,85+ years,0,0
Hepatitis A,2009,85+ years,0,0
Yersiniosis,2009,85+ years,9,13.7
Tuberculosis disease,2009,85+ years,11,16.8
Cholera,2009,85+ years,0,0
Measles,2009,85+ years,0,0
Hepatitis NOS,2009,85+ years,0,0
Salmonellosis,2009,85+ years,7,10.7
Giardiasis,2009,85+ years,3,suppressed
Brucellosis,2009,85+ years,0,0
Rabies and other lyssaviruses,2009,85+ years,0,0
Poliomyelitis,2009,85+ years,0,0
Leptospirosis,2009,85+ years,0,0
Typhoid fever,2009,85+ years,0,0
Shigellosis,2009,85+ years,2,suppressed
Legionellosis,2009,85+ years,1,suppressed
Haemophilus influenzae type b,2009,85+ years,0,0
Hepatitis B,2009,85+ years,0,0
Listeriosis,2009,85+ years,1,suppressed
Hydatid disease,2009,85+ years,0,0
Pertussis,2009,85+ years,4,suppressed
Diphtheria,2009,85+ years,0,0
Trichinosis,2009,85+ years,0,0
VTEC/STEC infection,2009,85+ years,0,0
Toxic shellfish poisoning,2009,85+ years,0,0
Meningococcal disease,2009,85+ years,0,0
Rubella,2009,85+ years,0,0
Acute gastroenteritis,2009,85+ years,95,144.7
Hepatitis C,2009,85+ years,0,0
Mpox,2009,85+ years,0,0
Meningoencephalitis - primary amoebic,2009,85+ years,0,0
Mumps,2009,85+ years,0,0
Arboviral diseases,2009,85+ years,0,0
Malaria,2009,85+ years,0,0
Invasive pneumococcal disease,2009,85+ years,52,79.2
Rickettsial disease,2009,85+ years,0,0
Leprosy,2009,85+ years,0,0
Invasive group A streptococcal infection,2009,85+ years,0,0
Q fever,2009,85+ years,0,0
Cryptosporidiosis,2009,85+ years,1,suppressed
Invasive pneumococcal disease,2009,5-9 years,33,11.3
Cholera,2009,5-9 years,0,0
Meningococcal disease,2009,5-9 years,10,3.4
Cryptosporidiosis,2009,5-9 years,102,34.9
Giardiasis,2009,5-9 years,126,43.1
Measles,2009,5-9 years,31,10.6
Trichinosis,2009,5-9 years,0,0
Leprosy,2009,5-9 years,0,0
Mumps,2009,5-9 years,17,5.8
Hepatitis C,2009,5-9 years,0,0
Hepatitis B,2009,5-9 years,0,0
Hepatitis A,2009,5-9 years,4,suppressed
Poliomyelitis,2009,5-9 years,0,0
Brucellosis,2009,5-9 years,0,0
Hepatitis NOS,2009,5-9 years,0,0
Invasive group A streptococcal infection,2009,5-9 years,0,0
Rickettsial disease,2009,5-9 years,0,0
Listeriosis,2009,5-9 years,0,0
Shigellosis,2009,5-9 years,8,2.7
Rubella,2009,5-9 years,0,0
Arboviral diseases,2009,5-9 years,2,suppressed
Malaria,2009,5-9 years,5,1.7
Q fever,2009,5-9 years,0,0
Taeniasis,2009,5-9 years,0,0
Diphtheria,2009,5-9 years,0,0
Toxic shellfish poisoning,2009,5-9 years,0,0
Acute gastroenteritis,2009,5-9 years,7,2.4
Rabies and other lyssaviruses,2009,5-9 years,0,0
Campylobacteriosis,2009,5-9 years,369,126.3
Tetanus,2009,5-9 years,0,0
Rheumatic fever,2009,5-9 years,37,12.7
Hydatid disease,2009,5-9 years,0,0
Paratyphoid fever,2009,5-9 years,0,0
Mpox,2009,5-9 years,0,0
Haemophilus influenzae type b,2009,5-9 years,0,0
Cysticercosis,2009,5-9 years,0,0
Tuberculosis disease,2009,5-9 years,6,2.1
Typhoid fever,2009,5-9 years,3,suppressed
Yersiniosis,2009,5-9 years,19,6.5
VTEC/STEC infection,2009,5-9 years,15,5.1
Leptospirosis,2009,5-9 years,0,0
Salmonellosis,2009,5-9 years,68,23.3
Meningoencephalitis - primary amoebic,2009,5-9 years,0,0
Legionellosis,2009,5-9 years,1,suppressed
Pertussis,2009,5-9 years,146,50
Measles,2009,10-14 years,53,17.6
Invasive group A streptococcal infection,2009,10-14 years,0,0
Haemophilus influenzae type b,2009,10-14 years,0,0
Poliomyelitis,2009,10-14 years,0,0
Listeriosis,2009,10-14 years,1,suppressed
Mumps,2009,10-14 years,7,2.3
Cryptosporidiosis,2009,10-14 years,69,22.9
Leprosy,2009,10-14 years,0,0
Toxic shellfish poisoning,2009,10-14 years,0,0
Cholera,2009,10-14 years,0,0
Hepatitis C,2009,10-14 years,0,0
Trichinosis,2009,10-14 years,0,0
Meningococcal disease,2009,10-14 years,4,suppressed
Rickettsial disease,2009,10-14 years,0,0
Q fever,2009,10-14 years,0,0
Hepatitis B,2009,10-14 years,0,0
Mpox,2009,10-14 years,0,0
Arboviral diseases,2009,10-14 years,2,suppressed
Acute gastroenteritis,2009,10-14 years,12,4
Hepatitis NOS,2009,10-14 years,0,0
Yersiniosis,2009,10-14 years,14,4.6
Tetanus,2009,10-14 years,0,0
Rheumatic fever,2009,10-14 years,68,22.5
Rabies and other lyssaviruses,2009,10-14 years,0,0
Campylobacteriosis,2009,10-14 years,325,107.7
Rubella,2009,10-14 years,0,0
Hydatid disease,2009,10-14 years,0,0
VTEC/STEC infection,2009,10-14 years,3,suppressed
Paratyphoid fever,2009,10-14 years,0,0
Taeniasis,2009,10-14 years,0,0
Giardiasis,2009,10-14 years,55,18.2
Cysticercosis,2009,10-14 years,0,0
Diphtheria,2009,10-14 years,0,0
Invasive pneumococcal disease,2009,10-14 years,25,8.3
Salmonellosis,2009,10-14 years,38,12.6
Pertussis,2009,10-14 years,103,34.1
Typhoid fever,2009,10-14 years,2,suppressed
Brucellosis,2009,10-14 years,0,0
Malaria,2009,10-14 years,5,1.7
Meningoencephalitis - primary amoebic,2009,10-14 years,0,0
Tuberculosis disease,2009,10-14 years,3,suppressed
Hepatitis A,2009,10-14 years,6,2
Shigellosis,2009,10-14 years,4,suppressed
Leptospirosis,2009,10-14 years,0,0
Legionellosis,2009,10-14 years,0,0
Mumps,2009,15-19 years,4,suppressed
Measles,2009,15-19 years,36,11.4
Acute gastroenteritis,2009,15-19 years,18,5.7
Cryptosporidiosis,2009,15-19 years,44,13.9
Listeriosis,2009,15-19 years,2,suppressed
Cholera,2009,15-19 years,0,0
Taeniasis,2009,15-19 years,0,0
Campylobacteriosis,2009,15-19 years,495,156.1
Pertussis,2009,15-19 years,120,37.9
Tetanus,2009,15-19 years,0,0
Q fever,2009,15-19 years,0,0
Yersiniosis,2009,15-19 years,17,5.4
Arboviral diseases,2009,15-19 years,6,1.9
Malaria,2009,15-19 years,4,suppressed
Hepatitis B,2009,15-19 years,1,suppressed
Diphtheria,2009,15-19 years,0,0
Cysticercosis,2009,15-19 years,0,0
Hepatitis NOS,2009,15-19 years,0,0
Rheumatic fever,2009,15-19 years,16,5
Hepatitis C,2009,15-19 years,2,suppressed
Salmonellosis,2009,15-19 years,60,18.9
Leptospirosis,2009,15-19 years,1,suppressed
Invasive pneumococcal disease,2009,15-19 years,28,8.8
Meningococcal disease,2009,15-19 years,21,6.6
Paratyphoid fever,2009,15-19 years,2,suppressed
Meningoencephalitis - primary amoebic,2009,15-19 years,0,0
Giardiasis,2009,15-19 years,23,7.3
Rubella,2009,15-19 years,0,0
Typhoid fever,2009,15-19 years,5,1.6
Poliomyelitis,2009,15-19 years,0,0
Shigellosis,2009,15-19 years,4,suppressed
Hepatitis A,2009,15-19 years,3,suppressed
Mpox,2009,15-19 years,0,0
Rickettsial disease,2009,15-19 years,1,suppressed
Brucellosis,2009,15-19 years,0,0
Leprosy,2009,15-19 years,1,suppressed
Toxic shellfish poisoning,2009,15-19 years,0,0
Haemophilus influenzae type b,2009,15-19 years,0,0
Rabies and other lyssaviruses,2009,15-19 years,0,0
Legionellosis,2009,15-19 years,1,suppressed
Invasive group A streptococcal infection,2009,15-19 years,0,0
Hydatid disease,2009,15-19 years,0,0
Tuberculosis disease,2009,15-19 years,15,4.7
Trichinosis,2009,15-19 years,0,0
VTEC/STEC infection,2009,15-19 years,9,2.8
Hepatitis B,2009,20-24 years,8,2.7
Listeriosis,2009,20-24 years,0,0
Mumps,2009,20-24 years,0,0
Tetanus,2009,20-24 years,0,0
Rubella,2009,20-24 years,0,0
Meningoencephalitis - primary amoebic,2009,20-24 years,0,0
Mpox,2009,20-24 years,0,0
Pertussis,2009,20-24 years,62,21.2
Hepatitis NOS,2009,20-24 years,1,suppressed
Salmonellosis,2009,20-24 years,71,24.3
Paratyphoid fever,2009,20-24 years,5,1.7
Legionellosis,2009,20-24 years,0,0
Rabies and other lyssaviruses,2009,20-24 years,0,0
Arboviral diseases,2009,20-24 years,12,4.1
Malaria,2009,20-24 years,11,3.8
Cholera,2009,20-24 years,0,0
Cryptosporidiosis,2009,20-24 years,45,15.4
Taeniasis,2009,20-24 years,0,0
Hepatitis A,2009,20-24 years,2,suppressed
Meningococcal disease,2009,20-24 years,6,2.1
Shigellosis,2009,20-24 years,7,2.4
Invasive pneumococcal disease,2009,20-24 years,25,8.6
Leprosy,2009,20-24 years,0,0
Haemophilus influenzae type b,2009,20-24 years,0,0
Hydatid disease,2009,20-24 years,0,0
Acute gastroenteritis,2009,20-24 years,32,10.9
Giardiasis,2009,20-24 years,66,22.6
Yersiniosis,2009,20-24 years,17,5.8
Measles,2009,20-24 years,9,3.1
Poliomyelitis,2009,20-24 years,0,0
Rheumatic fever,2009,20-24 years,12,4.1
Tuberculosis disease,2009,20-24 years,23,7.9
Diphtheria,2009,20-24 years,0,0
Brucellosis,2009,20-24 years,0,0
Cysticercosis,2009,20-24 years,0,0
Trichinosis,2009,20-24 years,0,0
Rickettsial disease,2009,20-24 years,0,0
Typhoid fever,2009,20-24 years,9,3.1
Q fever,2009,20-24 years,0,0
Invasive group A streptococcal infection,2009,20-24 years,0,0
Hepatitis C,2009,20-24 years,3,suppressed
VTEC/STEC infection,2009,20-24 years,6,2.1
Toxic shellfish poisoning,2009,20-24 years,0,0
Campylobacteriosis,2009,20-24 years,694,237.4
Leptospirosis,2009,20-24 years,3,suppressed
Salmonellosis,2009,25-29 years,72,26.4
Mumps,2009,25-29 years,2,suppressed
Invasive pneumococcal disease,2009,25-29 years,19,7
Cryptosporidiosis,2009,25-29 years,48,17.6
Arboviral diseases,2009,25-29 years,13,4.8
Cholera,2009,25-29 years,0,0
Mpox,2009,25-29 years,0,0
Shigellosis,2009,25-29 years,18,6.6
Rabies and other lyssaviruses,2009,25-29 years,0,0
Haemophilus influenzae type b,2009,25-29 years,0,0
Hepatitis B,2009,25-29 years,7,2.6
Cysticercosis,2009,25-29 years,0,0
Acute gastroenteritis,2009,25-29 years,35,12.9
Leprosy,2009,25-29 years,1,suppressed
Typhoid fever,2009,25-29 years,2,suppressed
Measles,2009,25-29 years,3,suppressed
Poliomyelitis,2009,25-29 years,0,0
Rubella,2009,25-29 years,1,suppressed
Brucellosis,2009,25-29 years,0,0
Malaria,2009,25-29 years,6,2.2
Hydatid disease,2009,25-29 years,0,0
Meningoencephalitis - primary amoebic,2009,25-29 years,0,0
Legionellosis,2009,25-29 years,1,suppressed
Hepatitis NOS,2009,25-29 years,0,0
Listeriosis,2009,25-29 years,6,2.2
Hepatitis A,2009,25-29 years,4,suppressed
Rheumatic fever,2009,25-29 years,5,1.8
Diphtheria,2009,25-29 years,0,0
Pertussis,2009,25-29 years,50,18.4
Invasive group A streptococcal infection,2009,25-29 years,0,0
Giardiasis,2009,25-29 years,87,32
Trichinosis,2009,25-29 years,0,0
Q fever,2009,25-29 years,0,0
Taeniasis,2009,25-29 years,1,suppressed
Tuberculosis disease,2009,25-29 years,41,15.1
Rickettsial disease,2009,25-29 years,0,0
Toxic shellfish poisoning,2009,25-29 years,0,0
Campylobacteriosis,2009,25-29 years,569,209
Yersiniosis,2009,25-29 years,23,8.4
Hepatitis C,2009,25-29 years,6,2.2
Tetanus,2009,25-29 years,0,0
VTEC/STEC infection,2009,25-29 years,6,2.2
Paratyphoid fever,2009,25-29 years,3,suppressed
Meningococcal disease,2009,25-29 years,2,suppressed
Leptospirosis,2009,25-29 years,5,1.8
Rabies and other lyssaviruses,2009,30-34 years,0,0
Rubella,2009,30-34 years,0,0
Mumps,2009,30-34 years,3,suppressed
Shigellosis,2009,30-34 years,7,2.6
Acute gastroenteritis,2009,30-34 years,26,9.7
Malaria,2009,30-34 years,4,suppressed
Hepatitis B,2009,30-34 years,5,1.9
Mpox,2009,30-34 years,0,0
Poliomyelitis,2009,30-34 years,0,0
Cryptosporidiosis,2009,30-34 years,62,23.1
Cholera,2009,30-34 years,0,0
Measles,2009,30-34 years,7,2.6
Giardiasis,2009,30-34 years,141,52.4
Leprosy,2009,30-34 years,0,0
Q fever,2009,30-34 years,0,0
Hydatid disease,2009,30-34 years,0,0
Arboviral diseases,2009,30-34 years,12,4.5
Meningoencephalitis - primary amoebic,2009,30-34 years,0,0
Toxic shellfish poisoning,2009,30-34 years,0,0
Hepatitis NOS,2009,30-34 years,0,0
Yersiniosis,2009,30-34 years,20,7.4
Trichinosis,2009,30-34 years,0,0
Rheumatic fever,2009,30-34 years,1,suppressed
Salmonellosis,2009,30-34 years,66,24.5
Pertussis,2009,30-34 years,68,25.3
Meningococcal disease,2009,30-34 years,1,suppressed
Haemophilus influenzae type b,2009,30-34 years,0,0
Brucellosis,2009,30-34 years,0,0
Leptospirosis,2009,30-34 years,8,3
Invasive pneumococcal disease,2009,30-34 years,34,12.6
Legionellosis,2009,30-34 years,4,suppressed
Tuberculosis disease,2009,30-34 years,21,7.8
Listeriosis,2009,30-34 years,3,suppressed
Taeniasis,2009,30-34 years,0,0
Hepatitis A,2009,30-34 years,1,suppressed
Typhoid fever,2009,30-34 years,5,1.9
Diphtheria,2009,30-34 years,0,0
Paratyphoid fever,2009,30-34 years,3,suppressed
Hepatitis C,2009,30-34 years,8,3
Invasive group A streptococcal infection,2009,30-34 years,0,0
Tetanus,2009,30-34 years,0,0
Campylobacteriosis,2009,30-34 years,410,152.5
Rickettsial disease,2009,30-34 years,0,0
Cysticercosis,2009,30-34 years,0,0
VTEC/STEC infection,2009,30-34 years,5,1.9
Shigellosis,2009,35-39 years,10,3.2
Giardiasis,2009,35-39 years,232,74.7
Meningococcal disease,2009,35-39 years,3,suppressed
Mumps,2009,35-39 years,4,suppressed
Hepatitis NOS,2009,35-39 years,0,0
Toxic shellfish poisoning,2009,35-39 years,0,0
Listeriosis,2009,35-39 years,1,suppressed
Hepatitis A,2009,35-39 years,3,suppressed
Q fever,2009,35-39 years,0,0
Cholera,2009,35-39 years,0,0
Pertussis,2009,35-39 years,112,36.1
Invasive group A streptococcal infection,2009,35-39 years,0,0
Measles,2009,35-39 years,6,1.9
Brucellosis,2009,35-39 years,0,0
VTEC/STEC infection,2009,35-39 years,3,suppressed
Taeniasis,2009,35-39 years,2,suppressed
Rubella,2009,35-39 years,0,0
Acute gastroenteritis,2009,35-39 years,38,12.2
Mpox,2009,35-39 years,0,0
Salmonellosis,2009,35-39 years,70,22.5
Cryptosporidiosis,2009,35-39 years,69,22.2
Trichinosis,2009,35-39 years,0,0
Rheumatic fever,2009,35-39 years,0,0
Leptospirosis,2009,35-39 years,9,2.9
Hydatid disease,2009,35-39 years,0,0
Arboviral diseases,2009,35-39 years,12,3.9
Paratyphoid fever,2009,35-39 years,3,suppressed
Haemophilus influenzae type b,2009,35-39 years,2,suppressed
Leprosy,2009,35-39 years,0,0
Hepatitis B,2009,35-39 years,2,suppressed
Meningoencephalitis - primary amoebic,2009,35-39 years,0,0
Rickettsial disease,2009,35-39 years,0,0
Legionellosis,2009,35-39 years,2,suppressed
Rabies and other lyssaviruses,2009,35-39 years,0,0
Typhoid fever,2009,35-39 years,1,suppressed
Malaria,2009,35-39 years,1,suppressed
Tetanus,2009,35-39 years,0,0
Invasive pneumococcal disease,2009,35-39 years,36,11.6
Cysticercosis,2009,35-39 years,0,0
Hepatitis C,2009,35-39 years,4,suppressed
Tuberculosis disease,2009,35-39 years,31,10
Campylobacteriosis,2009,35-39 years,428,137.9
Yersiniosis,2009,35-39 years,22,7.1
Diphtheria,2009,35-39 years,0,0
Poliomyelitis,2009,35-39 years,0,0
Hepatitis A,2009,40-44 years,4,suppressed
Haemophilus influenzae type b,2009,40-44 years,2,suppressed
Hepatitis B,2009,40-44 years,7,2.2
Rheumatic fever,2009,40-44 years,0,0
Arboviral diseases,2009,40-44 years,17,5.4
Salmonellosis,2009,40-44 years,59,18.8
Meningococcal disease,2009,40-44 years,7,2.2
Cryptosporidiosis,2009,40-44 years,35,11.2
Trichinosis,2009,40-44 years,0,0
Q fever,2009,40-44 years,0,0
Listeriosis,2009,40-44 years,0,0
Yersiniosis,2009,40-44 years,19,6.1
Paratyphoid fever,2009,40-44 years,3,suppressed
Legionellosis,2009,40-44 years,4,suppressed
Cholera,2009,40-44 years,0,0
Rabies and other lyssaviruses,2009,40-44 years,0,0
Acute gastroenteritis,2009,40-44 years,35,11.2
Typhoid fever,2009,40-44 years,4,suppressed
Brucellosis,2009,40-44 years,0,0
Hepatitis C,2009,40-44 years,3,suppressed
Mpox,2009,40-44 years,0,0
Tetanus,2009,40-44 years,0,0
Rubella,2009,40-44 years,0,0
Cysticercosis,2009,40-44 years,0,0
Shigellosis,2009,40-44 years,10,3.2
Malaria,2009,40-44 years,2,suppressed
Mumps,2009,40-44 years,3,suppressed
Toxic shellfish poisoning,2009,40-44 years,0,0
Hydatid disease,2009,40-44 years,0,0
Meningoencephalitis - primary amoebic,2009,40-44 years,0,0
Campylobacteriosis,2009,40-44 years,450,143.5
VTEC/STEC infection,2009,40-44 years,2,suppressed
Giardiasis,2009,40-44 years,145,46.2
Leprosy,2009,40-44 years,1,suppressed
Rickettsial disease,2009,40-44 years,2,suppressed
Invasive group A streptococcal infection,2009,40-44 years,0,0
Tuberculosis disease,2009,40-44 years,25,8
Hepatitis NOS,2009,40-44 years,0,0
Pertussis,2009,40-44 years,106,33.8
Poliomyelitis,2009,40-44 years,0,0
Measles,2009,40-44 years,1,suppressed
Invasive pneumococcal disease,2009,40-44 years,31,9.9
Taeniasis,2009,40-44 years,0,0
Leptospirosis,2009,40-44 years,11,3.5
Diphtheria,2009,40-44 years,1,suppressed
Rheumatic fever,2010,0-4 years,0,0
Giardiasis,2010,0-4 years,422,134.3
VTEC/STEC infection,2010,0-4 years,73,23.2
Pertussis,2010,0-4 years,205,65.2
Salmonellosis,2010,0-4 years,272,86.5
Cholera,2010,0-4 years,0,0
Rabies and other lyssaviruses,2010,0-4 years,0,0
Yersiniosis,2010,0-4 years,152,48.4
Listeriosis,2010,0-4 years,2,suppressed
Cysticercosis,2010,0-4 years,0,0
Legionellosis,2010,0-4 years,1,suppressed
Paratyphoid fever,2010,0-4 years,0,0
Toxic shellfish poisoning,2010,0-4 years,0,0
Typhoid fever,2010,0-4 years,5,1.6
Brucellosis,2010,0-4 years,0,0
Poliomyelitis,2010,0-4 years,0,0
Taeniasis,2010,0-4 years,0,0
Haemophilus influenzae type b,2010,0-4 years,5,1.6
Hepatitis B,2010,0-4 years,1,suppressed
Shigellosis,2010,0-4 years,13,4.1
Measles,2010,0-4 years,12,3.8
Malaria,2010,0-4 years,2,suppressed
Hepatitis A,2010,0-4 years,0,0
Mumps,2010,0-4 years,15,4.8
Rubella,2010,0-4 years,3,suppressed
Mpox,2010,0-4 years,0,0
Leptospirosis,2010,0-4 years,0,0
Trichinosis,2010,0-4 years,0,0
Leprosy,2010,0-4 years,0,0
Hepatitis NOS,2010,0-4 years,0,0
Meningoencephalitis - primary amoebic,2010,0-4 years,0,0
Cryptosporidiosis,2010,0-4 years,320,101.8
Campylobacteriosis,2010,0-4 years,958,304.8
Arboviral diseases,2010,0-4 years,0,0
Acute gastroenteritis,2010,0-4 years,119,37.9
Diphtheria,2010,0-4 years,0,0
Tetanus,2010,0-4 years,1,suppressed
Hydatid disease,2010,0-4 years,0,0
Hepatitis C,2010,0-4 years,1,suppressed
Invasive group A streptococcal infection,2010,0-4 years,0,0
Q fever,2010,0-4 years,0,0
Tuberculosis disease,2010,0-4 years,3,suppressed
Meningococcal disease,2010,0-4 years,50,15.9
Invasive pneumococcal disease,2010,0-4 years,65,20.7
Rickettsial disease,2010,0-4 years,0,0
Meningoencephalitis - primary amoebic,2010,45-49 years,0,0
Diphtheria,2010,45-49 years,0,0
Tuberculosis disease,2010,45-49 years,23,7.1
Hepatitis B,2010,45-49 years,3,suppressed
Acute gastroenteritis,2010,45-49 years,24,7.4
Tetanus,2010,45-49 years,0,0
Trichinosis,2010,45-49 years,0,0
Invasive pneumococcal disease,2010,45-49 years,29,9
Toxic shellfish poisoning,2010,45-49 years,1,suppressed
Typhoid fever,2010,45-49 years,1,suppressed
Meningococcal disease,2010,45-49 years,3,suppressed
Hepatitis NOS,2010,45-49 years,0,0
Pertussis,2010,45-49 years,59,18.2
Mpox,2010,45-49 years,0,0
Cholera,2010,45-49 years,0,0
Cysticercosis,2010,45-49 years,0,0
Legionellosis,2010,45-49 years,12,3.7
Haemophilus influenzae type b,2010,45-49 years,0,0
Listeriosis,2010,45-49 years,0,0
Arboviral diseases,2010,45-49 years,5,1.5
Taeniasis,2010,45-49 years,0,0
Rickettsial disease,2010,45-49 years,4,suppressed
Hepatitis A,2010,45-49 years,3,suppressed
Yersiniosis,2010,45-49 years,22,6.8
Hepatitis C,2010,45-49 years,1,suppressed
Hydatid disease,2010,45-49 years,0,0
Salmonellosis,2010,45-49 years,58,17.9
Brucellosis,2010,45-49 years,0,0
Rubella,2010,45-49 years,0,0
Mumps,2010,45-49 years,1,suppressed
Measles,2010,45-49 years,0,0
Leptospirosis,2010,45-49 years,10,3.1
VTEC/STEC infection,2010,45-49 years,3,suppressed
Poliomyelitis,2010,45-49 years,0,0
Shigellosis,2010,45-49 years,8,2.5
Invasive group A streptococcal infection,2010,45-49 years,0,0
Rheumatic fever,2010,45-49 years,0,0
Leprosy,2010,45-49 years,1,suppressed
Malaria,2010,45-49 years,3,suppressed
Campylobacteriosis,2010,45-49 years,476,147
Rabies and other lyssaviruses,2010,45-49 years,0,0
Giardiasis,2010,45-49 years,111,34.3
Cryptosporidiosis,2010,45-49 years,31,9.6
Q fever,2010,45-49 years,0,0
Paratyphoid fever,2010,45-49 years,2,suppressed
Tuberculosis disease,2010,50-54 years,16,5.5
Trichinosis,2010,50-54 years,0,0
Mpox,2010,50-54 years,0,0
Salmonellosis,2010,50-54 years,62,21.2
Toxic shellfish poisoning,2010,50-54 years,1,suppressed
Cysticercosis,2010,50-54 years,0,0
Malaria,2010,50-54 years,3,suppressed
Rickettsial disease,2010,50-54 years,0,0
Acute gastroenteritis,2010,50-54 years,29,9.9
Arboviral diseases,2010,50-54 years,5,1.7
VTEC/STEC infection,2010,50-54 years,6,2.1
Campylobacteriosis,2010,50-54 years,457,156.4
Hydatid disease,2010,50-54 years,0,0
Tetanus,2010,50-54 years,0,0
Listeriosis,2010,50-54 years,1,suppressed
Hepatitis NOS,2010,50-54 years,0,0
Giardiasis,2010,50-54 years,86,29.4
Taeniasis,2010,50-54 years,0,0
Typhoid fever,2010,50-54 years,0,0
Meningococcal disease,2010,50-54 years,2,suppressed
Hepatitis C,2010,50-54 years,0,0
Shigellosis,2010,50-54 years,4,suppressed
Leptospirosis,2010,50-54 years,7,2.4
Rheumatic fever,2010,50-54 years,0,0
Cholera,2010,50-54 years,0,0
Invasive pneumococcal disease,2010,50-54 years,29,9.9
Hepatitis B,2010,50-54 years,5,1.7
Pertussis,2010,50-54 years,38,13
Yersiniosis,2010,50-54 years,27,9.2
Measles,2010,50-54 years,0,0
Brucellosis,2010,50-54 years,0,0
Rabies and other lyssaviruses,2010,50-54 years,0,0
Hepatitis A,2010,50-54 years,2,suppressed
Leprosy,2010,50-54 years,0,0
Cryptosporidiosis,2010,50-54 years,21,7.2
Mumps,2010,50-54 years,1,suppressed
Q fever,2010,50-54 years,0,0
Legionellosis,2010,50-54 years,20,6.8
Diphtheria,2010,50-54 years,0,0
Poliomyelitis,2010,50-54 years,0,0
Rubella,2010,50-54 years,0,0
Paratyphoid fever,2010,50-54 years,2,suppressed
Invasive group A streptococcal infection,2010,50-54 years,0,0
Meningoencephalitis - primary amoebic,2010,50-54 years,0,0
Haemophilus influenzae type b,2010,50-54 years,0,0
Toxic shellfish poisoning,2010,55-59 years,0,0
Leptospirosis,2010,55-59 years,7,2.8
Acute gastroenteritis,2010,55-59 years,23,9.1
Cysticercosis,2010,55-59 years,0,0
Leprosy,2010,55-59 years,0,0
Mpox,2010,55-59 years,0,0
Salmonellosis,2010,55-59 years,49,19.4
VTEC/STEC infection,2010,55-59 years,2,suppressed
Invasive pneumococcal disease,2010,55-59 years,31,12.3
Hepatitis B,2010,55-59 years,4,suppressed
Hepatitis NOS,2010,55-59 years,0,0
Hydatid disease,2010,55-59 years,0,0
Taeniasis,2010,55-59 years,0,0
Rabies and other lyssaviruses,2010,55-59 years,0,0
Typhoid fever,2010,55-59 years,3,suppressed
Rickettsial disease,2010,55-59 years,3,suppressed
Hepatitis C,2010,55-59 years,1,suppressed
Diphtheria,2010,55-59 years,0,0
Tetanus,2010,55-59 years,0,0
Meningococcal disease,2010,55-59 years,1,suppressed
Malaria,2010,55-59 years,3,suppressed
Brucellosis,2010,55-59 years,0,0
Rheumatic fever,2010,55-59 years,1,suppressed
Listeriosis,2010,55-59 years,1,suppressed
Yersiniosis,2010,55-59 years,26,10.3
Invasive group A streptococcal infection,2010,55-59 years,0,0
Q fever,2010,55-59 years,1,suppressed
Pertussis,2010,55-59 years,33,13.1
Trichinosis,2010,55-59 years,0,0
Rubella,2010,55-59 years,1,suppressed
Poliomyelitis,2010,55-59 years,0,0
Shigellosis,2010,55-59 years,13,5.1
Legionellosis,2010,55-59 years,21,8.3
Giardiasis,2010,55-59 years,86,34
Tuberculosis disease,2010,55-59 years,15,5.9
Campylobacteriosis,2010,55-59 years,393,155.5
Hepatitis A,2010,55-59 years,2,suppressed
Cryptosporidiosis,2010,55-59 years,20,7.9
Cholera,2010,55-59 years,0,0
Haemophilus influenzae type b,2010,55-59 years,0,0
Measles,2010,55-59 years,0,0
Mumps,2010,55-59 years,1,suppressed
Arboviral diseases,2010,55-59 years,3,suppressed
Meningoencephalitis - primary amoebic,2010,55-59 years,0,0
Paratyphoid fever,2010,55-59 years,0,0
Tetanus,2010,60-64 years,0,0
Yersiniosis,2010,60-64 years,16,6.9
Leprosy,2010,60-64 years,1,suppressed
Listeriosis,2010,60-64 years,3,suppressed
Diphtheria,2010,60-64 years,0,0
Hydatid disease,2010,60-64 years,1,suppressed
Rickettsial disease,2010,60-64 years,0,0
Brucellosis,2010,60-64 years,0,0
Rheumatic fever,2010,60-64 years,0,0
Hepatitis C,2010,60-64 years,0,0
Hepatitis B,2010,60-64 years,1,suppressed
Hepatitis NOS,2010,60-64 years,0,0
Typhoid fever,2010,60-64 years,0,0
Shigellosis,2010,60-64 years,9,3.9
Tuberculosis disease,2010,60-64 years,20,8.7
Leptospirosis,2010,60-64 years,6,2.6
Cholera,2010,60-64 years,0,0
Malaria,2010,60-64 years,2,suppressed
Meningococcal disease,2010,60-64 years,0,0
Measles,2010,60-64 years,0,0
Mumps,2010,60-64 years,0,0
Haemophilus influenzae type b,2010,60-64 years,0,0
Giardiasis,2010,60-64 years,82,35.5
VTEC/STEC infection,2010,60-64 years,5,2.2
Hepatitis A,2010,60-64 years,1,suppressed
Meningoencephalitis - primary amoebic,2010,60-64 years,0,0
Trichinosis,2010,60-64 years,0,0
Invasive group A streptococcal infection,2010,60-64 years,0,0
Mpox,2010,60-64 years,0,0
Rabies and other lyssaviruses,2010,60-64 years,0,0
Taeniasis,2010,60-64 years,0,0
Cysticercosis,2010,60-64 years,0,0
Invasive pneumococcal disease,2010,60-64 years,44,19
Campylobacteriosis,2010,60-64 years,399,172.7
Q fever,2010,60-64 years,0,0
Legionellosis,2010,60-64 years,26,11.3
Acute gastroenteritis,2010,60-64 years,25,10.8
Arboviral diseases,2010,60-64 years,6,2.6
Pertussis,2010,60-64 years,41,17.7
Salmonellosis,2010,60-64 years,47,20.3
Cryptosporidiosis,2010,60-64 years,10,4.3
Toxic shellfish poisoning,2010,60-64 years,1,suppressed
Poliomyelitis,2010,60-64 years,0,0
Paratyphoid fever,2010,60-64 years,0,0
Rubella,2010,60-64 years,0,0
Meningoencephalitis - primary amoebic,2010,65-69 years,0,0
Mpox,2010,65-69 years,0,0
Diphtheria,2010,65-69 years,0,0
Cysticercosis,2010,65-69 years,0,0
Shigellosis,2010,65-69 years,5,2.8
Brucellosis,2010,65-69 years,0,0
Hepatitis NOS,2010,65-69 years,0,0
Listeriosis,2010,65-69 years,2,suppressed
Hepatitis B,2010,65-69 years,0,0
Meningococcal disease,2010,65-69 years,1,suppressed
Invasive group A streptococcal infection,2010,65-69 years,0,0
Hydatid disease,2010,65-69 years,0,0
Trichinosis,2010,65-69 years,0,0
Tuberculosis disease,2010,65-69 years,20,11.4
Malaria,2010,65-69 years,2,suppressed
Mumps,2010,65-69 years,0,0
Invasive pneumococcal disease,2010,65-69 years,47,26.7
Legionellosis,2010,65-69 years,19,10.8
VTEC/STEC infection,2010,65-69 years,4,suppressed
Acute gastroenteritis,2010,65-69 years,19,10.8
Hepatitis A,2010,65-69 years,0,0
Typhoid fever,2010,65-69 years,0,0
Leprosy,2010,65-69 years,0,0
Paratyphoid fever,2010,65-69 years,0,0
Rabies and other lyssaviruses,2010,65-69 years,0,0
Hepatitis C,2010,65-69 years,0,0
Cholera,2010,65-69 years,1,suppressed
Poliomyelitis,2010,65-69 years,0,0
Salmonellosis,2010,65-69 years,32,18.2
Campylobacteriosis,2010,65-69 years,314,178.5
Haemophilus influenzae type b,2010,65-69 years,2,suppressed
Measles,2010,65-69 years,0,0
Yersiniosis,2010,65-69 years,13,7.4
Arboviral diseases,2010,65-69 years,2,suppressed
Taeniasis,2010,65-69 years,0,0
Rheumatic fever,2010,65-69 years,0,0
Toxic shellfish poisoning,2010,65-69 years,1,suppressed
Cryptosporidiosis,2010,65-69 years,8,4.5
Tetanus,2010,65-69 years,1,suppressed
Q fever,2010,65-69 years,0,0
Pertussis,2010,65-69 years,28,15.9
Rickettsial disease,2010,65-69 years,0,0
Rubella,2010,65-69 years,0,0
Leptospirosis,2010,65-69 years,2,suppressed
Giardiasis,2010,65-69 years,63,35.8
Shigellosis,2010,70-74 years,0,0
Trichinosis,2010,70-74 years,0,0
Typhoid fever,2010,70-74 years,0,0
Invasive pneumococcal disease,2010,70-74 years,33,24.3
Diphtheria,2010,70-74 years,0,0
Listeriosis,2010,70-74 years,0,0
Campylobacteriosis,2010,70-74 years,258,190.4
Hepatitis C,2010,70-74 years,0,0
Acute gastroenteritis,2010,70-74 years,5,3.7
Mpox,2010,70-74 years,0,0
Invasive group A streptococcal infection,2010,70-74 years,0,0
Tetanus,2010,70-74 years,1,suppressed
Cysticercosis,2010,70-74 years,0,0
Tuberculosis disease,2010,70-74 years,8,5.9
Mumps,2010,70-74 years,0,0
Meningoencephalitis - primary amoebic,2010,70-74 years,0,0
Taeniasis,2010,70-74 years,0,0
VTEC/STEC infection,2010,70-74 years,1,suppressed
Leprosy,2010,70-74 years,0,0
Cryptosporidiosis,2010,70-74 years,5,3.7
Meningococcal disease,2010,70-74 years,0,0
Hydatid disease,2010,70-74 years,1,suppressed
Toxic shellfish poisoning,2010,70-74 years,0,0
Malaria,2010,70-74 years,0,0
Rubella,2010,70-74 years,0,0
Paratyphoid fever,2010,70-74 years,0,0
Poliomyelitis,2010,70-74 years,0,0
Hepatitis NOS,2010,70-74 years,0,0
Arboviral diseases,2010,70-74 years,0,0
Measles,2010,70-74 years,0,0
Legionellosis,2010,70-74 years,13,9.6
Q fever,2010,70-74 years,0,0
Pertussis,2010,70-74 years,11,8.1
Hepatitis A,2010,70-74 years,0,0
Rabies and other lyssaviruses,2010,70-74 years,0,0
Rheumatic fever,2010,70-74 years,0,0
Salmonellosis,2010,70-74 years,36,26.6
Leptospirosis,2010,70-74 years,1,suppressed
Haemophilus influenzae type b,2010,70-74 years,0,0
Hepatitis B,2010,70-74 years,0,0
Yersiniosis,2010,70-74 years,7,5.2
Rickettsial disease,2010,70-74 years,0,0
Cholera,2010,70-74 years,0,0
Giardiasis,2010,70-74 years,24,17.7
Brucellosis,2010,70-74 years,0,0
VTEC/STEC infection,2010,75-79 years,3,suppressed
Hepatitis C,2010,75-79 years,0,0
Taeniasis,2010,75-79 years,0,0
Malaria,2010,75-79 years,0,0
Meningococcal disease,2010,75-79 years,3,suppressed
Tuberculosis disease,2010,75-79 years,10,9.6
Hepatitis NOS,2010,75-79 years,0,0
Haemophilus influenzae type b,2010,75-79 years,0,0
Typhoid fever,2010,75-79 years,0,0
Mumps,2010,75-79 years,0,0
Mpox,2010,75-79 years,0,0
Listeriosis,2010,75-79 years,4,suppressed
Rickettsial disease,2010,75-79 years,1,suppressed
Meningoencephalitis - primary amoebic,2010,75-79 years,0,0
Leprosy,2010,75-79 years,0,0
Invasive group A streptococcal infection,2010,75-79 years,0,0
Shigellosis,2010,75-79 years,1,suppressed
Hydatid disease,2010,75-79 years,1,suppressed
Diphtheria,2010,75-79 years,0,0
Campylobacteriosis,2010,75-79 years,209,200.9
Tetanus,2010,75-79 years,1,suppressed
Cysticercosis,2010,75-79 years,0,0
Invasive pneumococcal disease,2010,75-79 years,47,45.2
Arboviral diseases,2010,75-79 years,0,0
Measles,2010,75-79 years,0,0
Legionellosis,2010,75-79 years,10,9.6
Yersiniosis,2010,75-79 years,8,7.7
Trichinosis,2010,75-79 years,0,0
Hepatitis A,2010,75-79 years,0,0
Rubella,2010,75-79 years,0,0
Cryptosporidiosis,2010,75-79 years,4,suppressed
Toxic shellfish poisoning,2010,75-79 years,1,suppressed
Salmonellosis,2010,75-79 years,25,24
Brucellosis,2010,75-79 years,0,0
Poliomyelitis,2010,75-79 years,0,0
Q fever,2010,75-79 years,0,0
Hepatitis B,2010,75-79 years,1,suppressed
Acute gastroenteritis,2010,75-79 years,8,7.7
Paratyphoid fever,2010,75-79 years,0,0
Pertussis,2010,75-79 years,11,10.6
Leptospirosis,2010,75-79 years,0,0
Cholera,2010,75-79 years,0,0
Rabies and other lyssaviruses,2010,75-79 years,0,0
Giardiasis,2010,75-79 years,15,14.4
Rheumatic fever,2010,75-79 years,0,0
Campylobacteriosis,2010,80-84 years,126,158.7
VTEC/STEC infection,2010,80-84 years,1,suppressed
Hepatitis C,2010,80-84 years,0,0
Diphtheria,2010,80-84 years,0,0
Mpox,2010,80-84 years,0,0
Leprosy,2010,80-84 years,0,0
Listeriosis,2010,80-84 years,1,suppressed
Haemophilus influenzae type b,2010,80-84 years,0,0
Hepatitis NOS,2010,80-84 years,0,0
Typhoid fever,2010,80-84 years,0,0
Pertussis,2010,80-84 years,9,11.3
Invasive group A streptococcal infection,2010,80-84 years,0,0
Hydatid disease,2010,80-84 years,0,0
Meningococcal disease,2010,80-84 years,0,0
Salmonellosis,2010,80-84 years,11,13.9
Tetanus,2010,80-84 years,0,0
Leptospirosis,2010,80-84 years,0,0
Malaria,2010,80-84 years,0,0
Giardiasis,2010,80-84 years,5,6.3
Measles,2010,80-84 years,0,0
Legionellosis,2010,80-84 years,10,12.6
Yersiniosis,2010,80-84 years,2,suppressed
Arboviral diseases,2010,80-84 years,0,0
Meningoencephalitis - primary amoebic,2010,80-84 years,0,0
Trichinosis,2010,80-84 years,0,0
Hepatitis A,2010,80-84 years,0,0
Tuberculosis disease,2010,80-84 years,9,11.3
Shigellosis,2010,80-84 years,1,suppressed
Cholera,2010,80-84 years,0,0
Rubella,2010,80-84 years,0,0
Rickettsial disease,2010,80-84 years,0,0
Cysticercosis,2010,80-84 years,0,0
Brucellosis,2010,80-84 years,0,0
Paratyphoid fever,2010,80-84 years,0,0
Q fever,2010,80-84 years,0,0
Hepatitis B,2010,80-84 years,0,0
Acute gastroenteritis,2010,80-84 years,6,7.6
Taeniasis,2010,80-84 years,0,0
Rheumatic fever,2010,80-84 years,0,0
Cryptosporidiosis,2010,80-84 years,5,6.3
Mumps,2010,80-84 years,0,0
Rabies and other lyssaviruses,2010,80-84 years,0,0
Toxic shellfish poisoning,2010,80-84 years,0,0
Invasive pneumococcal disease,2010,80-84 years,39,49.1
Poliomyelitis,2010,80-84 years,0,0
Rubella,2010,85+ years,0,0
Meningococcal disease,2010,85+ years,0,0
Hepatitis NOS,2010,85+ years,0,0
Yersiniosis,2010,85+ years,4,suppressed
Hepatitis B,2010,85+ years,0,0
Brucellosis,2010,85+ years,0,0
Hepatitis C,2010,85+ years,0,0
Invasive group A streptococcal infection,2010,85+ years,0,0
Hydatid disease,2010,85+ years,0,0
Arboviral diseases,2010,85+ years,0,0
Measles,2010,85+ years,0,0
Salmonellosis,2010,85+ years,9,13.1
Diphtheria,2010,85+ years,0,0
Shigellosis,2010,85+ years,0,0
Tuberculosis disease,2010,85+ years,7,10.2
Mumps,2010,85+ years,0,0
Haemophilus influenzae type b,2010,85+ years,0,0
Invasive pneumococcal disease,2010,85+ years,57,83.2
Rheumatic fever,2010,85+ years,0,0
Typhoid fever,2010,85+ years,0,0
Leprosy,2010,85+ years,0,0
Listeriosis,2010,85+ years,3,suppressed
Giardiasis,2010,85+ years,2,suppressed
Trichinosis,2010,85+ years,0,0
Q fever,2010,85+ years,0,0
Cholera,2010,85+ years,0,0
Rickettsial disease,2010,85+ years,0,0
Campylobacteriosis,2010,85+ years,90,131.4
Malaria,2010,85+ years,0,0
Cysticercosis,2010,85+ years,0,0
Hepatitis A,2010,85+ years,0,0
Mpox,2010,85+ years,0,0
Meningoencephalitis - primary amoebic,2010,85+ years,0,0
VTEC/STEC infection,2010,85+ years,3,suppressed
Toxic shellfish poisoning,2010,85+ years,0,0
Tetanus,2010,85+ years,2,suppressed
Cryptosporidiosis,2010,85+ years,2,suppressed
Rabies and other lyssaviruses,2010,85+ years,0,0
Pertussis,2010,85+ years,4,suppressed
Taeniasis,2010,85+ years,0,0
Legionellosis,2010,85+ years,9,13.1
Paratyphoid fever,2010,85+ years,0,0
Leptospirosis,2010,85+ years,0,0
Acute gastroenteritis,2010,85+ years,24,35
Poliomyelitis,2010,85+ years,0,0
Salmonellosis,2010,5-9 years,76,26.1
Poliomyelitis,2010,5-9 years,0,0
Rabies and other lyssaviruses,2010,5-9 years,0,0
Giardiasis,2010,5-9 years,185,63.6
Rheumatic fever,2010,5-9 years,42,14.4
Legionellosis,2010,5-9 years,1,suppressed
Mpox,2010,5-9 years,0,0
Hepatitis NOS,2010,5-9 years,0,0
VTEC/STEC infection,2010,5-9 years,13,4.5
Cysticercosis,2010,5-9 years,0,0
Diphtheria,2010,5-9 years,0,0
Toxic shellfish poisoning,2010,5-9 years,0,0
Cholera,2010,5-9 years,0,0
Tetanus,2010,5-9 years,0,0
Mumps,2010,5-9 years,5,1.7
Paratyphoid fever,2010,5-9 years,1,suppressed
Taeniasis,2010,5-9 years,0,0
Hepatitis B,2010,5-9 years,0,0
Trichinosis,2010,5-9 years,0,0
Shigellosis,2010,5-9 years,9,3.1
Typhoid fever,2010,5-9 years,4,suppressed
Pertussis,2010,5-9 years,90,31
Leptospirosis,2010,5-9 years,1,suppressed
Leprosy,2010,5-9 years,0,0
Measles,2010,5-9 years,7,2.4
Malaria,2010,5-9 years,2,suppressed
Haemophilus influenzae type b,2010,5-9 years,0,0
Hepatitis A,2010,5-9 years,6,2.1
Rubella,2010,5-9 years,0,0
Acute gastroenteritis,2010,5-9 years,6,2.1
Listeriosis,2010,5-9 years,0,0
Yersiniosis,2010,5-9 years,12,4.1
Cryptosporidiosis,2010,5-9 years,121,41.6
Campylobacteriosis,2010,5-9 years,367,126.2
Invasive group A streptococcal infection,2010,5-9 years,0,0
Meningoencephalitis - primary amoebic,2010,5-9 years,0,0
Invasive pneumococcal disease,2010,5-9 years,13,4.5
Tuberculosis disease,2010,5-9 years,3,suppressed
Arboviral diseases,2010,5-9 years,0,0
Meningococcal disease,2010,5-9 years,7,2.4
Brucellosis,2010,5-9 years,0,0
Q fever,2010,5-9 years,0,0
Hydatid disease,2010,5-9 years,0,0
Rickettsial disease,2010,5-9 years,0,0
Hepatitis C,2010,5-9 years,0,0
Cholera,2010,10-14 years,0,0
VTEC/STEC infection,2010,10-14 years,4,suppressed
Rheumatic fever,2010,10-14 years,78,25.7
Cysticercosis,2010,10-14 years,0,0
Legionellosis,2010,10-14 years,0,0
Mumps,2010,10-14 years,6,2
Pertussis,2010,10-14 years,47,15.5
Leprosy,2010,10-14 years,0,0
Trichinosis,2010,10-14 years,0,0
Paratyphoid fever,2010,10-14 years,1,suppressed
Mpox,2010,10-14 years,0,0
Salmonellosis,2010,10-14 years,48,15.8
Shigellosis,2010,10-14 years,5,1.7
Cryptosporidiosis,2010,10-14 years,81,26.7
Measles,2010,10-14 years,10,3.3
Diphtheria,2010,10-14 years,0,0
Listeriosis,2010,10-14 years,0,0
Leptospirosis,2010,10-14 years,0,0
Tuberculosis disease,2010,10-14 years,7,2.3
Typhoid fever,2010,10-14 years,1,suppressed
Haemophilus influenzae type b,2010,10-14 years,0,0
Toxic shellfish poisoning,2010,10-14 years,0,0
Q fever,2010,10-14 years,0,0
Rubella,2010,10-14 years,0,0
Hepatitis NOS,2010,10-14 years,0,0
Taeniasis,2010,10-14 years,0,0
Hepatitis A,2010,10-14 years,4,suppressed
Campylobacteriosis,2010,10-14 years,278,91.8
Tetanus,2010,10-14 years,0,0
Acute gastroenteritis,2010,10-14 years,11,3.6
Invasive group A streptococcal infection,2010,10-14 years,0,0
Yersiniosis,2010,10-14 years,20,6.6
Malaria,2010,10-14 years,1,suppressed
Meningoencephalitis - primary amoebic,2010,10-14 years,0,0
Hepatitis B,2010,10-14 years,0,0
Rickettsial disease,2010,10-14 years,0,0
Hydatid disease,2010,10-14 years,0,0
Rabies and other lyssaviruses,2010,10-14 years,0,0
Meningococcal disease,2010,10-14 years,5,1.7
Invasive pneumococcal disease,2010,10-14 years,10,3.3
Giardiasis,2010,10-14 years,46,15.2
Brucellosis,2010,10-14 years,0,0
Arboviral diseases,2010,10-14 years,2,suppressed
Poliomyelitis,2010,10-14 years,0,0
Hepatitis C,2010,10-14 years,0,0
VTEC/STEC infection,2010,15-19 years,2,suppressed
Trichinosis,2010,15-19 years,0,0
Taeniasis,2010,15-19 years,1,suppressed
Hepatitis A,2010,15-19 years,7,2.2
Campylobacteriosis,2010,15-19 years,498,157
Shigellosis,2010,15-19 years,3,suppressed
Legionellosis,2010,15-19 years,2,suppressed
Pertussis,2010,15-19 years,54,17
Leptospirosis,2010,15-19 years,3,suppressed
Hepatitis B,2010,15-19 years,1,suppressed
Hepatitis NOS,2010,15-19 years,1,suppressed
Salmonellosis,2010,15-19 years,62,19.5
Listeriosis,2010,15-19 years,0,0
Yersiniosis,2010,15-19 years,14,4.4
Tetanus,2010,15-19 years,0,0
Diphtheria,2010,15-19 years,0,0
Paratyphoid fever,2010,15-19 years,1,suppressed
Acute gastroenteritis,2010,15-19 years,17,5.4
Malaria,2010,15-19 years,5,1.6
Cryptosporidiosis,2010,15-19 years,54,17
Typhoid fever,2010,15-19 years,5,1.6
Rheumatic fever,2010,15-19 years,22,6.9
Haemophilus influenzae type b,2010,15-19 years,0,0
Hydatid disease,2010,15-19 years,0,0
Toxic shellfish poisoning,2010,15-19 years,0,0
Invasive pneumococcal disease,2010,15-19 years,17,5.4
Giardiasis,2010,15-19 years,35,11
Tuberculosis disease,2010,15-19 years,16,5
Measles,2010,15-19 years,10,3.2
Meningococcal disease,2010,15-19 years,12,3.8
Invasive group A streptococcal infection,2010,15-19 years,0,0
Q fever,2010,15-19 years,0,0
Meningoencephalitis - primary amoebic,2010,15-19 years,0,0
Mumps,2010,15-19 years,1,suppressed
Leprosy,2010,15-19 years,0,0
Cysticercosis,2010,15-19 years,0,0
Cholera,2010,15-19 years,0,0
Brucellosis,2010,15-19 years,0,0
Hepatitis C,2010,15-19 years,0,0
Arboviral diseases,2010,15-19 years,2,suppressed
Rabies and other lyssaviruses,2010,15-19 years,0,0
Mpox,2010,15-19 years,0,0
Rubella,2010,15-19 years,0,0
Rickettsial disease,2010,15-19 years,1,suppressed
Poliomyelitis,2010,15-19 years,0,0
Rheumatic fever,2010,20-24 years,10,3.3
Yersiniosis,2010,20-24 years,25,8.3
Diphtheria,2010,20-24 years,0,0
Legionellosis,2010,20-24 years,3,suppressed
Leptospirosis,2010,20-24 years,6,2
Hydatid disease,2010,20-24 years,0,0
Shigellosis,2010,20-24 years,13,4.3
Toxic shellfish poisoning,2010,20-24 years,1,suppressed
Hepatitis B,2010,20-24 years,4,suppressed
VTEC/STEC infection,2010,20-24 years,4,suppressed
Campylobacteriosis,2010,20-24 years,691,230.5
Invasive pneumococcal disease,2010,20-24 years,8,2.7
Cysticercosis,2010,20-24 years,0,0
Meningococcal disease,2010,20-24 years,7,2.3
Trichinosis,2010,20-24 years,0,0
Tetanus,2010,20-24 years,0,0
Typhoid fever,2010,20-24 years,3,suppressed
Salmonellosis,2010,20-24 years,83,27.7
Cholera,2010,20-24 years,0,0
Mumps,2010,20-24 years,3,suppressed
Malaria,2010,20-24 years,10,3.3
Listeriosis,2010,20-24 years,1,suppressed
Giardiasis,2010,20-24 years,85,28.4
Pertussis,2010,20-24 years,48,16
Taeniasis,2010,20-24 years,0,0
Rabies and other lyssaviruses,2010,20-24 years,0,0
Arboviral diseases,2010,20-24 years,7,2.3
Hepatitis C,2010,20-24 years,4,suppressed
Cryptosporidiosis,2010,20-24 years,44,14.7
Rubella,2010,20-24 years,0,0
Leprosy,2010,20-24 years,0,0
Mpox,2010,20-24 years,0,0
Q fever,2010,20-24 years,0,0
Tuberculosis disease,2010,20-24 years,28,9.3
Paratyphoid fever,2010,20-24 years,3,suppressed
Hepatitis NOS,2010,20-24 years,1,suppressed
Haemophilus influenzae type b,2010,20-24 years,0,0
Meningoencephalitis - primary amoebic,2010,20-24 years,0,0
Poliomyelitis,2010,20-24 years,0,0
Brucellosis,2010,20-24 years,0,0
Measles,2010,20-24 years,3,suppressed
Invasive group A streptococcal infection,2010,20-24 years,0,0
Rickettsial disease,2010,20-24 years,0,0
Hepatitis A,2010,20-24 years,9,3
Acute gastroenteritis,2010,20-24 years,20,6.7
Mumps,2010,25-29 years,4,suppressed
VTEC/STEC infection,2010,25-29 years,4,suppressed
Legionellosis,2010,25-29 years,1,suppressed
Listeriosis,2010,25-29 years,2,suppressed
Typhoid fever,2010,25-29 years,4,suppressed
Giardiasis,2010,25-29 years,112,40.7
Shigellosis,2010,25-29 years,7,2.5
Paratyphoid fever,2010,25-29 years,4,suppressed
Arboviral diseases,2010,25-29 years,8,2.9
Hepatitis B,2010,25-29 years,7,2.5
Hydatid disease,2010,25-29 years,1,suppressed
Tuberculosis disease,2010,25-29 years,32,11.6
Toxic shellfish poisoning,2010,25-29 years,0,0
Mpox,2010,25-29 years,0,0
Tetanus,2010,25-29 years,0,0
Cryptosporidiosis,2010,25-29 years,66,24
Diphtheria,2010,25-29 years,0,0
Taeniasis,2010,25-29 years,1,suppressed
Cholera,2010,25-29 years,0,0
Salmonellosis,2010,25-29 years,72,26.2
Rabies and other lyssaviruses,2010,25-29 years,0,0
Yersiniosis,2010,25-29 years,14,5.1
Trichinosis,2010,25-29 years,0,0
Meningoencephalitis - primary amoebic,2010,25-29 years,0,0
Invasive group A streptococcal infection,2010,25-29 years,0,0
Rubella,2010,25-29 years,0,0
Haemophilus influenzae type b,2010,25-29 years,0,0
Q fever,2010,25-29 years,0,0
Hepatitis A,2010,25-29 years,3,suppressed
Rheumatic fever,2010,25-29 years,9,3.3
Invasive pneumococcal disease,2010,25-29 years,8,2.9
Pertussis,2010,25-29 years,36,13.1
Leptospirosis,2010,25-29 years,7,2.5
Brucellosis,2010,25-29 years,0,0
Poliomyelitis,2010,25-29 years,0,0
Hepatitis C,2010,25-29 years,3,suppressed
Leprosy,2010,25-29 years,0,0
Acute gastroenteritis,2010,25-29 years,33,12
Measles,2010,25-29 years,3,suppressed
Malaria,2010,25-29 years,3,suppressed
Cysticercosis,2010,25-29 years,0,0
Rickettsial disease,2010,25-29 years,0,0
Meningococcal disease,2010,25-29 years,1,suppressed
Campylobacteriosis,2010,25-29 years,537,195.2
Hepatitis NOS,2010,25-29 years,1,suppressed
Mpox,2010,30-34 years,0,0
Tetanus,2010,30-34 years,0,0
Diphtheria,2010,30-34 years,0,0
Cholera,2010,30-34 years,0,0
VTEC/STEC infection,2010,30-34 years,3,suppressed
Hepatitis B,2010,30-34 years,2,suppressed
Meningoencephalitis - primary amoebic,2010,30-34 years,0,0
Shigellosis,2010,30-34 years,3,suppressed
Toxic shellfish poisoning,2010,30-34 years,1,suppressed
Haemophilus influenzae type b,2010,30-34 years,0,0
Q fever,2010,30-34 years,0,0
Legionellosis,2010,30-34 years,6,2.2
Invasive pneumococcal disease,2010,30-34 years,15,5.6
Cysticercosis,2010,30-34 years,0,0
Trichinosis,2010,30-34 years,0,0
Giardiasis,2010,30-34 years,171,63.9
Tuberculosis disease,2010,30-34 years,41,15.3
Yersiniosis,2010,30-34 years,15,5.6
Leptospirosis,2010,30-34 years,8,3
Typhoid fever,2010,30-34 years,3,suppressed
Invasive group A streptococcal infection,2010,30-34 years,0,0
Malaria,2010,30-34 years,3,suppressed
Leprosy,2010,30-34 years,0,0
Pertussis,2010,30-34 years,39,14.6
Mumps,2010,30-34 years,2,suppressed
Rheumatic fever,2010,30-34 years,2,suppressed
Listeriosis,2010,30-34 years,1,suppressed
Poliomyelitis,2010,30-34 years,0,0
Hepatitis A,2010,30-34 years,3,suppressed
Campylobacteriosis,2010,30-34 years,404,150.9
Rabies and other lyssaviruses,2010,30-34 years,0,0
Cryptosporidiosis,2010,30-34 years,57,21.3
Meningococcal disease,2010,30-34 years,2,suppressed
Acute gastroenteritis,2010,30-34 years,29,10.8
Rubella,2010,30-34 years,0,0
Taeniasis,2010,30-34 years,0,0
Paratyphoid fever,2010,30-34 years,3,suppressed
Measles,2010,30-34 years,2,suppressed
Hydatid disease,2010,30-34 years,0,0
Brucellosis,2010,30-34 years,0,0
Salmonellosis,2010,30-34 years,66,24.7
Arboviral diseases,2010,30-34 years,3,suppressed
Hepatitis C,2010,30-34 years,0,0
Rickettsial disease,2010,30-34 years,1,suppressed
Hepatitis NOS,2010,30-34 years,0,0
Malaria,2010,35-39 years,2,suppressed
VTEC/STEC infection,2010,35-39 years,4,suppressed
Toxic shellfish poisoning,2010,35-39 years,2,suppressed
Cryptosporidiosis,2010,35-39 years,56,18.4
Leprosy,2010,35-39 years,0,0
Haemophilus influenzae type b,2010,35-39 years,1,suppressed
Cholera,2010,35-39 years,0,0
Tuberculosis disease,2010,35-39 years,27,8.9
Listeriosis,2010,35-39 years,1,suppressed
Cysticercosis,2010,35-39 years,0,0
Hepatitis A,2010,35-39 years,3,suppressed
Shigellosis,2010,35-39 years,4,suppressed
Pertussis,2010,35-39 years,67,22
Yersiniosis,2010,35-39 years,16,5.2
Leptospirosis,2010,35-39 years,11,3.6
Typhoid fever,2010,35-39 years,1,suppressed
Tetanus,2010,35-39 years,0,0
Meningoencephalitis - primary amoebic,2010,35-39 years,0,0
Rubella,2010,35-39 years,0,0
Mpox,2010,35-39 years,0,0
Hepatitis B,2010,35-39 years,13,4.3
Invasive pneumococcal disease,2010,35-39 years,18,5.9
Diphtheria,2010,35-39 years,0,0
Paratyphoid fever,2010,35-39 years,0,0
Trichinosis,2010,35-39 years,0,0
Brucellosis,2010,35-39 years,1,suppressed
Giardiasis,2010,35-39 years,280,91.8
Taeniasis,2010,35-39 years,0,0
Meningococcal disease,2010,35-39 years,1,suppressed
Invasive group A streptococcal infection,2010,35-39 years,0,0
Rickettsial disease,2010,35-39 years,0,0
Poliomyelitis,2010,35-39 years,0,0
Q fever,2010,35-39 years,0,0
Campylobacteriosis,2010,35-39 years,438,143.6
Rheumatic fever,2010,35-39 years,0,0
Hydatid disease,2010,35-39 years,0,0
Measles,2010,35-39 years,1,suppressed
Rabies and other lyssaviruses,2010,35-39 years,0,0
Hepatitis NOS,2010,35-39 years,0,0
Hepatitis C,2010,35-39 years,4,suppressed
Salmonellosis,2010,35-39 years,67,22
Mumps,2010,35-39 years,2,suppressed
Acute gastroenteritis,2010,35-39 years,40,13.1
Legionellosis,2010,35-39 years,12,3.9
Arboviral diseases,2010,35-39 years,8,2.6
Yersiniosis,2010,40-44 years,13,4.1
Meningococcal disease,2010,40-44 years,2,suppressed
Cryptosporidiosis,2010,40-44 years,46,14.6
Tuberculosis disease,2010,40-44 years,20,6.4
Shigellosis,2010,40-44 years,6,1.9
Paratyphoid fever,2010,40-44 years,2,suppressed
Typhoid fever,2010,40-44 years,1,suppressed
Rheumatic fever,2010,40-44 years,1,suppressed
Malaria,2010,40-44 years,3,suppressed
Listeriosis,2010,40-44 years,1,suppressed
Cysticercosis,2010,40-44 years,0,0
Meningoencephalitis - primary amoebic,2010,40-44 years,0,0
Poliomyelitis,2010,40-44 years,0,0
Hepatitis A,2010,40-44 years,3,suppressed
Diphtheria,2010,40-44 years,0,0
Invasive pneumococcal disease,2010,40-44 years,20,6.4
Trichinosis,2010,40-44 years,0,0
Mpox,2010,40-44 years,0,0
Q fever,2010,40-44 years,0,0
Acute gastroenteritis,2010,40-44 years,40,12.7
Legionellosis,2010,40-44 years,7,2.2
Hepatitis B,2010,40-44 years,8,2.5
Rickettsial disease,2010,40-44 years,3,suppressed
Cholera,2010,40-44 years,1,suppressed
Arboviral diseases,2010,40-44 years,4,suppressed
Pertussis,2010,40-44 years,52,16.5
Salmonellosis,2010,40-44 years,69,22
Toxic shellfish poisoning,2010,40-44 years,0,0
Hepatitis C,2010,40-44 years,2,suppressed
Hydatid disease,2010,40-44 years,0,0
Mumps,2010,40-44 years,0,0
Leptospirosis,2010,40-44 years,12,3.8
VTEC/STEC infection,2010,40-44 years,3,suppressed
Campylobacteriosis,2010,40-44 years,443,140.9
Hepatitis NOS,2010,40-44 years,0,0
Haemophilus influenzae type b,2010,40-44 years,0,0
Tetanus,2010,40-44 years,1,suppressed
Taeniasis,2010,40-44 years,1,suppressed
Leprosy,2010,40-44 years,1,suppressed
Measles,2010,40-44 years,0,0
Invasive group A streptococcal infection,2010,40-44 years,0,0
Rabies and other lyssaviruses,2010,40-44 years,0,0
Brucellosis,2010,40-44 years,0,0
Giardiasis,2010,40-44 years,173,55
Rubella,2010,40-44 years,0,0
Mpox,2011,0-4 years,0,0
Rickettsial disease,2011,0-4 years,0,0
Hydatid disease,2011,0-4 years,0,0
Listeriosis,2011,0-4 years,0,0
Leprosy,2011,0-4 years,0,0
Tuberculosis disease,2011,0-4 years,8,2.5
Hepatitis B,2011,0-4 years,1,suppressed
Diphtheria,2011,0-4 years,0,0
Rubella,2011,0-4 years,6,1.9
Shigellosis,2011,0-4 years,17,5.4
Invasive group A streptococcal infection,2011,0-4 years,0,0
Yersiniosis,2011,0-4 years,175,55.1
Invasive pneumococcal disease,2011,0-4 years,45,14.2
Cysticercosis,2011,0-4 years,0,0
Trichinosis,2011,0-4 years,0,0
Hepatitis NOS,2011,0-4 years,0,0
VTEC/STEC infection,2011,0-4 years,69,21.7
Typhoid fever,2011,0-4 years,3,suppressed
Arboviral diseases,2011,0-4 years,1,suppressed
Hepatitis A,2011,0-4 years,4,suppressed
Q fever,2011,0-4 years,0,0
Meningococcal disease,2011,0-4 years,56,17.6
Cryptosporidiosis,2011,0-4 years,203,63.9
Brucellosis,2011,0-4 years,0,0
Mumps,2011,0-4 years,12,3.8
Haemophilus influenzae type b,2011,0-4 years,3,suppressed
Salmonellosis,2011,0-4 years,247,77.8
Giardiasis,2011,0-4 years,445,140.2
Measles,2011,0-4 years,179,56.4
Acute gastroenteritis,2011,0-4 years,105,33.1
Pertussis,2011,0-4 years,400,126
Taeniasis,2011,0-4 years,0,0
Paratyphoid fever,2011,0-4 years,1,suppressed
Rabies and other lyssaviruses,2011,0-4 years,0,0
Malaria,2011,0-4 years,0,0
Hepatitis C,2011,0-4 years,0,0
Cholera,2011,0-4 years,0,0
Toxic shellfish poisoning,2011,0-4 years,0,0
Rheumatic fever,2011,0-4 years,0,0
Tetanus,2011,0-4 years,0,0
Leptospirosis,2011,0-4 years,0,0
Meningoencephalitis - primary amoebic,2011,0-4 years,0,0
Poliomyelitis,2011,0-4 years,0,0
Campylobacteriosis,2011,0-4 years,882,277.8
Legionellosis,2011,0-4 years,0,0
Diphtheria,2011,45-49 years,0,0
Haemophilus influenzae type b,2011,45-49 years,2,suppressed
Campylobacteriosis,2011,45-49 years,426,132.9
Cryptosporidiosis,2011,45-49 years,20,6.2
Tuberculosis disease,2011,45-49 years,18,5.6
Hepatitis A,2011,45-49 years,0,0
Rubella,2011,45-49 years,0,0
Arboviral diseases,2011,45-49 years,5,1.6
Cholera,2011,45-49 years,0,0
Meningoencephalitis - primary amoebic,2011,45-49 years,0,0
Hepatitis C,2011,45-49 years,1,suppressed
Leprosy,2011,45-49 years,0,0
Q fever,2011,45-49 years,0,0
Invasive group A streptococcal infection,2011,45-49 years,0,0
Hepatitis NOS,2011,45-49 years,0,0
Poliomyelitis,2011,45-49 years,0,0
Salmonellosis,2011,45-49 years,59,18.4
Rickettsial disease,2011,45-49 years,1,suppressed
Paratyphoid fever,2011,45-49 years,1,suppressed
Meningococcal disease,2011,45-49 years,4,suppressed
Taeniasis,2011,45-49 years,1,suppressed
Mumps,2011,45-49 years,2,suppressed
Leptospirosis,2011,45-49 years,14,4.4
Malaria,2011,45-49 years,2,suppressed
Rheumatic fever,2011,45-49 years,0,0
Legionellosis,2011,45-49 years,9,2.8
Pertussis,2011,45-49 years,124,38.7
Shigellosis,2011,45-49 years,5,1.6
Hydatid disease,2011,45-49 years,0,0
Listeriosis,2011,45-49 years,1,suppressed
Trichinosis,2011,45-49 years,0,0
Measles,2011,45-49 years,5,1.6
Tetanus,2011,45-49 years,0,0
Giardiasis,2011,45-49 years,96,29.9
Brucellosis,2011,45-49 years,0,0
Toxic shellfish poisoning,2011,45-49 years,0,0
Hepatitis B,2011,45-49 years,8,2.5
Acute gastroenteritis,2011,45-49 years,37,11.5
Typhoid fever,2011,45-49 years,2,suppressed
Rabies and other lyssaviruses,2011,45-49 years,0,0
Mpox,2011,45-49 years,0,0
VTEC/STEC infection,2011,45-49 years,3,suppressed
Cysticercosis,2011,45-49 years,0,0
Yersiniosis,2011,45-49 years,23,7.2
Invasive pneumococcal disease,2011,45-49 years,19,5.9
Campylobacteriosis,2011,50-54 years,404,134.8
Rubella,2011,50-54 years,1,suppressed
Haemophilus influenzae type b,2011,50-54 years,0,0
Meningoencephalitis - primary amoebic,2011,50-54 years,0,0
Brucellosis,2011,50-54 years,0,0
Hepatitis A,2011,50-54 years,0,0
Poliomyelitis,2011,50-54 years,0,0
Pertussis,2011,50-54 years,104,34.7
Q fever,2011,50-54 years,0,0
Invasive group A streptococcal infection,2011,50-54 years,0,0
Cholera,2011,50-54 years,0,0
Tuberculosis disease,2011,50-54 years,12,4
Salmonellosis,2011,50-54 years,52,17.4
Trichinosis,2011,50-54 years,0,0
Rickettsial disease,2011,50-54 years,0,0
Mumps,2011,50-54 years,1,suppressed
Taeniasis,2011,50-54 years,1,suppressed
Leptospirosis,2011,50-54 years,13,4.3
Malaria,2011,50-54 years,3,suppressed
Hydatid disease,2011,50-54 years,0,0
Legionellosis,2011,50-54 years,11,3.7
Leprosy,2011,50-54 years,0,0
Cryptosporidiosis,2011,50-54 years,16,5.3
Hepatitis NOS,2011,50-54 years,0,0
Listeriosis,2011,50-54 years,1,suppressed
VTEC/STEC infection,2011,50-54 years,2,suppressed
Paratyphoid fever,2011,50-54 years,0,0
Meningococcal disease,2011,50-54 years,1,suppressed
Arboviral diseases,2011,50-54 years,6,2
Toxic shellfish poisoning,2011,50-54 years,0,0
Typhoid fever,2011,50-54 years,1,suppressed
Tetanus,2011,50-54 years,0,0
Invasive pneumococcal disease,2011,50-54 years,33,11
Rheumatic fever,2011,50-54 years,0,0
Hepatitis C,2011,50-54 years,3,suppressed
Measles,2011,50-54 years,2,suppressed
Hepatitis B,2011,50-54 years,2,suppressed
Shigellosis,2011,50-54 years,8,2.7
Acute gastroenteritis,2011,50-54 years,38,12.7
Rabies and other lyssaviruses,2011,50-54 years,0,0
Diphtheria,2011,50-54 years,0,0
Giardiasis,2011,50-54 years,80,26.7
Cysticercosis,2011,50-54 years,0,0
Mpox,2011,50-54 years,0,0
Yersiniosis,2011,50-54 years,28,9.3
Salmonellosis,2011,55-59 years,64,24.7
Arboviral diseases,2011,55-59 years,2,suppressed
Hepatitis A,2011,55-59 years,0,0
Meningoencephalitis - primary amoebic,2011,55-59 years,0,0
Q fever,2011,55-59 years,0,0
Cholera,2011,55-59 years,0,0
Poliomyelitis,2011,55-59 years,0,0
Legionellosis,2011,55-59 years,17,6.6
Hepatitis B,2011,55-59 years,7,2.7
Hepatitis NOS,2011,55-59 years,0,0
Mumps,2011,55-59 years,0,0
Invasive group A streptococcal infection,2011,55-59 years,0,0
Brucellosis,2011,55-59 years,0,0
Taeniasis,2011,55-59 years,0,0
Hydatid disease,2011,55-59 years,0,0
Toxic shellfish poisoning,2011,55-59 years,0,0
Rabies and other lyssaviruses,2011,55-59 years,0,0
Measles,2011,55-59 years,2,suppressed
Pertussis,2011,55-59 years,67,25.9
Rheumatic fever,2011,55-59 years,0,0
Listeriosis,2011,55-59 years,2,suppressed
Leptospirosis,2011,55-59 years,4,suppressed
Trichinosis,2011,55-59 years,0,0
Cryptosporidiosis,2011,55-59 years,11,4.3
Cysticercosis,2011,55-59 years,0,0
Malaria,2011,55-59 years,0,0
Rubella,2011,55-59 years,0,0
Meningococcal disease,2011,55-59 years,4,suppressed
Yersiniosis,2011,55-59 years,21,8.1
VTEC/STEC infection,2011,55-59 years,0,0
Hepatitis C,2011,55-59 years,2,suppressed
Haemophilus influenzae type b,2011,55-59 years,0,0
Shigellosis,2011,55-59 years,3,suppressed
Rickettsial disease,2011,55-59 years,1,suppressed
Acute gastroenteritis,2011,55-59 years,15,5.8
Tetanus,2011,55-59 years,0,0
Campylobacteriosis,2011,55-59 years,357,138
Giardiasis,2011,55-59 years,88,34
Typhoid fever,2011,55-59 years,1,suppressed
Paratyphoid fever,2011,55-59 years,0,0
Invasive pneumococcal disease,2011,55-59 years,44,17
Leprosy,2011,55-59 years,0,0
Mpox,2011,55-59 years,0,0
Diphtheria,2011,55-59 years,0,0
Tuberculosis disease,2011,55-59 years,16,6.2
Rubella,2011,60-64 years,1,suppressed
Rheumatic fever,2011,60-64 years,0,0
Hepatitis A,2011,60-64 years,0,0
Poliomyelitis,2011,60-64 years,0,0
Cholera,2011,60-64 years,0,0
Measles,2011,60-64 years,1,suppressed
Arboviral diseases,2011,60-64 years,5,2.1
Brucellosis,2011,60-64 years,0,0
Rickettsial disease,2011,60-64 years,0,0
Meningococcal disease,2011,60-64 years,1,suppressed
Listeriosis,2011,60-64 years,2,suppressed
Acute gastroenteritis,2011,60-64 years,30,12.6
Legionellosis,2011,60-64 years,26,10.9
Pertussis,2011,60-64 years,59,24.8
Meningoencephalitis - primary amoebic,2011,60-64 years,0,0
Q fever,2011,60-64 years,0,0
Shigellosis,2011,60-64 years,4,suppressed
Hepatitis B,2011,60-64 years,2,suppressed
Cryptosporidiosis,2011,60-64 years,8,3.4
Campylobacteriosis,2011,60-64 years,391,164.1
Paratyphoid fever,2011,60-64 years,1,suppressed
Tetanus,2011,60-64 years,0,0
Haemophilus influenzae type b,2011,60-64 years,0,0
Mpox,2011,60-64 years,0,0
Yersiniosis,2011,60-64 years,24,10.1
Rabies and other lyssaviruses,2011,60-64 years,0,0
Hepatitis NOS,2011,60-64 years,1,suppressed
Leprosy,2011,60-64 years,0,0
Typhoid fever,2011,60-64 years,1,suppressed
VTEC/STEC infection,2011,60-64 years,3,suppressed
Toxic shellfish poisoning,2011,60-64 years,1,suppressed
Salmonellosis,2011,60-64 years,52,21.8
Diphtheria,2011,60-64 years,0,0
Invasive group A streptococcal infection,2011,60-64 years,0,0
Invasive pneumococcal disease,2011,60-64 years,42,17.6
Malaria,2011,60-64 years,0,0
Cysticercosis,2011,60-64 years,0,0
Giardiasis,2011,60-64 years,92,38.6
Tuberculosis disease,2011,60-64 years,23,9.7
Taeniasis,2011,60-64 years,0,0
Mumps,2011,60-64 years,1,suppressed
Trichinosis,2011,60-64 years,0,0
Hepatitis C,2011,60-64 years,2,suppressed
Hydatid disease,2011,60-64 years,1,suppressed
Leptospirosis,2011,60-64 years,5,2.1
Campylobacteriosis,2011,65-69 years,292,162
Cryptosporidiosis,2011,65-69 years,7,3.9
Rubella,2011,65-69 years,0,0
Shigellosis,2011,65-69 years,5,2.8
Rickettsial disease,2011,65-69 years,0,0
Cholera,2011,65-69 years,0,0
Brucellosis,2011,65-69 years,0,0
Tetanus,2011,65-69 years,0,0
Haemophilus influenzae type b,2011,65-69 years,0,0
Leprosy,2011,65-69 years,0,0
Legionellosis,2011,65-69 years,22,12.2
Q fever,2011,65-69 years,0,0
Pertussis,2011,65-69 years,42,23.3
Poliomyelitis,2011,65-69 years,0,0
Diphtheria,2011,65-69 years,0,0
Paratyphoid fever,2011,65-69 years,0,0
Hepatitis A,2011,65-69 years,1,suppressed
Trichinosis,2011,65-69 years,0,0
Mumps,2011,65-69 years,0,0
Meningoencephalitis - primary amoebic,2011,65-69 years,0,0
Rabies and other lyssaviruses,2011,65-69 years,0,0
Acute gastroenteritis,2011,65-69 years,23,12.8
Measles,2011,65-69 years,0,0
Rheumatic fever,2011,65-69 years,0,0
Malaria,2011,65-69 years,1,suppressed
Hepatitis B,2011,65-69 years,1,suppressed
Leptospirosis,2011,65-69 years,3,suppressed
Hydatid disease,2011,65-69 years,1,suppressed
Invasive group A streptococcal infection,2011,65-69 years,0,0
Tuberculosis disease,2011,65-69 years,13,7.2
Typhoid fever,2011,65-69 years,0,0
Arboviral diseases,2011,65-69 years,3,suppressed
Mpox,2011,65-69 years,0,0
Toxic shellfish poisoning,2011,65-69 years,0,0
Hepatitis NOS,2011,65-69 years,0,0
Invasive pneumococcal disease,2011,65-69 years,41,22.7
VTEC/STEC infection,2011,65-69 years,4,suppressed
Listeriosis,2011,65-69 years,3,suppressed
Hepatitis C,2011,65-69 years,0,0
Giardiasis,2011,65-69 years,57,31.6
Yersiniosis,2011,65-69 years,16,8.9
Meningococcal disease,2011,65-69 years,2,suppressed
Salmonellosis,2011,65-69 years,38,21.1
Taeniasis,2011,65-69 years,0,0
Cysticercosis,2011,65-69 years,0,0
Brucellosis,2011,70-74 years,0,0
Haemophilus influenzae type b,2011,70-74 years,2,suppressed
Campylobacteriosis,2011,70-74 years,270,188.1
Hepatitis A,2011,70-74 years,1,suppressed
Cryptosporidiosis,2011,70-74 years,2,suppressed
Leprosy,2011,70-74 years,1,suppressed
Rickettsial disease,2011,70-74 years,1,suppressed
Legionellosis,2011,70-74 years,19,13.2
Mumps,2011,70-74 years,0,0
Poliomyelitis,2011,70-74 years,0,0
Tetanus,2011,70-74 years,0,0
Tuberculosis disease,2011,70-74 years,13,9.1
Cholera,2011,70-74 years,0,0
Rubella,2011,70-74 years,0,0
Q fever,2011,70-74 years,0,0
Toxic shellfish poisoning,2011,70-74 years,0,0
Salmonellosis,2011,70-74 years,31,21.6
Arboviral diseases,2011,70-74 years,1,suppressed
Meningoencephalitis - primary amoebic,2011,70-74 years,0,0
Rheumatic fever,2011,70-74 years,0,0
Acute gastroenteritis,2011,70-74 years,13,9.1
Pertussis,2011,70-74 years,44,30.7
Shigellosis,2011,70-74 years,3,suppressed
Diphtheria,2011,70-74 years,0,0
Invasive group A streptococcal infection,2011,70-74 years,0,0
Hepatitis NOS,2011,70-74 years,1,suppressed
Hepatitis C,2011,70-74 years,0,0
Paratyphoid fever,2011,70-74 years,0,0
Meningococcal disease,2011,70-74 years,0,0
Rabies and other lyssaviruses,2011,70-74 years,0,0
Invasive pneumococcal disease,2011,70-74 years,43,30
Hepatitis B,2011,70-74 years,0,0
Malaria,2011,70-74 years,0,0
Typhoid fever,2011,70-74 years,0,0
Trichinosis,2011,70-74 years,0,0
Taeniasis,2011,70-74 years,0,0
Measles,2011,70-74 years,0,0
Listeriosis,2011,70-74 years,2,suppressed
Leptospirosis,2011,70-74 years,1,suppressed
Yersiniosis,2011,70-74 years,12,8.4
Mpox,2011,70-74 years,0,0
Cysticercosis,2011,70-74 years,0,0
Hydatid disease,2011,70-74 years,1,suppressed
VTEC/STEC infection,2011,70-74 years,6,4.2
Giardiasis,2011,70-74 years,27,18.8
Rubella,2011,75-79 years,0,0
Mumps,2011,75-79 years,0,0
Hepatitis A,2011,75-79 years,1,suppressed
Leptospirosis,2011,75-79 years,0,0
Legionellosis,2011,75-79 years,13,12.5
Rheumatic fever,2011,75-79 years,0,0
Arboviral diseases,2011,75-79 years,0,0
Cryptosporidiosis,2011,75-79 years,2,suppressed
Campylobacteriosis,2011,75-79 years,197,188.9
Rickettsial disease,2011,75-79 years,0,0
Salmonellosis,2011,75-79 years,26,24.9
Poliomyelitis,2011,75-79 years,0,0
Hepatitis C,2011,75-79 years,0,0
Meningoencephalitis - primary amoebic,2011,75-79 years,0,0
Malaria,2011,75-79 years,0,0
Toxic shellfish poisoning,2011,75-79 years,0,0
Haemophilus influenzae type b,2011,75-79 years,0,0
Hepatitis B,2011,75-79 years,0,0
Cholera,2011,75-79 years,0,0
Q fever,2011,75-79 years,0,0
Hepatitis NOS,2011,75-79 years,0,0
Trichinosis,2011,75-79 years,0,0
Brucellosis,2011,75-79 years,0,0
Tuberculosis disease,2011,75-79 years,7,6.7
Giardiasis,2011,75-79 years,12,11.5
Taeniasis,2011,75-79 years,0,0
Leprosy,2011,75-79 years,0,0
Mpox,2011,75-79 years,0,0
Acute gastroenteritis,2011,75-79 years,20,19.2
Invasive pneumococcal disease,2011,75-79 years,44,42.2
Meningococcal disease,2011,75-79 years,2,suppressed
Paratyphoid fever,2011,75-79 years,0,0
Invasive group A streptococcal infection,2011,75-79 years,0,0
Listeriosis,2011,75-79 years,1,suppressed
Yersiniosis,2011,75-79 years,9,8.6
VTEC/STEC infection,2011,75-79 years,5,4.8
Diphtheria,2011,75-79 years,0,0
Cysticercosis,2011,75-79 years,0,0
Hydatid disease,2011,75-79 years,1,suppressed
Shigellosis,2011,75-79 years,0,0
Typhoid fever,2011,75-79 years,1,suppressed
Tetanus,2011,75-79 years,0,0
Pertussis,2011,75-79 years,25,24
Rabies and other lyssaviruses,2011,75-79 years,0,0
Measles,2011,75-79 years,0,0
Arboviral diseases,2011,80-84 years,1,suppressed
Legionellosis,2011,80-84 years,16,19.7
Rubella,2011,80-84 years,0,0
Poliomyelitis,2011,80-84 years,0,0
Leprosy,2011,80-84 years,0,0
Campylobacteriosis,2011,80-84 years,138,170.2
Cryptosporidiosis,2011,80-84 years,0,0
Trichinosis,2011,80-84 years,0,0
Brucellosis,2011,80-84 years,0,0
Salmonellosis,2011,80-84 years,10,12.3
Listeriosis,2011,80-84 years,4,suppressed
Leptospirosis,2011,80-84 years,0,0
Malaria,2011,80-84 years,0,0
Cholera,2011,80-84 years,0,0
Rheumatic fever,2011,80-84 years,0,0
Acute gastroenteritis,2011,80-84 years,26,32.1
Haemophilus influenzae type b,2011,80-84 years,0,0
Cysticercosis,2011,80-84 years,0,0
Rickettsial disease,2011,80-84 years,0,0
Pertussis,2011,80-84 years,13,16
Taeniasis,2011,80-84 years,0,0
Hepatitis C,2011,80-84 years,0,0
Meningoencephalitis - primary amoebic,2011,80-84 years,0,0
Giardiasis,2011,80-84 years,5,6.2
Invasive pneumococcal disease,2011,80-84 years,43,53
VTEC/STEC infection,2011,80-84 years,1,suppressed
Q fever,2011,80-84 years,0,0
Rabies and other lyssaviruses,2011,80-84 years,0,0
Hydatid disease,2011,80-84 years,0,0
Meningococcal disease,2011,80-84 years,4,suppressed
Invasive group A streptococcal infection,2011,80-84 years,0,0
Hepatitis A,2011,80-84 years,0,0
Diphtheria,2011,80-84 years,0,0
Yersiniosis,2011,80-84 years,7,8.6
Mpox,2011,80-84 years,0,0
Hepatitis NOS,2011,80-84 years,0,0
Toxic shellfish poisoning,2011,80-84 years,0,0
Shigellosis,2011,80-84 years,0,0
Hepatitis B,2011,80-84 years,0,0
Typhoid fever,2011,80-84 years,0,0
Mumps,2011,80-84 years,1,suppressed
Tuberculosis disease,2011,80-84 years,11,13.6
Paratyphoid fever,2011,80-84 years,0,0
Tetanus,2011,80-84 years,0,0
Measles,2011,80-84 years,0,0
Legionellosis,2011,85+ years,5,7.1
Trichinosis,2011,85+ years,0,0
Rheumatic fever,2011,85+ years,0,0
Rubella,2011,85+ years,0,0
Brucellosis,2011,85+ years,0,0
Giardiasis,2011,85+ years,8,11.3
Tuberculosis disease,2011,85+ years,5,7.1
Toxic shellfish poisoning,2011,85+ years,0,0
Q fever,2011,85+ years,0,0
Mumps,2011,85+ years,0,0
Acute gastroenteritis,2011,85+ years,35,49.4
Haemophilus influenzae type b,2011,85+ years,1,suppressed
Poliomyelitis,2011,85+ years,0,0
Campylobacteriosis,2011,85+ years,84,118.6
Cholera,2011,85+ years,0,0
Paratyphoid fever,2011,85+ years,0,0
Taeniasis,2011,85+ years,0,0
Hepatitis A,2011,85+ years,1,suppressed
Meningoencephalitis - primary amoebic,2011,85+ years,0,0
Rabies and other lyssaviruses,2011,85+ years,0,0
Arboviral diseases,2011,85+ years,0,0
Leptospirosis,2011,85+ years,0,0
Mpox,2011,85+ years,0,0
Hydatid disease,2011,85+ years,2,suppressed
Malaria,2011,85+ years,0,0
Shigellosis,2011,85+ years,0,0
Pertussis,2011,85+ years,11,15.5
VTEC/STEC infection,2011,85+ years,3,suppressed
Tetanus,2011,85+ years,0,0
Rickettsial disease,2011,85+ years,0,0
Hepatitis NOS,2011,85+ years,0,0
Cysticercosis,2011,85+ years,0,0
Cryptosporidiosis,2011,85+ years,1,suppressed
Meningococcal disease,2011,85+ years,1,suppressed
Hepatitis C,2011,85+ years,0,0
Invasive group A streptococcal infection,2011,85+ years,0,0
Diphtheria,2011,85+ years,0,0
Invasive pneumococcal disease,2011,85+ years,57,80.5
Hepatitis B,2011,85+ years,0,0
Yersiniosis,2011,85+ years,3,suppressed
Salmonellosis,2011,85+ years,10,14.1
Listeriosis,2011,85+ years,3,suppressed
Measles,2011,85+ years,0,0
Leprosy,2011,85+ years,0,0
Typhoid fever,2011,85+ years,0,0
Invasive pneumococcal disease,2011,5-9 years,16,5.5
Cryptosporidiosis,2011,5-9 years,78,26.8
Invasive group A streptococcal infection,2011,5-9 years,0,0
Brucellosis,2011,5-9 years,0,0
Typhoid fever,2011,5-9 years,7,2.4
Diphtheria,2011,5-9 years,0,0
Tuberculosis disease,2011,5-9 years,3,suppressed
Leprosy,2011,5-9 years,0,0
Cysticercosis,2011,5-9 years,0,0
Shigellosis,2011,5-9 years,9,3.1
Measles,2011,5-9 years,81,27.9
Mumps,2011,5-9 years,15,5.2
Hepatitis NOS,2011,5-9 years,0,0
Acute gastroenteritis,2011,5-9 years,17,5.9
Hepatitis A,2011,5-9 years,6,2.1
Meningoencephalitis - primary amoebic,2011,5-9 years,0,0
Mpox,2011,5-9 years,0,0
Hepatitis C,2011,5-9 years,0,0
Paratyphoid fever,2011,5-9 years,0,0
Trichinosis,2011,5-9 years,0,0
Campylobacteriosis,2011,5-9 years,339,116.7
Haemophilus influenzae type b,2011,5-9 years,0,0
Rickettsial disease,2011,5-9 years,0,0
Arboviral diseases,2011,5-9 years,1,suppressed
Yersiniosis,2011,5-9 years,17,5.9
Listeriosis,2011,5-9 years,0,0
Cholera,2011,5-9 years,0,0
VTEC/STEC infection,2011,5-9 years,13,4.5
Rabies and other lyssaviruses,2011,5-9 years,0,0
Tetanus,2011,5-9 years,0,0
Malaria,2011,5-9 years,0,0
Q fever,2011,5-9 years,0,0
Toxic shellfish poisoning,2011,5-9 years,0,0
Rheumatic fever,2011,5-9 years,43,14.8
Hepatitis B,2011,5-9 years,0,0
Meningococcal disease,2011,5-9 years,10,3.4
Taeniasis,2011,5-9 years,0,0
Pertussis,2011,5-9 years,302,103.9
Leptospirosis,2011,5-9 years,0,0
Salmonellosis,2011,5-9 years,55,18.9
Hydatid disease,2011,5-9 years,0,0
Poliomyelitis,2011,5-9 years,0,0
Giardiasis,2011,5-9 years,139,47.8
Legionellosis,2011,5-9 years,0,0
Rubella,2011,5-9 years,2,suppressed
Mumps,2011,10-14 years,4,suppressed
Shigellosis,2011,10-14 years,3,suppressed
Invasive pneumococcal disease,2011,10-14 years,13,4.3
Malaria,2011,10-14 years,3,suppressed
Cysticercosis,2011,10-14 years,0,0
Invasive group A streptococcal infection,2011,10-14 years,0,0
Hepatitis NOS,2011,10-14 years,0,0
Measles,2011,10-14 years,95,31.4
Leprosy,2011,10-14 years,0,0
Rabies and other lyssaviruses,2011,10-14 years,0,0
Typhoid fever,2011,10-14 years,3,suppressed
Cryptosporidiosis,2011,10-14 years,56,18.5
Mpox,2011,10-14 years,0,0
Hepatitis A,2011,10-14 years,1,suppressed
Toxic shellfish poisoning,2011,10-14 years,0,0
Tetanus,2011,10-14 years,0,0
Campylobacteriosis,2011,10-14 years,251,82.9
Paratyphoid fever,2011,10-14 years,0,0
Arboviral diseases,2011,10-14 years,0,0
Meningoencephalitis - primary amoebic,2011,10-14 years,0,0
Hepatitis B,2011,10-14 years,0,0
Listeriosis,2011,10-14 years,0,0
VTEC/STEC infection,2011,10-14 years,10,3.3
Pertussis,2011,10-14 years,229,75.7
Acute gastroenteritis,2011,10-14 years,7,2.3
Meningococcal disease,2011,10-14 years,5,1.7
Hepatitis C,2011,10-14 years,0,0
Diphtheria,2011,10-14 years,0,0
Poliomyelitis,2011,10-14 years,0,0
Salmonellosis,2011,10-14 years,34,11.2
Legionellosis,2011,10-14 years,0,0
Haemophilus influenzae type b,2011,10-14 years,0,0
Yersiniosis,2011,10-14 years,24,7.9
Rheumatic fever,2011,10-14 years,78,25.8
Tuberculosis disease,2011,10-14 years,8,2.6
Hydatid disease,2011,10-14 years,0,0
Taeniasis,2011,10-14 years,1,suppressed
Leptospirosis,2011,10-14 years,0,0
Giardiasis,2011,10-14 years,48,15.9
Rubella,2011,10-14 years,1,suppressed
Brucellosis,2011,10-14 years,0,0
Cholera,2011,10-14 years,0,0
Trichinosis,2011,10-14 years,0,0
Q fever,2011,10-14 years,0,0
Rickettsial disease,2011,10-14 years,0,0
Haemophilus influenzae type b,2011,15-19 years,0,0
Meningococcal disease,2011,15-19 years,15,4.8
Arboviral diseases,2011,15-19 years,0,0
Mpox,2011,15-19 years,0,0
Typhoid fever,2011,15-19 years,2,suppressed
Campylobacteriosis,2011,15-19 years,452,143.7
Rabies and other lyssaviruses,2011,15-19 years,0,0
Rheumatic fever,2011,15-19 years,14,4.5
Leprosy,2011,15-19 years,0,0
Leptospirosis,2011,15-19 years,1,suppressed
Cholera,2011,15-19 years,0,0
Salmonellosis,2011,15-19 years,60,19.1
Poliomyelitis,2011,15-19 years,0,0
Pertussis,2011,15-19 years,95,30.2
Brucellosis,2011,15-19 years,0,0
Mumps,2011,15-19 years,1,suppressed
Giardiasis,2011,15-19 years,26,8.3
Meningoencephalitis - primary amoebic,2011,15-19 years,0,0
Invasive pneumococcal disease,2011,15-19 years,9,2.9
Hepatitis B,2011,15-19 years,3,suppressed
Cryptosporidiosis,2011,15-19 years,40,12.7
Hydatid disease,2011,15-19 years,0,0
Invasive group A streptococcal infection,2011,15-19 years,0,0
Q fever,2011,15-19 years,0,0
Shigellosis,2011,15-19 years,3,suppressed
Diphtheria,2011,15-19 years,0,0
Hepatitis C,2011,15-19 years,2,suppressed
Rickettsial disease,2011,15-19 years,0,0
Paratyphoid fever,2011,15-19 years,1,suppressed
Measles,2011,15-19 years,66,21
Malaria,2011,15-19 years,7,2.2
Yersiniosis,2011,15-19 years,20,6.4
Acute gastroenteritis,2011,15-19 years,12,3.8
Taeniasis,2011,15-19 years,1,suppressed
Hepatitis A,2011,15-19 years,0,0
Hepatitis NOS,2011,15-19 years,1,suppressed
Listeriosis,2011,15-19 years,0,0
Rubella,2011,15-19 years,1,suppressed
Tuberculosis disease,2011,15-19 years,19,6
Toxic shellfish poisoning,2011,15-19 years,1,suppressed
Cysticercosis,2011,15-19 years,0,0
Legionellosis,2011,15-19 years,1,suppressed
Tetanus,2011,15-19 years,0,0
VTEC/STEC infection,2011,15-19 years,5,1.6
Trichinosis,2011,15-19 years,0,0
Arboviral diseases,2011,20-24 years,2,suppressed
Rickettsial disease,2011,20-24 years,1,suppressed
Cholera,2011,20-24 years,0,0
Acute gastroenteritis,2011,20-24 years,39,12.7
Rubella,2011,20-24 years,5,1.6
Q fever,2011,20-24 years,0,0
Salmonellosis,2011,20-24 years,81,26.4
Cryptosporidiosis,2011,20-24 years,47,15.3
Invasive group A streptococcal infection,2011,20-24 years,0,0
Cysticercosis,2011,20-24 years,0,0
Hepatitis C,2011,20-24 years,3,suppressed
Haemophilus influenzae type b,2011,20-24 years,0,0
Meningoencephalitis - primary amoebic,2011,20-24 years,0,0
Malaria,2011,20-24 years,16,5.2
Invasive pneumococcal disease,2011,20-24 years,16,5.2
Measles,2011,20-24 years,42,13.7
Leprosy,2011,20-24 years,0,0
Hydatid disease,2011,20-24 years,0,0
Hepatitis NOS,2011,20-24 years,1,suppressed
Hepatitis A,2011,20-24 years,3,suppressed
Tuberculosis disease,2011,20-24 years,46,15
Meningococcal disease,2011,20-24 years,3,suppressed
Campylobacteriosis,2011,20-24 years,597,194.3
Diphtheria,2011,20-24 years,0,0
Paratyphoid fever,2011,20-24 years,3,suppressed
Mumps,2011,20-24 years,4,suppressed
Brucellosis,2011,20-24 years,0,0
Taeniasis,2011,20-24 years,1,suppressed
Rheumatic fever,2011,20-24 years,13,4.2
VTEC/STEC infection,2011,20-24 years,7,2.3
Rabies and other lyssaviruses,2011,20-24 years,0,0
Listeriosis,2011,20-24 years,1,suppressed
Shigellosis,2011,20-24 years,8,2.6
Leptospirosis,2011,20-24 years,4,suppressed
Trichinosis,2011,20-24 years,0,0
Mpox,2011,20-24 years,0,0
Yersiniosis,2011,20-24 years,21,6.8
Hepatitis B,2011,20-24 years,7,2.3
Giardiasis,2011,20-24 years,73,23.8
Tetanus,2011,20-24 years,0,0
Pertussis,2011,20-24 years,75,24.4
Legionellosis,2011,20-24 years,1,suppressed
Typhoid fever,2011,20-24 years,8,2.6
Poliomyelitis,2011,20-24 years,0,0
Toxic shellfish poisoning,2011,20-24 years,0,0
Cholera,2011,25-29 years,0,0
Rickettsial disease,2011,25-29 years,1,suppressed
Invasive group A streptococcal infection,2011,25-29 years,0,0
Tuberculosis disease,2011,25-29 years,35,12.7
Malaria,2011,25-29 years,10,3.6
Hepatitis C,2011,25-29 years,3,suppressed
Haemophilus influenzae type b,2011,25-29 years,0,0
Rubella,2011,25-29 years,3,suppressed
Hepatitis NOS,2011,25-29 years,0,0
Giardiasis,2011,25-29 years,102,37.1
Acute gastroenteritis,2011,25-29 years,30,10.9
Measles,2011,25-29 years,27,9.8
Cysticercosis,2011,25-29 years,0,0
Cryptosporidiosis,2011,25-29 years,37,13.5
Pertussis,2011,25-29 years,56,20.4
Hepatitis A,2011,25-29 years,3,suppressed
Trichinosis,2011,25-29 years,0,0
Poliomyelitis,2011,25-29 years,0,0
Campylobacteriosis,2011,25-29 years,477,173.5
Mpox,2011,25-29 years,0,0
Meningoencephalitis - primary amoebic,2011,25-29 years,0,0
Brucellosis,2011,25-29 years,0,0
Leptospirosis,2011,25-29 years,4,suppressed
Invasive pneumococcal disease,2011,25-29 years,16,5.8
Arboviral diseases,2011,25-29 years,5,1.8
Hydatid disease,2011,25-29 years,0,0
Rabies and other lyssaviruses,2011,25-29 years,0,0
VTEC/STEC infection,2011,25-29 years,6,2.2
Q fever,2011,25-29 years,1,suppressed
Shigellosis,2011,25-29 years,14,5.1
Salmonellosis,2011,25-29 years,81,29.5
Meningococcal disease,2011,25-29 years,2,suppressed
Yersiniosis,2011,25-29 years,29,10.5
Mumps,2011,25-29 years,2,suppressed
Tetanus,2011,25-29 years,0,0
Typhoid fever,2011,25-29 years,5,1.8
Hepatitis B,2011,25-29 years,8,2.9
Rheumatic fever,2011,25-29 years,3,suppressed
Leprosy,2011,25-29 years,0,0
Toxic shellfish poisoning,2011,25-29 years,1,suppressed
Listeriosis,2011,25-29 years,2,suppressed
Diphtheria,2011,25-29 years,0,0
Legionellosis,2011,25-29 years,3,suppressed
Paratyphoid fever,2011,25-29 years,4,suppressed
Taeniasis,2011,25-29 years,2,suppressed
Campylobacteriosis,2011,30-34 years,374,139.5
Cholera,2011,30-34 years,0,0
Meningoencephalitis - primary amoebic,2011,30-34 years,0,0
Brucellosis,2011,30-34 years,0,0
Meningococcal disease,2011,30-34 years,5,1.9
Hydatid disease,2011,30-34 years,0,0
Q fever,2011,30-34 years,0,0
Measles,2011,30-34 years,38,14.2
Leprosy,2011,30-34 years,0,0
Hepatitis NOS,2011,30-34 years,2,suppressed
Pertussis,2011,30-34 years,94,35.1
Shigellosis,2011,30-34 years,10,3.7
Invasive group A streptococcal infection,2011,30-34 years,0,0
Poliomyelitis,2011,30-34 years,0,0
Hepatitis C,2011,30-34 years,4,suppressed
Mumps,2011,30-34 years,6,2.2
Rickettsial disease,2011,30-34 years,0,0
Tetanus,2011,30-34 years,0,0
Yersiniosis,2011,30-34 years,26,9.7
Haemophilus influenzae type b,2011,30-34 years,0,0
Arboviral diseases,2011,30-34 years,5,1.9
Rabies and other lyssaviruses,2011,30-34 years,0,0
Hepatitis B,2011,30-34 years,3,suppressed
Cryptosporidiosis,2011,30-34 years,29,10.8
Listeriosis,2011,30-34 years,2,suppressed
Trichinosis,2011,30-34 years,0,0
Salmonellosis,2011,30-34 years,49,18.3
Mpox,2011,30-34 years,0,0
Rubella,2011,30-34 years,1,suppressed
Toxic shellfish poisoning,2011,30-34 years,0,0
Leptospirosis,2011,30-34 years,7,2.6
Cysticercosis,2011,30-34 years,0,0
Giardiasis,2011,30-34 years,185,69
Acute gastroenteritis,2011,30-34 years,34,12.7
Legionellosis,2011,30-34 years,4,suppressed
Hepatitis A,2011,30-34 years,2,suppressed
VTEC/STEC infection,2011,30-34 years,5,1.9
Typhoid fever,2011,30-34 years,6,2.2
Malaria,2011,30-34 years,4,suppressed
Rheumatic fever,2011,30-34 years,5,1.9
Tuberculosis disease,2011,30-34 years,22,8.2
Diphtheria,2011,30-34 years,0,0
Taeniasis,2011,30-34 years,2,suppressed
Paratyphoid fever,2011,30-34 years,0,0
Invasive pneumococcal disease,2011,30-34 years,22,8.2
Pertussis,2011,35-39 years,133,45.2
Cysticercosis,2011,35-39 years,0,0
Hepatitis C,2011,35-39 years,1,suppressed
Measles,2011,35-39 years,45,15.3
Leprosy,2011,35-39 years,0,0
Cryptosporidiosis,2011,35-39 years,26,8.8
Brucellosis,2011,35-39 years,0,0
Acute gastroenteritis,2011,35-39 years,33,11.2
Cholera,2011,35-39 years,0,0
Mpox,2011,35-39 years,0,0
Listeriosis,2011,35-39 years,1,suppressed
Shigellosis,2011,35-39 years,7,2.4
Rickettsial disease,2011,35-39 years,0,0
Toxic shellfish poisoning,2011,35-39 years,0,0
Diphtheria,2011,35-39 years,0,0
Rubella,2011,35-39 years,1,suppressed
Mumps,2011,35-39 years,1,suppressed
Haemophilus influenzae type b,2011,35-39 years,0,0
Rabies and other lyssaviruses,2011,35-39 years,0,0
Typhoid fever,2011,35-39 years,2,suppressed
Hepatitis B,2011,35-39 years,6,2
Hepatitis A,2011,35-39 years,0,0
Poliomyelitis,2011,35-39 years,0,0
Invasive group A streptococcal infection,2011,35-39 years,0,0
Campylobacteriosis,2011,35-39 years,349,118.6
Leptospirosis,2011,35-39 years,8,2.7
Meningococcal disease,2011,35-39 years,2,suppressed
Tetanus,2011,35-39 years,0,0
Arboviral diseases,2011,35-39 years,6,2
Rheumatic fever,2011,35-39 years,2,suppressed
Legionellosis,2011,35-39 years,5,1.7
Hydatid disease,2011,35-39 years,0,0
Malaria,2011,35-39 years,3,suppressed
Hepatitis NOS,2011,35-39 years,1,suppressed
Q fever,2011,35-39 years,0,0
Paratyphoid fever,2011,35-39 years,1,suppressed
Salmonellosis,2011,35-39 years,41,13.9
Meningoencephalitis - primary amoebic,2011,35-39 years,0,0
Yersiniosis,2011,35-39 years,34,11.6
Invasive pneumococcal disease,2011,35-39 years,15,5.1
Trichinosis,2011,35-39 years,0,0
Tuberculosis disease,2011,35-39 years,21,7.1
VTEC/STEC infection,2011,35-39 years,6,2
Taeniasis,2011,35-39 years,0,0
Giardiasis,2011,35-39 years,258,87.7
Measles,2011,40-44 years,13,4.1
Acute gastroenteritis,2011,40-44 years,29,9.2
Rubella,2011,40-44 years,0,0
Rickettsial disease,2011,40-44 years,0,0
Cholera,2011,40-44 years,0,0
Cryptosporidiosis,2011,40-44 years,25,7.9
Leprosy,2011,40-44 years,0,0
Haemophilus influenzae type b,2011,40-44 years,0,0
Meningococcal disease,2011,40-44 years,2,suppressed
Paratyphoid fever,2011,40-44 years,1,suppressed
Hepatitis NOS,2011,40-44 years,0,0
Q fever,2011,40-44 years,0,0
Arboviral diseases,2011,40-44 years,3,suppressed
Mumps,2011,40-44 years,1,suppressed
Rabies and other lyssaviruses,2011,40-44 years,0,0
Rheumatic fever,2011,40-44 years,2,suppressed
Listeriosis,2011,40-44 years,1,suppressed
Hepatitis A,2011,40-44 years,3,suppressed
Diphtheria,2011,40-44 years,0,0
Tuberculosis disease,2011,40-44 years,26,8.2
Campylobacteriosis,2011,40-44 years,394,124.4
Trichinosis,2011,40-44 years,0,0
Toxic shellfish poisoning,2011,40-44 years,0,0
Brucellosis,2011,40-44 years,0,0
Meningoencephalitis - primary amoebic,2011,40-44 years,0,0
Taeniasis,2011,40-44 years,0,0
VTEC/STEC infection,2011,40-44 years,5,1.6
Malaria,2011,40-44 years,3,suppressed
Typhoid fever,2011,40-44 years,3,suppressed
Pertussis,2011,40-44 years,123,38.8
Salmonellosis,2011,40-44 years,63,19.9
Poliomyelitis,2011,40-44 years,0,0
Shigellosis,2011,40-44 years,2,suppressed
Hydatid disease,2011,40-44 years,0,0
Giardiasis,2011,40-44 years,191,60.3
Legionellosis,2011,40-44 years,6,1.9
Cysticercosis,2011,40-44 years,0,0
Hepatitis C,2011,40-44 years,5,1.6
Hepatitis B,2011,40-44 years,3,suppressed
Yersiniosis,2011,40-44 years,23,7.3
Invasive pneumococcal disease,2011,40-44 years,21,6.6
Mpox,2011,40-44 years,0,0
Invasive group A streptococcal infection,2011,40-44 years,0,0
Tetanus,2011,40-44 years,0,0
Leptospirosis,2011,40-44 years,4,suppressed
Rubella,2012,0-4 years,2,suppressed
Pertussis,2012,0-4 years,1316,416.8
Leptospirosis,2012,0-4 years,0,0
Acute gastroenteritis,2012,0-4 years,110,34.8
Taeniasis,2012,0-4 years,0,0
Giardiasis,2012,0-4 years,380,120.4
Rheumatic fever,2012,0-4 years,0,0
Haemophilus influenzae type b,2012,0-4 years,1,suppressed
Hydatid disease,2012,0-4 years,0,0
Cholera,2012,0-4 years,0,0
Malaria,2012,0-4 years,0,0
Paratyphoid fever,2012,0-4 years,2,suppressed
Tuberculosis disease,2012,0-4 years,4,suppressed
Hepatitis A,2012,0-4 years,13,4.1
Brucellosis,2012,0-4 years,0,0
Rabies and other lyssaviruses,2012,0-4 years,0,0
Meningococcal disease,2012,0-4 years,26,8.2
Toxic shellfish poisoning,2012,0-4 years,0,0
Mumps,2012,0-4 years,5,1.6
Cryptosporidiosis,2012,0-4 years,322,102
Shigellosis,2012,0-4 years,16,5.1
Typhoid fever,2012,0-4 years,1,suppressed
Hepatitis B,2012,0-4 years,0,0
Salmonellosis,2012,0-4 years,250,79.2
Campylobacteriosis,2012,0-4 years,917,290.5
Rickettsial disease,2012,0-4 years,0,0
Hepatitis NOS,2012,0-4 years,0,0
Arboviral diseases,2012,0-4 years,0,0
Meningoencephalitis - primary amoebic,2012,0-4 years,0,0
Yersiniosis,2012,0-4 years,184,58.3
Hepatitis C,2012,0-4 years,0,0
Diphtheria,2012,0-4 years,0,0
Leprosy,2012,0-4 years,0,0
Q fever,2012,0-4 years,0,0
Listeriosis,2012,0-4 years,0,0
Mpox,2012,0-4 years,0,0
Legionellosis,2012,0-4 years,0,0
Tetanus,2012,0-4 years,0,0
Invasive pneumococcal disease,2012,0-4 years,56,17.7
Invasive group A streptococcal infection,2012,0-4 years,0,0
Measles,2012,0-4 years,36,11.4
Trichinosis,2012,0-4 years,0,0
VTEC/STEC infection,2012,0-4 years,66,20.9
Poliomyelitis,2012,0-4 years,0,0
Cysticercosis,2012,0-4 years,0,0
Leprosy,2012,45-49 years,0,0
VTEC/STEC infection,2012,45-49 years,3,suppressed
Rubella,2012,45-49 years,1,suppressed
Typhoid fever,2012,45-49 years,2,suppressed
Arboviral diseases,2012,45-49 years,6,1.9
Pertussis,2012,45-49 years,342,108.4
Paratyphoid fever,2012,45-49 years,0,0
Campylobacteriosis,2012,45-49 years,447,141.7
Salmonellosis,2012,45-49 years,58,18.4
Hepatitis C,2012,45-49 years,3,suppressed
Rabies and other lyssaviruses,2012,45-49 years,0,0
Malaria,2012,45-49 years,6,1.9
Hepatitis B,2012,45-49 years,8,2.5
Cryptosporidiosis,2012,45-49 years,19,6
Leptospirosis,2012,45-49 years,18,5.7
Mpox,2012,45-49 years,0,0
Rheumatic fever,2012,45-49 years,1,suppressed
Poliomyelitis,2012,45-49 years,0,0
Legionellosis,2012,45-49 years,9,2.9
Rickettsial disease,2012,45-49 years,0,0
Giardiasis,2012,45-49 years,80,25.4
Tuberculosis disease,2012,45-49 years,12,3.8
Listeriosis,2012,45-49 years,1,suppressed
Hepatitis A,2012,45-49 years,4,suppressed
Meningoencephalitis - primary amoebic,2012,45-49 years,0,0
Yersiniosis,2012,45-49 years,25,7.9
Meningococcal disease,2012,45-49 years,2,suppressed
Trichinosis,2012,45-49 years,0,0
Cholera,2012,45-49 years,0,0
Invasive pneumococcal disease,2012,45-49 years,16,5.1
Hydatid disease,2012,45-49 years,0,0
Tetanus,2012,45-49 years,0,0
Diphtheria,2012,45-49 years,0,0
Shigellosis,2012,45-49 years,6,1.9
Invasive group A streptococcal infection,2012,45-49 years,0,0
Taeniasis,2012,45-49 years,1,suppressed
Brucellosis,2012,45-49 years,0,0
Hepatitis NOS,2012,45-49 years,1,suppressed
Mumps,2012,45-49 years,0,0
Toxic shellfish poisoning,2012,45-49 years,0,0
Q fever,2012,45-49 years,0,0
Acute gastroenteritis,2012,45-49 years,40,12.7
Measles,2012,45-49 years,1,suppressed
Haemophilus influenzae type b,2012,45-49 years,1,suppressed
Cysticercosis,2012,45-49 years,0,0
Rubella,2012,50-54 years,0,0
Pertussis,2012,50-54 years,270,88
VTEC/STEC infection,2012,50-54 years,4,suppressed
Cholera,2012,50-54 years,0,0
Arboviral diseases,2012,50-54 years,8,2.6
Brucellosis,2012,50-54 years,0,0
Rabies and other lyssaviruses,2012,50-54 years,0,0
Mpox,2012,50-54 years,0,0
Salmonellosis,2012,50-54 years,54,17.6
Q fever,2012,50-54 years,0,0
Cryptosporidiosis,2012,50-54 years,20,6.5
Invasive pneumococcal disease,2012,50-54 years,27,8.8
Rheumatic fever,2012,50-54 years,0,0
Malaria,2012,50-54 years,1,suppressed
Campylobacteriosis,2012,50-54 years,457,149
Legionellosis,2012,50-54 years,16,5.2
Giardiasis,2012,50-54 years,83,27.1
Tuberculosis disease,2012,50-54 years,15,4.9
Hepatitis C,2012,50-54 years,1,suppressed
Hepatitis A,2012,50-54 years,3,suppressed
Mumps,2012,50-54 years,2,suppressed
Hepatitis B,2012,50-54 years,3,suppressed
Meningococcal disease,2012,50-54 years,2,suppressed
Typhoid fever,2012,50-54 years,0,0
Diphtheria,2012,50-54 years,0,0
Hydatid disease,2012,50-54 years,0,0
Poliomyelitis,2012,50-54 years,0,0
Tetanus,2012,50-54 years,0,0
Meningoencephalitis - primary amoebic,2012,50-54 years,0,0
Measles,2012,50-54 years,0,0
Invasive group A streptococcal infection,2012,50-54 years,0,0
Listeriosis,2012,50-54 years,0,0
Leprosy,2012,50-54 years,0,0
Shigellosis,2012,50-54 years,9,2.9
Yersiniosis,2012,50-54 years,29,9.5
Toxic shellfish poisoning,2012,50-54 years,0,0
Haemophilus influenzae type b,2012,50-54 years,0,0
Acute gastroenteritis,2012,50-54 years,28,9.1
Trichinosis,2012,50-54 years,0,0
Paratyphoid fever,2012,50-54 years,0,0
Taeniasis,2012,50-54 years,1,suppressed
Hepatitis NOS,2012,50-54 years,0,0
Rickettsial disease,2012,50-54 years,0,0
Cysticercosis,2012,50-54 years,0,0
Leptospirosis,2012,50-54 years,16,5.2
Rheumatic fever,2012,55-59 years,0,0
Giardiasis,2012,55-59 years,73,27.5
Arboviral diseases,2012,55-59 years,6,2.3
Hepatitis A,2012,55-59 years,0,0
Malaria,2012,55-59 years,4,suppressed
Brucellosis,2012,55-59 years,0,0
Shigellosis,2012,55-59 years,8,3
Mpox,2012,55-59 years,0,0
Listeriosis,2012,55-59 years,2,suppressed
Cholera,2012,55-59 years,0,0
Campylobacteriosis,2012,55-59 years,383,144.3
Mumps,2012,55-59 years,1,suppressed
Poliomyelitis,2012,55-59 years,0,0
Cysticercosis,2012,55-59 years,0,0
Hepatitis C,2012,55-59 years,0,0
Meningoencephalitis - primary amoebic,2012,55-59 years,0,0
Rabies and other lyssaviruses,2012,55-59 years,0,0
Toxic shellfish poisoning,2012,55-59 years,3,suppressed
Meningococcal disease,2012,55-59 years,4,suppressed
Leptospirosis,2012,55-59 years,9,3.4
Trichinosis,2012,55-59 years,0,0
Invasive pneumococcal disease,2012,55-59 years,35,13.2
Hydatid disease,2012,55-59 years,0,0
Tetanus,2012,55-59 years,0,0
Legionellosis,2012,55-59 years,13,4.9
Tuberculosis disease,2012,55-59 years,12,4.5
Paratyphoid fever,2012,55-59 years,0,0
Taeniasis,2012,55-59 years,0,0
Invasive group A streptococcal infection,2012,55-59 years,0,0
Q fever,2012,55-59 years,0,0
Hepatitis B,2012,55-59 years,5,1.9
Acute gastroenteritis,2012,55-59 years,54,20.3
Leprosy,2012,55-59 years,0,0
VTEC/STEC infection,2012,55-59 years,5,1.9
Cryptosporidiosis,2012,55-59 years,13,4.9
Pertussis,2012,55-59 years,216,81.4
Haemophilus influenzae type b,2012,55-59 years,0,0
Diphtheria,2012,55-59 years,0,0
Measles,2012,55-59 years,0,0
Yersiniosis,2012,55-59 years,22,8.3
Rickettsial disease,2012,55-59 years,1,suppressed
Typhoid fever,2012,55-59 years,2,suppressed
Salmonellosis,2012,55-59 years,65,24.5
Rubella,2012,55-59 years,0,0
Hepatitis NOS,2012,55-59 years,0,0
Pertussis,2012,60-64 years,206,86.1
VTEC/STEC infection,2012,60-64 years,5,2.1
Brucellosis,2012,60-64 years,0,0
Shigellosis,2012,60-64 years,10,4.2
Acute gastroenteritis,2012,60-64 years,29,12.1
Cholera,2012,60-64 years,0,0
Typhoid fever,2012,60-64 years,2,suppressed
Cryptosporidiosis,2012,60-64 years,14,5.9
Toxic shellfish poisoning,2012,60-64 years,7,2.9
Paratyphoid fever,2012,60-64 years,0,0
Cysticercosis,2012,60-64 years,0,0
Legionellosis,2012,60-64 years,20,8.4
Campylobacteriosis,2012,60-64 years,393,164.3
Measles,2012,60-64 years,0,0
Leprosy,2012,60-64 years,0,0
Listeriosis,2012,60-64 years,3,suppressed
Yersiniosis,2012,60-64 years,16,6.7
Trichinosis,2012,60-64 years,0,0
Hydatid disease,2012,60-64 years,0,0
Poliomyelitis,2012,60-64 years,0,0
Mpox,2012,60-64 years,0,0
Mumps,2012,60-64 years,0,0
Rheumatic fever,2012,60-64 years,0,0
Malaria,2012,60-64 years,1,suppressed
Taeniasis,2012,60-64 years,0,0
Giardiasis,2012,60-64 years,86,35.9
Rabies and other lyssaviruses,2012,60-64 years,0,0
Tuberculosis disease,2012,60-64 years,14,5.9
Invasive group A streptococcal infection,2012,60-64 years,0,0
Q fever,2012,60-64 years,0,0
Rubella,2012,60-64 years,0,0
Hepatitis A,2012,60-64 years,2,suppressed
Rickettsial disease,2012,60-64 years,0,0
Salmonellosis,2012,60-64 years,56,23.4
Invasive pneumococcal disease,2012,60-64 years,39,16.3
Hepatitis NOS,2012,60-64 years,1,suppressed
Arboviral diseases,2012,60-64 years,9,3.8
Hepatitis B,2012,60-64 years,3,suppressed
Meningoencephalitis - primary amoebic,2012,60-64 years,0,0
Diphtheria,2012,60-64 years,0,0
Leptospirosis,2012,60-64 years,9,3.8
Haemophilus influenzae type b,2012,60-64 years,0,0
Meningococcal disease,2012,60-64 years,0,0
Hepatitis C,2012,60-64 years,0,0
Tetanus,2012,60-64 years,0,0
VTEC/STEC infection,2012,65-69 years,2,suppressed
Hepatitis B,2012,65-69 years,2,suppressed
Pertussis,2012,65-69 years,130,68
Cholera,2012,65-69 years,0,0
Leprosy,2012,65-69 years,0,0
Rickettsial disease,2012,65-69 years,1,suppressed
Q fever,2012,65-69 years,0,0
Shigellosis,2012,65-69 years,9,4.7
Rubella,2012,65-69 years,0,0
Arboviral diseases,2012,65-69 years,1,suppressed
Acute gastroenteritis,2012,65-69 years,17,8.9
Hepatitis C,2012,65-69 years,0,0
Rheumatic fever,2012,65-69 years,0,0
Trichinosis,2012,65-69 years,0,0
Poliomyelitis,2012,65-69 years,0,0
Listeriosis,2012,65-69 years,3,suppressed
Mpox,2012,65-69 years,0,0
Mumps,2012,65-69 years,1,suppressed
Hepatitis NOS,2012,65-69 years,0,0
Paratyphoid fever,2012,65-69 years,0,0
Campylobacteriosis,2012,65-69 years,376,196.7
Giardiasis,2012,65-69 years,58,30.3
Measles,2012,65-69 years,0,0
Yersiniosis,2012,65-69 years,10,5.2
Malaria,2012,65-69 years,0,0
Salmonellosis,2012,65-69 years,36,18.8
Hepatitis A,2012,65-69 years,1,suppressed
Toxic shellfish poisoning,2012,65-69 years,5,2.6
Invasive group A streptococcal infection,2012,65-69 years,0,0
Brucellosis,2012,65-69 years,0,0
Invasive pneumococcal disease,2012,65-69 years,45,23.5
Leptospirosis,2012,65-69 years,3,suppressed
Hydatid disease,2012,65-69 years,0,0
Tuberculosis disease,2012,65-69 years,20,10.5
Legionellosis,2012,65-69 years,20,10.5
Rabies and other lyssaviruses,2012,65-69 years,0,0
Meningoencephalitis - primary amoebic,2012,65-69 years,0,0
Cryptosporidiosis,2012,65-69 years,7,3.7
Haemophilus influenzae type b,2012,65-69 years,0,0
Typhoid fever,2012,65-69 years,0,0
Tetanus,2012,65-69 years,0,0
Cysticercosis,2012,65-69 years,0,0
Diphtheria,2012,65-69 years,0,0
Meningococcal disease,2012,65-69 years,2,suppressed
Taeniasis,2012,65-69 years,0,0
Q fever,2012,70-74 years,0,0
Rheumatic fever,2012,70-74 years,0,0
Hepatitis NOS,2012,70-74 years,0,0
Acute gastroenteritis,2012,70-74 years,22,14.6
Arboviral diseases,2012,70-74 years,1,suppressed
Pertussis,2012,70-74 years,97,64.2
Hepatitis B,2012,70-74 years,0,0
Campylobacteriosis,2012,70-74 years,279,184.8
Mpox,2012,70-74 years,0,0
Toxic shellfish poisoning,2012,70-74 years,3,suppressed
Cysticercosis,2012,70-74 years,0,0
Listeriosis,2012,70-74 years,1,suppressed
Mumps,2012,70-74 years,0,0
Invasive pneumococcal disease,2012,70-74 years,37,24.5
Invasive group A streptococcal infection,2012,70-74 years,0,0
Paratyphoid fever,2012,70-74 years,0,0
VTEC/STEC infection,2012,70-74 years,5,3.3
Brucellosis,2012,70-74 years,0,0
Legionellosis,2012,70-74 years,21,13.9
Tuberculosis disease,2012,70-74 years,13,8.6
Rabies and other lyssaviruses,2012,70-74 years,0,0
Leprosy,2012,70-74 years,0,0
Trichinosis,2012,70-74 years,0,0
Cryptosporidiosis,2012,70-74 years,7,4.6
Hydatid disease,2012,70-74 years,0,0
Salmonellosis,2012,70-74 years,41,27.2
Cholera,2012,70-74 years,0,0
Diphtheria,2012,70-74 years,0,0
Rickettsial disease,2012,70-74 years,0,0
Taeniasis,2012,70-74 years,0,0
Hepatitis C,2012,70-74 years,1,suppressed
Hepatitis A,2012,70-74 years,1,suppressed
Measles,2012,70-74 years,0,0
Yersiniosis,2012,70-74 years,14,9.3
Haemophilus influenzae type b,2012,70-74 years,0,0
Poliomyelitis,2012,70-74 years,0,0
Rubella,2012,70-74 years,0,0
Shigellosis,2012,70-74 years,4,suppressed
Meningoencephalitis - primary amoebic,2012,70-74 years,0,0
Malaria,2012,70-74 years,0,0
Tetanus,2012,70-74 years,0,0
Giardiasis,2012,70-74 years,27,17.9
Meningococcal disease,2012,70-74 years,1,suppressed
Typhoid fever,2012,70-74 years,1,suppressed
Leptospirosis,2012,70-74 years,1,suppressed
Tuberculosis disease,2012,75-79 years,6,5.6
Campylobacteriosis,2012,75-79 years,199,187.4
Pertussis,2012,75-79 years,67,63.1
Hepatitis C,2012,75-79 years,0,0
Diphtheria,2012,75-79 years,0,0
Acute gastroenteritis,2012,75-79 years,24,22.6
Invasive group A streptococcal infection,2012,75-79 years,0,0
Haemophilus influenzae type b,2012,75-79 years,0,0
Mpox,2012,75-79 years,0,0
Toxic shellfish poisoning,2012,75-79 years,0,0
Mumps,2012,75-79 years,0,0
VTEC/STEC infection,2012,75-79 years,2,suppressed
Malaria,2012,75-79 years,0,0
Invasive pneumococcal disease,2012,75-79 years,39,36.7
Measles,2012,75-79 years,0,0
Rabies and other lyssaviruses,2012,75-79 years,0,0
Listeriosis,2012,75-79 years,2,suppressed
Leprosy,2012,75-79 years,0,0
Q fever,2012,75-79 years,0,0
Cryptosporidiosis,2012,75-79 years,5,4.7
Meningococcal disease,2012,75-79 years,1,suppressed
Cholera,2012,75-79 years,0,0
Leptospirosis,2012,75-79 years,0,0
Rheumatic fever,2012,75-79 years,0,0
Rickettsial disease,2012,75-79 years,0,0
Arboviral diseases,2012,75-79 years,0,0
Legionellosis,2012,75-79 years,9,8.5
Meningoencephalitis - primary amoebic,2012,75-79 years,0,0
Yersiniosis,2012,75-79 years,14,13.2
Hydatid disease,2012,75-79 years,0,0
Hepatitis B,2012,75-79 years,0,0
Typhoid fever,2012,75-79 years,1,suppressed
Rubella,2012,75-79 years,0,0
Hepatitis NOS,2012,75-79 years,0,0
Shigellosis,2012,75-79 years,0,0
Salmonellosis,2012,75-79 years,22,20.7
Tetanus,2012,75-79 years,1,suppressed
Giardiasis,2012,75-79 years,6,5.6
Trichinosis,2012,75-79 years,0,0
Cysticercosis,2012,75-79 years,0,0
Brucellosis,2012,75-79 years,0,0
Taeniasis,2012,75-79 years,0,0
Hepatitis A,2012,75-79 years,0,0
Poliomyelitis,2012,75-79 years,0,0
Paratyphoid fever,2012,75-79 years,1,suppressed
Hepatitis NOS,2012,80-84 years,0,0
Campylobacteriosis,2012,80-84 years,147,179.9
Measles,2012,80-84 years,0,0
Tuberculosis disease,2012,80-84 years,13,15.9
Typhoid fever,2012,80-84 years,0,0
Salmonellosis,2012,80-84 years,16,19.6
Hydatid disease,2012,80-84 years,0,0
Arboviral diseases,2012,80-84 years,0,0
Poliomyelitis,2012,80-84 years,0,0
Meningoencephalitis - primary amoebic,2012,80-84 years,0,0
Invasive pneumococcal disease,2012,80-84 years,41,50.2
Rabies and other lyssaviruses,2012,80-84 years,0,0
Legionellosis,2012,80-84 years,14,17.1
Acute gastroenteritis,2012,80-84 years,33,40.4
Giardiasis,2012,80-84 years,2,suppressed
Cryptosporidiosis,2012,80-84 years,2,suppressed
Rubella,2012,80-84 years,0,0
Haemophilus influenzae type b,2012,80-84 years,1,suppressed
Cholera,2012,80-84 years,0,0
Diphtheria,2012,80-84 years,0,0
Leptospirosis,2012,80-84 years,0,0
Pertussis,2012,80-84 years,32,39.2
Brucellosis,2012,80-84 years,0,0
Hepatitis C,2012,80-84 years,1,suppressed
VTEC/STEC infection,2012,80-84 years,1,suppressed
Yersiniosis,2012,80-84 years,1,suppressed
Leprosy,2012,80-84 years,0,0
Q fever,2012,80-84 years,0,0
Hepatitis A,2012,80-84 years,0,0
Trichinosis,2012,80-84 years,0,0
Shigellosis,2012,80-84 years,1,suppressed
Mumps,2012,80-84 years,1,suppressed
Tetanus,2012,80-84 years,0,0
Meningococcal disease,2012,80-84 years,0,0
Paratyphoid fever,2012,80-84 years,0,0
Hepatitis B,2012,80-84 years,0,0
Rickettsial disease,2012,80-84 years,0,0
Cysticercosis,2012,80-84 years,0,0
Malaria,2012,80-84 years,0,0
Listeriosis,2012,80-84 years,6,7.3
Mpox,2012,80-84 years,0,0
Taeniasis,2012,80-84 years,0,0
Toxic shellfish poisoning,2012,80-84 years,0,0
Invasive group A streptococcal infection,2012,80-84 years,0,0
Rheumatic fever,2012,80-84 years,0,0
Haemophilus influenzae type b,2012,85+ years,0,0
Hepatitis A,2012,85+ years,0,0
Rubella,2012,85+ years,0,0
Diphtheria,2012,85+ years,0,0
Hepatitis NOS,2012,85+ years,0,0
Shigellosis,2012,85+ years,1,suppressed
Pertussis,2012,85+ years,18,24.7
Giardiasis,2012,85+ years,6,8.2
Rabies and other lyssaviruses,2012,85+ years,0,0
Acute gastroenteritis,2012,85+ years,62,85.2
Tuberculosis disease,2012,85+ years,7,9.6
Listeriosis,2012,85+ years,4,suppressed
Brucellosis,2012,85+ years,0,0
Cholera,2012,85+ years,0,0
Toxic shellfish poisoning,2012,85+ years,0,0
Tetanus,2012,85+ years,0,0
Cryptosporidiosis,2012,85+ years,0,0
Paratyphoid fever,2012,85+ years,0,0
Hepatitis C,2012,85+ years,0,0
VTEC/STEC infection,2012,85+ years,1,suppressed
Meningoencephalitis - primary amoebic,2012,85+ years,0,0
Hepatitis B,2012,85+ years,0,0
Arboviral diseases,2012,85+ years,0,0
Leprosy,2012,85+ years,0,0
Typhoid fever,2012,85+ years,0,0
Q fever,2012,85+ years,0,0
Hydatid disease,2012,85+ years,1,suppressed
Trichinosis,2012,85+ years,0,0
Poliomyelitis,2012,85+ years,0,0
Meningococcal disease,2012,85+ years,0,0
Campylobacteriosis,2012,85+ years,114,156.6
Rheumatic fever,2012,85+ years,0,0
Cysticercosis,2012,85+ years,0,0
Malaria,2012,85+ years,0,0
Legionellosis,2012,85+ years,3,suppressed
Invasive group A streptococcal infection,2012,85+ years,0,0
Measles,2012,85+ years,0,0
Mumps,2012,85+ years,0,0
Taeniasis,2012,85+ years,0,0
Mpox,2012,85+ years,0,0
Leptospirosis,2012,85+ years,0,0
Yersiniosis,2012,85+ years,11,15.1
Rickettsial disease,2012,85+ years,0,0
Invasive pneumococcal disease,2012,85+ years,44,60.4
Salmonellosis,2012,85+ years,6,8.2
Tuberculosis disease,2012,5-9 years,3,suppressed
Rheumatic fever,2012,5-9 years,40,13.6
Paratyphoid fever,2012,5-9 years,0,0
Rickettsial disease,2012,5-9 years,0,0
Mumps,2012,5-9 years,6,2
Rubella,2012,5-9 years,0,0
Pertussis,2012,5-9 years,759,258.1
Leptospirosis,2012,5-9 years,0,0
Invasive group A streptococcal infection,2012,5-9 years,0,0
Hepatitis NOS,2012,5-9 years,0,0
Cryptosporidiosis,2012,5-9 years,113,38.4
Haemophilus influenzae type b,2012,5-9 years,0,0
Toxic shellfish poisoning,2012,5-9 years,0,0
Rabies and other lyssaviruses,2012,5-9 years,0,0
Brucellosis,2012,5-9 years,0,0
Invasive pneumococcal disease,2012,5-9 years,12,4.1
Q fever,2012,5-9 years,0,0
Cholera,2012,5-9 years,0,0
Leprosy,2012,5-9 years,0,0
Salmonellosis,2012,5-9 years,59,20.1
Listeriosis,2012,5-9 years,0,0
Diphtheria,2012,5-9 years,0,0
Meningococcal disease,2012,5-9 years,4,suppressed
Taeniasis,2012,5-9 years,0,0
Acute gastroenteritis,2012,5-9 years,18,6.1
Giardiasis,2012,5-9 years,102,34.7
Hepatitis B,2012,5-9 years,0,0
Arboviral diseases,2012,5-9 years,2,suppressed
Poliomyelitis,2012,5-9 years,0,0
Typhoid fever,2012,5-9 years,1,suppressed
Measles,2012,5-9 years,8,2.7
Legionellosis,2012,5-9 years,0,0
Hepatitis C,2012,5-9 years,0,0
Campylobacteriosis,2012,5-9 years,347,118
Yersiniosis,2012,5-9 years,20,6.8
Mpox,2012,5-9 years,0,0
Hydatid disease,2012,5-9 years,0,0
Meningoencephalitis - primary amoebic,2012,5-9 years,0,0
Tetanus,2012,5-9 years,1,suppressed
Cysticercosis,2012,5-9 years,0,0
Trichinosis,2012,5-9 years,0,0
Hepatitis A,2012,5-9 years,21,7.1
VTEC/STEC infection,2012,5-9 years,15,5.1
Malaria,2012,5-9 years,0,0
Shigellosis,2012,5-9 years,10,3.4
Leprosy,2012,10-14 years,0,0
Tuberculosis disease,2012,10-14 years,5,1.7
Listeriosis,2012,10-14 years,1,suppressed
Tetanus,2012,10-14 years,0,0
Leptospirosis,2012,10-14 years,0,0
Campylobacteriosis,2012,10-14 years,273,91
Q fever,2012,10-14 years,0,0
Toxic shellfish poisoning,2012,10-14 years,2,suppressed
Rickettsial disease,2012,10-14 years,0,0
Cryptosporidiosis,2012,10-14 years,61,20.3
Salmonellosis,2012,10-14 years,34,11.3
Typhoid fever,2012,10-14 years,2,suppressed
Rabies and other lyssaviruses,2012,10-14 years,0,0
Arboviral diseases,2012,10-14 years,2,suppressed
Invasive pneumococcal disease,2012,10-14 years,7,2.3
Pertussis,2012,10-14 years,539,179.7
Poliomyelitis,2012,10-14 years,0,0
Haemophilus influenzae type b,2012,10-14 years,0,0
Taeniasis,2012,10-14 years,0,0
Hepatitis A,2012,10-14 years,10,3.3
Brucellosis,2012,10-14 years,0,0
Giardiasis,2012,10-14 years,36,12
Meningoencephalitis - primary amoebic,2012,10-14 years,0,0
Rubella,2012,10-14 years,0,0
Acute gastroenteritis,2012,10-14 years,15,5
Hepatitis B,2012,10-14 years,0,0
Cholera,2012,10-14 years,0,0
Legionellosis,2012,10-14 years,0,0
VTEC/STEC infection,2012,10-14 years,6,2
Measles,2012,10-14 years,7,2.3
Mpox,2012,10-14 years,0,0
Paratyphoid fever,2012,10-14 years,2,suppressed
Diphtheria,2012,10-14 years,0,0
Hepatitis C,2012,10-14 years,0,0
Hydatid disease,2012,10-14 years,0,0
Meningococcal disease,2012,10-14 years,6,2
Yersiniosis,2012,10-14 years,23,7.7
Shigellosis,2012,10-14 years,1,suppressed
Mumps,2012,10-14 years,1,suppressed
Rheumatic fever,2012,10-14 years,73,24.3
Malaria,2012,10-14 years,1,suppressed
Hepatitis NOS,2012,10-14 years,0,0
Cysticercosis,2012,10-14 years,0,0
Invasive group A streptococcal infection,2012,10-14 years,0,0
Trichinosis,2012,10-14 years,0,0
Salmonellosis,2012,15-19 years,49,15.7
Tuberculosis disease,2012,15-19 years,12,3.8
Acute gastroenteritis,2012,15-19 years,27,8.6
Legionellosis,2012,15-19 years,0,0
Paratyphoid fever,2012,15-19 years,5,1.6
Rickettsial disease,2012,15-19 years,0,0
Cholera,2012,15-19 years,0,0
Leprosy,2012,15-19 years,0,0
Cryptosporidiosis,2012,15-19 years,61,19.5
Rubella,2012,15-19 years,0,0
Rabies and other lyssaviruses,2012,15-19 years,0,0
Measles,2012,15-19 years,8,2.6
Poliomyelitis,2012,15-19 years,0,0
Campylobacteriosis,2012,15-19 years,440,140.6
Listeriosis,2012,15-19 years,0,0
Hepatitis A,2012,15-19 years,5,1.6
Giardiasis,2012,15-19 years,39,12.5
Arboviral diseases,2012,15-19 years,5,1.6
Meningoencephalitis - primary amoebic,2012,15-19 years,0,0
Yersiniosis,2012,15-19 years,24,7.7
Meningococcal disease,2012,15-19 years,15,4.8
Toxic shellfish poisoning,2012,15-19 years,1,suppressed
Rheumatic fever,2012,15-19 years,25,8
Pertussis,2012,15-19 years,280,89.5
Malaria,2012,15-19 years,3,suppressed
Haemophilus influenzae type b,2012,15-19 years,0,0
VTEC/STEC infection,2012,15-19 years,8,2.6
Diphtheria,2012,15-19 years,0,0
Taeniasis,2012,15-19 years,1,suppressed
Cysticercosis,2012,15-19 years,0,0
Brucellosis,2012,15-19 years,0,0
Hepatitis NOS,2012,15-19 years,0,0
Mpox,2012,15-19 years,0,0
Hepatitis C,2012,15-19 years,3,suppressed
Typhoid fever,2012,15-19 years,4,suppressed
Leptospirosis,2012,15-19 years,4,suppressed
Shigellosis,2012,15-19 years,5,1.6
Invasive pneumococcal disease,2012,15-19 years,10,3.2
Hydatid disease,2012,15-19 years,0,0
Invasive group A streptococcal infection,2012,15-19 years,0,0
Tetanus,2012,15-19 years,0,0
Q fever,2012,15-19 years,0,0
Mumps,2012,15-19 years,0,0
Trichinosis,2012,15-19 years,0,0
Hepatitis B,2012,15-19 years,2,suppressed
Campylobacteriosis,2012,20-24 years,669,215.3
Paratyphoid fever,2012,20-24 years,2,suppressed
Cholera,2012,20-24 years,0,0
Arboviral diseases,2012,20-24 years,6,1.9
Rubella,2012,20-24 years,1,suppressed
Rabies and other lyssaviruses,2012,20-24 years,0,0
Yersiniosis,2012,20-24 years,30,9.7
Hydatid disease,2012,20-24 years,0,0
Poliomyelitis,2012,20-24 years,0,0
Salmonellosis,2012,20-24 years,100,32.2
Rickettsial disease,2012,20-24 years,0,0
Giardiasis,2012,20-24 years,82,26.4
Listeriosis,2012,20-24 years,0,0
Brucellosis,2012,20-24 years,0,0
Hepatitis A,2012,20-24 years,4,suppressed
Meningoencephalitis - primary amoebic,2012,20-24 years,0,0
Acute gastroenteritis,2012,20-24 years,39,12.6
Leptospirosis,2012,20-24 years,7,2.3
Rheumatic fever,2012,20-24 years,22,7.1
Malaria,2012,20-24 years,14,4.5
Invasive pneumococcal disease,2012,20-24 years,10,3.2
Haemophilus influenzae type b,2012,20-24 years,0,0
Taeniasis,2012,20-24 years,0,0
VTEC/STEC infection,2012,20-24 years,6,1.9
Tuberculosis disease,2012,20-24 years,35,11.3
Cysticercosis,2012,20-24 years,0,0
Leprosy,2012,20-24 years,1,suppressed
Hepatitis NOS,2012,20-24 years,0,0
Shigellosis,2012,20-24 years,10,3.2
Mpox,2012,20-24 years,0,0
Trichinosis,2012,20-24 years,0,0
Q fever,2012,20-24 years,0,0
Pertussis,2012,20-24 years,279,89.8
Mumps,2012,20-24 years,0,0
Hepatitis C,2012,20-24 years,10,3.2
Invasive group A streptococcal infection,2012,20-24 years,0,0
Diphtheria,2012,20-24 years,0,0
Legionellosis,2012,20-24 years,1,suppressed
Typhoid fever,2012,20-24 years,13,4.2
Meningococcal disease,2012,20-24 years,9,2.9
Hepatitis B,2012,20-24 years,0,0
Cryptosporidiosis,2012,20-24 years,49,15.8
Measles,2012,20-24 years,0,0
Tetanus,2012,20-24 years,0,0
Toxic shellfish poisoning,2012,20-24 years,0,0
Poliomyelitis,2012,25-29 years,0,0
Haemophilus influenzae type b,2012,25-29 years,0,0
Tuberculosis disease,2012,25-29 years,37,13.5
Cholera,2012,25-29 years,0,0
Rubella,2012,25-29 years,0,0
Shigellosis,2012,25-29 years,15,5.5
Campylobacteriosis,2012,25-29 years,452,164.6
Malaria,2012,25-29 years,2,suppressed
Giardiasis,2012,25-29 years,93,33.9
VTEC/STEC infection,2012,25-29 years,5,1.8
Meningoencephalitis - primary amoebic,2012,25-29 years,0,0
Rabies and other lyssaviruses,2012,25-29 years,0,0
Brucellosis,2012,25-29 years,0,0
Hepatitis A,2012,25-29 years,8,2.9
Cryptosporidiosis,2012,25-29 years,44,16
Invasive pneumococcal disease,2012,25-29 years,8,2.9
Rheumatic fever,2012,25-29 years,10,3.6
Toxic shellfish poisoning,2012,25-29 years,3,suppressed
Pertussis,2012,25-29 years,254,92.5
Legionellosis,2012,25-29 years,6,2.2
Listeriosis,2012,25-29 years,1,suppressed
Hydatid disease,2012,25-29 years,0,0
Cysticercosis,2012,25-29 years,0,0
Hepatitis NOS,2012,25-29 years,0,0
Yersiniosis,2012,25-29 years,27,9.8
Paratyphoid fever,2012,25-29 years,2,suppressed
Arboviral diseases,2012,25-29 years,12,4.4
Leptospirosis,2012,25-29 years,11,4
Q fever,2012,25-29 years,0,0
Trichinosis,2012,25-29 years,0,0
Measles,2012,25-29 years,2,suppressed
Salmonellosis,2012,25-29 years,70,25.5
Tetanus,2012,25-29 years,0,0
Rickettsial disease,2012,25-29 years,1,suppressed
Hepatitis C,2012,25-29 years,2,suppressed
Taeniasis,2012,25-29 years,0,0
Hepatitis B,2012,25-29 years,3,suppressed
Mumps,2012,25-29 years,2,suppressed
Typhoid fever,2012,25-29 years,5,1.8
Meningococcal disease,2012,25-29 years,3,suppressed
Invasive group A streptococcal infection,2012,25-29 years,0,0
Diphtheria,2012,25-29 years,0,0
Leprosy,2012,25-29 years,1,suppressed
Acute gastroenteritis,2012,25-29 years,44,16
Mpox,2012,25-29 years,0,0
Invasive pneumococcal disease,2012,30-34 years,15,5.6
Rheumatic fever,2012,30-34 years,3,suppressed
Tuberculosis disease,2012,30-34 years,39,14.5
Brucellosis,2012,30-34 years,0,0
Hepatitis A,2012,30-34 years,3,suppressed
Legionellosis,2012,30-34 years,4,suppressed
Meningoencephalitis - primary amoebic,2012,30-34 years,0,0
Shigellosis,2012,30-34 years,6,2.2
Salmonellosis,2012,30-34 years,53,19.8
Cysticercosis,2012,30-34 years,0,0
Mumps,2012,30-34 years,4,suppressed
Q fever,2012,30-34 years,0,0
Taeniasis,2012,30-34 years,0,0
Hydatid disease,2012,30-34 years,0,0
Tetanus,2012,30-34 years,0,0
Campylobacteriosis,2012,30-34 years,384,143.1
Acute gastroenteritis,2012,30-34 years,49,18.3
Paratyphoid fever,2012,30-34 years,2,suppressed
Diphtheria,2012,30-34 years,0,0
Invasive group A streptococcal infection,2012,30-34 years,0,0
Cryptosporidiosis,2012,30-34 years,64,23.9
Mpox,2012,30-34 years,0,0
Toxic shellfish poisoning,2012,30-34 years,1,suppressed
Leptospirosis,2012,30-34 years,8,3
Typhoid fever,2012,30-34 years,4,suppressed
Listeriosis,2012,30-34 years,1,suppressed
Trichinosis,2012,30-34 years,0,0
Cholera,2012,30-34 years,0,0
VTEC/STEC infection,2012,30-34 years,7,2.6
Hepatitis NOS,2012,30-34 years,0,0
Rickettsial disease,2012,30-34 years,0,0
Meningococcal disease,2012,30-34 years,4,suppressed
Rubella,2012,30-34 years,0,0
Leprosy,2012,30-34 years,0,0
Giardiasis,2012,30-34 years,172,64.1
Measles,2012,30-34 years,3,suppressed
Malaria,2012,30-34 years,1,suppressed
Poliomyelitis,2012,30-34 years,0,0
Pertussis,2012,30-34 years,284,105.8
Yersiniosis,2012,30-34 years,28,10.4
Rabies and other lyssaviruses,2012,30-34 years,0,0
Arboviral diseases,2012,30-34 years,8,3
Hepatitis B,2012,30-34 years,3,suppressed
Haemophilus influenzae type b,2012,30-34 years,0,0
Hepatitis C,2012,30-34 years,3,suppressed
Listeriosis,2012,35-39 years,0,0
Meningococcal disease,2012,35-39 years,3,suppressed
Rheumatic fever,2012,35-39 years,2,suppressed
Tuberculosis disease,2012,35-39 years,23,8.1
Mumps,2012,35-39 years,1,suppressed
Brucellosis,2012,35-39 years,0,0
Toxic shellfish poisoning,2012,35-39 years,3,suppressed
Campylobacteriosis,2012,35-39 years,328,115.4
Paratyphoid fever,2012,35-39 years,5,1.8
Cholera,2012,35-39 years,0,0
Salmonellosis,2012,35-39 years,52,18.3
Q fever,2012,35-39 years,0,0
Cryptosporidiosis,2012,35-39 years,44,15.5
Rickettsial disease,2012,35-39 years,0,0
Taeniasis,2012,35-39 years,2,suppressed
Hepatitis A,2012,35-39 years,4,suppressed
Pertussis,2012,35-39 years,396,139.4
Rabies and other lyssaviruses,2012,35-39 years,0,0
Rubella,2012,35-39 years,0,0
Leprosy,2012,35-39 years,0,0
Typhoid fever,2012,35-39 years,1,suppressed
Measles,2012,35-39 years,1,suppressed
Malaria,2012,35-39 years,2,suppressed
Poliomyelitis,2012,35-39 years,0,0
VTEC/STEC infection,2012,35-39 years,2,suppressed
Meningoencephalitis - primary amoebic,2012,35-39 years,0,0
Diphtheria,2012,35-39 years,0,0
Invasive group A streptococcal infection,2012,35-39 years,0,0
Hepatitis NOS,2012,35-39 years,0,0
Legionellosis,2012,35-39 years,6,2.1
Mpox,2012,35-39 years,0,0
Acute gastroenteritis,2012,35-39 years,55,19.4
Hepatitis B,2012,35-39 years,3,suppressed
Arboviral diseases,2012,35-39 years,5,1.8
Tetanus,2012,35-39 years,0,0
Trichinosis,2012,35-39 years,0,0
Shigellosis,2012,35-39 years,11,3.9
Leptospirosis,2012,35-39 years,10,3.5
Cysticercosis,2012,35-39 years,0,0
Giardiasis,2012,35-39 years,230,81
Haemophilus influenzae type b,2012,35-39 years,1,suppressed
Invasive pneumococcal disease,2012,35-39 years,19,6.7
Hydatid disease,2012,35-39 years,0,0
Hepatitis C,2012,35-39 years,4,suppressed
Yersiniosis,2012,35-39 years,17,6
Leprosy,2012,40-44 years,0,0
Rubella,2012,40-44 years,0,0
Meningococcal disease,2012,40-44 years,3,suppressed
Campylobacteriosis,2012,40-44 years,404,127.2
Pertussis,2012,40-44 years,412,129.7
Rabies and other lyssaviruses,2012,40-44 years,0,0
Acute gastroenteritis,2012,40-44 years,45,14.2
Toxic shellfish poisoning,2012,40-44 years,2,suppressed
Legionellosis,2012,40-44 years,7,2.2
Rickettsial disease,2012,40-44 years,1,suppressed
Paratyphoid fever,2012,40-44 years,1,suppressed
Salmonellosis,2012,40-44 years,59,18.6
Giardiasis,2012,40-44 years,156,49.1
Hepatitis C,2012,40-44 years,3,suppressed
Arboviral diseases,2012,40-44 years,6,1.9
Hepatitis B,2012,40-44 years,7,2.2
Typhoid fever,2012,40-44 years,5,1.6
Q fever,2012,40-44 years,0,0
Leptospirosis,2012,40-44 years,12,3.8
Malaria,2012,40-44 years,3,suppressed
Cholera,2012,40-44 years,0,0
VTEC/STEC infection,2012,40-44 years,4,suppressed
Haemophilus influenzae type b,2012,40-44 years,0,0
Diphtheria,2012,40-44 years,0,0
Taeniasis,2012,40-44 years,1,suppressed
Brucellosis,2012,40-44 years,0,0
Tuberculosis disease,2012,40-44 years,21,6.6
Yersiniosis,2012,40-44 years,19,6
Hepatitis A,2012,40-44 years,3,suppressed
Mpox,2012,40-44 years,0,0
Tetanus,2012,40-44 years,0,0
Trichinosis,2012,40-44 years,0,0
Rheumatic fever,2012,40-44 years,0,0
Invasive pneumococcal disease,2012,40-44 years,18,5.7
Measles,2012,40-44 years,2,suppressed
Invasive group A streptococcal infection,2012,40-44 years,0,0
Meningoencephalitis - primary amoebic,2012,40-44 years,0,0
Hepatitis NOS,2012,40-44 years,0,0
Mumps,2012,40-44 years,2,suppressed
Poliomyelitis,2012,40-44 years,0,0
Cryptosporidiosis,2012,40-44 years,32,10.1
Shigellosis,2012,40-44 years,9,2.8
Cysticercosis,2012,40-44 years,0,0
Listeriosis,2012,40-44 years,0,0
Hydatid disease,2012,40-44 years,0,0
Leprosy,2013,0-4 years,0,0
Hepatitis A,2013,0-4 years,13,4.2
Malaria,2013,0-4 years,1,suppressed
Hydatid disease,2013,0-4 years,0,0
Cholera,2013,0-4 years,0,0
Toxic shellfish poisoning,2013,0-4 years,0,0
Typhoid fever,2013,0-4 years,3,suppressed
Giardiasis,2013,0-4 years,404,129.5
Shigellosis,2013,0-4 years,15,4.8
Acute gastroenteritis,2013,0-4 years,93,29.8
Haemophilus influenzae type b,2013,0-4 years,0,0
Listeriosis,2013,0-4 years,0,0
Invasive pneumococcal disease,2013,0-4 years,39,12.5
Rubella,2013,0-4 years,1,suppressed
Cysticercosis,2013,0-4 years,0,0
Brucellosis,2013,0-4 years,0,0
Meningoencephalitis - primary amoebic,2013,0-4 years,0,0
Rabies and other lyssaviruses,2013,0-4 years,0,0
Arboviral diseases,2013,0-4 years,1,suppressed
Measles,2013,0-4 years,2,suppressed
Tuberculosis disease,2013,0-4 years,5,1.6
Q fever,2013,0-4 years,0,0
Mpox,2013,0-4 years,0,0
Cryptosporidiosis,2013,0-4 years,457,146.5
Hepatitis NOS,2013,0-4 years,0,0
Diphtheria,2013,0-4 years,0,0
Rheumatic fever,2013,0-4 years,0,0
Mumps,2013,0-4 years,5,1.6
Paratyphoid fever,2013,0-4 years,2,suppressed
Hepatitis C,2013,0-4 years,0,0
Pertussis,2013,0-4 years,820,262.9
Invasive group A streptococcal infection,2013,0-4 years,0,0
Legionellosis,2013,0-4 years,1,suppressed
Hepatitis B,2013,0-4 years,0,0
Meningococcal disease,2013,0-4 years,24,7.7
Campylobacteriosis,2013,0-4 years,836,268
Trichinosis,2013,0-4 years,0,0
Poliomyelitis,2013,0-4 years,0,0
Taeniasis,2013,0-4 years,0,0
VTEC/STEC infection,2013,0-4 years,77,24.7
Leptospirosis,2013,0-4 years,0,0
Rickettsial disease,2013,0-4 years,0,0
Salmonellosis,2013,0-4 years,266,85.3
Yersiniosis,2013,0-4 years,138,44.2
Tetanus,2013,0-4 years,0,0
Pertussis,2013,45-49 years,244,78.2
Arboviral diseases,2013,45-49 years,5,1.6
Brucellosis,2013,45-49 years,0,0
Cryptosporidiosis,2013,45-49 years,32,10.3
Leprosy,2013,45-49 years,0,0
Haemophilus influenzae type b,2013,45-49 years,0,0
Toxic shellfish poisoning,2013,45-49 years,0,0
Leptospirosis,2013,45-49 years,7,2.2
Hepatitis A,2013,45-49 years,2,suppressed
Campylobacteriosis,2013,45-49 years,441,141.4
Rheumatic fever,2013,45-49 years,0,0
Meningococcal disease,2013,45-49 years,1,suppressed
Cysticercosis,2013,45-49 years,0,0
Acute gastroenteritis,2013,45-49 years,35,11.2
Hydatid disease,2013,45-49 years,0,0
Invasive group A streptococcal infection,2013,45-49 years,0,0
Hepatitis B,2013,45-49 years,2,suppressed
Salmonellosis,2013,45-49 years,75,24
Mpox,2013,45-49 years,0,0
Diphtheria,2013,45-49 years,0,0
Rickettsial disease,2013,45-49 years,0,0
Rubella,2013,45-49 years,0,0
Legionellosis,2013,45-49 years,9,2.9
Meningoencephalitis - primary amoebic,2013,45-49 years,0,0
Q fever,2013,45-49 years,0,0
Mumps,2013,45-49 years,0,0
Yersiniosis,2013,45-49 years,25,8
VTEC/STEC infection,2013,45-49 years,6,1.9
Tetanus,2013,45-49 years,0,0
Typhoid fever,2013,45-49 years,2,suppressed
Cholera,2013,45-49 years,0,0
Listeriosis,2013,45-49 years,0,0
Hepatitis C,2013,45-49 years,6,1.9
Hepatitis NOS,2013,45-49 years,0,0
Giardiasis,2013,45-49 years,95,30.5
Rabies and other lyssaviruses,2013,45-49 years,0,0
Poliomyelitis,2013,45-49 years,0,0
Malaria,2013,45-49 years,0,0
Taeniasis,2013,45-49 years,1,suppressed
Measles,2013,45-49 years,0,0
Trichinosis,2013,45-49 years,0,0
Shigellosis,2013,45-49 years,7,2.2
Paratyphoid fever,2013,45-49 years,1,suppressed
Invasive pneumococcal disease,2013,45-49 years,28,9
Tuberculosis disease,2013,45-49 years,15,4.8
Campylobacteriosis,2013,50-54 years,424,135.2
Rheumatic fever,2013,50-54 years,0,0
Hydatid disease,2013,50-54 years,0,0
Leptospirosis,2013,50-54 years,9,2.9
Pertussis,2013,50-54 years,203,64.7
Mpox,2013,50-54 years,0,0
Toxic shellfish poisoning,2013,50-54 years,0,0
Rubella,2013,50-54 years,0,0
Brucellosis,2013,50-54 years,1,suppressed
Hepatitis C,2013,50-54 years,7,2.2
Acute gastroenteritis,2013,50-54 years,29,9.2
Mumps,2013,50-54 years,3,suppressed
Leprosy,2013,50-54 years,0,0
Arboviral diseases,2013,50-54 years,15,4.8
Listeriosis,2013,50-54 years,2,suppressed
Cholera,2013,50-54 years,0,0
Rickettsial disease,2013,50-54 years,1,suppressed
Salmonellosis,2013,50-54 years,60,19.1
Invasive pneumococcal disease,2013,50-54 years,31,9.9
Legionellosis,2013,50-54 years,15,4.8
Giardiasis,2013,50-54 years,67,21.4
Yersiniosis,2013,50-54 years,27,8.6
Hepatitis B,2013,50-54 years,0,0
Hepatitis A,2013,50-54 years,4,suppressed
Malaria,2013,50-54 years,1,suppressed
Haemophilus influenzae type b,2013,50-54 years,0,0
Tuberculosis disease,2013,50-54 years,20,6.4
Shigellosis,2013,50-54 years,10,3.2
Diphtheria,2013,50-54 years,0,0
Hepatitis NOS,2013,50-54 years,0,0
Rabies and other lyssaviruses,2013,50-54 years,0,0
Cysticercosis,2013,50-54 years,0,0
Meningococcal disease,2013,50-54 years,1,suppressed
Meningoencephalitis - primary amoebic,2013,50-54 years,0,0
Trichinosis,2013,50-54 years,0,0
Cryptosporidiosis,2013,50-54 years,23,7.3
VTEC/STEC infection,2013,50-54 years,6,1.9
Tetanus,2013,50-54 years,0,0
Paratyphoid fever,2013,50-54 years,2,suppressed
Taeniasis,2013,50-54 years,0,0
Poliomyelitis,2013,50-54 years,0,0
Measles,2013,50-54 years,0,0
Typhoid fever,2013,50-54 years,2,suppressed
Invasive group A streptococcal infection,2013,50-54 years,0,0
Q fever,2013,50-54 years,0,0
Rickettsial disease,2013,55-59 years,1,suppressed
Hepatitis A,2013,55-59 years,2,suppressed
Mpox,2013,55-59 years,0,0
Pertussis,2013,55-59 years,166,61.1
Campylobacteriosis,2013,55-59 years,453,166.7
Hepatitis B,2013,55-59 years,3,suppressed
Hepatitis NOS,2013,55-59 years,0,0
Toxic shellfish poisoning,2013,55-59 years,0,0
Arboviral diseases,2013,55-59 years,5,1.8
Tuberculosis disease,2013,55-59 years,19,7
Listeriosis,2013,55-59 years,0,0
Meningoencephalitis - primary amoebic,2013,55-59 years,0,0
Diphtheria,2013,55-59 years,0,0
Cysticercosis,2013,55-59 years,0,0
Rheumatic fever,2013,55-59 years,0,0
Cholera,2013,55-59 years,0,0
Hepatitis C,2013,55-59 years,1,suppressed
Invasive pneumococcal disease,2013,55-59 years,45,16.6
Giardiasis,2013,55-59 years,73,26.9
Legionellosis,2013,55-59 years,12,4.4
Acute gastroenteritis,2013,55-59 years,18,6.6
Hydatid disease,2013,55-59 years,1,suppressed
Measles,2013,55-59 years,0,0
Haemophilus influenzae type b,2013,55-59 years,1,suppressed
Poliomyelitis,2013,55-59 years,0,0
Tetanus,2013,55-59 years,0,0
Leptospirosis,2013,55-59 years,8,2.9
Salmonellosis,2013,55-59 years,52,19.1
Brucellosis,2013,55-59 years,0,0
Taeniasis,2013,55-59 years,0,0
VTEC/STEC infection,2013,55-59 years,6,2.2
Meningococcal disease,2013,55-59 years,2,suppressed
Leprosy,2013,55-59 years,0,0
Invasive group A streptococcal infection,2013,55-59 years,0,0
Paratyphoid fever,2013,55-59 years,2,suppressed
Cryptosporidiosis,2013,55-59 years,25,9.2
Shigellosis,2013,55-59 years,6,2.2
Rubella,2013,55-59 years,0,0
Rabies and other lyssaviruses,2013,55-59 years,0,0
Mumps,2013,55-59 years,1,suppressed
Typhoid fever,2013,55-59 years,0,0
Yersiniosis,2013,55-59 years,27,9.9
Malaria,2013,55-59 years,3,suppressed
Trichinosis,2013,55-59 years,0,0
Q fever,2013,55-59 years,0,0
Diphtheria,2013,60-64 years,0,0
Leptospirosis,2013,60-64 years,3,suppressed
Meningoencephalitis - primary amoebic,2013,60-64 years,0,0
Hepatitis C,2013,60-64 years,0,0
Pertussis,2013,60-64 years,114,47.3
Cholera,2013,60-64 years,0,0
Poliomyelitis,2013,60-64 years,0,0
Listeriosis,2013,60-64 years,2,suppressed
Hepatitis A,2013,60-64 years,2,suppressed
Brucellosis,2013,60-64 years,0,0
Paratyphoid fever,2013,60-64 years,0,0
Toxic shellfish poisoning,2013,60-64 years,0,0
Hepatitis NOS,2013,60-64 years,0,0
Leprosy,2013,60-64 years,0,0
Rheumatic fever,2013,60-64 years,0,0
Invasive pneumococcal disease,2013,60-64 years,42,17.4
Legionellosis,2013,60-64 years,16,6.6
Haemophilus influenzae type b,2013,60-64 years,0,0
Shigellosis,2013,60-64 years,4,suppressed
Invasive group A streptococcal infection,2013,60-64 years,0,0
Measles,2013,60-64 years,0,0
Cysticercosis,2013,60-64 years,0,0
Rickettsial disease,2013,60-64 years,3,suppressed
Campylobacteriosis,2013,60-64 years,402,166.8
Rubella,2013,60-64 years,0,0
Hepatitis B,2013,60-64 years,0,0
Arboviral diseases,2013,60-64 years,7,2.9
Yersiniosis,2013,60-64 years,18,7.5
Tuberculosis disease,2013,60-64 years,8,3.3
Taeniasis,2013,60-64 years,1,suppressed
Cryptosporidiosis,2013,60-64 years,19,7.9
Hydatid disease,2013,60-64 years,2,suppressed
Salmonellosis,2013,60-64 years,53,22
Trichinosis,2013,60-64 years,0,0
Rabies and other lyssaviruses,2013,60-64 years,0,0
Tetanus,2013,60-64 years,1,suppressed
Giardiasis,2013,60-64 years,79,32.8
Meningococcal disease,2013,60-64 years,3,suppressed
Mpox,2013,60-64 years,0,0
Mumps,2013,60-64 years,0,0
Malaria,2013,60-64 years,1,suppressed
Typhoid fever,2013,60-64 years,2,suppressed
Q fever,2013,60-64 years,0,0
Acute gastroenteritis,2013,60-64 years,19,7.9
VTEC/STEC infection,2013,60-64 years,11,4.6
Meningoencephalitis - primary amoebic,2013,65-69 years,0,0
Listeriosis,2013,65-69 years,1,suppressed
Shigellosis,2013,65-69 years,3,suppressed
Arboviral diseases,2013,65-69 years,3,suppressed
Haemophilus influenzae type b,2013,65-69 years,0,0
Tuberculosis disease,2013,65-69 years,12,5.8
Rubella,2013,65-69 years,0,0
Diphtheria,2013,65-69 years,0,0
Rheumatic fever,2013,65-69 years,0,0
Toxic shellfish poisoning,2013,65-69 years,0,0
Hepatitis A,2013,65-69 years,1,suppressed
Cysticercosis,2013,65-69 years,0,0
Hepatitis NOS,2013,65-69 years,0,0
Cryptosporidiosis,2013,65-69 years,19,9.2
Hydatid disease,2013,65-69 years,3,suppressed
Typhoid fever,2013,65-69 years,1,suppressed
Poliomyelitis,2013,65-69 years,0,0
Giardiasis,2013,65-69 years,61,29.6
Measles,2013,65-69 years,0,0
Campylobacteriosis,2013,65-69 years,342,166.2
Taeniasis,2013,65-69 years,0,0
Cholera,2013,65-69 years,0,0
Legionellosis,2013,65-69 years,27,13.1
Leprosy,2013,65-69 years,0,0
Yersiniosis,2013,65-69 years,14,6.8
Hepatitis C,2013,65-69 years,0,0
Pertussis,2013,65-69 years,105,51
Trichinosis,2013,65-69 years,0,0
Malaria,2013,65-69 years,2,suppressed
Invasive group A streptococcal infection,2013,65-69 years,0,0
Rickettsial disease,2013,65-69 years,1,suppressed
Paratyphoid fever,2013,65-69 years,0,0
Mpox,2013,65-69 years,0,0
Leptospirosis,2013,65-69 years,2,suppressed
Hepatitis B,2013,65-69 years,0,0
Acute gastroenteritis,2013,65-69 years,28,13.6
Brucellosis,2013,65-69 years,0,0
Meningococcal disease,2013,65-69 years,3,suppressed
Tetanus,2013,65-69 years,0,0
Rabies and other lyssaviruses,2013,65-69 years,0,0
VTEC/STEC infection,2013,65-69 years,3,suppressed
Salmonellosis,2013,65-69 years,41,19.9
Mumps,2013,65-69 years,0,0
Invasive pneumococcal disease,2013,65-69 years,39,19
Q fever,2013,65-69 years,0,0
Cryptosporidiosis,2013,70-74 years,8,5.2
Cholera,2013,70-74 years,0,0
Tuberculosis disease,2013,70-74 years,11,7.1
Invasive group A streptococcal infection,2013,70-74 years,0,0
Diphtheria,2013,70-74 years,0,0
Arboviral diseases,2013,70-74 years,6,3.9
Toxic shellfish poisoning,2013,70-74 years,0,0
Rubella,2013,70-74 years,0,0
Haemophilus influenzae type b,2013,70-74 years,0,0
Pertussis,2013,70-74 years,67,43.5
Hydatid disease,2013,70-74 years,0,0
Typhoid fever,2013,70-74 years,0,0
Listeriosis,2013,70-74 years,3,suppressed
Shigellosis,2013,70-74 years,6,3.9
Campylobacteriosis,2013,70-74 years,288,187
Leptospirosis,2013,70-74 years,0,0
Rickettsial disease,2013,70-74 years,0,0
Hepatitis C,2013,70-74 years,0,0
Rheumatic fever,2013,70-74 years,0,0
Brucellosis,2013,70-74 years,0,0
Leprosy,2013,70-74 years,0,0
Mumps,2013,70-74 years,0,0
VTEC/STEC infection,2013,70-74 years,3,suppressed
Malaria,2013,70-74 years,0,0
Q fever,2013,70-74 years,0,0
Poliomyelitis,2013,70-74 years,0,0
Yersiniosis,2013,70-74 years,15,9.7
Salmonellosis,2013,70-74 years,34,22.1
Hepatitis NOS,2013,70-74 years,0,0
Meningococcal disease,2013,70-74 years,0,0
Trichinosis,2013,70-74 years,0,0
Legionellosis,2013,70-74 years,20,13
Invasive pneumococcal disease,2013,70-74 years,42,27.3
Mpox,2013,70-74 years,0,0
Paratyphoid fever,2013,70-74 years,0,0
Hepatitis A,2013,70-74 years,0,0
Acute gastroenteritis,2013,70-74 years,14,9.1
Meningoencephalitis - primary amoebic,2013,70-74 years,0,0
Tetanus,2013,70-74 years,0,0
Giardiasis,2013,70-74 years,30,19.5
Cysticercosis,2013,70-74 years,0,0
Taeniasis,2013,70-74 years,0,0
Measles,2013,70-74 years,0,0
Hepatitis B,2013,70-74 years,0,0
Rabies and other lyssaviruses,2013,70-74 years,0,0
Tuberculosis disease,2013,75-79 years,8,7.3
Toxic shellfish poisoning,2013,75-79 years,0,0
Haemophilus influenzae type b,2013,75-79 years,0,0
Listeriosis,2013,75-79 years,0,0
Campylobacteriosis,2013,75-79 years,196,179.2
Hepatitis NOS,2013,75-79 years,1,suppressed
Rickettsial disease,2013,75-79 years,0,0
Cryptosporidiosis,2013,75-79 years,5,4.6
Hydatid disease,2013,75-79 years,0,0
Pertussis,2013,75-79 years,45,41.2
Q fever,2013,75-79 years,0,0
Mpox,2013,75-79 years,0,0
Arboviral diseases,2013,75-79 years,1,suppressed
Rheumatic fever,2013,75-79 years,0,0
Diphtheria,2013,75-79 years,0,0
Legionellosis,2013,75-79 years,23,21
Trichinosis,2013,75-79 years,0,0
Leprosy,2013,75-79 years,0,0
Brucellosis,2013,75-79 years,0,0
Acute gastroenteritis,2013,75-79 years,16,14.6
Malaria,2013,75-79 years,1,suppressed
Leptospirosis,2013,75-79 years,0,0
VTEC/STEC infection,2013,75-79 years,3,suppressed
Salmonellosis,2013,75-79 years,23,21
Cholera,2013,75-79 years,0,0
Giardiasis,2013,75-79 years,15,13.7
Cysticercosis,2013,75-79 years,0,0
Meningoencephalitis - primary amoebic,2013,75-79 years,0,0
Paratyphoid fever,2013,75-79 years,0,0
Typhoid fever,2013,75-79 years,1,suppressed
Mumps,2013,75-79 years,0,0
Hepatitis A,2013,75-79 years,0,0
Meningococcal disease,2013,75-79 years,1,suppressed
Tetanus,2013,75-79 years,0,0
Rubella,2013,75-79 years,0,0
Poliomyelitis,2013,75-79 years,0,0
Measles,2013,75-79 years,0,0
Taeniasis,2013,75-79 years,0,0
Shigellosis,2013,75-79 years,1,suppressed
Yersiniosis,2013,75-79 years,10,9.1
Hepatitis C,2013,75-79 years,0,0
Invasive group A streptococcal infection,2013,75-79 years,0,0
Hepatitis B,2013,75-79 years,1,suppressed
Invasive pneumococcal disease,2013,75-79 years,37,33.8
Rabies and other lyssaviruses,2013,75-79 years,0,0
Hydatid disease,2013,80-84 years,0,0
Rickettsial disease,2013,80-84 years,0,0
Cholera,2013,80-84 years,0,0
Malaria,2013,80-84 years,0,0
Haemophilus influenzae type b,2013,80-84 years,0,0
Hepatitis A,2013,80-84 years,1,suppressed
Tetanus,2013,80-84 years,0,0
Typhoid fever,2013,80-84 years,0,0
Pertussis,2013,80-84 years,24,29.2
Rheumatic fever,2013,80-84 years,0,0
Brucellosis,2013,80-84 years,0,0
Hepatitis NOS,2013,80-84 years,0,0
Leptospirosis,2013,80-84 years,0,0
Arboviral diseases,2013,80-84 years,0,0
Acute gastroenteritis,2013,80-84 years,19,23.1
VTEC/STEC infection,2013,80-84 years,4,suppressed
Q fever,2013,80-84 years,0,0
Tuberculosis disease,2013,80-84 years,16,19.5
Diphtheria,2013,80-84 years,0,0
Listeriosis,2013,80-84 years,2,suppressed
Measles,2013,80-84 years,0,0
Salmonellosis,2013,80-84 years,12,14.6
Campylobacteriosis,2013,80-84 years,148,180.3
Toxic shellfish poisoning,2013,80-84 years,0,0
Legionellosis,2013,80-84 years,4,suppressed
Rubella,2013,80-84 years,0,0
Leprosy,2013,80-84 years,0,0
Yersiniosis,2013,80-84 years,12,14.6
Invasive pneumococcal disease,2013,80-84 years,31,37.8
Invasive group A streptococcal infection,2013,80-84 years,0,0
Poliomyelitis,2013,80-84 years,0,0
Cryptosporidiosis,2013,80-84 years,5,6.1
Shigellosis,2013,80-84 years,0,0
Meningoencephalitis - primary amoebic,2013,80-84 years,0,0
Hepatitis C,2013,80-84 years,0,0
Cysticercosis,2013,80-84 years,0,0
Taeniasis,2013,80-84 years,0,0
Meningococcal disease,2013,80-84 years,0,0
Hepatitis B,2013,80-84 years,1,suppressed
Giardiasis,2013,80-84 years,3,suppressed
Trichinosis,2013,80-84 years,0,0
Paratyphoid fever,2013,80-84 years,0,0
Mumps,2013,80-84 years,0,0
Rabies and other lyssaviruses,2013,80-84 years,0,0
Mpox,2013,80-84 years,0,0
VTEC/STEC infection,2013,85+ years,4,suppressed
Hepatitis NOS,2013,85+ years,0,0
Brucellosis,2013,85+ years,0,0
Q fever,2013,85+ years,0,0
Hydatid disease,2013,85+ years,0,0
Acute gastroenteritis,2013,85+ years,40,53.5
Cholera,2013,85+ years,0,0
Diphtheria,2013,85+ years,0,0
Leptospirosis,2013,85+ years,0,0
Rheumatic fever,2013,85+ years,0,0
Toxic shellfish poisoning,2013,85+ years,0,0
Meningoencephalitis - primary amoebic,2013,85+ years,0,0
Pertussis,2013,85+ years,21,28.1
Haemophilus influenzae type b,2013,85+ years,0,0
Hepatitis A,2013,85+ years,0,0
Leprosy,2013,85+ years,0,0
Tuberculosis disease,2013,85+ years,5,6.7
Tetanus,2013,85+ years,0,0
Listeriosis,2013,85+ years,1,suppressed
Poliomyelitis,2013,85+ years,0,0
Rubella,2013,85+ years,0,0
Arboviral diseases,2013,85+ years,0,0
Yersiniosis,2013,85+ years,10,13.4
Paratyphoid fever,2013,85+ years,0,0
Hepatitis B,2013,85+ years,0,0
Malaria,2013,85+ years,0,0
Legionellosis,2013,85+ years,5,6.7
Giardiasis,2013,85+ years,3,suppressed
Shigellosis,2013,85+ years,0,0
Invasive group A streptococcal infection,2013,85+ years,0,0
Rabies and other lyssaviruses,2013,85+ years,0,0
Trichinosis,2013,85+ years,0,0
Mpox,2013,85+ years,0,0
Campylobacteriosis,2013,85+ years,103,137.9
Cysticercosis,2013,85+ years,0,0
Hepatitis C,2013,85+ years,0,0
Mumps,2013,85+ years,0,0
Invasive pneumococcal disease,2013,85+ years,38,50.9
Meningococcal disease,2013,85+ years,0,0
Taeniasis,2013,85+ years,0,0
Rickettsial disease,2013,85+ years,0,0
Cryptosporidiosis,2013,85+ years,1,suppressed
Typhoid fever,2013,85+ years,1,suppressed
Salmonellosis,2013,85+ years,6,8
Measles,2013,85+ years,0,0
Listeriosis,2013,5-9 years,1,suppressed
Q fever,2013,5-9 years,0,0
Leprosy,2013,5-9 years,0,0
Hepatitis A,2013,5-9 years,20,6.7
Giardiasis,2013,5-9 years,140,46.7
Haemophilus influenzae type b,2013,5-9 years,0,0
Toxic shellfish poisoning,2013,5-9 years,0,0
Tuberculosis disease,2013,5-9 years,2,suppressed
Rubella,2013,5-9 years,0,0
Mumps,2013,5-9 years,5,1.7
Paratyphoid fever,2013,5-9 years,0,0
Cysticercosis,2013,5-9 years,0,0
Campylobacteriosis,2013,5-9 years,253,84.3
Arboviral diseases,2013,5-9 years,1,suppressed
Measles,2013,5-9 years,2,suppressed
Hepatitis B,2013,5-9 years,0,0
Meningoencephalitis - primary amoebic,2013,5-9 years,0,0
Shigellosis,2013,5-9 years,17,5.7
Hydatid disease,2013,5-9 years,0,0
Cryptosporidiosis,2013,5-9 years,185,61.7
Invasive group A streptococcal infection,2013,5-9 years,0,0
Meningococcal disease,2013,5-9 years,4,suppressed
Leptospirosis,2013,5-9 years,0,0
Rheumatic fever,2013,5-9 years,46,15.3
Taeniasis,2013,5-9 years,0,0
Hepatitis C,2013,5-9 years,0,0
Rabies and other lyssaviruses,2013,5-9 years,0,0
Legionellosis,2013,5-9 years,0,0
Acute gastroenteritis,2013,5-9 years,19,6.3
Yersiniosis,2013,5-9 years,21,7
Cholera,2013,5-9 years,0,0
Mpox,2013,5-9 years,0,0
Trichinosis,2013,5-9 years,0,0
Diphtheria,2013,5-9 years,0,0
Brucellosis,2013,5-9 years,0,0
Hepatitis NOS,2013,5-9 years,0,0
Rickettsial disease,2013,5-9 years,0,0
Malaria,2013,5-9 years,2,suppressed
Salmonellosis,2013,5-9 years,66,22
VTEC/STEC infection,2013,5-9 years,21,7
Pertussis,2013,5-9 years,366,122
Tetanus,2013,5-9 years,0,0
Poliomyelitis,2013,5-9 years,0,0
Typhoid fever,2013,5-9 years,2,suppressed
Invasive pneumococcal disease,2013,5-9 years,15,5
Acute gastroenteritis,2013,10-14 years,12,4
Hepatitis A,2013,10-14 years,14,4.7
Leprosy,2013,10-14 years,2,suppressed
Shigellosis,2013,10-14 years,3,suppressed
Haemophilus influenzae type b,2013,10-14 years,1,suppressed
Invasive pneumococcal disease,2013,10-14 years,9,3
Rickettsial disease,2013,10-14 years,0,0
Leptospirosis,2013,10-14 years,0,0
Rheumatic fever,2013,10-14 years,92,31
Arboviral diseases,2013,10-14 years,4,suppressed
Measles,2013,10-14 years,0,0
Invasive group A streptococcal infection,2013,10-14 years,0,0
Hydatid disease,2013,10-14 years,0,0
Cryptosporidiosis,2013,10-14 years,81,27.3
Trichinosis,2013,10-14 years,0,0
Meningococcal disease,2013,10-14 years,5,1.7
Tuberculosis disease,2013,10-14 years,3,suppressed
Campylobacteriosis,2013,10-14 years,221,74.5
Diphtheria,2013,10-14 years,0,0
Giardiasis,2013,10-14 years,38,12.8
Mumps,2013,10-14 years,0,0
Mpox,2013,10-14 years,0,0
Legionellosis,2013,10-14 years,1,suppressed
Q fever,2013,10-14 years,0,0
Rabies and other lyssaviruses,2013,10-14 years,0,0
VTEC/STEC infection,2013,10-14 years,16,5.4
Listeriosis,2013,10-14 years,0,0
Salmonellosis,2013,10-14 years,40,13.5
Toxic shellfish poisoning,2013,10-14 years,0,0
Yersiniosis,2013,10-14 years,25,8.4
Hepatitis NOS,2013,10-14 years,0,0
Pertussis,2013,10-14 years,221,74.5
Brucellosis,2013,10-14 years,0,0
Taeniasis,2013,10-14 years,0,0
Hepatitis C,2013,10-14 years,0,0
Hepatitis B,2013,10-14 years,0,0
Typhoid fever,2013,10-14 years,5,1.7
Meningoencephalitis - primary amoebic,2013,10-14 years,0,0
Paratyphoid fever,2013,10-14 years,0,0
Poliomyelitis,2013,10-14 years,0,0
Cholera,2013,10-14 years,0,0
Tetanus,2013,10-14 years,0,0
Malaria,2013,10-14 years,3,suppressed
Rubella,2013,10-14 years,0,0
Cysticercosis,2013,10-14 years,0,0
Arboviral diseases,2013,15-19 years,5,1.6
Haemophilus influenzae type b,2013,15-19 years,0,0
Hydatid disease,2013,15-19 years,0,0
Rheumatic fever,2013,15-19 years,30,9.6
Tuberculosis disease,2013,15-19 years,10,3.2
Campylobacteriosis,2013,15-19 years,464,148.5
VTEC/STEC infection,2013,15-19 years,13,4.2
Leprosy,2013,15-19 years,2,suppressed
Typhoid fever,2013,15-19 years,6,1.9
Legionellosis,2013,15-19 years,0,0
Measles,2013,15-19 years,4,suppressed
Trichinosis,2013,15-19 years,0,0
Pertussis,2013,15-19 years,136,43.5
Acute gastroenteritis,2013,15-19 years,20,6.4
Salmonellosis,2013,15-19 years,65,20.8
Hepatitis NOS,2013,15-19 years,0,0
Hepatitis A,2013,15-19 years,4,suppressed
Diphtheria,2013,15-19 years,0,0
Brucellosis,2013,15-19 years,0,0
Giardiasis,2013,15-19 years,30,9.6
Malaria,2013,15-19 years,4,suppressed
Cysticercosis,2013,15-19 years,0,0
Hepatitis B,2013,15-19 years,1,suppressed
Q fever,2013,15-19 years,0,0
Cryptosporidiosis,2013,15-19 years,61,19.5
Yersiniosis,2013,15-19 years,16,5.1
Rubella,2013,15-19 years,0,0
Cholera,2013,15-19 years,0,0
Meningococcal disease,2013,15-19 years,12,3.8
Shigellosis,2013,15-19 years,8,2.6
Paratyphoid fever,2013,15-19 years,6,1.9
Mumps,2013,15-19 years,3,suppressed
Meningoencephalitis - primary amoebic,2013,15-19 years,0,0
Toxic shellfish poisoning,2013,15-19 years,0,0
Rabies and other lyssaviruses,2013,15-19 years,0,0
Poliomyelitis,2013,15-19 years,0,0
Invasive group A streptococcal infection,2013,15-19 years,0,0
Hepatitis C,2013,15-19 years,0,0
Listeriosis,2013,15-19 years,0,0
Taeniasis,2013,15-19 years,0,0
Mpox,2013,15-19 years,0,0
Rickettsial disease,2013,15-19 years,1,suppressed
Invasive pneumococcal disease,2013,15-19 years,13,4.2
Tetanus,2013,15-19 years,0,0
Leptospirosis,2013,15-19 years,2,suppressed
Legionellosis,2013,20-24 years,5,1.6
Hepatitis A,2013,20-24 years,6,1.9
Typhoid fever,2013,20-24 years,14,4.4
Rickettsial disease,2013,20-24 years,0,0
Arboviral diseases,2013,20-24 years,9,2.9
Leprosy,2013,20-24 years,0,0
Pertussis,2013,20-24 years,178,56.5
Trichinosis,2013,20-24 years,0,0
Rubella,2013,20-24 years,0,0
Meningoencephalitis - primary amoebic,2013,20-24 years,0,0
Measles,2013,20-24 years,0,0
Hepatitis NOS,2013,20-24 years,0,0
Paratyphoid fever,2013,20-24 years,3,suppressed
Hepatitis B,2013,20-24 years,1,suppressed
Diphtheria,2013,20-24 years,0,0
VTEC/STEC infection,2013,20-24 years,14,4.4
Malaria,2013,20-24 years,10,3.2
Yersiniosis,2013,20-24 years,32,10.2
Mumps,2013,20-24 years,0,0
Tuberculosis disease,2013,20-24 years,28,8.9
Cryptosporidiosis,2013,20-24 years,88,27.9
Haemophilus influenzae type b,2013,20-24 years,0,0
Poliomyelitis,2013,20-24 years,0,0
Tetanus,2013,20-24 years,0,0
Salmonellosis,2013,20-24 years,88,27.9
Giardiasis,2013,20-24 years,78,24.8
Rabies and other lyssaviruses,2013,20-24 years,0,0
Rheumatic fever,2013,20-24 years,19,6
Hepatitis C,2013,20-24 years,6,1.9
Acute gastroenteritis,2013,20-24 years,35,11.1
Listeriosis,2013,20-24 years,1,suppressed
Hydatid disease,2013,20-24 years,1,suppressed
Invasive group A streptococcal infection,2013,20-24 years,0,0
Toxic shellfish poisoning,2013,20-24 years,1,suppressed
Campylobacteriosis,2013,20-24 years,607,192.8
Brucellosis,2013,20-24 years,0,0
Cholera,2013,20-24 years,0,0
Leptospirosis,2013,20-24 years,9,2.9
Q fever,2013,20-24 years,0,0
Cysticercosis,2013,20-24 years,1,suppressed
Mpox,2013,20-24 years,0,0
Meningococcal disease,2013,20-24 years,5,1.6
Shigellosis,2013,20-24 years,15,4.8
Taeniasis,2013,20-24 years,1,suppressed
Invasive pneumococcal disease,2013,20-24 years,10,3.2
Hepatitis A,2013,25-29 years,9,3.2
Toxic shellfish poisoning,2013,25-29 years,0,0
Legionellosis,2013,25-29 years,0,0
Pertussis,2013,25-29 years,137,49.4
Hepatitis NOS,2013,25-29 years,0,0
Typhoid fever,2013,25-29 years,2,suppressed
Arboviral diseases,2013,25-29 years,11,4
VTEC/STEC infection,2013,25-29 years,6,2.2
Leprosy,2013,25-29 years,1,suppressed
Mpox,2013,25-29 years,0,0
Rubella,2013,25-29 years,0,0
Giardiasis,2013,25-29 years,90,32.4
Malaria,2013,25-29 years,10,3.6
Brucellosis,2013,25-29 years,0,0
Mumps,2013,25-29 years,3,suppressed
Measles,2013,25-29 years,0,0
Haemophilus influenzae type b,2013,25-29 years,0,0
Rabies and other lyssaviruses,2013,25-29 years,0,0
Hepatitis B,2013,25-29 years,6,2.2
Tetanus,2013,25-29 years,0,0
Diphtheria,2013,25-29 years,0,0
Hydatid disease,2013,25-29 years,0,0
Cryptosporidiosis,2013,25-29 years,75,27
Campylobacteriosis,2013,25-29 years,484,174.4
Meningoencephalitis - primary amoebic,2013,25-29 years,0,0
Hepatitis C,2013,25-29 years,4,suppressed
Rheumatic fever,2013,25-29 years,13,4.7
Shigellosis,2013,25-29 years,13,4.7
Invasive group A streptococcal infection,2013,25-29 years,0,0
Q fever,2013,25-29 years,0,0
Listeriosis,2013,25-29 years,1,suppressed
Invasive pneumococcal disease,2013,25-29 years,6,2.2
Cholera,2013,25-29 years,0,0
Poliomyelitis,2013,25-29 years,0,0
Tuberculosis disease,2013,25-29 years,41,14.8
Acute gastroenteritis,2013,25-29 years,28,10.1
Rickettsial disease,2013,25-29 years,1,suppressed
Cysticercosis,2013,25-29 years,0,0
Taeniasis,2013,25-29 years,2,suppressed
Paratyphoid fever,2013,25-29 years,6,2.2
Meningococcal disease,2013,25-29 years,1,suppressed
Yersiniosis,2013,25-29 years,28,10.1
Leptospirosis,2013,25-29 years,6,2.2
Trichinosis,2013,25-29 years,0,0
Salmonellosis,2013,25-29 years,78,28.1
Arboviral diseases,2013,30-34 years,17,6.3
Pertussis,2013,30-34 years,186,68.6
Brucellosis,2013,30-34 years,0,0
Hepatitis A,2013,30-34 years,4,suppressed
Hydatid disease,2013,30-34 years,0,0
Cholera,2013,30-34 years,0,0
Meningoencephalitis - primary amoebic,2013,30-34 years,0,0
Mumps,2013,30-34 years,2,suppressed
Legionellosis,2013,30-34 years,1,suppressed
Leprosy,2013,30-34 years,0,0
Paratyphoid fever,2013,30-34 years,2,suppressed
Measles,2013,30-34 years,0,0
Q fever,2013,30-34 years,0,0
Shigellosis,2013,30-34 years,9,3.3
Invasive group A streptococcal infection,2013,30-34 years,0,0
Rubella,2013,30-34 years,0,0
Diphtheria,2013,30-34 years,0,0
Rheumatic fever,2013,30-34 years,2,suppressed
Haemophilus influenzae type b,2013,30-34 years,0,0
Leptospirosis,2013,30-34 years,5,1.8
Cysticercosis,2013,30-34 years,0,0
Giardiasis,2013,30-34 years,145,53.5
VTEC/STEC infection,2013,30-34 years,6,2.2
Yersiniosis,2013,30-34 years,29,10.7
Tuberculosis disease,2013,30-34 years,31,11.4
Acute gastroenteritis,2013,30-34 years,34,12.5
Listeriosis,2013,30-34 years,2,suppressed
Mpox,2013,30-34 years,0,0
Poliomyelitis,2013,30-34 years,0,0
Toxic shellfish poisoning,2013,30-34 years,0,0
Hepatitis NOS,2013,30-34 years,0,0
Campylobacteriosis,2013,30-34 years,397,146.5
Invasive pneumococcal disease,2013,30-34 years,11,4.1
Taeniasis,2013,30-34 years,1,suppressed
Hepatitis C,2013,30-34 years,5,1.8
Malaria,2013,30-34 years,4,suppressed
Rabies and other lyssaviruses,2013,30-34 years,0,0
Hepatitis B,2013,30-34 years,4,suppressed
Meningococcal disease,2013,30-34 years,1,suppressed
Trichinosis,2013,30-34 years,0,0
Cryptosporidiosis,2013,30-34 years,105,38.7
Salmonellosis,2013,30-34 years,66,24.3
Rickettsial disease,2013,30-34 years,0,0
Typhoid fever,2013,30-34 years,3,suppressed
Tetanus,2013,30-34 years,0,0
Hepatitis A,2013,35-39 years,6,2.2
Haemophilus influenzae type b,2013,35-39 years,0,0
Leprosy,2013,35-39 years,0,0
Paratyphoid fever,2013,35-39 years,1,suppressed
Taeniasis,2013,35-39 years,0,0
Brucellosis,2013,35-39 years,0,0
Arboviral diseases,2013,35-39 years,9,3.3
Mumps,2013,35-39 years,1,suppressed
Acute gastroenteritis,2013,35-39 years,32,11.6
Hydatid disease,2013,35-39 years,0,0
Shigellosis,2013,35-39 years,13,4.7
Tuberculosis disease,2013,35-39 years,24,8.7
Pertussis,2013,35-39 years,228,82.5
Rheumatic fever,2013,35-39 years,2,suppressed
Campylobacteriosis,2013,35-39 years,357,129.2
Leptospirosis,2013,35-39 years,4,suppressed
Meningoencephalitis - primary amoebic,2013,35-39 years,0,0
Legionellosis,2013,35-39 years,1,suppressed
Invasive pneumococcal disease,2013,35-39 years,17,6.2
Yersiniosis,2013,35-39 years,14,5.1
Hepatitis B,2013,35-39 years,3,suppressed
Malaria,2013,35-39 years,2,suppressed
Trichinosis,2013,35-39 years,0,0
Cryptosporidiosis,2013,35-39 years,105,38
Rubella,2013,35-39 years,0,0
Diphtheria,2013,35-39 years,0,0
Hepatitis NOS,2013,35-39 years,0,0
Rickettsial disease,2013,35-39 years,0,0
Giardiasis,2013,35-39 years,230,83.2
Cysticercosis,2013,35-39 years,0,0
Hepatitis C,2013,35-39 years,5,1.8
Typhoid fever,2013,35-39 years,1,suppressed
Invasive group A streptococcal infection,2013,35-39 years,0,0
Rabies and other lyssaviruses,2013,35-39 years,0,0
VTEC/STEC infection,2013,35-39 years,4,suppressed
Tetanus,2013,35-39 years,0,0
Salmonellosis,2013,35-39 years,51,18.5
Mpox,2013,35-39 years,0,0
Cholera,2013,35-39 years,0,0
Meningococcal disease,2013,35-39 years,2,suppressed
Q fever,2013,35-39 years,0,0
Toxic shellfish poisoning,2013,35-39 years,0,0
Listeriosis,2013,35-39 years,2,suppressed
Poliomyelitis,2013,35-39 years,0,0
Measles,2013,35-39 years,0,0
Trichinosis,2013,40-44 years,0,0
Toxic shellfish poisoning,2013,40-44 years,0,0
Brucellosis,2013,40-44 years,0,0
Haemophilus influenzae type b,2013,40-44 years,0,0
Rheumatic fever,2013,40-44 years,0,0
Pertussis,2013,40-44 years,279,88.1
Hepatitis A,2013,40-44 years,3,suppressed
Meningoencephalitis - primary amoebic,2013,40-44 years,0,0
Acute gastroenteritis,2013,40-44 years,38,12
Q fever,2013,40-44 years,0,0
Diphtheria,2013,40-44 years,0,0
Leptospirosis,2013,40-44 years,5,1.6
Hepatitis C,2013,40-44 years,2,suppressed
Legionellosis,2013,40-44 years,11,3.5
Invasive pneumococcal disease,2013,40-44 years,19,6
Arboviral diseases,2013,40-44 years,11,3.5
Leprosy,2013,40-44 years,2,suppressed
Hepatitis B,2013,40-44 years,6,1.9
Malaria,2013,40-44 years,3,suppressed
Hydatid disease,2013,40-44 years,0,0
Tuberculosis disease,2013,40-44 years,16,5.1
Measles,2013,40-44 years,0,0
Campylobacteriosis,2013,40-44 years,421,133
Mpox,2013,40-44 years,0,0
Hepatitis NOS,2013,40-44 years,0,0
Rubella,2013,40-44 years,0,0
Cysticercosis,2013,40-44 years,0,0
Taeniasis,2013,40-44 years,0,0
Yersiniosis,2013,40-44 years,21,6.6
Mumps,2013,40-44 years,0,0
VTEC/STEC infection,2013,40-44 years,2,suppressed
Salmonellosis,2013,40-44 years,67,21.2
Invasive group A streptococcal infection,2013,40-44 years,0,0
Cryptosporidiosis,2013,40-44 years,54,17.1
Rickettsial disease,2013,40-44 years,1,suppressed
Meningococcal disease,2013,40-44 years,3,suppressed
Listeriosis,2013,40-44 years,1,suppressed
Tetanus,2013,40-44 years,0,0
Rabies and other lyssaviruses,2013,40-44 years,0,0
Cholera,2013,40-44 years,0,0
Giardiasis,2013,40-44 years,147,46.4
Typhoid fever,2013,40-44 years,5,1.6
Poliomyelitis,2013,40-44 years,0,0
Paratyphoid fever,2013,40-44 years,0,0
Shigellosis,2013,40-44 years,7,2.2
Brucellosis,2014,0-4 years,0,0
Acute gastroenteritis,2014,0-4 years,193,62.6
Hepatitis B,2014,0-4 years,1,suppressed
Arboviral diseases,2014,0-4 years,1,suppressed
Legionellosis,2014,0-4 years,0,0
Diphtheria,2014,0-4 years,0,0
Tuberculosis disease,2014,0-4 years,12,3.9
Meningoencephalitis - primary amoebic,2014,0-4 years,0,0
Pertussis,2014,0-4 years,217,70.4
Cholera,2014,0-4 years,0,0
Leprosy,2014,0-4 years,0,0
Meningococcal disease,2014,0-4 years,21,6.8
Listeriosis,2014,0-4 years,0,0
Rickettsial disease,2014,0-4 years,0,0
Cryptosporidiosis,2014,0-4 years,181,58.7
Poliomyelitis,2014,0-4 years,0,0
Rubella,2014,0-4 years,1,suppressed
Hepatitis C,2014,0-4 years,0,0
Hepatitis A,2014,0-4 years,5,1.6
Toxic shellfish poisoning,2014,0-4 years,0,0
Rabies and other lyssaviruses,2014,0-4 years,0,0
Malaria,2014,0-4 years,0,0
Haemophilus influenzae type b,2014,0-4 years,1,suppressed
Invasive pneumococcal disease,2014,0-4 years,55,17.8
Shigellosis,2014,0-4 years,12,3.9
Invasive group A streptococcal infection,2014,0-4 years,0,0
Hepatitis NOS,2014,0-4 years,0,0
Trichinosis,2014,0-4 years,0,0
Leptospirosis,2014,0-4 years,0,0
Campylobacteriosis,2014,0-4 years,794,257.5
Paratyphoid fever,2014,0-4 years,0,0
Rheumatic fever,2014,0-4 years,2,suppressed
Yersiniosis,2014,0-4 years,132,42.8
Mpox,2014,0-4 years,0,0
Cysticercosis,2014,0-4 years,0,0
Hydatid disease,2014,0-4 years,0,0
VTEC/STEC infection,2014,0-4 years,83,26.9
Giardiasis,2014,0-4 years,374,121.3
Measles,2014,0-4 years,45,14.6
Taeniasis,2014,0-4 years,0,0
Tetanus,2014,0-4 years,0,0
Typhoid fever,2014,0-4 years,0,0
Mumps,2014,0-4 years,1,suppressed
Q fever,2014,0-4 years,0,0
Salmonellosis,2014,0-4 years,217,70.4
Leprosy,2014,45-49 years,0,0
Campylobacteriosis,2014,45-49 years,399,127.5
Toxic shellfish poisoning,2014,45-49 years,2,suppressed
Hydatid disease,2014,45-49 years,0,0
Meningoencephalitis - primary amoebic,2014,45-49 years,0,0
Hepatitis A,2014,45-49 years,2,suppressed
Haemophilus influenzae type b,2014,45-49 years,0,0
Tuberculosis disease,2014,45-49 years,17,5.4
Arboviral diseases,2014,45-49 years,22,7
Cholera,2014,45-49 years,0,0
Pertussis,2014,45-49 years,87,27.8
Giardiasis,2014,45-49 years,84,26.8
Brucellosis,2014,45-49 years,0,0
Hepatitis C,2014,45-49 years,2,suppressed
Taeniasis,2014,45-49 years,0,0
Rheumatic fever,2014,45-49 years,0,0
Malaria,2014,45-49 years,1,suppressed
Meningococcal disease,2014,45-49 years,2,suppressed
Rubella,2014,45-49 years,0,0
Diphtheria,2014,45-49 years,1,suppressed
Hepatitis NOS,2014,45-49 years,1,suppressed
Leptospirosis,2014,45-49 years,7,2.2
VTEC/STEC infection,2014,45-49 years,5,1.6
Invasive group A streptococcal infection,2014,45-49 years,0,0
Legionellosis,2014,45-49 years,13,4.2
Rabies and other lyssaviruses,2014,45-49 years,0,0
Cysticercosis,2014,45-49 years,0,0
Hepatitis B,2014,45-49 years,5,1.6
Invasive pneumococcal disease,2014,45-49 years,20,6.4
Typhoid fever,2014,45-49 years,1,suppressed
Yersiniosis,2014,45-49 years,36,11.5
Poliomyelitis,2014,45-49 years,0,0
Cryptosporidiosis,2014,45-49 years,17,5.4
Mumps,2014,45-49 years,0,0
Rickettsial disease,2014,45-49 years,0,0
Salmonellosis,2014,45-49 years,49,15.7
Trichinosis,2014,45-49 years,0,0
Measles,2014,45-49 years,2,suppressed
Mpox,2014,45-49 years,0,0
Paratyphoid fever,2014,45-49 years,0,0
Shigellosis,2014,45-49 years,11,3.5
Acute gastroenteritis,2014,45-49 years,40,12.8
Q fever,2014,45-49 years,0,0
Listeriosis,2014,45-49 years,1,suppressed
Tetanus,2014,45-49 years,0,0
Hepatitis A,2014,50-54 years,5,1.6
Campylobacteriosis,2014,50-54 years,428,134.5
VTEC/STEC infection,2014,50-54 years,5,1.6
Arboviral diseases,2014,50-54 years,31,9.7
Cysticercosis,2014,50-54 years,0,0
Salmonellosis,2014,50-54 years,72,22.6
Meningoencephalitis - primary amoebic,2014,50-54 years,0,0
Toxic shellfish poisoning,2014,50-54 years,4,suppressed
Brucellosis,2014,50-54 years,0,0
Hepatitis B,2014,50-54 years,4,suppressed
Rheumatic fever,2014,50-54 years,0,0
Hydatid disease,2014,50-54 years,0,0
Invasive pneumococcal disease,2014,50-54 years,30,9.4
Trichinosis,2014,50-54 years,0,0
Cryptosporidiosis,2014,50-54 years,18,5.7
Hepatitis NOS,2014,50-54 years,0,0
Tuberculosis disease,2014,50-54 years,19,6
Leptospirosis,2014,50-54 years,8,2.5
Mumps,2014,50-54 years,1,suppressed
Hepatitis C,2014,50-54 years,1,suppressed
Legionellosis,2014,50-54 years,8,2.5
Rabies and other lyssaviruses,2014,50-54 years,0,0
Malaria,2014,50-54 years,5,1.6
Leprosy,2014,50-54 years,0,0
Acute gastroenteritis,2014,50-54 years,40,12.6
Q fever,2014,50-54 years,0,0
Pertussis,2014,50-54 years,71,22.3
Haemophilus influenzae type b,2014,50-54 years,0,0
Listeriosis,2014,50-54 years,0,0
Cholera,2014,50-54 years,0,0
Paratyphoid fever,2014,50-54 years,1,suppressed
Rickettsial disease,2014,50-54 years,1,suppressed
Taeniasis,2014,50-54 years,1,suppressed
Mpox,2014,50-54 years,0,0
Giardiasis,2014,50-54 years,78,24.5
Measles,2014,50-54 years,0,0
Yersiniosis,2014,50-54 years,41,12.9
Poliomyelitis,2014,50-54 years,0,0
Diphtheria,2014,50-54 years,0,0
Rubella,2014,50-54 years,0,0
Tetanus,2014,50-54 years,0,0
Invasive group A streptococcal infection,2014,50-54 years,0,0
Shigellosis,2014,50-54 years,6,1.9
Meningococcal disease,2014,50-54 years,1,suppressed
Typhoid fever,2014,50-54 years,2,suppressed
Leptospirosis,2014,55-59 years,8,2.9
Meningoencephalitis - primary amoebic,2014,55-59 years,0,0
Brucellosis,2014,55-59 years,0,0
Acute gastroenteritis,2014,55-59 years,39,13.9
Pertussis,2014,55-59 years,54,19.3
Yersiniosis,2014,55-59 years,32,11.4
Rheumatic fever,2014,55-59 years,0,0
Hepatitis C,2014,55-59 years,2,suppressed
Toxic shellfish poisoning,2014,55-59 years,0,0
Haemophilus influenzae type b,2014,55-59 years,1,suppressed
VTEC/STEC infection,2014,55-59 years,5,1.8
Hepatitis A,2014,55-59 years,2,suppressed
Cholera,2014,55-59 years,0,0
Rickettsial disease,2014,55-59 years,1,suppressed
Tuberculosis disease,2014,55-59 years,13,4.6
Campylobacteriosis,2014,55-59 years,447,159.8
Mpox,2014,55-59 years,0,0
Legionellosis,2014,55-59 years,11,3.9
Hydatid disease,2014,55-59 years,1,suppressed
Arboviral diseases,2014,55-59 years,33,11.8
Hepatitis B,2014,55-59 years,2,suppressed
Malaria,2014,55-59 years,2,suppressed
Hepatitis NOS,2014,55-59 years,0,0
Poliomyelitis,2014,55-59 years,0,0
Cryptosporidiosis,2014,55-59 years,16,5.7
Diphtheria,2014,55-59 years,0,0
Paratyphoid fever,2014,55-59 years,0,0
Tetanus,2014,55-59 years,0,0
Cysticercosis,2014,55-59 years,0,0
Measles,2014,55-59 years,0,0
Meningococcal disease,2014,55-59 years,1,suppressed
Trichinosis,2014,55-59 years,0,0
Leprosy,2014,55-59 years,0,0
Giardiasis,2014,55-59 years,69,24.7
Listeriosis,2014,55-59 years,2,suppressed
Mumps,2014,55-59 years,0,0
Typhoid fever,2014,55-59 years,1,suppressed
Invasive pneumococcal disease,2014,55-59 years,24,8.6
Invasive group A streptococcal infection,2014,55-59 years,0,0
Taeniasis,2014,55-59 years,0,0
Shigellosis,2014,55-59 years,13,4.6
Salmonellosis,2014,55-59 years,57,20.4
Rabies and other lyssaviruses,2014,55-59 years,0,0
Q fever,2014,55-59 years,0,0
Rubella,2014,55-59 years,0,0
Tuberculosis disease,2014,60-64 years,17,6.9
Legionellosis,2014,60-64 years,20,8.2
Toxic shellfish poisoning,2014,60-64 years,1,suppressed
Hepatitis C,2014,60-64 years,0,0
Hydatid disease,2014,60-64 years,1,suppressed
Brucellosis,2014,60-64 years,0,0
Haemophilus influenzae type b,2014,60-64 years,1,suppressed
Listeriosis,2014,60-64 years,2,suppressed
Hepatitis NOS,2014,60-64 years,3,suppressed
Rickettsial disease,2014,60-64 years,1,suppressed
Leptospirosis,2014,60-64 years,3,suppressed
Campylobacteriosis,2014,60-64 years,430,175.5
Paratyphoid fever,2014,60-64 years,0,0
Meningoencephalitis - primary amoebic,2014,60-64 years,0,0
Arboviral diseases,2014,60-64 years,27,11
Leprosy,2014,60-64 years,1,suppressed
Hepatitis A,2014,60-64 years,3,suppressed
Q fever,2014,60-64 years,0,0
Rheumatic fever,2014,60-64 years,0,0
Invasive pneumococcal disease,2014,60-64 years,45,18.4
Cryptosporidiosis,2014,60-64 years,11,4.5
Cholera,2014,60-64 years,0,0
VTEC/STEC infection,2014,60-64 years,9,3.7
Tetanus,2014,60-64 years,0,0
Pertussis,2014,60-64 years,60,24.5
Cysticercosis,2014,60-64 years,0,0
Measles,2014,60-64 years,0,0
Shigellosis,2014,60-64 years,8,3.3
Giardiasis,2014,60-64 years,91,37.1
Hepatitis B,2014,60-64 years,3,suppressed
Mpox,2014,60-64 years,0,0
Invasive group A streptococcal infection,2014,60-64 years,0,0
Rubella,2014,60-64 years,0,0
Acute gastroenteritis,2014,60-64 years,27,11
Diphtheria,2014,60-64 years,0,0
Poliomyelitis,2014,60-64 years,0,0
Typhoid fever,2014,60-64 years,1,suppressed
Mumps,2014,60-64 years,0,0
Taeniasis,2014,60-64 years,0,0
Salmonellosis,2014,60-64 years,44,18
Yersiniosis,2014,60-64 years,36,14.7
Meningococcal disease,2014,60-64 years,2,suppressed
Rabies and other lyssaviruses,2014,60-64 years,0,0
Malaria,2014,60-64 years,2,suppressed
Trichinosis,2014,60-64 years,0,0
Hepatitis NOS,2014,65-69 years,0,0
Tuberculosis disease,2014,65-69 years,13,6
Legionellosis,2014,65-69 years,14,6.5
Toxic shellfish poisoning,2014,65-69 years,1,suppressed
VTEC/STEC infection,2014,65-69 years,4,suppressed
Cholera,2014,65-69 years,0,0
Hepatitis A,2014,65-69 years,2,suppressed
Diphtheria,2014,65-69 years,0,0
Cysticercosis,2014,65-69 years,0,0
Meningoencephalitis - primary amoebic,2014,65-69 years,0,0
Arboviral diseases,2014,65-69 years,11,5.1
Hepatitis C,2014,65-69 years,0,0
Hepatitis B,2014,65-69 years,2,suppressed
Yersiniosis,2014,65-69 years,27,12.5
Haemophilus influenzae type b,2014,65-69 years,0,0
Leprosy,2014,65-69 years,0,0
Rheumatic fever,2014,65-69 years,0,0
Listeriosis,2014,65-69 years,5,2.3
Trichinosis,2014,65-69 years,0,0
Leptospirosis,2014,65-69 years,1,suppressed
Pertussis,2014,65-69 years,47,21.8
Campylobacteriosis,2014,65-69 years,439,203.6
Measles,2014,65-69 years,0,0
Brucellosis,2014,65-69 years,0,0
Giardiasis,2014,65-69 years,71,32.9
Meningococcal disease,2014,65-69 years,3,suppressed
Mpox,2014,65-69 years,0,0
Q fever,2014,65-69 years,0,0
Cryptosporidiosis,2014,65-69 years,6,2.8
Poliomyelitis,2014,65-69 years,0,0
Rubella,2014,65-69 years,0,0
Invasive group A streptococcal infection,2014,65-69 years,0,0
Rickettsial disease,2014,65-69 years,0,0
Mumps,2014,65-69 years,0,0
Taeniasis,2014,65-69 years,0,0
Acute gastroenteritis,2014,65-69 years,32,14.8
Salmonellosis,2014,65-69 years,46,21.3
Paratyphoid fever,2014,65-69 years,0,0
Rabies and other lyssaviruses,2014,65-69 years,0,0
Typhoid fever,2014,65-69 years,1,suppressed
Hydatid disease,2014,65-69 years,1,suppressed
Invasive pneumococcal disease,2014,65-69 years,61,28.3
Tetanus,2014,65-69 years,0,0
Shigellosis,2014,65-69 years,5,2.3
Malaria,2014,65-69 years,1,suppressed
Hepatitis A,2014,70-74 years,2,suppressed
Cryptosporidiosis,2014,70-74 years,7,4.4
Haemophilus influenzae type b,2014,70-74 years,1,suppressed
Arboviral diseases,2014,70-74 years,4,suppressed
Campylobacteriosis,2014,70-74 years,334,209.2
Tuberculosis disease,2014,70-74 years,13,8.1
Hepatitis NOS,2014,70-74 years,1,suppressed
Brucellosis,2014,70-74 years,0,0
Toxic shellfish poisoning,2014,70-74 years,0,0
Meningoencephalitis - primary amoebic,2014,70-74 years,0,0
Giardiasis,2014,70-74 years,20,12.5
Rheumatic fever,2014,70-74 years,0,0
Rubella,2014,70-74 years,0,0
Listeriosis,2014,70-74 years,3,suppressed
Cholera,2014,70-74 years,0,0
VTEC/STEC infection,2014,70-74 years,2,suppressed
Pertussis,2014,70-74 years,32,20
Cysticercosis,2014,70-74 years,0,0
Hepatitis C,2014,70-74 years,0,0
Legionellosis,2014,70-74 years,14,8.8
Hepatitis B,2014,70-74 years,1,suppressed
Yersiniosis,2014,70-74 years,20,12.5
Leprosy,2014,70-74 years,0,0
Q fever,2014,70-74 years,0,0
Hydatid disease,2014,70-74 years,0,0
Acute gastroenteritis,2014,70-74 years,16,10
Trichinosis,2014,70-74 years,0,0
Diphtheria,2014,70-74 years,0,0
Mumps,2014,70-74 years,0,0
Rickettsial disease,2014,70-74 years,0,0
Leptospirosis,2014,70-74 years,0,0
Salmonellosis,2014,70-74 years,32,20
Taeniasis,2014,70-74 years,0,0
Meningococcal disease,2014,70-74 years,2,suppressed
Mpox,2014,70-74 years,0,0
Rabies and other lyssaviruses,2014,70-74 years,0,0
Poliomyelitis,2014,70-74 years,0,0
Invasive pneumococcal disease,2014,70-74 years,44,27.6
Tetanus,2014,70-74 years,0,0
Malaria,2014,70-74 years,0,0
Typhoid fever,2014,70-74 years,0,0
Shigellosis,2014,70-74 years,4,suppressed
Measles,2014,70-74 years,0,0
Invasive group A streptococcal infection,2014,70-74 years,0,0
Paratyphoid fever,2014,70-74 years,0,0
Arboviral diseases,2014,75-79 years,1,suppressed
Tuberculosis disease,2014,75-79 years,11,9.7
Rheumatic fever,2014,75-79 years,0,0
Campylobacteriosis,2014,75-79 years,218,192.6
Leprosy,2014,75-79 years,1,suppressed
Hepatitis A,2014,75-79 years,1,suppressed
Invasive pneumococcal disease,2014,75-79 years,33,29.2
Toxic shellfish poisoning,2014,75-79 years,1,suppressed
Cryptosporidiosis,2014,75-79 years,5,4.4
Poliomyelitis,2014,75-79 years,0,0
Diphtheria,2014,75-79 years,0,0
Hepatitis NOS,2014,75-79 years,0,0
Cholera,2014,75-79 years,0,0
Pertussis,2014,75-79 years,20,17.7
Meningoencephalitis - primary amoebic,2014,75-79 years,0,0
Legionellosis,2014,75-79 years,9,8
Mpox,2014,75-79 years,0,0
Brucellosis,2014,75-79 years,0,0
Hepatitis B,2014,75-79 years,0,0
Giardiasis,2014,75-79 years,6,5.3
Haemophilus influenzae type b,2014,75-79 years,0,0
Malaria,2014,75-79 years,1,suppressed
Trichinosis,2014,75-79 years,0,0
Listeriosis,2014,75-79 years,2,suppressed
VTEC/STEC infection,2014,75-79 years,1,suppressed
Tetanus,2014,75-79 years,0,0
Leptospirosis,2014,75-79 years,1,suppressed
Cysticercosis,2014,75-79 years,0,0
Hepatitis C,2014,75-79 years,0,0
Measles,2014,75-79 years,0,0
Rabies and other lyssaviruses,2014,75-79 years,0,0
Meningococcal disease,2014,75-79 years,0,0
Yersiniosis,2014,75-79 years,10,8.8
Hydatid disease,2014,75-79 years,0,0
Typhoid fever,2014,75-79 years,0,0
Rickettsial disease,2014,75-79 years,0,0
Rubella,2014,75-79 years,0,0
Shigellosis,2014,75-79 years,1,suppressed
Invasive group A streptococcal infection,2014,75-79 years,0,0
Paratyphoid fever,2014,75-79 years,1,suppressed
Salmonellosis,2014,75-79 years,14,12.4
Taeniasis,2014,75-79 years,0,0
Acute gastroenteritis,2014,75-79 years,19,16.8
Q fever,2014,75-79 years,0,0
Mumps,2014,75-79 years,0,0
Hepatitis A,2014,80-84 years,1,suppressed
Hepatitis NOS,2014,80-84 years,0,0
Toxic shellfish poisoning,2014,80-84 years,0,0
Brucellosis,2014,80-84 years,0,0
Haemophilus influenzae type b,2014,80-84 years,0,0
Poliomyelitis,2014,80-84 years,0,0
Cryptosporidiosis,2014,80-84 years,2,suppressed
Acute gastroenteritis,2014,80-84 years,31,37.6
Leptospirosis,2014,80-84 years,1,suppressed
Campylobacteriosis,2014,80-84 years,143,173.5
Meningoencephalitis - primary amoebic,2014,80-84 years,0,0
Cysticercosis,2014,80-84 years,0,0
Paratyphoid fever,2014,80-84 years,0,0
Tuberculosis disease,2014,80-84 years,8,9.7
Leprosy,2014,80-84 years,0,0
Hydatid disease,2014,80-84 years,0,0
Q fever,2014,80-84 years,0,0
Malaria,2014,80-84 years,0,0
Trichinosis,2014,80-84 years,0,0
Rubella,2014,80-84 years,0,0
Diphtheria,2014,80-84 years,0,0
Cholera,2014,80-84 years,0,0
Rickettsial disease,2014,80-84 years,0,0
Hepatitis C,2014,80-84 years,0,0
Taeniasis,2014,80-84 years,0,0
Measles,2014,80-84 years,0,0
Legionellosis,2014,80-84 years,10,12.1
Meningococcal disease,2014,80-84 years,1,suppressed
Arboviral diseases,2014,80-84 years,1,suppressed
Pertussis,2014,80-84 years,9,10.9
Hepatitis B,2014,80-84 years,0,0
Mpox,2014,80-84 years,0,0
Typhoid fever,2014,80-84 years,0,0
Listeriosis,2014,80-84 years,5,6.1
Invasive pneumococcal disease,2014,80-84 years,34,41.2
Mumps,2014,80-84 years,0,0
VTEC/STEC infection,2014,80-84 years,3,suppressed
Yersiniosis,2014,80-84 years,9,10.9
Salmonellosis,2014,80-84 years,11,13.3
Rabies and other lyssaviruses,2014,80-84 years,0,0
Invasive group A streptococcal infection,2014,80-84 years,0,0
Rheumatic fever,2014,80-84 years,0,0
Giardiasis,2014,80-84 years,5,6.1
Tetanus,2014,80-84 years,0,0
Shigellosis,2014,80-84 years,0,0
Hepatitis C,2014,85+ years,0,0
Rubella,2014,85+ years,0,0
Acute gastroenteritis,2014,85+ years,72,92.8
Toxic shellfish poisoning,2014,85+ years,1,suppressed
Haemophilus influenzae type b,2014,85+ years,0,0
VTEC/STEC infection,2014,85+ years,3,suppressed
Campylobacteriosis,2014,85+ years,124,159.8
Measles,2014,85+ years,0,0
Brucellosis,2014,85+ years,0,0
Tuberculosis disease,2014,85+ years,3,suppressed
Arboviral diseases,2014,85+ years,0,0
Hepatitis A,2014,85+ years,1,suppressed
Malaria,2014,85+ years,0,0
Hydatid disease,2014,85+ years,0,0
Typhoid fever,2014,85+ years,0,0
Trichinosis,2014,85+ years,0,0
Diphtheria,2014,85+ years,0,0
Cholera,2014,85+ years,0,0
Rickettsial disease,2014,85+ years,0,0
Cysticercosis,2014,85+ years,0,0
Salmonellosis,2014,85+ years,11,14.2
Meningoencephalitis - primary amoebic,2014,85+ years,0,0
Legionellosis,2014,85+ years,10,12.9
Leprosy,2014,85+ years,0,0
Pertussis,2014,85+ years,13,16.8
Hepatitis B,2014,85+ years,0,0
Mpox,2014,85+ years,0,0
Q fever,2014,85+ years,0,0
Leptospirosis,2014,85+ years,0,0
Invasive pneumococcal disease,2014,85+ years,46,59.3
Cryptosporidiosis,2014,85+ years,1,suppressed
Hepatitis NOS,2014,85+ years,0,0
Paratyphoid fever,2014,85+ years,0,0
Mumps,2014,85+ years,1,suppressed
Taeniasis,2014,85+ years,0,0
Rabies and other lyssaviruses,2014,85+ years,0,0
Tetanus,2014,85+ years,0,0
Giardiasis,2014,85+ years,5,6.4
Meningococcal disease,2014,85+ years,1,suppressed
Shigellosis,2014,85+ years,1,suppressed
Rheumatic fever,2014,85+ years,0,0
Poliomyelitis,2014,85+ years,0,0
Yersiniosis,2014,85+ years,8,10.3
Listeriosis,2014,85+ years,0,0
Invasive group A streptococcal infection,2014,85+ years,0,0
Leprosy,2014,5-9 years,0,0
Tuberculosis disease,2014,5-9 years,5,1.6
Haemophilus influenzae type b,2014,5-9 years,0,0
Rubella,2014,5-9 years,0,0
Hepatitis A,2014,5-9 years,9,2.9
Rheumatic fever,2014,5-9 years,46,15
Meningococcal disease,2014,5-9 years,1,suppressed
Meningoencephalitis - primary amoebic,2014,5-9 years,0,0
Pertussis,2014,5-9 years,70,22.8
VTEC/STEC infection,2014,5-9 years,17,5.5
Trichinosis,2014,5-9 years,0,0
Cryptosporidiosis,2014,5-9 years,54,17.6
Cholera,2014,5-9 years,0,0
Arboviral diseases,2014,5-9 years,2,suppressed
Invasive pneumococcal disease,2014,5-9 years,12,3.9
Toxic shellfish poisoning,2014,5-9 years,1,suppressed
Hepatitis C,2014,5-9 years,0,0
Hydatid disease,2014,5-9 years,0,0
Mumps,2014,5-9 years,6,2
Yersiniosis,2014,5-9 years,26,8.5
Shigellosis,2014,5-9 years,10,3.3
Diphtheria,2014,5-9 years,0,0
Hepatitis NOS,2014,5-9 years,0,0
Acute gastroenteritis,2014,5-9 years,18,5.9
Leptospirosis,2014,5-9 years,0,0
Campylobacteriosis,2014,5-9 years,315,102.7
Legionellosis,2014,5-9 years,1,suppressed
Brucellosis,2014,5-9 years,0,0
Giardiasis,2014,5-9 years,141,46
Rabies and other lyssaviruses,2014,5-9 years,0,0
Listeriosis,2014,5-9 years,0,0
Hepatitis B,2014,5-9 years,1,suppressed
Rickettsial disease,2014,5-9 years,0,0
Typhoid fever,2014,5-9 years,5,1.6
Taeniasis,2014,5-9 years,0,0
Invasive group A streptococcal infection,2014,5-9 years,0,0
Q fever,2014,5-9 years,0,0
Mpox,2014,5-9 years,0,0
Malaria,2014,5-9 years,1,suppressed
Cysticercosis,2014,5-9 years,0,0
Paratyphoid fever,2014,5-9 years,0,0
Measles,2014,5-9 years,19,6.2
Poliomyelitis,2014,5-9 years,0,0
Tetanus,2014,5-9 years,0,0
Salmonellosis,2014,5-9 years,46,15
Pertussis,2014,10-14 years,55,18.5
Toxic shellfish poisoning,2014,10-14 years,0,0
Arboviral diseases,2014,10-14 years,6,2
Hepatitis A,2014,10-14 years,3,suppressed
VTEC/STEC infection,2014,10-14 years,6,2
Leprosy,2014,10-14 years,0,0
Invasive pneumococcal disease,2014,10-14 years,6,2
Listeriosis,2014,10-14 years,0,0
Cysticercosis,2014,10-14 years,0,0
Rheumatic fever,2014,10-14 years,77,26
Brucellosis,2014,10-14 years,0,0
Campylobacteriosis,2014,10-14 years,239,80.6
Meningococcal disease,2014,10-14 years,0,0
Rubella,2014,10-14 years,0,0
Haemophilus influenzae type b,2014,10-14 years,0,0
Rabies and other lyssaviruses,2014,10-14 years,0,0
Cryptosporidiosis,2014,10-14 years,32,10.8
Poliomyelitis,2014,10-14 years,0,0
Diphtheria,2014,10-14 years,0,0
Hepatitis NOS,2014,10-14 years,0,0
Rickettsial disease,2014,10-14 years,0,0
Leptospirosis,2014,10-14 years,1,suppressed
Legionellosis,2014,10-14 years,1,suppressed
Giardiasis,2014,10-14 years,43,14.5
Paratyphoid fever,2014,10-14 years,1,suppressed
Mpox,2014,10-14 years,0,0
Yersiniosis,2014,10-14 years,28,9.4
Acute gastroenteritis,2014,10-14 years,6,2
Hydatid disease,2014,10-14 years,0,0
Q fever,2014,10-14 years,0,0
Trichinosis,2014,10-14 years,0,0
Tuberculosis disease,2014,10-14 years,2,suppressed
Cholera,2014,10-14 years,0,0
Salmonellosis,2014,10-14 years,36,12.1
Invasive group A streptococcal infection,2014,10-14 years,0,0
Shigellosis,2014,10-14 years,2,suppressed
Meningoencephalitis - primary amoebic,2014,10-14 years,0,0
Taeniasis,2014,10-14 years,0,0
Tetanus,2014,10-14 years,0,0
Hepatitis B,2014,10-14 years,0,0
Typhoid fever,2014,10-14 years,1,suppressed
Malaria,2014,10-14 years,0,0
Mumps,2014,10-14 years,2,suppressed
Measles,2014,10-14 years,80,27
Hepatitis C,2014,10-14 years,0,0
Leptospirosis,2014,15-19 years,1,suppressed
Arboviral diseases,2014,15-19 years,13,4.1
Cryptosporidiosis,2014,15-19 years,40,12.8
Haemophilus influenzae type b,2014,15-19 years,0,0
Tuberculosis disease,2014,15-19 years,12,3.8
Toxic shellfish poisoning,2014,15-19 years,0,0
Hepatitis NOS,2014,15-19 years,0,0
Meningococcal disease,2014,15-19 years,2,suppressed
Hepatitis A,2014,15-19 years,7,2.2
Hydatid disease,2014,15-19 years,0,0
Giardiasis,2014,15-19 years,33,10.5
Malaria,2014,15-19 years,4,suppressed
Trichinosis,2014,15-19 years,0,0
Brucellosis,2014,15-19 years,0,0
Rheumatic fever,2014,15-19 years,29,9.3
Salmonellosis,2014,15-19 years,48,15.3
Invasive group A streptococcal infection,2014,15-19 years,0,0
VTEC/STEC infection,2014,15-19 years,10,3.2
Meningoencephalitis - primary amoebic,2014,15-19 years,0,0
Legionellosis,2014,15-19 years,1,suppressed
Mpox,2014,15-19 years,0,0
Leprosy,2014,15-19 years,0,0
Rubella,2014,15-19 years,2,suppressed
Acute gastroenteritis,2014,15-19 years,25,8
Invasive pneumococcal disease,2014,15-19 years,8,2.6
Typhoid fever,2014,15-19 years,7,2.2
Rickettsial disease,2014,15-19 years,0,0
Pertussis,2014,15-19 years,38,12.1
Cholera,2014,15-19 years,0,0
Tetanus,2014,15-19 years,0,0
Rabies and other lyssaviruses,2014,15-19 years,0,0
Hepatitis C,2014,15-19 years,4,suppressed
Taeniasis,2014,15-19 years,0,0
Paratyphoid fever,2014,15-19 years,2,suppressed
Q fever,2014,15-19 years,0,0
Yersiniosis,2014,15-19 years,26,8.3
Hepatitis B,2014,15-19 years,1,suppressed
Diphtheria,2014,15-19 years,0,0
Shigellosis,2014,15-19 years,5,1.6
Measles,2014,15-19 years,93,29.7
Listeriosis,2014,15-19 years,0,0
Poliomyelitis,2014,15-19 years,0,0
Mumps,2014,15-19 years,1,suppressed
Campylobacteriosis,2014,15-19 years,358,114.3
Cysticercosis,2014,15-19 years,0,0
Malaria,2014,20-24 years,7,2.2
Haemophilus influenzae type b,2014,20-24 years,0,0
Tuberculosis disease,2014,20-24 years,35,10.8
Leprosy,2014,20-24 years,1,suppressed
Rheumatic fever,2014,20-24 years,24,7.4
Brucellosis,2014,20-24 years,0,0
Hydatid disease,2014,20-24 years,1,suppressed
Typhoid fever,2014,20-24 years,5,1.5
Campylobacteriosis,2014,20-24 years,562,172.9
Hepatitis A,2014,20-24 years,5,1.5
Hepatitis NOS,2014,20-24 years,0,0
Diphtheria,2014,20-24 years,1,suppressed
Rubella,2014,20-24 years,1,suppressed
Cysticercosis,2014,20-24 years,0,0
Meningoencephalitis - primary amoebic,2014,20-24 years,0,0
Legionellosis,2014,20-24 years,0,0
Toxic shellfish poisoning,2014,20-24 years,0,0
Hepatitis C,2014,20-24 years,4,suppressed
Hepatitis B,2014,20-24 years,4,suppressed
Arboviral diseases,2014,20-24 years,27,8.3
Invasive pneumococcal disease,2014,20-24 years,10,3.1
Q fever,2014,20-24 years,0,0
Cryptosporidiosis,2014,20-24 years,55,16.9
Pertussis,2014,20-24 years,58,17.8
Tetanus,2014,20-24 years,0,0
Cholera,2014,20-24 years,0,0
Leptospirosis,2014,20-24 years,5,1.5
Salmonellosis,2014,20-24 years,84,25.8
Paratyphoid fever,2014,20-24 years,4,suppressed
Mpox,2014,20-24 years,0,0
Shigellosis,2014,20-24 years,13,4
Giardiasis,2014,20-24 years,63,19.4
Acute gastroenteritis,2014,20-24 years,34,10.5
Rabies and other lyssaviruses,2014,20-24 years,0,0
Measles,2014,20-24 years,17,5.2
Trichinosis,2014,20-24 years,0,0
VTEC/STEC infection,2014,20-24 years,10,3.1
Listeriosis,2014,20-24 years,0,0
Mumps,2014,20-24 years,0,0
Rickettsial disease,2014,20-24 years,0,0
Invasive group A streptococcal infection,2014,20-24 years,0,0
Yersiniosis,2014,20-24 years,61,18.8
Meningococcal disease,2014,20-24 years,3,suppressed
Taeniasis,2014,20-24 years,2,suppressed
Poliomyelitis,2014,20-24 years,0,0
Tuberculosis disease,2014,25-29 years,37,12.7
Toxic shellfish poisoning,2014,25-29 years,1,suppressed
Brucellosis,2014,25-29 years,0,0
Legionellosis,2014,25-29 years,3,suppressed
Campylobacteriosis,2014,25-29 years,477,163.5
Arboviral diseases,2014,25-29 years,23,7.9
Acute gastroenteritis,2014,25-29 years,34,11.7
Malaria,2014,25-29 years,5,1.7
Hepatitis NOS,2014,25-29 years,3,suppressed
Rheumatic fever,2014,25-29 years,13,4.5
Pertussis,2014,25-29 years,56,19.2
Mpox,2014,25-29 years,0,0
Hepatitis C,2014,25-29 years,5,1.7
Leptospirosis,2014,25-29 years,4,suppressed
Hepatitis A,2014,25-29 years,11,3.8
Leprosy,2014,25-29 years,0,0
Invasive pneumococcal disease,2014,25-29 years,9,3.1
Hydatid disease,2014,25-29 years,0,0
Haemophilus influenzae type b,2014,25-29 years,0,0
VTEC/STEC infection,2014,25-29 years,7,2.4
Diphtheria,2014,25-29 years,0,0
Cholera,2014,25-29 years,0,0
Tetanus,2014,25-29 years,0,0
Meningoencephalitis - primary amoebic,2014,25-29 years,0,0
Paratyphoid fever,2014,25-29 years,5,1.7
Cysticercosis,2014,25-29 years,1,suppressed
Q fever,2014,25-29 years,0,0
Yersiniosis,2014,25-29 years,56,19.2
Rubella,2014,25-29 years,0,0
Hepatitis B,2014,25-29 years,4,suppressed
Listeriosis,2014,25-29 years,1,suppressed
Typhoid fever,2014,25-29 years,9,3.1
Cryptosporidiosis,2014,25-29 years,54,18.5
Poliomyelitis,2014,25-29 years,0,0
Measles,2014,25-29 years,9,3.1
Shigellosis,2014,25-29 years,8,2.7
Rickettsial disease,2014,25-29 years,0,0
Taeniasis,2014,25-29 years,1,suppressed
Giardiasis,2014,25-29 years,100,34.3
Salmonellosis,2014,25-29 years,64,21.9
Meningococcal disease,2014,25-29 years,1,suppressed
Rabies and other lyssaviruses,2014,25-29 years,0,0
Mumps,2014,25-29 years,2,suppressed
Trichinosis,2014,25-29 years,0,0
Invasive group A streptococcal infection,2014,25-29 years,0,0
Hepatitis NOS,2014,30-34 years,0,0
Acute gastroenteritis,2014,30-34 years,37,13.2
Brucellosis,2014,30-34 years,0,0
Pertussis,2014,30-34 years,49,17.5
Tuberculosis disease,2014,30-34 years,30,10.7
Toxic shellfish poisoning,2014,30-34 years,2,suppressed
Hepatitis A,2014,30-34 years,6,2.1
Cysticercosis,2014,30-34 years,0,0
Legionellosis,2014,30-34 years,3,suppressed
Rheumatic fever,2014,30-34 years,5,1.8
Arboviral diseases,2014,30-34 years,23,8.2
Hepatitis B,2014,30-34 years,3,suppressed
Invasive pneumococcal disease,2014,30-34 years,15,5.4
Hydatid disease,2014,30-34 years,0,0
Haemophilus influenzae type b,2014,30-34 years,1,suppressed
Cryptosporidiosis,2014,30-34 years,32,11.5
Listeriosis,2014,30-34 years,1,suppressed
Diphtheria,2014,30-34 years,0,0
Leptospirosis,2014,30-34 years,4,suppressed
Campylobacteriosis,2014,30-34 years,354,126.7
Measles,2014,30-34 years,7,2.5
Meningoencephalitis - primary amoebic,2014,30-34 years,0,0
Mpox,2014,30-34 years,0,0
Leprosy,2014,30-34 years,0,0
Giardiasis,2014,30-34 years,162,58
Meningococcal disease,2014,30-34 years,2,suppressed
Q fever,2014,30-34 years,0,0
Malaria,2014,30-34 years,2,suppressed
Trichinosis,2014,30-34 years,0,0
VTEC/STEC infection,2014,30-34 years,7,2.5
Shigellosis,2014,30-34 years,14,5
Cholera,2014,30-34 years,0,0
Paratyphoid fever,2014,30-34 years,1,suppressed
Salmonellosis,2014,30-34 years,46,16.5
Hepatitis C,2014,30-34 years,6,2.1
Invasive group A streptococcal infection,2014,30-34 years,0,0
Rubella,2014,30-34 years,0,0
Yersiniosis,2014,30-34 years,50,17.9
Mumps,2014,30-34 years,2,suppressed
Poliomyelitis,2014,30-34 years,0,0
Typhoid fever,2014,30-34 years,4,suppressed
Rabies and other lyssaviruses,2014,30-34 years,0,0
Taeniasis,2014,30-34 years,1,suppressed
Rickettsial disease,2014,30-34 years,1,suppressed
Tetanus,2014,30-34 years,0,0
Legionellosis,2014,35-39 years,0,0
Diphtheria,2014,35-39 years,0,0
Hepatitis A,2014,35-39 years,4,suppressed
Meningoencephalitis - primary amoebic,2014,35-39 years,0,0
Cysticercosis,2014,35-39 years,0,0
Arboviral diseases,2014,35-39 years,27,9.8
Toxic shellfish poisoning,2014,35-39 years,3,suppressed
Leprosy,2014,35-39 years,1,suppressed
Meningococcal disease,2014,35-39 years,1,suppressed
Hydatid disease,2014,35-39 years,0,0
Trichinosis,2014,35-39 years,0,0
Pertussis,2014,35-39 years,83,30.2
VTEC/STEC infection,2014,35-39 years,4,suppressed
Haemophilus influenzae type b,2014,35-39 years,0,0
Leptospirosis,2014,35-39 years,6,2.2
Hepatitis NOS,2014,35-39 years,0,0
Hepatitis C,2014,35-39 years,3,suppressed
Paratyphoid fever,2014,35-39 years,3,suppressed
Brucellosis,2014,35-39 years,0,0
Yersiniosis,2014,35-39 years,38,13.8
Hepatitis B,2014,35-39 years,1,suppressed
Poliomyelitis,2014,35-39 years,0,0
Rheumatic fever,2014,35-39 years,1,suppressed
Acute gastroenteritis,2014,35-39 years,38,13.8
Cryptosporidiosis,2014,35-39 years,23,8.4
Campylobacteriosis,2014,35-39 years,311,113.1
Tuberculosis disease,2014,35-39 years,31,11.3
Cholera,2014,35-39 years,0,0
Rickettsial disease,2014,35-39 years,2,suppressed
Giardiasis,2014,35-39 years,206,74.9
Invasive group A streptococcal infection,2014,35-39 years,0,0
Measles,2014,35-39 years,3,suppressed
Mpox,2014,35-39 years,0,0
Typhoid fever,2014,35-39 years,4,suppressed
Invasive pneumococcal disease,2014,35-39 years,13,4.7
Q fever,2014,35-39 years,0,0
Rubella,2014,35-39 years,0,0
Mumps,2014,35-39 years,1,suppressed
Shigellosis,2014,35-39 years,5,1.8
Listeriosis,2014,35-39 years,3,suppressed
Taeniasis,2014,35-39 years,0,0
Rabies and other lyssaviruses,2014,35-39 years,0,0
Salmonellosis,2014,35-39 years,40,14.5
Malaria,2014,35-39 years,1,suppressed
Tetanus,2014,35-39 years,0,0
Cryptosporidiosis,2014,40-44 years,29,9.2
Tuberculosis disease,2014,40-44 years,23,7.3
Arboviral diseases,2014,40-44 years,28,8.9
Giardiasis,2014,40-44 years,157,49.7
Leprosy,2014,40-44 years,0,0
Hepatitis A,2014,40-44 years,5,1.6
Hydatid disease,2014,40-44 years,0,0
Haemophilus influenzae type b,2014,40-44 years,0,0
Trichinosis,2014,40-44 years,0,0
Toxic shellfish poisoning,2014,40-44 years,1,suppressed
Pertussis,2014,40-44 years,80,25.3
Campylobacteriosis,2014,40-44 years,408,129.3
Salmonellosis,2014,40-44 years,37,11.7
Legionellosis,2014,40-44 years,5,1.6
Meningoencephalitis - primary amoebic,2014,40-44 years,0,0
Paratyphoid fever,2014,40-44 years,1,suppressed
Brucellosis,2014,40-44 years,0,0
Yersiniosis,2014,40-44 years,44,13.9
Rheumatic fever,2014,40-44 years,1,suppressed
Typhoid fever,2014,40-44 years,2,suppressed
Invasive pneumococcal disease,2014,40-44 years,23,7.3
Malaria,2014,40-44 years,1,suppressed
Cholera,2014,40-44 years,0,0
Rickettsial disease,2014,40-44 years,0,0
Hepatitis NOS,2014,40-44 years,0,0
Mumps,2014,40-44 years,1,suppressed
Cysticercosis,2014,40-44 years,0,0
Hepatitis C,2014,40-44 years,2,suppressed
Taeniasis,2014,40-44 years,0,0
Meningococcal disease,2014,40-44 years,1,suppressed
Rabies and other lyssaviruses,2014,40-44 years,0,0
Hepatitis B,2014,40-44 years,3,suppressed
Rubella,2014,40-44 years,0,0
Acute gastroenteritis,2014,40-44 years,41,13
Q fever,2014,40-44 years,0,0
Listeriosis,2014,40-44 years,0,0
Diphtheria,2014,40-44 years,0,0
Shigellosis,2014,40-44 years,10,3.2
Mpox,2014,40-44 years,0,0
Leptospirosis,2014,40-44 years,6,1.9
Measles,2014,40-44 years,5,1.6
VTEC/STEC infection,2014,40-44 years,6,1.9
Tetanus,2014,40-44 years,0,0
Poliomyelitis,2014,40-44 years,0,0
Invasive group A streptococcal infection,2014,40-44 years,0,0
Haemophilus influenzae type b,2015,0-4 years,3,suppressed
Toxic shellfish poisoning,2015,0-4 years,0,0
Acute gastroenteritis,2015,0-4 years,84,27.5
Campylobacteriosis,2015,0-4 years,765,250.6
Hydatid disease,2015,0-4 years,0,0
Leptospirosis,2015,0-4 years,0,0
Rickettsial disease,2015,0-4 years,0,0
Meningococcal disease,2015,0-4 years,30,9.8
Brucellosis,2015,0-4 years,0,0
Malaria,2015,0-4 years,1,suppressed
Typhoid fever,2015,0-4 years,8,2.6
Trichinosis,2015,0-4 years,0,0
Arboviral diseases,2015,0-4 years,1,suppressed
Diphtheria,2015,0-4 years,0,0
Rheumatic fever,2015,0-4 years,2,suppressed
Mumps,2015,0-4 years,2,suppressed
Taeniasis,2015,0-4 years,0,0
Meningoencephalitis - primary amoebic,2015,0-4 years,0,0
Tuberculosis disease,2015,0-4 years,3,suppressed
Hepatitis A,2015,0-4 years,3,suppressed
Yersiniosis,2015,0-4 years,143,46.8
Mpox,2015,0-4 years,0,0
Q fever,2015,0-4 years,0,0
Cholera,2015,0-4 years,0,0
Tetanus,2015,0-4 years,0,0
Invasive pneumococcal disease,2015,0-4 years,24,7.9
Cryptosporidiosis,2015,0-4 years,210,68.8
Legionellosis,2015,0-4 years,0,0
Leprosy,2015,0-4 years,0,0
Salmonellosis,2015,0-4 years,252,82.6
Hepatitis C,2015,0-4 years,0,0
Pertussis,2015,0-4 years,226,74
Hepatitis NOS,2015,0-4 years,0,0
Rabies and other lyssaviruses,2015,0-4 years,0,0
Hepatitis B,2015,0-4 years,1,suppressed
Shigellosis,2015,0-4 years,12,3.9
Cysticercosis,2015,0-4 years,0,0
Listeriosis,2015,0-4 years,2,suppressed
Rubella,2015,0-4 years,0,0
VTEC/STEC infection,2015,0-4 years,119,39
Giardiasis,2015,0-4 years,309,101.2
Measles,2015,0-4 years,2,suppressed
Invasive group A streptococcal infection,2015,0-4 years,0,0
Poliomyelitis,2015,0-4 years,0,0
Paratyphoid fever,2015,0-4 years,0,0
Brucellosis,2015,45-49 years,0,0
Cryptosporidiosis,2015,45-49 years,22,6.9
Tuberculosis disease,2015,45-49 years,18,5.7
Invasive pneumococcal disease,2015,45-49 years,29,9.2
Hepatitis B,2015,45-49 years,5,1.6
Hepatitis A,2015,45-49 years,7,2.2
Listeriosis,2015,45-49 years,1,suppressed
Legionellosis,2015,45-49 years,16,5.1
Cholera,2015,45-49 years,0,0
Poliomyelitis,2015,45-49 years,0,0
Campylobacteriosis,2015,45-49 years,373,117.8
Hydatid disease,2015,45-49 years,0,0
Rheumatic fever,2015,45-49 years,0,0
Leptospirosis,2015,45-49 years,8,2.5
Meningococcal disease,2015,45-49 years,1,suppressed
Leprosy,2015,45-49 years,0,0
Q fever,2015,45-49 years,0,0
Giardiasis,2015,45-49 years,80,25.3
Haemophilus influenzae type b,2015,45-49 years,0,0
Arboviral diseases,2015,45-49 years,13,4.1
Diphtheria,2015,45-49 years,0,0
Hepatitis NOS,2015,45-49 years,1,suppressed
Toxic shellfish poisoning,2015,45-49 years,0,0
Cysticercosis,2015,45-49 years,1,suppressed
VTEC/STEC infection,2015,45-49 years,9,2.8
Paratyphoid fever,2015,45-49 years,2,suppressed
Yersiniosis,2015,45-49 years,29,9.2
Rabies and other lyssaviruses,2015,45-49 years,0,0
Pertussis,2015,45-49 years,74,23.4
Tetanus,2015,45-49 years,0,0
Mpox,2015,45-49 years,0,0
Rubella,2015,45-49 years,0,0
Shigellosis,2015,45-49 years,12,3.8
Meningoencephalitis - primary amoebic,2015,45-49 years,0,0
Mumps,2015,45-49 years,1,suppressed
Salmonellosis,2015,45-49 years,55,17.4
Acute gastroenteritis,2015,45-49 years,27,8.5
Invasive group A streptococcal infection,2015,45-49 years,0,0
Hepatitis C,2015,45-49 years,2,suppressed
Measles,2015,45-49 years,0,0
Rickettsial disease,2015,45-49 years,0,0
Typhoid fever,2015,45-49 years,2,suppressed
Taeniasis,2015,45-49 years,1,suppressed
Trichinosis,2015,45-49 years,0,0
Malaria,2015,45-49 years,2,suppressed
Campylobacteriosis,2015,50-54 years,406,126.5
Invasive pneumococcal disease,2015,50-54 years,28,8.7
Tuberculosis disease,2015,50-54 years,17,5.3
Yersiniosis,2015,50-54 years,50,15.6
Leprosy,2015,50-54 years,0,0
Pertussis,2015,50-54 years,81,25.2
Listeriosis,2015,50-54 years,1,suppressed
Hepatitis C,2015,50-54 years,2,suppressed
Cholera,2015,50-54 years,0,0
Poliomyelitis,2015,50-54 years,0,0
Brucellosis,2015,50-54 years,0,0
Invasive group A streptococcal infection,2015,50-54 years,0,0
Legionellosis,2015,50-54 years,22,6.9
Rabies and other lyssaviruses,2015,50-54 years,0,0
Haemophilus influenzae type b,2015,50-54 years,0,0
Arboviral diseases,2015,50-54 years,18,5.6
Tetanus,2015,50-54 years,0,0
Mpox,2015,50-54 years,0,0
Leptospirosis,2015,50-54 years,5,1.6
VTEC/STEC infection,2015,50-54 years,13,4
Measles,2015,50-54 years,0,0
Hepatitis NOS,2015,50-54 years,0,0
Meningoencephalitis - primary amoebic,2015,50-54 years,0,0
Hepatitis B,2015,50-54 years,4,suppressed
Hydatid disease,2015,50-54 years,0,0
Rheumatic fever,2015,50-54 years,0,0
Trichinosis,2015,50-54 years,0,0
Rubella,2015,50-54 years,0,0
Rickettsial disease,2015,50-54 years,0,0
Salmonellosis,2015,50-54 years,65,20.2
Mumps,2015,50-54 years,0,0
Toxic shellfish poisoning,2015,50-54 years,1,suppressed
Giardiasis,2015,50-54 years,69,21.5
Paratyphoid fever,2015,50-54 years,3,suppressed
Cysticercosis,2015,50-54 years,0,0
Malaria,2015,50-54 years,1,suppressed
Acute gastroenteritis,2015,50-54 years,26,8.1
Typhoid fever,2015,50-54 years,4,suppressed
Hepatitis A,2015,50-54 years,1,suppressed
Cryptosporidiosis,2015,50-54 years,13,4
Diphtheria,2015,50-54 years,0,0
Q fever,2015,50-54 years,0,0
Taeniasis,2015,50-54 years,0,0
Shigellosis,2015,50-54 years,7,2.2
Meningococcal disease,2015,50-54 years,0,0
Arboviral diseases,2015,55-59 years,24,8.3
Hepatitis B,2015,55-59 years,4,suppressed
Hydatid disease,2015,55-59 years,0,0
Brucellosis,2015,55-59 years,0,0
Rubella,2015,55-59 years,0,0
Leptospirosis,2015,55-59 years,8,2.8
Legionellosis,2015,55-59 years,25,8.7
Rheumatic fever,2015,55-59 years,0,0
Cholera,2015,55-59 years,0,0
Paratyphoid fever,2015,55-59 years,2,suppressed
Trichinosis,2015,55-59 years,0,0
Hepatitis A,2015,55-59 years,0,0
Cryptosporidiosis,2015,55-59 years,11,3.8
Acute gastroenteritis,2015,55-59 years,36,12.5
Rickettsial disease,2015,55-59 years,1,suppressed
Campylobacteriosis,2015,55-59 years,398,138.1
Cysticercosis,2015,55-59 years,0,0
Diphtheria,2015,55-59 years,0,0
Meningoencephalitis - primary amoebic,2015,55-59 years,0,0
Yersiniosis,2015,55-59 years,51,17.7
VTEC/STEC infection,2015,55-59 years,10,3.5
Invasive pneumococcal disease,2015,55-59 years,35,12.1
Typhoid fever,2015,55-59 years,1,suppressed
Malaria,2015,55-59 years,3,suppressed
Haemophilus influenzae type b,2015,55-59 years,0,0
Shigellosis,2015,55-59 years,7,2.4
Tetanus,2015,55-59 years,0,0
Hepatitis NOS,2015,55-59 years,2,suppressed
Mumps,2015,55-59 years,1,suppressed
Taeniasis,2015,55-59 years,0,0
Hepatitis C,2015,55-59 years,1,suppressed
Measles,2015,55-59 years,0,0
Mpox,2015,55-59 years,0,0
Meningococcal disease,2015,55-59 years,1,suppressed
Leprosy,2015,55-59 years,0,0
Q fever,2015,55-59 years,0,0
Pertussis,2015,55-59 years,60,20.8
Invasive group A streptococcal infection,2015,55-59 years,0,0
Poliomyelitis,2015,55-59 years,0,0
Listeriosis,2015,55-59 years,0,0
Tuberculosis disease,2015,55-59 years,15,5.2
Giardiasis,2015,55-59 years,84,29.2
Toxic shellfish poisoning,2015,55-59 years,0,0
Salmonellosis,2015,55-59 years,67,23.3
Rabies and other lyssaviruses,2015,55-59 years,0,0
Legionellosis,2015,60-64 years,27,10.8
Cholera,2015,60-64 years,0,0
Leptospirosis,2015,60-64 years,7,2.8
Acute gastroenteritis,2015,60-64 years,27,10.8
Invasive pneumococcal disease,2015,60-64 years,39,15.6
Malaria,2015,60-64 years,2,suppressed
VTEC/STEC infection,2015,60-64 years,14,5.6
Campylobacteriosis,2015,60-64 years,379,151.7
Hepatitis A,2015,60-64 years,2,suppressed
Mpox,2015,60-64 years,0,0
Brucellosis,2015,60-64 years,0,0
Toxic shellfish poisoning,2015,60-64 years,0,0
Tuberculosis disease,2015,60-64 years,9,3.6
Measles,2015,60-64 years,0,0
Meningoencephalitis - primary amoebic,2015,60-64 years,0,0
Rabies and other lyssaviruses,2015,60-64 years,0,0
Hepatitis C,2015,60-64 years,1,suppressed
Pertussis,2015,60-64 years,37,14.8
Typhoid fever,2015,60-64 years,0,0
Trichinosis,2015,60-64 years,0,0
Rubella,2015,60-64 years,0,0
Shigellosis,2015,60-64 years,9,3.6
Diphtheria,2015,60-64 years,0,0
Rickettsial disease,2015,60-64 years,1,suppressed
Salmonellosis,2015,60-64 years,57,22.8
Cysticercosis,2015,60-64 years,0,0
Taeniasis,2015,60-64 years,1,suppressed
Rheumatic fever,2015,60-64 years,0,0
Paratyphoid fever,2015,60-64 years,3,suppressed
Leprosy,2015,60-64 years,0,0
Giardiasis,2015,60-64 years,82,32.8
Yersiniosis,2015,60-64 years,26,10.4
Invasive group A streptococcal infection,2015,60-64 years,0,0
Hydatid disease,2015,60-64 years,0,0
Poliomyelitis,2015,60-64 years,0,0
Cryptosporidiosis,2015,60-64 years,10,4
Tetanus,2015,60-64 years,0,0
Hepatitis NOS,2015,60-64 years,0,0
Arboviral diseases,2015,60-64 years,13,5.2
Hepatitis B,2015,60-64 years,4,suppressed
Meningococcal disease,2015,60-64 years,1,suppressed
Q fever,2015,60-64 years,0,0
Mumps,2015,60-64 years,0,0
Haemophilus influenzae type b,2015,60-64 years,0,0
Listeriosis,2015,60-64 years,2,suppressed
Cholera,2015,65-69 years,0,0
Meningoencephalitis - primary amoebic,2015,65-69 years,0,0
Cysticercosis,2015,65-69 years,0,0
VTEC/STEC infection,2015,65-69 years,13,5.8
Rheumatic fever,2015,65-69 years,0,0
Malaria,2015,65-69 years,0,0
Mumps,2015,65-69 years,0,0
Haemophilus influenzae type b,2015,65-69 years,0,0
Taeniasis,2015,65-69 years,0,0
Campylobacteriosis,2015,65-69 years,357,159
Paratyphoid fever,2015,65-69 years,1,suppressed
Leptospirosis,2015,65-69 years,6,2.7
Hepatitis B,2015,65-69 years,1,suppressed
Hepatitis A,2015,65-69 years,1,suppressed
Q fever,2015,65-69 years,0,0
Trichinosis,2015,65-69 years,0,0
Rubella,2015,65-69 years,0,0
Cryptosporidiosis,2015,65-69 years,6,2.7
Mpox,2015,65-69 years,0,0
Shigellosis,2015,65-69 years,3,suppressed
Toxic shellfish poisoning,2015,65-69 years,0,0
Rickettsial disease,2015,65-69 years,1,suppressed
Hepatitis C,2015,65-69 years,1,suppressed
Invasive pneumococcal disease,2015,65-69 years,50,22.3
Legionellosis,2015,65-69 years,27,12
Meningococcal disease,2015,65-69 years,1,suppressed
Pertussis,2015,65-69 years,36,16
Leprosy,2015,65-69 years,1,suppressed
Invasive group A streptococcal infection,2015,65-69 years,0,0
Acute gastroenteritis,2015,65-69 years,24,10.7
Tuberculosis disease,2015,65-69 years,19,8.5
Listeriosis,2015,65-69 years,1,suppressed
Poliomyelitis,2015,65-69 years,0,0
Hepatitis NOS,2015,65-69 years,0,0
Arboviral diseases,2015,65-69 years,14,6.2
Salmonellosis,2015,65-69 years,41,18.3
Hydatid disease,2015,65-69 years,3,suppressed
Measles,2015,65-69 years,0,0
Typhoid fever,2015,65-69 years,0,0
Yersiniosis,2015,65-69 years,29,12.9
Rabies and other lyssaviruses,2015,65-69 years,0,0
Giardiasis,2015,65-69 years,64,28.5
Tetanus,2015,65-69 years,0,0
Brucellosis,2015,65-69 years,0,0
Diphtheria,2015,65-69 years,0,0
Hepatitis C,2015,70-74 years,0,0
Mpox,2015,70-74 years,0,0
Legionellosis,2015,70-74 years,30,18.3
Pertussis,2015,70-74 years,17,10.4
Salmonellosis,2015,70-74 years,27,16.5
Invasive pneumococcal disease,2015,70-74 years,51,31.1
Campylobacteriosis,2015,70-74 years,278,169.4
Leptospirosis,2015,70-74 years,2,suppressed
Yersiniosis,2015,70-74 years,24,14.6
Leprosy,2015,70-74 years,1,suppressed
VTEC/STEC infection,2015,70-74 years,15,9.1
Typhoid fever,2015,70-74 years,0,0
Brucellosis,2015,70-74 years,0,0
Cryptosporidiosis,2015,70-74 years,7,4.3
Listeriosis,2015,70-74 years,2,suppressed
Toxic shellfish poisoning,2015,70-74 years,0,0
Arboviral diseases,2015,70-74 years,3,suppressed
Rickettsial disease,2015,70-74 years,1,suppressed
Cysticercosis,2015,70-74 years,0,0
Measles,2015,70-74 years,0,0
Meningoencephalitis - primary amoebic,2015,70-74 years,0,0
Rabies and other lyssaviruses,2015,70-74 years,0,0
Hepatitis B,2015,70-74 years,3,suppressed
Giardiasis,2015,70-74 years,26,15.8
Q fever,2015,70-74 years,0,0
Trichinosis,2015,70-74 years,0,0
Haemophilus influenzae type b,2015,70-74 years,0,0
Poliomyelitis,2015,70-74 years,0,0
Tetanus,2015,70-74 years,0,0
Diphtheria,2015,70-74 years,0,0
Hepatitis NOS,2015,70-74 years,0,0
Cholera,2015,70-74 years,0,0
Taeniasis,2015,70-74 years,0,0
Hepatitis A,2015,70-74 years,1,suppressed
Rheumatic fever,2015,70-74 years,0,0
Hydatid disease,2015,70-74 years,0,0
Meningococcal disease,2015,70-74 years,2,suppressed
Shigellosis,2015,70-74 years,5,3
Malaria,2015,70-74 years,1,suppressed
Mumps,2015,70-74 years,0,0
Rubella,2015,70-74 years,0,0
Acute gastroenteritis,2015,70-74 years,19,11.6
Paratyphoid fever,2015,70-74 years,1,suppressed
Invasive group A streptococcal infection,2015,70-74 years,0,0
Tuberculosis disease,2015,70-74 years,9,5.5
Mpox,2015,75-79 years,0,0
Campylobacteriosis,2015,75-79 years,246,206.2
Taeniasis,2015,75-79 years,0,0
Invasive pneumococcal disease,2015,75-79 years,37,31
Cholera,2015,75-79 years,0,0
Hepatitis B,2015,75-79 years,0,0
Pertussis,2015,75-79 years,8,6.7
Hepatitis NOS,2015,75-79 years,0,0
Yersiniosis,2015,75-79 years,19,15.9
Cryptosporidiosis,2015,75-79 years,3,suppressed
Shigellosis,2015,75-79 years,1,suppressed
Rheumatic fever,2015,75-79 years,0,0
Mumps,2015,75-79 years,0,0
Toxic shellfish poisoning,2015,75-79 years,0,0
Leptospirosis,2015,75-79 years,0,0
Meningoencephalitis - primary amoebic,2015,75-79 years,0,0
Paratyphoid fever,2015,75-79 years,0,0
Legionellosis,2015,75-79 years,37,31
Meningococcal disease,2015,75-79 years,1,suppressed
Giardiasis,2015,75-79 years,6,5
Typhoid fever,2015,75-79 years,0,0
Brucellosis,2015,75-79 years,0,0
Acute gastroenteritis,2015,75-79 years,13,10.9
Poliomyelitis,2015,75-79 years,0,0
Arboviral diseases,2015,75-79 years,1,suppressed
Diphtheria,2015,75-79 years,0,0
Tuberculosis disease,2015,75-79 years,15,12.6
Salmonellosis,2015,75-79 years,15,12.6
Rickettsial disease,2015,75-79 years,0,0
Hepatitis C,2015,75-79 years,0,0
Cysticercosis,2015,75-79 years,0,0
Rabies and other lyssaviruses,2015,75-79 years,0,0
Leprosy,2015,75-79 years,0,0
Hepatitis A,2015,75-79 years,0,0
Q fever,2015,75-79 years,0,0
Hydatid disease,2015,75-79 years,0,0
Haemophilus influenzae type b,2015,75-79 years,0,0
Listeriosis,2015,75-79 years,2,suppressed
Tetanus,2015,75-79 years,0,0
Trichinosis,2015,75-79 years,0,0
Rubella,2015,75-79 years,0,0
Measles,2015,75-79 years,0,0
Malaria,2015,75-79 years,0,0
Invasive group A streptococcal infection,2015,75-79 years,0,0
VTEC/STEC infection,2015,75-79 years,9,7.5
Cryptosporidiosis,2015,80-84 years,0,0
Campylobacteriosis,2015,80-84 years,133,161
Arboviral diseases,2015,80-84 years,0,0
Hepatitis A,2015,80-84 years,0,0
Legionellosis,2015,80-84 years,27,32.7
Cholera,2015,80-84 years,0,0
Listeriosis,2015,80-84 years,3,suppressed
Diphtheria,2015,80-84 years,0,0
Rabies and other lyssaviruses,2015,80-84 years,0,0
Hepatitis B,2015,80-84 years,0,0
Leptospirosis,2015,80-84 years,0,0
Hepatitis C,2015,80-84 years,0,0
Hepatitis NOS,2015,80-84 years,0,0
Salmonellosis,2015,80-84 years,10,12.1
Meningococcal disease,2015,80-84 years,3,suppressed
Pertussis,2015,80-84 years,19,23
Rheumatic fever,2015,80-84 years,0,0
Meningoencephalitis - primary amoebic,2015,80-84 years,0,0
Rubella,2015,80-84 years,0,0
Invasive group A streptococcal infection,2015,80-84 years,0,0
Tetanus,2015,80-84 years,0,0
Tuberculosis disease,2015,80-84 years,10,12.1
Brucellosis,2015,80-84 years,0,0
Rickettsial disease,2015,80-84 years,0,0
Measles,2015,80-84 years,0,0
Cysticercosis,2015,80-84 years,0,0
Malaria,2015,80-84 years,0,0
Invasive pneumococcal disease,2015,80-84 years,35,42.4
Yersiniosis,2015,80-84 years,13,15.7
Leprosy,2015,80-84 years,0,0
Shigellosis,2015,80-84 years,2,suppressed
VTEC/STEC infection,2015,80-84 years,7,8.5
Haemophilus influenzae type b,2015,80-84 years,0,0
Poliomyelitis,2015,80-84 years,0,0
Taeniasis,2015,80-84 years,0,0
Giardiasis,2015,80-84 years,7,8.5
Mumps,2015,80-84 years,0,0
Trichinosis,2015,80-84 years,0,0
Hydatid disease,2015,80-84 years,0,0
Toxic shellfish poisoning,2015,80-84 years,0,0
Paratyphoid fever,2015,80-84 years,0,0
Mpox,2015,80-84 years,0,0
Acute gastroenteritis,2015,80-84 years,14,16.9
Typhoid fever,2015,80-84 years,0,0
Q fever,2015,80-84 years,0,0
Hepatitis NOS,2015,85+ years,0,0
Rheumatic fever,2015,85+ years,0,0
Cysticercosis,2015,85+ years,0,0
Tuberculosis disease,2015,85+ years,4,suppressed
Cholera,2015,85+ years,0,0
Yersiniosis,2015,85+ years,14,17.6
Listeriosis,2015,85+ years,2,suppressed
Taeniasis,2015,85+ years,0,0
Invasive pneumococcal disease,2015,85+ years,43,53.9
Mumps,2015,85+ years,0,0
Rabies and other lyssaviruses,2015,85+ years,0,0
Hepatitis B,2015,85+ years,0,0
Hepatitis C,2015,85+ years,0,0
Paratyphoid fever,2015,85+ years,0,0
Trichinosis,2015,85+ years,0,0
Invasive group A streptococcal infection,2015,85+ years,0,0
Shigellosis,2015,85+ years,0,0
Diphtheria,2015,85+ years,0,0
Mpox,2015,85+ years,0,0
Leptospirosis,2015,85+ years,0,0
Arboviral diseases,2015,85+ years,0,0
Toxic shellfish poisoning,2015,85+ years,0,0
Meningoencephalitis - primary amoebic,2015,85+ years,0,0
Legionellosis,2015,85+ years,12,15
Campylobacteriosis,2015,85+ years,109,136.6
Leprosy,2015,85+ years,0,0
Hepatitis A,2015,85+ years,0,0
Acute gastroenteritis,2015,85+ years,29,36.4
Hydatid disease,2015,85+ years,0,0
Poliomyelitis,2015,85+ years,0,0
Brucellosis,2015,85+ years,0,0
Tetanus,2015,85+ years,1,suppressed
Rickettsial disease,2015,85+ years,0,0
Salmonellosis,2015,85+ years,4,suppressed
Meningococcal disease,2015,85+ years,0,0
Measles,2015,85+ years,0,0
Typhoid fever,2015,85+ years,0,0
Malaria,2015,85+ years,0,0
Rubella,2015,85+ years,0,0
Pertussis,2015,85+ years,3,suppressed
Giardiasis,2015,85+ years,8,10
Cryptosporidiosis,2015,85+ years,2,suppressed
Haemophilus influenzae type b,2015,85+ years,0,0
Q fever,2015,85+ years,0,0
VTEC/STEC infection,2015,85+ years,6,7.5
Rickettsial disease,2015,5-9 years,0,0
Tuberculosis disease,2015,5-9 years,4,suppressed
Toxic shellfish poisoning,2015,5-9 years,0,0
Haemophilus influenzae type b,2015,5-9 years,0,0
Acute gastroenteritis,2015,5-9 years,13,4.1
Q fever,2015,5-9 years,0,0
Hydatid disease,2015,5-9 years,0,0
Arboviral diseases,2015,5-9 years,0,0
Rheumatic fever,2015,5-9 years,35,11.1
Cholera,2015,5-9 years,0,0
Diphtheria,2015,5-9 years,2,suppressed
Salmonellosis,2015,5-9 years,67,21.3
Legionellosis,2015,5-9 years,0,0
Campylobacteriosis,2015,5-9 years,288,91.4
Brucellosis,2015,5-9 years,0,0
Leprosy,2015,5-9 years,0,0
Mpox,2015,5-9 years,0,0
Giardiasis,2015,5-9 years,114,36.2
Pertussis,2015,5-9 years,144,45.7
Malaria,2015,5-9 years,2,suppressed
Invasive pneumococcal disease,2015,5-9 years,3,suppressed
Cryptosporidiosis,2015,5-9 years,89,28.2
Hepatitis NOS,2015,5-9 years,0,0
Tetanus,2015,5-9 years,0,0
Mumps,2015,5-9 years,5,1.6
VTEC/STEC infection,2015,5-9 years,31,9.8
Measles,2015,5-9 years,0,0
Meningoencephalitis - primary amoebic,2015,5-9 years,0,0
Rabies and other lyssaviruses,2015,5-9 years,0,0
Hepatitis A,2015,5-9 years,3,suppressed
Hepatitis B,2015,5-9 years,0,0
Yersiniosis,2015,5-9 years,24,7.6
Poliomyelitis,2015,5-9 years,0,0
Trichinosis,2015,5-9 years,0,0
Rubella,2015,5-9 years,0,0
Listeriosis,2015,5-9 years,0,0
Cysticercosis,2015,5-9 years,0,0
Shigellosis,2015,5-9 years,7,2.2
Invasive group A streptococcal infection,2015,5-9 years,0,0
Leptospirosis,2015,5-9 years,0,0
Taeniasis,2015,5-9 years,0,0
Hepatitis C,2015,5-9 years,0,0
Meningococcal disease,2015,5-9 years,3,suppressed
Paratyphoid fever,2015,5-9 years,1,suppressed
Typhoid fever,2015,5-9 years,2,suppressed
Invasive pneumococcal disease,2015,10-14 years,7,2.4
Pertussis,2015,10-14 years,123,41.6
Hepatitis B,2015,10-14 years,0,0
Hepatitis A,2015,10-14 years,1,suppressed
Hepatitis NOS,2015,10-14 years,0,0
Diphtheria,2015,10-14 years,0,0
Mumps,2015,10-14 years,0,0
Arboviral diseases,2015,10-14 years,4,suppressed
Leptospirosis,2015,10-14 years,0,0
VTEC/STEC infection,2015,10-14 years,18,6.1
Brucellosis,2015,10-14 years,0,0
Haemophilus influenzae type b,2015,10-14 years,0,0
Leprosy,2015,10-14 years,2,suppressed
Giardiasis,2015,10-14 years,43,14.5
Invasive group A streptococcal infection,2015,10-14 years,0,0
Hydatid disease,2015,10-14 years,0,0
Acute gastroenteritis,2015,10-14 years,13,4.4
Cryptosporidiosis,2015,10-14 years,41,13.9
Listeriosis,2015,10-14 years,0,0
Shigellosis,2015,10-14 years,0,0
Tetanus,2015,10-14 years,0,0
Taeniasis,2015,10-14 years,0,0
Campylobacteriosis,2015,10-14 years,231,78.1
Meningoencephalitis - primary amoebic,2015,10-14 years,0,0
Tuberculosis disease,2015,10-14 years,2,suppressed
Meningococcal disease,2015,10-14 years,0,0
Yersiniosis,2015,10-14 years,21,7.1
Toxic shellfish poisoning,2015,10-14 years,0,0
Mpox,2015,10-14 years,0,0
Typhoid fever,2015,10-14 years,3,suppressed
Trichinosis,2015,10-14 years,0,0
Salmonellosis,2015,10-14 years,32,10.8
Rubella,2015,10-14 years,0,0
Legionellosis,2015,10-14 years,0,0
Cholera,2015,10-14 years,0,0
Rabies and other lyssaviruses,2015,10-14 years,0,0
Rheumatic fever,2015,10-14 years,47,15.9
Cysticercosis,2015,10-14 years,0,0
Paratyphoid fever,2015,10-14 years,0,0
Malaria,2015,10-14 years,1,suppressed
Poliomyelitis,2015,10-14 years,0,0
Q fever,2015,10-14 years,0,0
Measles,2015,10-14 years,2,suppressed
Rickettsial disease,2015,10-14 years,0,0
Hepatitis C,2015,10-14 years,0,0
Listeriosis,2015,15-19 years,0,0
Hepatitis A,2015,15-19 years,5,1.6
Arboviral diseases,2015,15-19 years,13,4.1
Tuberculosis disease,2015,15-19 years,13,4.1
Toxic shellfish poisoning,2015,15-19 years,0,0
Poliomyelitis,2015,15-19 years,0,0
Tetanus,2015,15-19 years,0,0
Brucellosis,2015,15-19 years,0,0
Giardiasis,2015,15-19 years,25,7.9
Leprosy,2015,15-19 years,0,0
Hepatitis B,2015,15-19 years,1,suppressed
Hydatid disease,2015,15-19 years,0,0
Acute gastroenteritis,2015,15-19 years,8,2.5
Cryptosporidiosis,2015,15-19 years,44,13.9
Rubella,2015,15-19 years,0,0
Shigellosis,2015,15-19 years,8,2.5
Cholera,2015,15-19 years,0,0
Leptospirosis,2015,15-19 years,3,suppressed
Campylobacteriosis,2015,15-19 years,320,101.3
Legionellosis,2015,15-19 years,1,suppressed
Meningoencephalitis - primary amoebic,2015,15-19 years,0,0
Rheumatic fever,2015,15-19 years,8,2.5
Meningococcal disease,2015,15-19 years,7,2.2
Invasive group A streptococcal infection,2015,15-19 years,0,0
Pertussis,2015,15-19 years,57,18
Typhoid fever,2015,15-19 years,1,suppressed
Haemophilus influenzae type b,2015,15-19 years,0,0
Trichinosis,2015,15-19 years,0,0
VTEC/STEC infection,2015,15-19 years,15,4.7
Hepatitis NOS,2015,15-19 years,0,0
Invasive pneumococcal disease,2015,15-19 years,6,1.9
Rickettsial disease,2015,15-19 years,0,0
Rabies and other lyssaviruses,2015,15-19 years,0,0
Hepatitis C,2015,15-19 years,3,suppressed
Paratyphoid fever,2015,15-19 years,3,suppressed
Yersiniosis,2015,15-19 years,30,9.5
Malaria,2015,15-19 years,2,suppressed
Cysticercosis,2015,15-19 years,0,0
Q fever,2015,15-19 years,0,0
Mpox,2015,15-19 years,0,0
Mumps,2015,15-19 years,1,suppressed
Measles,2015,15-19 years,0,0
Diphtheria,2015,15-19 years,0,0
Salmonellosis,2015,15-19 years,30,9.5
Taeniasis,2015,15-19 years,0,0
Leprosy,2015,20-24 years,0,0
Poliomyelitis,2015,20-24 years,0,0
Hydatid disease,2015,20-24 years,0,0
Shigellosis,2015,20-24 years,7,2.1
Hepatitis A,2015,20-24 years,5,1.5
Tuberculosis disease,2015,20-24 years,35,10.4
Brucellosis,2015,20-24 years,1,suppressed
Toxic shellfish poisoning,2015,20-24 years,0,0
Haemophilus influenzae type b,2015,20-24 years,0,0
Mpox,2015,20-24 years,0,0
Arboviral diseases,2015,20-24 years,21,6.2
Cholera,2015,20-24 years,0,0
Diphtheria,2015,20-24 years,0,0
Leptospirosis,2015,20-24 years,4,suppressed
Rubella,2015,20-24 years,0,0
VTEC/STEC infection,2015,20-24 years,18,5.4
Legionellosis,2015,20-24 years,0,0
Rheumatic fever,2015,20-24 years,9,2.7
Meningococcal disease,2015,20-24 years,6,1.8
Hepatitis B,2015,20-24 years,2,suppressed
Pertussis,2015,20-24 years,54,16.1
Acute gastroenteritis,2015,20-24 years,26,7.7
Trichinosis,2015,20-24 years,0,0
Typhoid fever,2015,20-24 years,7,2.1
Cryptosporidiosis,2015,20-24 years,79,23.5
Mumps,2015,20-24 years,2,suppressed
Invasive pneumococcal disease,2015,20-24 years,11,3.3
Campylobacteriosis,2015,20-24 years,555,165.1
Meningoencephalitis - primary amoebic,2015,20-24 years,0,0
Hepatitis C,2015,20-24 years,7,2.1
Cysticercosis,2015,20-24 years,0,0
Rabies and other lyssaviruses,2015,20-24 years,0,0
Invasive group A streptococcal infection,2015,20-24 years,0,0
Giardiasis,2015,20-24 years,58,17.3
Tetanus,2015,20-24 years,0,0
Malaria,2015,20-24 years,8,2.4
Q fever,2015,20-24 years,0,0
Taeniasis,2015,20-24 years,2,suppressed
Measles,2015,20-24 years,1,suppressed
Listeriosis,2015,20-24 years,2,suppressed
Rickettsial disease,2015,20-24 years,1,suppressed
Paratyphoid fever,2015,20-24 years,8,2.4
Yersiniosis,2015,20-24 years,36,10.7
Salmonellosis,2015,20-24 years,76,22.6
Hepatitis NOS,2015,20-24 years,0,0
Meningoencephalitis - primary amoebic,2015,25-29 years,0,0
Hepatitis A,2015,25-29 years,7,2.2
VTEC/STEC infection,2015,25-29 years,9,2.9
Haemophilus influenzae type b,2015,25-29 years,0,0
Rubella,2015,25-29 years,0,0
Malaria,2015,25-29 years,8,2.6
Giardiasis,2015,25-29 years,86,27.5
Toxic shellfish poisoning,2015,25-29 years,0,0
Hydatid disease,2015,25-29 years,0,0
Cholera,2015,25-29 years,0,0
Trichinosis,2015,25-29 years,0,0
Campylobacteriosis,2015,25-29 years,417,133.3
Rheumatic fever,2015,25-29 years,4,suppressed
Tuberculosis disease,2015,25-29 years,42,13.4
Leprosy,2015,25-29 years,0,0
Yersiniosis,2015,25-29 years,30,9.6
Hepatitis B,2015,25-29 years,3,suppressed
Mpox,2015,25-29 years,0,0
Typhoid fever,2015,25-29 years,6,1.9
Leptospirosis,2015,25-29 years,10,3.2
Tetanus,2015,25-29 years,0,0
Cryptosporidiosis,2015,25-29 years,45,14.4
Hepatitis NOS,2015,25-29 years,1,suppressed
Brucellosis,2015,25-29 years,0,0
Measles,2015,25-29 years,3,suppressed
Cysticercosis,2015,25-29 years,0,0
Legionellosis,2015,25-29 years,2,suppressed
Q fever,2015,25-29 years,0,0
Rabies and other lyssaviruses,2015,25-29 years,0,0
Meningococcal disease,2015,25-29 years,2,suppressed
Arboviral diseases,2015,25-29 years,16,5.1
Invasive pneumococcal disease,2015,25-29 years,8,2.6
Rickettsial disease,2015,25-29 years,1,suppressed
Salmonellosis,2015,25-29 years,81,25.9
Shigellosis,2015,25-29 years,10,3.2
Hepatitis C,2015,25-29 years,3,suppressed
Paratyphoid fever,2015,25-29 years,2,suppressed
Listeriosis,2015,25-29 years,4,suppressed
Taeniasis,2015,25-29 years,0,0
Acute gastroenteritis,2015,25-29 years,23,7.4
Pertussis,2015,25-29 years,41,13.1
Mumps,2015,25-29 years,0,0
Poliomyelitis,2015,25-29 years,0,0
Diphtheria,2015,25-29 years,0,0
Invasive group A streptococcal infection,2015,25-29 years,0,0
Trichinosis,2015,30-34 years,0,0
Brucellosis,2015,30-34 years,0,0
Tuberculosis disease,2015,30-34 years,33,11.4
Mpox,2015,30-34 years,0,0
Pertussis,2015,30-34 years,46,15.8
Malaria,2015,30-34 years,3,suppressed
Invasive pneumococcal disease,2015,30-34 years,14,4.8
Acute gastroenteritis,2015,30-34 years,33,11.4
Diphtheria,2015,30-34 years,0,0
Legionellosis,2015,30-34 years,5,1.7
Rheumatic fever,2015,30-34 years,1,suppressed
Campylobacteriosis,2015,30-34 years,338,116.3
VTEC/STEC infection,2015,30-34 years,10,3.4
Giardiasis,2015,30-34 years,129,44.4
Typhoid fever,2015,30-34 years,3,suppressed
Haemophilus influenzae type b,2015,30-34 years,0,0
Arboviral diseases,2015,30-34 years,16,5.5
Cryptosporidiosis,2015,30-34 years,37,12.7
Cholera,2015,30-34 years,0,0
Rickettsial disease,2015,30-34 years,0,0
Leptospirosis,2015,30-34 years,2,suppressed
Cysticercosis,2015,30-34 years,0,0
Meningoencephalitis - primary amoebic,2015,30-34 years,0,0
Paratyphoid fever,2015,30-34 years,4,suppressed
Leprosy,2015,30-34 years,0,0
Hepatitis A,2015,30-34 years,3,suppressed
Hepatitis B,2015,30-34 years,3,suppressed
Q fever,2015,30-34 years,0,0
Hepatitis NOS,2015,30-34 years,0,0
Hydatid disease,2015,30-34 years,1,suppressed
Poliomyelitis,2015,30-34 years,0,0
Listeriosis,2015,30-34 years,2,suppressed
Measles,2015,30-34 years,2,suppressed
Toxic shellfish poisoning,2015,30-34 years,1,suppressed
Taeniasis,2015,30-34 years,0,0
Hepatitis C,2015,30-34 years,9,3.1
Yersiniosis,2015,30-34 years,35,12
Meningococcal disease,2015,30-34 years,2,suppressed
Invasive group A streptococcal infection,2015,30-34 years,0,0
Mumps,2015,30-34 years,0,0
Rubella,2015,30-34 years,0,0
Rabies and other lyssaviruses,2015,30-34 years,0,0
Salmonellosis,2015,30-34 years,65,22.4
Shigellosis,2015,30-34 years,7,2.4
Tetanus,2015,30-34 years,0,0
Typhoid fever,2015,35-39 years,2,suppressed
VTEC/STEC infection,2015,35-39 years,7,2.5
Tuberculosis disease,2015,35-39 years,25,9
Q fever,2015,35-39 years,0,0
Cryptosporidiosis,2015,35-39 years,43,15.4
Campylobacteriosis,2015,35-39 years,292,104.9
Hydatid disease,2015,35-39 years,0,0
Arboviral diseases,2015,35-39 years,15,5.4
Leprosy,2015,35-39 years,1,suppressed
Legionellosis,2015,35-39 years,4,suppressed
Cholera,2015,35-39 years,0,0
Rubella,2015,35-39 years,0,0
Haemophilus influenzae type b,2015,35-39 years,0,0
Pertussis,2015,35-39 years,60,21.5
Acute gastroenteritis,2015,35-39 years,28,10.1
Rickettsial disease,2015,35-39 years,1,suppressed
Leptospirosis,2015,35-39 years,4,suppressed
Invasive pneumococcal disease,2015,35-39 years,11,4
Hepatitis C,2015,35-39 years,3,suppressed
Meningoencephalitis - primary amoebic,2015,35-39 years,0,0
Hepatitis A,2015,35-39 years,4,suppressed
Hepatitis B,2015,35-39 years,0,0
Giardiasis,2015,35-39 years,169,60.7
Invasive group A streptococcal infection,2015,35-39 years,0,0
Trichinosis,2015,35-39 years,0,0
Malaria,2015,35-39 years,2,suppressed
Listeriosis,2015,35-39 years,1,suppressed
Tetanus,2015,35-39 years,0,0
Hepatitis NOS,2015,35-39 years,0,0
Toxic shellfish poisoning,2015,35-39 years,0,0
Taeniasis,2015,35-39 years,1,suppressed
Measles,2015,35-39 years,0,0
Rheumatic fever,2015,35-39 years,3,suppressed
Brucellosis,2015,35-39 years,0,0
Meningococcal disease,2015,35-39 years,2,suppressed
Yersiniosis,2015,35-39 years,25,9
Poliomyelitis,2015,35-39 years,0,0
Mumps,2015,35-39 years,1,suppressed
Diphtheria,2015,35-39 years,0,0
Mpox,2015,35-39 years,0,0
Salmonellosis,2015,35-39 years,48,17.2
Cysticercosis,2015,35-39 years,0,0
Shigellosis,2015,35-39 years,8,2.9
Paratyphoid fever,2015,35-39 years,3,suppressed
Rabies and other lyssaviruses,2015,35-39 years,0,0
Tuberculosis disease,2015,40-44 years,20,6.4
Trichinosis,2015,40-44 years,0,0
Toxic shellfish poisoning,2015,40-44 years,1,suppressed
Leprosy,2015,40-44 years,0,0
Pertussis,2015,40-44 years,82,26.2
Campylobacteriosis,2015,40-44 years,329,105
Meningococcal disease,2015,40-44 years,2,suppressed
Arboviral diseases,2015,40-44 years,14,4.5
Cryptosporidiosis,2015,40-44 years,33,10.5
Invasive group A streptococcal infection,2015,40-44 years,0,0
Mumps,2015,40-44 years,0,0
Diphtheria,2015,40-44 years,0,0
Invasive pneumococcal disease,2015,40-44 years,15,4.8
VTEC/STEC infection,2015,40-44 years,7,2.2
Cysticercosis,2015,40-44 years,0,0
Legionellosis,2015,40-44 years,11,3.5
Hepatitis A,2015,40-44 years,4,suppressed
Yersiniosis,2015,40-44 years,35,11.2
Hepatitis B,2015,40-44 years,3,suppressed
Listeriosis,2015,40-44 years,1,suppressed
Typhoid fever,2015,40-44 years,4,suppressed
Haemophilus influenzae type b,2015,40-44 years,0,0
Poliomyelitis,2015,40-44 years,0,0
Taeniasis,2015,40-44 years,0,0
Tetanus,2015,40-44 years,0,0
Cholera,2015,40-44 years,0,0
Leptospirosis,2015,40-44 years,4,suppressed
Giardiasis,2015,40-44 years,150,47.9
Meningoencephalitis - primary amoebic,2015,40-44 years,0,0
Brucellosis,2015,40-44 years,0,0
Rabies and other lyssaviruses,2015,40-44 years,0,0
Mpox,2015,40-44 years,0,0
Shigellosis,2015,40-44 years,6,1.9
Q fever,2015,40-44 years,0,0
Hydatid disease,2015,40-44 years,0,0
Salmonellosis,2015,40-44 years,58,18.5
Rickettsial disease,2015,40-44 years,1,suppressed
Hepatitis C,2015,40-44 years,3,suppressed
Hepatitis NOS,2015,40-44 years,0,0
Rheumatic fever,2015,40-44 years,1,suppressed
Paratyphoid fever,2015,40-44 years,1,suppressed
Rubella,2015,40-44 years,0,0
Measles,2015,40-44 years,0,0
Malaria,2015,40-44 years,2,suppressed
Acute gastroenteritis,2015,40-44 years,44,14
Cholera,2016,0-4 years,0,0
Hepatitis C,2016,0-4 years,0,0
Rickettsial disease,2016,0-4 years,0,0
Tuberculosis disease,2016,0-4 years,6,2
Rheumatic fever,2016,0-4 years,0,0
Paratyphoid fever,2016,0-4 years,2,suppressed
Salmonellosis,2016,0-4 years,232,76.1
Cysticercosis,2016,0-4 years,0,0
Measles,2016,0-4 years,29,9.5
Typhoid fever,2016,0-4 years,3,suppressed
Yersiniosis,2016,0-4 years,188,61.7
Rubella,2016,0-4 years,1,suppressed
Haemophilus influenzae type b,2016,0-4 years,0,0
Tetanus,2016,0-4 years,0,0
Mpox,2016,0-4 years,0,0
Hepatitis NOS,2016,0-4 years,0,0
Leptospirosis,2016,0-4 years,0,0
Toxic shellfish poisoning,2016,0-4 years,0,0
Meningoencephalitis - primary amoebic,2016,0-4 years,0,0
Legionellosis,2016,0-4 years,0,0
Invasive pneumococcal disease,2016,0-4 years,46,15.1
Leprosy,2016,0-4 years,0,0
Hepatitis A,2016,0-4 years,3,suppressed
Acute gastroenteritis,2016,0-4 years,143,46.9
Invasive group A streptococcal infection,2016,0-4 years,0,0
Hydatid disease,2016,0-4 years,0,0
Brucellosis,2016,0-4 years,0,0
Listeriosis,2016,0-4 years,1,suppressed
Mumps,2016,0-4 years,3,suppressed
Arboviral diseases,2016,0-4 years,1,suppressed
Taeniasis,2016,0-4 years,0,0
Pertussis,2016,0-4 years,177,58.1
Q fever,2016,0-4 years,0,0
Rabies and other lyssaviruses,2016,0-4 years,0,0
Hepatitis B,2016,0-4 years,0,0
Shigellosis,2016,0-4 years,21,6.9
Campylobacteriosis,2016,0-4 years,820,269.1
Trichinosis,2016,0-4 years,0,0
Diphtheria,2016,0-4 years,0,0
Meningococcal disease,2016,0-4 years,28,9.2
VTEC/STEC infection,2016,0-4 years,135,44.3
Cryptosporidiosis,2016,0-4 years,323,106
Malaria,2016,0-4 years,0,0
Giardiasis,2016,0-4 years,297,97.5
Poliomyelitis,2016,0-4 years,0,0
Toxic shellfish poisoning,2016,45-49 years,0,0
Cysticercosis,2016,45-49 years,0,0
Typhoid fever,2016,45-49 years,2,suppressed
Salmonellosis,2016,45-49 years,81,25
Pertussis,2016,45-49 years,84,25.9
Giardiasis,2016,45-49 years,87,26.9
Poliomyelitis,2016,45-49 years,0,0
Q fever,2016,45-49 years,0,0
Haemophilus influenzae type b,2016,45-49 years,0,0
Rubella,2016,45-49 years,0,0
Leptospirosis,2016,45-49 years,9,2.8
Hepatitis C,2016,45-49 years,5,1.5
Mumps,2016,45-49 years,1,suppressed
Brucellosis,2016,45-49 years,0,0
Hepatitis B,2016,45-49 years,5,1.5
Mpox,2016,45-49 years,0,0
Hepatitis A,2016,45-49 years,4,suppressed
Rheumatic fever,2016,45-49 years,0,0
Hydatid disease,2016,45-49 years,0,0
VTEC/STEC infection,2016,45-49 years,16,4.9
Tetanus,2016,45-49 years,0,0
Trichinosis,2016,45-49 years,0,0
Hepatitis NOS,2016,45-49 years,1,suppressed
Rickettsial disease,2016,45-49 years,0,0
Measles,2016,45-49 years,1,suppressed
Diphtheria,2016,45-49 years,1,suppressed
Rabies and other lyssaviruses,2016,45-49 years,0,0
Meningococcal disease,2016,45-49 years,5,1.5
Meningoencephalitis - primary amoebic,2016,45-49 years,0,0
Leprosy,2016,45-49 years,0,0
Malaria,2016,45-49 years,2,suppressed
Cholera,2016,45-49 years,0,0
Campylobacteriosis,2016,45-49 years,428,132.1
Listeriosis,2016,45-49 years,0,0
Shigellosis,2016,45-49 years,14,4.3
Arboviral diseases,2016,45-49 years,24,7.4
Tuberculosis disease,2016,45-49 years,14,4.3
Invasive group A streptococcal infection,2016,45-49 years,0,0
Yersiniosis,2016,45-49 years,38,11.7
Invasive pneumococcal disease,2016,45-49 years,33,10.2
Paratyphoid fever,2016,45-49 years,1,suppressed
Legionellosis,2016,45-49 years,12,3.7
Acute gastroenteritis,2016,45-49 years,21,6.5
Taeniasis,2016,45-49 years,0,0
Cryptosporidiosis,2016,45-49 years,25,7.7
Hepatitis B,2016,50-54 years,5,1.6
Pertussis,2016,50-54 years,61,19
Mumps,2016,50-54 years,0,0
Malaria,2016,50-54 years,2,suppressed
Rubella,2016,50-54 years,0,0
Brucellosis,2016,50-54 years,0,0
Listeriosis,2016,50-54 years,2,suppressed
Shigellosis,2016,50-54 years,10,3.1
Hepatitis NOS,2016,50-54 years,1,suppressed
Meningococcal disease,2016,50-54 years,1,suppressed
Yersiniosis,2016,50-54 years,65,20.2
Mpox,2016,50-54 years,0,0
Giardiasis,2016,50-54 years,102,31.8
Typhoid fever,2016,50-54 years,1,suppressed
Trichinosis,2016,50-54 years,0,0
Acute gastroenteritis,2016,50-54 years,28,8.7
Poliomyelitis,2016,50-54 years,0,0
Tetanus,2016,50-54 years,0,0
Diphtheria,2016,50-54 years,0,0
Cysticercosis,2016,50-54 years,0,0
Taeniasis,2016,50-54 years,1,suppressed
Arboviral diseases,2016,50-54 years,29,9
Rheumatic fever,2016,50-54 years,0,0
Rabies and other lyssaviruses,2016,50-54 years,0,0
Meningoencephalitis - primary amoebic,2016,50-54 years,0,0
Hepatitis A,2016,50-54 years,2,suppressed
Q fever,2016,50-54 years,0,0
Campylobacteriosis,2016,50-54 years,484,150.7
Hydatid disease,2016,50-54 years,0,0
Haemophilus influenzae type b,2016,50-54 years,1,suppressed
Toxic shellfish poisoning,2016,50-54 years,0,0
Paratyphoid fever,2016,50-54 years,1,suppressed
Rickettsial disease,2016,50-54 years,1,suppressed
Salmonellosis,2016,50-54 years,70,21.8
VTEC/STEC infection,2016,50-54 years,17,5.3
Leprosy,2016,50-54 years,0,0
Legionellosis,2016,50-54 years,24,7.5
Invasive group A streptococcal infection,2016,50-54 years,0,0
Leptospirosis,2016,50-54 years,21,6.5
Invasive pneumococcal disease,2016,50-54 years,27,8.4
Tuberculosis disease,2016,50-54 years,13,4
Hepatitis C,2016,50-54 years,0,0
Cryptosporidiosis,2016,50-54 years,26,8.1
Cholera,2016,50-54 years,0,0
Measles,2016,50-54 years,1,suppressed
Tetanus,2016,55-59 years,0,0
Mumps,2016,55-59 years,0,0
Rubella,2016,55-59 years,0,0
Hepatitis B,2016,55-59 years,8,2.7
Salmonellosis,2016,55-59 years,64,21.5
Shigellosis,2016,55-59 years,9,3
Arboviral diseases,2016,55-59 years,28,9.4
Yersiniosis,2016,55-59 years,37,12.4
Meningococcal disease,2016,55-59 years,1,suppressed
Q fever,2016,55-59 years,0,0
Trichinosis,2016,55-59 years,0,0
Acute gastroenteritis,2016,55-59 years,26,8.7
Typhoid fever,2016,55-59 years,2,suppressed
Diphtheria,2016,55-59 years,0,0
Hepatitis NOS,2016,55-59 years,1,suppressed
Leptospirosis,2016,55-59 years,12,4
Poliomyelitis,2016,55-59 years,0,0
Hepatitis C,2016,55-59 years,2,suppressed
Rabies and other lyssaviruses,2016,55-59 years,0,0
Meningoencephalitis - primary amoebic,2016,55-59 years,0,0
Legionellosis,2016,55-59 years,25,8.4
Pertussis,2016,55-59 years,52,17.5
Hepatitis A,2016,55-59 years,1,suppressed
Malaria,2016,55-59 years,0,0
Hydatid disease,2016,55-59 years,0,0
Haemophilus influenzae type b,2016,55-59 years,0,0
VTEC/STEC infection,2016,55-59 years,10,3.4
Tuberculosis disease,2016,55-59 years,10,3.4
Invasive group A streptococcal infection,2016,55-59 years,0,0
Rickettsial disease,2016,55-59 years,2,suppressed
Measles,2016,55-59 years,0,0
Rheumatic fever,2016,55-59 years,0,0
Cholera,2016,55-59 years,0,0
Invasive pneumococcal disease,2016,55-59 years,40,13.4
Giardiasis,2016,55-59 years,81,27.2
Leprosy,2016,55-59 years,0,0
Listeriosis,2016,55-59 years,3,suppressed
Toxic shellfish poisoning,2016,55-59 years,1,suppressed
Campylobacteriosis,2016,55-59 years,481,161.6
Cysticercosis,2016,55-59 years,0,0
Paratyphoid fever,2016,55-59 years,1,suppressed
Brucellosis,2016,55-59 years,0,0
Cryptosporidiosis,2016,55-59 years,26,8.7
Mpox,2016,55-59 years,0,0
Taeniasis,2016,55-59 years,0,0
Arboviral diseases,2016,60-64 years,21,8.2
Listeriosis,2016,60-64 years,4,suppressed
Hepatitis NOS,2016,60-64 years,1,suppressed
Shigellosis,2016,60-64 years,15,5.8
Paratyphoid fever,2016,60-64 years,2,suppressed
Toxic shellfish poisoning,2016,60-64 years,0,0
Trichinosis,2016,60-64 years,0,0
Diphtheria,2016,60-64 years,0,0
Pertussis,2016,60-64 years,35,13.6
Q fever,2016,60-64 years,0,0
Mumps,2016,60-64 years,0,0
Rubella,2016,60-64 years,0,0
Haemophilus influenzae type b,2016,60-64 years,0,0
Campylobacteriosis,2016,60-64 years,439,171
Invasive group A streptococcal infection,2016,60-64 years,0,0
Yersiniosis,2016,60-64 years,40,15.6
Hepatitis B,2016,60-64 years,1,suppressed
Hepatitis C,2016,60-64 years,1,suppressed
Leprosy,2016,60-64 years,0,0
Malaria,2016,60-64 years,0,0
Typhoid fever,2016,60-64 years,1,suppressed
Mpox,2016,60-64 years,0,0
Poliomyelitis,2016,60-64 years,0,0
Tuberculosis disease,2016,60-64 years,10,3.9
Tetanus,2016,60-64 years,0,0
Hydatid disease,2016,60-64 years,0,0
Measles,2016,60-64 years,0,0
Brucellosis,2016,60-64 years,0,0
Rabies and other lyssaviruses,2016,60-64 years,0,0
Meningococcal disease,2016,60-64 years,3,suppressed
Legionellosis,2016,60-64 years,27,10.5
Cryptosporidiosis,2016,60-64 years,23,9
Giardiasis,2016,60-64 years,84,32.7
Invasive pneumococcal disease,2016,60-64 years,48,18.7
Taeniasis,2016,60-64 years,0,0
VTEC/STEC infection,2016,60-64 years,21,8.2
Leptospirosis,2016,60-64 years,4,suppressed
Acute gastroenteritis,2016,60-64 years,22,8.6
Rheumatic fever,2016,60-64 years,0,0
Cysticercosis,2016,60-64 years,0,0
Salmonellosis,2016,60-64 years,51,19.9
Rickettsial disease,2016,60-64 years,1,suppressed
Cholera,2016,60-64 years,0,0
Meningoencephalitis - primary amoebic,2016,60-64 years,0,0
Hepatitis A,2016,60-64 years,2,suppressed
Poliomyelitis,2016,65-69 years,0,0
Rubella,2016,65-69 years,0,0
Meningococcal disease,2016,65-69 years,1,suppressed
Pertussis,2016,65-69 years,26,11.2
Haemophilus influenzae type b,2016,65-69 years,0,0
Diphtheria,2016,65-69 years,0,0
Typhoid fever,2016,65-69 years,0,0
Trichinosis,2016,65-69 years,0,0
Hepatitis C,2016,65-69 years,0,0
Cysticercosis,2016,65-69 years,0,0
Tetanus,2016,65-69 years,1,suppressed
Rheumatic fever,2016,65-69 years,0,0
Arboviral diseases,2016,65-69 years,18,7.8
Hepatitis B,2016,65-69 years,3,suppressed
Malaria,2016,65-69 years,0,0
Q fever,2016,65-69 years,0,0
Hepatitis A,2016,65-69 years,0,0
Invasive pneumococcal disease,2016,65-69 years,43,18.6
Campylobacteriosis,2016,65-69 years,437,188.8
Shigellosis,2016,65-69 years,8,3.5
Tuberculosis disease,2016,65-69 years,16,6.9
Measles,2016,65-69 years,0,0
Taeniasis,2016,65-69 years,0,0
Toxic shellfish poisoning,2016,65-69 years,0,0
Paratyphoid fever,2016,65-69 years,1,suppressed
Rabies and other lyssaviruses,2016,65-69 years,0,0
Yersiniosis,2016,65-69 years,38,16.4
Giardiasis,2016,65-69 years,70,30.2
Leprosy,2016,65-69 years,0,0
Cholera,2016,65-69 years,0,0
Salmonellosis,2016,65-69 years,38,16.4
Hydatid disease,2016,65-69 years,0,0
Listeriosis,2016,65-69 years,2,suppressed
VTEC/STEC infection,2016,65-69 years,19,8.2
Invasive group A streptococcal infection,2016,65-69 years,0,0
Brucellosis,2016,65-69 years,0,0
Rickettsial disease,2016,65-69 years,0,0
Acute gastroenteritis,2016,65-69 years,25,10.8
Mpox,2016,65-69 years,0,0
Cryptosporidiosis,2016,65-69 years,9,3.9
Meningoencephalitis - primary amoebic,2016,65-69 years,0,0
Mumps,2016,65-69 years,0,0
Leptospirosis,2016,65-69 years,5,2.2
Hepatitis NOS,2016,65-69 years,0,0
Legionellosis,2016,65-69 years,39,16.8
Trichinosis,2016,70-74 years,0,0
Rubella,2016,70-74 years,0,0
Listeriosis,2016,70-74 years,6,3.6
Typhoid fever,2016,70-74 years,0,0
Shigellosis,2016,70-74 years,7,4.2
Brucellosis,2016,70-74 years,0,0
Hepatitis C,2016,70-74 years,0,0
Malaria,2016,70-74 years,0,0
Cysticercosis,2016,70-74 years,0,0
Meningococcal disease,2016,70-74 years,0,0
Pertussis,2016,70-74 years,16,9.5
Q fever,2016,70-74 years,0,0
Hepatitis B,2016,70-74 years,0,0
Haemophilus influenzae type b,2016,70-74 years,0,0
Campylobacteriosis,2016,70-74 years,344,204.4
Poliomyelitis,2016,70-74 years,0,0
Cholera,2016,70-74 years,0,0
Taeniasis,2016,70-74 years,0,0
Rickettsial disease,2016,70-74 years,0,0
Measles,2016,70-74 years,0,0
Paratyphoid fever,2016,70-74 years,1,suppressed
Arboviral diseases,2016,70-74 years,7,4.2
Yersiniosis,2016,70-74 years,30,17.8
Giardiasis,2016,70-74 years,31,18.4
Hepatitis A,2016,70-74 years,0,0
Leprosy,2016,70-74 years,0,0
Invasive pneumococcal disease,2016,70-74 years,45,26.7
Hydatid disease,2016,70-74 years,0,0
VTEC/STEC infection,2016,70-74 years,12,7.1
Mumps,2016,70-74 years,0,0
Salmonellosis,2016,70-74 years,32,19
Tuberculosis disease,2016,70-74 years,11,6.5
Toxic shellfish poisoning,2016,70-74 years,0,0
Leptospirosis,2016,70-74 years,1,suppressed
Rabies and other lyssaviruses,2016,70-74 years,0,0
Legionellosis,2016,70-74 years,29,17.2
Rheumatic fever,2016,70-74 years,0,0
Mpox,2016,70-74 years,0,0
Tetanus,2016,70-74 years,0,0
Hepatitis NOS,2016,70-74 years,0,0
Acute gastroenteritis,2016,70-74 years,12,7.1
Cryptosporidiosis,2016,70-74 years,8,4.8
Invasive group A streptococcal infection,2016,70-74 years,0,0
Meningoencephalitis - primary amoebic,2016,70-74 years,0,0
Diphtheria,2016,70-74 years,0,0
Q fever,2016,75-79 years,0,0
Haemophilus influenzae type b,2016,75-79 years,0,0
Typhoid fever,2016,75-79 years,1,suppressed
Hepatitis C,2016,75-79 years,0,0
Hepatitis NOS,2016,75-79 years,0,0
Cysticercosis,2016,75-79 years,0,0
Pertussis,2016,75-79 years,13,10.3
Malaria,2016,75-79 years,0,0
Giardiasis,2016,75-79 years,14,11.1
Hepatitis B,2016,75-79 years,0,0
VTEC/STEC infection,2016,75-79 years,10,7.9
Leprosy,2016,75-79 years,0,0
Salmonellosis,2016,75-79 years,24,18.9
Rubella,2016,75-79 years,0,0
Taeniasis,2016,75-79 years,0,0
Measles,2016,75-79 years,0,0
Brucellosis,2016,75-79 years,0,0
Acute gastroenteritis,2016,75-79 years,11,8.7
Meningococcal disease,2016,75-79 years,1,suppressed
Yersiniosis,2016,75-79 years,16,12.6
Cryptosporidiosis,2016,75-79 years,7,5.5
Hepatitis A,2016,75-79 years,1,suppressed
Invasive pneumococcal disease,2016,75-79 years,32,25.3
Trichinosis,2016,75-79 years,0,0
Tetanus,2016,75-79 years,0,0
Mumps,2016,75-79 years,0,0
Diphtheria,2016,75-79 years,0,0
Tuberculosis disease,2016,75-79 years,10,7.9
Toxic shellfish poisoning,2016,75-79 years,0,0
Leptospirosis,2016,75-79 years,0,0
Arboviral diseases,2016,75-79 years,6,4.7
Rheumatic fever,2016,75-79 years,0,0
Legionellosis,2016,75-79 years,30,23.7
Rickettsial disease,2016,75-79 years,0,0
Mpox,2016,75-79 years,0,0
Cholera,2016,75-79 years,0,0
Hydatid disease,2016,75-79 years,0,0
Invasive group A streptococcal infection,2016,75-79 years,0,0
Shigellosis,2016,75-79 years,5,3.9
Listeriosis,2016,75-79 years,5,3.9
Poliomyelitis,2016,75-79 years,0,0
Meningoencephalitis - primary amoebic,2016,75-79 years,0,0
Rabies and other lyssaviruses,2016,75-79 years,0,0
Paratyphoid fever,2016,75-79 years,0,0
Campylobacteriosis,2016,75-79 years,298,235.3
Measles,2016,80-84 years,0,0
Pertussis,2016,80-84 years,12,14.5
Yersiniosis,2016,80-84 years,13,15.7
Q fever,2016,80-84 years,0,0
Trichinosis,2016,80-84 years,0,0
Hydatid disease,2016,80-84 years,0,0
Arboviral diseases,2016,80-84 years,1,suppressed
Mumps,2016,80-84 years,0,0
Malaria,2016,80-84 years,0,0
Diphtheria,2016,80-84 years,0,0
Salmonellosis,2016,80-84 years,16,19.3
Taeniasis,2016,80-84 years,0,0
Hepatitis NOS,2016,80-84 years,0,0
Meningococcal disease,2016,80-84 years,2,suppressed
Rabies and other lyssaviruses,2016,80-84 years,0,0
Meningoencephalitis - primary amoebic,2016,80-84 years,0,0
Hepatitis B,2016,80-84 years,0,0
Hepatitis A,2016,80-84 years,1,suppressed
Typhoid fever,2016,80-84 years,0,0
Cholera,2016,80-84 years,0,0
Shigellosis,2016,80-84 years,0,0
Tetanus,2016,80-84 years,0,0
Poliomyelitis,2016,80-84 years,0,0
Tuberculosis disease,2016,80-84 years,3,suppressed
Campylobacteriosis,2016,80-84 years,216,260.5
Cysticercosis,2016,80-84 years,0,0
Paratyphoid fever,2016,80-84 years,0,0
Rheumatic fever,2016,80-84 years,0,0
Brucellosis,2016,80-84 years,0,0
Legionellosis,2016,80-84 years,22,26.5
Mpox,2016,80-84 years,0,0
Invasive pneumococcal disease,2016,80-84 years,30,36.2
Leprosy,2016,80-84 years,0,0
Rubella,2016,80-84 years,0,0
Listeriosis,2016,80-84 years,2,suppressed
VTEC/STEC infection,2016,80-84 years,11,13.3
Giardiasis,2016,80-84 years,4,suppressed
Invasive group A streptococcal infection,2016,80-84 years,0,0
Leptospirosis,2016,80-84 years,0,0
Hepatitis C,2016,80-84 years,0,0
Toxic shellfish poisoning,2016,80-84 years,1,suppressed
Rickettsial disease,2016,80-84 years,0,0
Acute gastroenteritis,2016,80-84 years,9,10.9
Cryptosporidiosis,2016,80-84 years,2,suppressed
Haemophilus influenzae type b,2016,80-84 years,0,0
Pertussis,2016,85+ years,5,6.1
Hepatitis NOS,2016,85+ years,0,0
Arboviral diseases,2016,85+ years,0,0
Typhoid fever,2016,85+ years,0,0
Rheumatic fever,2016,85+ years,0,0
Cholera,2016,85+ years,0,0
Salmonellosis,2016,85+ years,6,7.3
Diphtheria,2016,85+ years,0,0
Malaria,2016,85+ years,0,0
Mumps,2016,85+ years,0,0
Rabies and other lyssaviruses,2016,85+ years,0,0
Hepatitis B,2016,85+ years,0,0
Poliomyelitis,2016,85+ years,0,0
Paratyphoid fever,2016,85+ years,0,0
Q fever,2016,85+ years,0,0
Rubella,2016,85+ years,0,0
Legionellosis,2016,85+ years,15,18.2
Leprosy,2016,85+ years,0,0
Tuberculosis disease,2016,85+ years,11,13.3
Campylobacteriosis,2016,85+ years,205,248.6
Tetanus,2016,85+ years,0,0
VTEC/STEC infection,2016,85+ years,8,9.7
Hepatitis C,2016,85+ years,0,0
Brucellosis,2016,85+ years,0,0
Meningococcal disease,2016,85+ years,3,suppressed
Meningoencephalitis - primary amoebic,2016,85+ years,0,0
Cryptosporidiosis,2016,85+ years,3,suppressed
Hepatitis A,2016,85+ years,0,0
Trichinosis,2016,85+ years,0,0
Shigellosis,2016,85+ years,0,0
Giardiasis,2016,85+ years,2,suppressed
Listeriosis,2016,85+ years,4,suppressed
Invasive group A streptococcal infection,2016,85+ years,0,0
Taeniasis,2016,85+ years,0,0
Measles,2016,85+ years,0,0
Cysticercosis,2016,85+ years,0,0
Mpox,2016,85+ years,0,0
Yersiniosis,2016,85+ years,12,14.6
Haemophilus influenzae type b,2016,85+ years,0,0
Hydatid disease,2016,85+ years,1,suppressed
Leptospirosis,2016,85+ years,0,0
Invasive pneumococcal disease,2016,85+ years,43,52.1
Toxic shellfish poisoning,2016,85+ years,0,0
Acute gastroenteritis,2016,85+ years,16,19.4
Rickettsial disease,2016,85+ years,0,0
Hepatitis C,2016,5-9 years,0,0
Measles,2016,5-9 years,7,2.2
Toxic shellfish poisoning,2016,5-9 years,0,0
Brucellosis,2016,5-9 years,0,0
Pertussis,2016,5-9 years,120,37.2
Acute gastroenteritis,2016,5-9 years,24,7.4
Leptospirosis,2016,5-9 years,0,0
Taeniasis,2016,5-9 years,0,0
Shigellosis,2016,5-9 years,14,4.3
Rheumatic fever,2016,5-9 years,20,6.2
Trichinosis,2016,5-9 years,0,0
Hepatitis NOS,2016,5-9 years,0,0
Rickettsial disease,2016,5-9 years,0,0
Cholera,2016,5-9 years,0,0
Mumps,2016,5-9 years,3,suppressed
Legionellosis,2016,5-9 years,1,suppressed
Meningococcal disease,2016,5-9 years,5,1.6
Campylobacteriosis,2016,5-9 years,345,107
Cysticercosis,2016,5-9 years,0,0
Malaria,2016,5-9 years,1,suppressed
Typhoid fever,2016,5-9 years,1,suppressed
Haemophilus influenzae type b,2016,5-9 years,0,0
Mpox,2016,5-9 years,0,0
Cryptosporidiosis,2016,5-9 years,134,41.6
Tetanus,2016,5-9 years,0,0
Arboviral diseases,2016,5-9 years,2,suppressed
Salmonellosis,2016,5-9 years,64,19.9
Hepatitis A,2016,5-9 years,3,suppressed
Giardiasis,2016,5-9 years,125,38.8
Paratyphoid fever,2016,5-9 years,0,0
Yersiniosis,2016,5-9 years,24,7.4
Rubella,2016,5-9 years,0,0
Poliomyelitis,2016,5-9 years,0,0
Q fever,2016,5-9 years,0,0
Hydatid disease,2016,5-9 years,0,0
Rabies and other lyssaviruses,2016,5-9 years,0,0
Hepatitis B,2016,5-9 years,0,0
Listeriosis,2016,5-9 years,0,0
Diphtheria,2016,5-9 years,0,0
VTEC/STEC infection,2016,5-9 years,27,8.4
Leprosy,2016,5-9 years,0,0
Meningoencephalitis - primary amoebic,2016,5-9 years,0,0
Invasive group A streptococcal infection,2016,5-9 years,0,0
Invasive pneumococcal disease,2016,5-9 years,12,3.7
Tuberculosis disease,2016,5-9 years,2,suppressed
Cholera,2016,10-14 years,0,0
Arboviral diseases,2016,10-14 years,9,3
Cysticercosis,2016,10-14 years,0,0
Typhoid fever,2016,10-14 years,2,suppressed
Salmonellosis,2016,10-14 years,32,10.8
Taeniasis,2016,10-14 years,0,0
Tetanus,2016,10-14 years,0,0
Diphtheria,2016,10-14 years,0,0
Rickettsial disease,2016,10-14 years,0,0
Leptospirosis,2016,10-14 years,0,0
Hepatitis C,2016,10-14 years,0,0
Meningoencephalitis - primary amoebic,2016,10-14 years,0,0
Legionellosis,2016,10-14 years,0,0
Hepatitis B,2016,10-14 years,0,0
Malaria,2016,10-14 years,1,suppressed
Q fever,2016,10-14 years,0,0
Haemophilus influenzae type b,2016,10-14 years,0,0
Rubella,2016,10-14 years,0,0
Cryptosporidiosis,2016,10-14 years,61,20.5
Listeriosis,2016,10-14 years,0,0
Invasive group A streptococcal infection,2016,10-14 years,0,0
Hepatitis NOS,2016,10-14 years,0,0
Toxic shellfish poisoning,2016,10-14 years,0,0
Mpox,2016,10-14 years,0,0
Measles,2016,10-14 years,18,6.1
Rheumatic fever,2016,10-14 years,61,20.5
Yersiniosis,2016,10-14 years,33,11.1
Leprosy,2016,10-14 years,0,0
Pertussis,2016,10-14 years,98,32.9
Hepatitis A,2016,10-14 years,0,0
Hydatid disease,2016,10-14 years,0,0
Acute gastroenteritis,2016,10-14 years,14,4.7
Shigellosis,2016,10-14 years,4,suppressed
Giardiasis,2016,10-14 years,42,14.1
Mumps,2016,10-14 years,4,suppressed
Tuberculosis disease,2016,10-14 years,6,2
Meningococcal disease,2016,10-14 years,2,suppressed
Poliomyelitis,2016,10-14 years,0,0
Paratyphoid fever,2016,10-14 years,0,0
Rabies and other lyssaviruses,2016,10-14 years,0,0
VTEC/STEC infection,2016,10-14 years,18,6.1
Campylobacteriosis,2016,10-14 years,292,98.2
Trichinosis,2016,10-14 years,0,0
Invasive pneumococcal disease,2016,10-14 years,4,suppressed
Brucellosis,2016,10-14 years,0,0
Cryptosporidiosis,2016,15-19 years,57,17.9
Arboviral diseases,2016,15-19 years,16,5
Pertussis,2016,15-19 years,89,28
Toxic shellfish poisoning,2016,15-19 years,0,0
Salmonellosis,2016,15-19 years,50,15.7
Shigellosis,2016,15-19 years,5,1.6
Cysticercosis,2016,15-19 years,0,0
Mumps,2016,15-19 years,1,suppressed
Yersiniosis,2016,15-19 years,36,11.3
Leptospirosis,2016,15-19 years,2,suppressed
Giardiasis,2016,15-19 years,46,14.5
Meningoencephalitis - primary amoebic,2016,15-19 years,0,0
Trichinosis,2016,15-19 years,0,0
VTEC/STEC infection,2016,15-19 years,21,6.6
Poliomyelitis,2016,15-19 years,0,0
Listeriosis,2016,15-19 years,1,suppressed
Tetanus,2016,15-19 years,0,0
Hepatitis NOS,2016,15-19 years,0,0
Rickettsial disease,2016,15-19 years,0,0
Taeniasis,2016,15-19 years,0,0
Hepatitis C,2016,15-19 years,0,0
Rheumatic fever,2016,15-19 years,17,5.4
Rabies and other lyssaviruses,2016,15-19 years,0,0
Hepatitis B,2016,15-19 years,0,0
Hepatitis A,2016,15-19 years,1,suppressed
Typhoid fever,2016,15-19 years,3,suppressed
Malaria,2016,15-19 years,2,suppressed
Haemophilus influenzae type b,2016,15-19 years,0,0
Invasive group A streptococcal infection,2016,15-19 years,0,0
Acute gastroenteritis,2016,15-19 years,19,6
Diphtheria,2016,15-19 years,0,0
Tuberculosis disease,2016,15-19 years,17,5.4
Mpox,2016,15-19 years,0,0
Measles,2016,15-19 years,26,8.2
Cholera,2016,15-19 years,0,0
Legionellosis,2016,15-19 years,2,suppressed
Meningococcal disease,2016,15-19 years,10,3.1
Hydatid disease,2016,15-19 years,0,0
Invasive pneumococcal disease,2016,15-19 years,11,3.5
Campylobacteriosis,2016,15-19 years,452,142.3
Rubella,2016,15-19 years,0,0
Paratyphoid fever,2016,15-19 years,2,suppressed
Leprosy,2016,15-19 years,0,0
Brucellosis,2016,15-19 years,0,0
Q fever,2016,15-19 years,0,0
Listeriosis,2016,20-24 years,2,suppressed
Mpox,2016,20-24 years,0,0
Tetanus,2016,20-24 years,0,0
Rheumatic fever,2016,20-24 years,17,5
Hepatitis B,2016,20-24 years,3,suppressed
Meningococcal disease,2016,20-24 years,9,2.6
Measles,2016,20-24 years,11,3.2
Typhoid fever,2016,20-24 years,3,suppressed
Leptospirosis,2016,20-24 years,9,2.6
Rubella,2016,20-24 years,1,suppressed
Invasive group A streptococcal infection,2016,20-24 years,0,0
Poliomyelitis,2016,20-24 years,0,0
Hepatitis NOS,2016,20-24 years,1,suppressed
Diphtheria,2016,20-24 years,0,0
Cryptosporidiosis,2016,20-24 years,87,25.4
Toxic shellfish poisoning,2016,20-24 years,0,0
Arboviral diseases,2016,20-24 years,35,10.2
Legionellosis,2016,20-24 years,0,0
Paratyphoid fever,2016,20-24 years,5,1.5
Yersiniosis,2016,20-24 years,55,16
Leprosy,2016,20-24 years,0,0
Campylobacteriosis,2016,20-24 years,591,172.3
Q fever,2016,20-24 years,0,0
Haemophilus influenzae type b,2016,20-24 years,0,0
Acute gastroenteritis,2016,20-24 years,20,5.8
Mumps,2016,20-24 years,1,suppressed
Brucellosis,2016,20-24 years,0,0
Tuberculosis disease,2016,20-24 years,37,10.8
Salmonellosis,2016,20-24 years,83,24.2
Taeniasis,2016,20-24 years,0,0
Hepatitis C,2016,20-24 years,2,suppressed
Meningoencephalitis - primary amoebic,2016,20-24 years,0,0
Rabies and other lyssaviruses,2016,20-24 years,0,0
Hydatid disease,2016,20-24 years,0,0
Pertussis,2016,20-24 years,59,17.2
Invasive pneumococcal disease,2016,20-24 years,14,4.1
Trichinosis,2016,20-24 years,0,0
Rickettsial disease,2016,20-24 years,0,0
Shigellosis,2016,20-24 years,7,2
Cysticercosis,2016,20-24 years,0,0
Giardiasis,2016,20-24 years,84,24.5
Cholera,2016,20-24 years,0,0
Malaria,2016,20-24 years,7,2
Hepatitis A,2016,20-24 years,4,suppressed
VTEC/STEC infection,2016,20-24 years,28,8.2
Diphtheria,2016,25-29 years,0,0
Rickettsial disease,2016,25-29 years,0,0
Shigellosis,2016,25-29 years,19,5.6
Hepatitis C,2016,25-29 years,4,suppressed
Yersiniosis,2016,25-29 years,60,17.8
Rabies and other lyssaviruses,2016,25-29 years,0,0
Invasive group A streptococcal infection,2016,25-29 years,0,0
Poliomyelitis,2016,25-29 years,0,0
Tetanus,2016,25-29 years,0,0
Tuberculosis disease,2016,25-29 years,45,13.3
Hepatitis NOS,2016,25-29 years,2,suppressed
Leptospirosis,2016,25-29 years,8,2.4
Arboviral diseases,2016,25-29 years,31,9.2
Meningococcal disease,2016,25-29 years,2,suppressed
Rheumatic fever,2016,25-29 years,9,2.7
Legionellosis,2016,25-29 years,3,suppressed
Pertussis,2016,25-29 years,48,14.2
Giardiasis,2016,25-29 years,113,33.4
Trichinosis,2016,25-29 years,0,0
Malaria,2016,25-29 years,5,1.5
Rubella,2016,25-29 years,0,0
Haemophilus influenzae type b,2016,25-29 years,0,0
Listeriosis,2016,25-29 years,0,0
Mumps,2016,25-29 years,4,suppressed
Salmonellosis,2016,25-29 years,72,21.3
Taeniasis,2016,25-29 years,1,suppressed
Measles,2016,25-29 years,6,1.8
Paratyphoid fever,2016,25-29 years,5,1.5
Q fever,2016,25-29 years,0,0
Hepatitis B,2016,25-29 years,1,suppressed
Hepatitis A,2016,25-29 years,9,2.7
Typhoid fever,2016,25-29 years,9,2.7
Cryptosporidiosis,2016,25-29 years,74,21.9
Acute gastroenteritis,2016,25-29 years,31,9.2
Mpox,2016,25-29 years,0,0
Brucellosis,2016,25-29 years,0,0
Meningoencephalitis - primary amoebic,2016,25-29 years,0,0
Invasive pneumococcal disease,2016,25-29 years,13,3.8
Cholera,2016,25-29 years,0,0
Cysticercosis,2016,25-29 years,0,0
Campylobacteriosis,2016,25-29 years,492,145.6
Toxic shellfish poisoning,2016,25-29 years,0,0
Hydatid disease,2016,25-29 years,0,0
VTEC/STEC infection,2016,25-29 years,21,6.2
Leprosy,2016,25-29 years,0,0
Hepatitis B,2016,30-34 years,4,suppressed
Rubella,2016,30-34 years,0,0
Acute gastroenteritis,2016,30-34 years,31,10.2
Rheumatic fever,2016,30-34 years,8,2.6
Cryptosporidiosis,2016,30-34 years,77,25.3
Diphtheria,2016,30-34 years,0,0
Hepatitis NOS,2016,30-34 years,0,0
Arboviral diseases,2016,30-34 years,39,12.8
Paratyphoid fever,2016,30-34 years,8,2.6
Hepatitis C,2016,30-34 years,6,2
Legionellosis,2016,30-34 years,2,suppressed
Yersiniosis,2016,30-34 years,74,24.3
Brucellosis,2016,30-34 years,0,0
Typhoid fever,2016,30-34 years,5,1.6
Q fever,2016,30-34 years,0,0
Trichinosis,2016,30-34 years,0,0
Shigellosis,2016,30-34 years,14,4.6
Poliomyelitis,2016,30-34 years,0,0
Tetanus,2016,30-34 years,0,0
Mumps,2016,30-34 years,2,suppressed
Rickettsial disease,2016,30-34 years,1,suppressed
Cysticercosis,2016,30-34 years,0,0
Measles,2016,30-34 years,1,suppressed
Campylobacteriosis,2016,30-34 years,411,134.9
Cholera,2016,30-34 years,0,0
Meningococcal disease,2016,30-34 years,0,0
Hepatitis A,2016,30-34 years,1,suppressed
Listeriosis,2016,30-34 years,3,suppressed
Malaria,2016,30-34 years,4,suppressed
Invasive pneumococcal disease,2016,30-34 years,13,4.3
Haemophilus influenzae type b,2016,30-34 years,1,suppressed
Toxic shellfish poisoning,2016,30-34 years,0,0
Tuberculosis disease,2016,30-34 years,35,11.5
Meningoencephalitis - primary amoebic,2016,30-34 years,0,0
Taeniasis,2016,30-34 years,2,suppressed
Pertussis,2016,30-34 years,47,15.4
VTEC/STEC infection,2016,30-34 years,13,4.3
Giardiasis,2016,30-34 years,163,53.5
Leprosy,2016,30-34 years,0,0
Hydatid disease,2016,30-34 years,1,suppressed
Salmonellosis,2016,30-34 years,55,18
Mpox,2016,30-34 years,0,0
Leptospirosis,2016,30-34 years,5,1.6
Rabies and other lyssaviruses,2016,30-34 years,0,0
Invasive group A streptococcal infection,2016,30-34 years,0,0
Yersiniosis,2016,35-39 years,52,18.1
Mumps,2016,35-39 years,1,suppressed
Trichinosis,2016,35-39 years,0,0
Hepatitis C,2016,35-39 years,4,suppressed
Listeriosis,2016,35-39 years,1,suppressed
Tuberculosis disease,2016,35-39 years,31,10.8
Meningoencephalitis - primary amoebic,2016,35-39 years,0,0
Measles,2016,35-39 years,3,suppressed
Toxic shellfish poisoning,2016,35-39 years,0,0
Cysticercosis,2016,35-39 years,0,0
Malaria,2016,35-39 years,1,suppressed
Pertussis,2016,35-39 years,78,27.2
Rheumatic fever,2016,35-39 years,4,suppressed
Acute gastroenteritis,2016,35-39 years,26,9.1
Shigellosis,2016,35-39 years,11,3.8
Rubella,2016,35-39 years,1,suppressed
Haemophilus influenzae type b,2016,35-39 years,0,0
Salmonellosis,2016,35-39 years,59,20.6
Taeniasis,2016,35-39 years,0,0
Giardiasis,2016,35-39 years,157,54.8
Leptospirosis,2016,35-39 years,3,suppressed
Rabies and other lyssaviruses,2016,35-39 years,0,0
Hepatitis A,2016,35-39 years,1,suppressed
Poliomyelitis,2016,35-39 years,0,0
Typhoid fever,2016,35-39 years,3,suppressed
Cholera,2016,35-39 years,0,0
Hydatid disease,2016,35-39 years,0,0
Brucellosis,2016,35-39 years,0,0
Tetanus,2016,35-39 years,0,0
Invasive group A streptococcal infection,2016,35-39 years,0,0
Rickettsial disease,2016,35-39 years,0,0
Hepatitis B,2016,35-39 years,2,suppressed
Leprosy,2016,35-39 years,0,0
Arboviral diseases,2016,35-39 years,32,11.2
Mpox,2016,35-39 years,0,0
Hepatitis NOS,2016,35-39 years,0,0
VTEC/STEC infection,2016,35-39 years,14,4.9
Q fever,2016,35-39 years,0,0
Diphtheria,2016,35-39 years,0,0
Paratyphoid fever,2016,35-39 years,2,suppressed
Legionellosis,2016,35-39 years,5,1.7
Meningococcal disease,2016,35-39 years,0,0
Cryptosporidiosis,2016,35-39 years,71,24.8
Campylobacteriosis,2016,35-39 years,355,123.8
Invasive pneumococcal disease,2016,35-39 years,12,4.2
Cysticercosis,2016,40-44 years,0,0
Taeniasis,2016,40-44 years,0,0
Trichinosis,2016,40-44 years,0,0
Measles,2016,40-44 years,0,0
Haemophilus influenzae type b,2016,40-44 years,0,0
Typhoid fever,2016,40-44 years,2,suppressed
Q fever,2016,40-44 years,0,0
Arboviral diseases,2016,40-44 years,24,7.8
Toxic shellfish poisoning,2016,40-44 years,1,suppressed
Rubella,2016,40-44 years,0,0
Shigellosis,2016,40-44 years,11,3.6
Hepatitis A,2016,40-44 years,2,suppressed
Mumps,2016,40-44 years,0,0
Salmonellosis,2016,40-44 years,62,20.1
Brucellosis,2016,40-44 years,0,0
Tetanus,2016,40-44 years,0,0
Paratyphoid fever,2016,40-44 years,1,suppressed
Hepatitis B,2016,40-44 years,2,suppressed
Meningococcal disease,2016,40-44 years,2,suppressed
Pertussis,2016,40-44 years,73,23.7
Cholera,2016,40-44 years,0,0
Malaria,2016,40-44 years,1,suppressed
Acute gastroenteritis,2016,40-44 years,27,8.8
Poliomyelitis,2016,40-44 years,0,0
Listeriosis,2016,40-44 years,0,0
Invasive group A streptococcal infection,2016,40-44 years,0,0
Rickettsial disease,2016,40-44 years,0,0
Rheumatic fever,2016,40-44 years,0,0
Hepatitis C,2016,40-44 years,7,2.3
Legionellosis,2016,40-44 years,11,3.6
Yersiniosis,2016,40-44 years,47,15.3
Hydatid disease,2016,40-44 years,0,0
Giardiasis,2016,40-44 years,114,37
Leptospirosis,2016,40-44 years,6,1.9
Invasive pneumococcal disease,2016,40-44 years,14,4.5
Hepatitis NOS,2016,40-44 years,1,suppressed
VTEC/STEC infection,2016,40-44 years,16,5.2
Leprosy,2016,40-44 years,0,0
Diphtheria,2016,40-44 years,0,0
Meningoencephalitis - primary amoebic,2016,40-44 years,0,0
Rabies and other lyssaviruses,2016,40-44 years,0,0
Campylobacteriosis,2016,40-44 years,367,119.2
Cryptosporidiosis,2016,40-44 years,49,15.9
Tuberculosis disease,2016,40-44 years,18,5.8
Mpox,2016,40-44 years,0,0
Arboviral diseases,2017,0-4 years,4,suppressed
Diphtheria,2017,0-4 years,0,0
Meningococcal disease,2017,0-4 years,38,12.4
Hepatitis NOS,2017,0-4 years,0,0
Giardiasis,2017,0-4 years,292,95.6
Mumps,2017,0-4 years,57,18.7
Yersiniosis,2017,0-4 years,203,66.4
Rheumatic fever,2017,0-4 years,2,suppressed
Tetanus,2017,0-4 years,0,0
Hepatitis B,2017,0-4 years,0,0
Trichinosis,2017,0-4 years,0,0
Shigellosis,2017,0-4 years,29,9.5
Pertussis,2017,0-4 years,351,114.9
Poliomyelitis,2017,0-4 years,0,0
Tuberculosis disease,2017,0-4 years,3,suppressed
Campylobacteriosis,2017,0-4 years,779,255
Hydatid disease,2017,0-4 years,0,0
Hepatitis C,2017,0-4 years,0,0
Brucellosis,2017,0-4 years,0,0
Rabies and other lyssaviruses,2017,0-4 years,0,0
Paratyphoid fever,2017,0-4 years,3,suppressed
Legionellosis,2017,0-4 years,1,suppressed
Leprosy,2017,0-4 years,0,0
Hepatitis A,2017,0-4 years,5,1.6
Rubella,2017,0-4 years,0,0
Malaria,2017,0-4 years,1,suppressed
Haemophilus influenzae type b,2017,0-4 years,1,suppressed
VTEC/STEC infection,2017,0-4 years,156,51.1
Listeriosis,2017,0-4 years,1,suppressed
Taeniasis,2017,0-4 years,0,0
Measles,2017,0-4 years,2,suppressed
Leptospirosis,2017,0-4 years,0,0
Cysticercosis,2017,0-4 years,0,0
Meningoencephalitis - primary amoebic,2017,0-4 years,0,0
Invasive group A streptococcal infection,2017,0-4 years,0,0
Cryptosporidiosis,2017,0-4 years,339,111
Mpox,2017,0-4 years,0,0
Typhoid fever,2017,0-4 years,6,2
Invasive pneumococcal disease,2017,0-4 years,45,14.7
Cholera,2017,0-4 years,0,0
Rickettsial disease,2017,0-4 years,0,0
Acute gastroenteritis,2017,0-4 years,60,19.6
Toxic shellfish poisoning,2017,0-4 years,0,0
Salmonellosis,2017,0-4 years,230,75.3
Q fever,2017,0-4 years,0,0
Arboviral diseases,2017,45-49 years,19,5.7
Hepatitis NOS,2017,45-49 years,1,suppressed
Tetanus,2017,45-49 years,0,0
Cholera,2017,45-49 years,0,0
Typhoid fever,2017,45-49 years,7,2.1
Hydatid disease,2017,45-49 years,0,0
Brucellosis,2017,45-49 years,0,0
Mumps,2017,45-49 years,23,7
Listeriosis,2017,45-49 years,0,0
Diphtheria,2017,45-49 years,0,0
Hepatitis C,2017,45-49 years,3,suppressed
Toxic shellfish poisoning,2017,45-49 years,0,0
Salmonellosis,2017,45-49 years,60,18.2
Rabies and other lyssaviruses,2017,45-49 years,0,0
Hepatitis B,2017,45-49 years,6,1.8
Yersiniosis,2017,45-49 years,47,14.2
Trichinosis,2017,45-49 years,0,0
Q fever,2017,45-49 years,0,0
Malaria,2017,45-49 years,1,suppressed
Shigellosis,2017,45-49 years,17,5.1
Poliomyelitis,2017,45-49 years,0,0
Haemophilus influenzae type b,2017,45-49 years,0,0
VTEC/STEC infection,2017,45-49 years,27,8.2
Cysticercosis,2017,45-49 years,0,0
Campylobacteriosis,2017,45-49 years,357,108
Measles,2017,45-49 years,0,0
Giardiasis,2017,45-49 years,92,27.8
Meningococcal disease,2017,45-49 years,1,suppressed
Mpox,2017,45-49 years,0,0
Pertussis,2017,45-49 years,150,45.4
Hepatitis A,2017,45-49 years,2,suppressed
Leprosy,2017,45-49 years,0,0
Rubella,2017,45-49 years,0,0
Invasive pneumococcal disease,2017,45-49 years,25,7.6
Paratyphoid fever,2017,45-49 years,1,suppressed
Acute gastroenteritis,2017,45-49 years,20,6.1
Taeniasis,2017,45-49 years,0,0
Rickettsial disease,2017,45-49 years,0,0
Leptospirosis,2017,45-49 years,10,3
Meningoencephalitis - primary amoebic,2017,45-49 years,0,0
Legionellosis,2017,45-49 years,15,4.5
Rheumatic fever,2017,45-49 years,0,0
Invasive group A streptococcal infection,2017,45-49 years,0,0
Cryptosporidiosis,2017,45-49 years,28,8.5
Tuberculosis disease,2017,45-49 years,12,3.6
Tetanus,2017,50-54 years,0,0
Cysticercosis,2017,50-54 years,0,0
Rubella,2017,50-54 years,0,0
Hepatitis B,2017,50-54 years,4,suppressed
Trichinosis,2017,50-54 years,0,0
Diphtheria,2017,50-54 years,0,0
Mumps,2017,50-54 years,17,5.3
Shigellosis,2017,50-54 years,16,5
Salmonellosis,2017,50-54 years,82,25.6
Hepatitis C,2017,50-54 years,1,suppressed
Campylobacteriosis,2017,50-54 years,438,136.7
Measles,2017,50-54 years,1,suppressed
Brucellosis,2017,50-54 years,0,0
Typhoid fever,2017,50-54 years,1,suppressed
Arboviral diseases,2017,50-54 years,14,4.4
Rheumatic fever,2017,50-54 years,0,0
Haemophilus influenzae type b,2017,50-54 years,0,0
VTEC/STEC infection,2017,50-54 years,18,5.6
Cryptosporidiosis,2017,50-54 years,32,10
Invasive pneumococcal disease,2017,50-54 years,34,10.6
Tuberculosis disease,2017,50-54 years,15,4.7
Toxic shellfish poisoning,2017,50-54 years,0,0
Giardiasis,2017,50-54 years,89,27.8
Hepatitis NOS,2017,50-54 years,2,suppressed
Rabies and other lyssaviruses,2017,50-54 years,0,0
Meningococcal disease,2017,50-54 years,8,2.5
Mpox,2017,50-54 years,0,0
Pertussis,2017,50-54 years,109,34
Q fever,2017,50-54 years,0,0
Poliomyelitis,2017,50-54 years,0,0
Hydatid disease,2017,50-54 years,0,0
Rickettsial disease,2017,50-54 years,1,suppressed
Cholera,2017,50-54 years,0,0
Paratyphoid fever,2017,50-54 years,4,suppressed
Taeniasis,2017,50-54 years,0,0
Leptospirosis,2017,50-54 years,20,6.2
Yersiniosis,2017,50-54 years,58,18.1
Legionellosis,2017,50-54 years,19,5.9
Acute gastroenteritis,2017,50-54 years,24,7.5
Invasive group A streptococcal infection,2017,50-54 years,0,0
Malaria,2017,50-54 years,3,suppressed
Hepatitis A,2017,50-54 years,0,0
Meningoencephalitis - primary amoebic,2017,50-54 years,0,0
Listeriosis,2017,50-54 years,2,suppressed
Leprosy,2017,50-54 years,0,0
Tetanus,2017,55-59 years,0,0
Haemophilus influenzae type b,2017,55-59 years,1,suppressed
Trichinosis,2017,55-59 years,0,0
Hepatitis B,2017,55-59 years,1,suppressed
Measles,2017,55-59 years,0,0
Hepatitis NOS,2017,55-59 years,2,suppressed
Shigellosis,2017,55-59 years,17,5.5
Meningococcal disease,2017,55-59 years,6,2
Salmonellosis,2017,55-59 years,74,24.1
Arboviral diseases,2017,55-59 years,18,5.9
Q fever,2017,55-59 years,0,0
Rubella,2017,55-59 years,0,0
Pertussis,2017,55-59 years,88,28.6
VTEC/STEC infection,2017,55-59 years,29,9.4
Mumps,2017,55-59 years,15,4.9
Cholera,2017,55-59 years,0,0
Taeniasis,2017,55-59 years,1,suppressed
Cysticercosis,2017,55-59 years,0,0
Hepatitis C,2017,55-59 years,0,0
Yersiniosis,2017,55-59 years,53,17.2
Rheumatic fever,2017,55-59 years,1,suppressed
Legionellosis,2017,55-59 years,23,7.5
Brucellosis,2017,55-59 years,0,0
Hepatitis A,2017,55-59 years,1,suppressed
Typhoid fever,2017,55-59 years,2,suppressed
Invasive pneumococcal disease,2017,55-59 years,45,14.6
Hydatid disease,2017,55-59 years,0,0
Listeriosis,2017,55-59 years,1,suppressed
Diphtheria,2017,55-59 years,0,0
Tuberculosis disease,2017,55-59 years,10,3.3
Rickettsial disease,2017,55-59 years,0,0
Leptospirosis,2017,55-59 years,20,6.5
Campylobacteriosis,2017,55-59 years,418,135.9
Rabies and other lyssaviruses,2017,55-59 years,0,0
Invasive group A streptococcal infection,2017,55-59 years,0,0
Giardiasis,2017,55-59 years,86,28
Leprosy,2017,55-59 years,0,0
Malaria,2017,55-59 years,2,suppressed
Meningoencephalitis - primary amoebic,2017,55-59 years,0,0
Acute gastroenteritis,2017,55-59 years,15,4.9
Cryptosporidiosis,2017,55-59 years,26,8.5
Paratyphoid fever,2017,55-59 years,3,suppressed
Mpox,2017,55-59 years,0,0
Toxic shellfish poisoning,2017,55-59 years,0,0
Poliomyelitis,2017,55-59 years,0,0
Arboviral diseases,2017,60-64 years,7,2.7
Taeniasis,2017,60-64 years,0,0
Shigellosis,2017,60-64 years,10,3.8
Hepatitis B,2017,60-64 years,3,suppressed
Yersiniosis,2017,60-64 years,45,17.1
Rubella,2017,60-64 years,0,0
Rheumatic fever,2017,60-64 years,0,0
Trichinosis,2017,60-64 years,0,0
Haemophilus influenzae type b,2017,60-64 years,0,0
Mumps,2017,60-64 years,10,3.8
Typhoid fever,2017,60-64 years,0,0
Hepatitis NOS,2017,60-64 years,1,suppressed
Tuberculosis disease,2017,60-64 years,21,8
Measles,2017,60-64 years,0,0
Diphtheria,2017,60-64 years,0,0
Rabies and other lyssaviruses,2017,60-64 years,0,0
Salmonellosis,2017,60-64 years,61,23.1
Meningococcal disease,2017,60-64 years,2,suppressed
Hepatitis C,2017,60-64 years,0,0
Malaria,2017,60-64 years,1,suppressed
Pertussis,2017,60-64 years,71,26.9
Hepatitis A,2017,60-64 years,3,suppressed
Tetanus,2017,60-64 years,0,0
VTEC/STEC infection,2017,60-64 years,26,9.9
Listeriosis,2017,60-64 years,3,suppressed
Cholera,2017,60-64 years,0,0
Rickettsial disease,2017,60-64 years,1,suppressed
Leptospirosis,2017,60-64 years,9,3.4
Campylobacteriosis,2017,60-64 years,387,146.7
Legionellosis,2017,60-64 years,37,14
Meningoencephalitis - primary amoebic,2017,60-64 years,0,0
Hydatid disease,2017,60-64 years,0,0
Q fever,2017,60-64 years,0,0
Brucellosis,2017,60-64 years,0,0
Paratyphoid fever,2017,60-64 years,0,0
Giardiasis,2017,60-64 years,80,30.3
Poliomyelitis,2017,60-64 years,0,0
Cysticercosis,2017,60-64 years,0,0
Toxic shellfish poisoning,2017,60-64 years,0,0
Invasive group A streptococcal infection,2017,60-64 years,0,0
Invasive pneumococcal disease,2017,60-64 years,53,20.1
Leprosy,2017,60-64 years,0,0
Mpox,2017,60-64 years,0,0
Acute gastroenteritis,2017,60-64 years,12,4.6
Cryptosporidiosis,2017,60-64 years,23,8.7
Hepatitis NOS,2017,65-69 years,0,0
Trichinosis,2017,65-69 years,0,0
Yersiniosis,2017,65-69 years,57,24.5
Meningococcal disease,2017,65-69 years,4,suppressed
Arboviral diseases,2017,65-69 years,14,6
Haemophilus influenzae type b,2017,65-69 years,0,0
Shigellosis,2017,65-69 years,12,5.2
Diphtheria,2017,65-69 years,0,0
Cholera,2017,65-69 years,0,0
Taeniasis,2017,65-69 years,1,suppressed
Typhoid fever,2017,65-69 years,1,suppressed
Hepatitis B,2017,65-69 years,3,suppressed
Toxic shellfish poisoning,2017,65-69 years,0,0
Rheumatic fever,2017,65-69 years,0,0
Mumps,2017,65-69 years,1,suppressed
Brucellosis,2017,65-69 years,0,0
Pertussis,2017,65-69 years,49,21
Rubella,2017,65-69 years,0,0
Hydatid disease,2017,65-69 years,0,0
VTEC/STEC infection,2017,65-69 years,22,9.4
Tetanus,2017,65-69 years,0,0
Paratyphoid fever,2017,65-69 years,0,0
Tuberculosis disease,2017,65-69 years,18,7.7
Hepatitis C,2017,65-69 years,0,0
Campylobacteriosis,2017,65-69 years,385,165.3
Invasive group A streptococcal infection,2017,65-69 years,0,0
Rabies and other lyssaviruses,2017,65-69 years,0,0
Q fever,2017,65-69 years,0,0
Acute gastroenteritis,2017,65-69 years,12,5.2
Leprosy,2017,65-69 years,0,0
Hepatitis A,2017,65-69 years,0,0
Malaria,2017,65-69 years,2,suppressed
Salmonellosis,2017,65-69 years,56,24
Listeriosis,2017,65-69 years,2,suppressed
Poliomyelitis,2017,65-69 years,0,0
Meningoencephalitis - primary amoebic,2017,65-69 years,0,0
Invasive pneumococcal disease,2017,65-69 years,50,21.5
Measles,2017,65-69 years,0,0
Leptospirosis,2017,65-69 years,11,4.7
Mpox,2017,65-69 years,0,0
Giardiasis,2017,65-69 years,65,27.9
Legionellosis,2017,65-69 years,29,12.4
Cryptosporidiosis,2017,65-69 years,16,6.9
Rickettsial disease,2017,65-69 years,1,suppressed
Cysticercosis,2017,65-69 years,0,0
Malaria,2017,70-74 years,1,suppressed
Invasive pneumococcal disease,2017,70-74 years,60,33.6
Shigellosis,2017,70-74 years,9,5
Hepatitis NOS,2017,70-74 years,0,0
Diphtheria,2017,70-74 years,0,0
Typhoid fever,2017,70-74 years,0,0
Mumps,2017,70-74 years,2,suppressed
Listeriosis,2017,70-74 years,1,suppressed
Rabies and other lyssaviruses,2017,70-74 years,0,0
Meningococcal disease,2017,70-74 years,5,2.8
Hepatitis C,2017,70-74 years,0,0
Pertussis,2017,70-74 years,42,23.5
Trichinosis,2017,70-74 years,0,0
Q fever,2017,70-74 years,0,0
Hepatitis B,2017,70-74 years,0,0
Tetanus,2017,70-74 years,0,0
VTEC/STEC infection,2017,70-74 years,27,15.1
Paratyphoid fever,2017,70-74 years,0,0
Haemophilus influenzae type b,2017,70-74 years,0,0
Measles,2017,70-74 years,0,0
Campylobacteriosis,2017,70-74 years,290,162.5
Toxic shellfish poisoning,2017,70-74 years,0,0
Salmonellosis,2017,70-74 years,39,21.9
Legionellosis,2017,70-74 years,33,18.5
Brucellosis,2017,70-74 years,0,0
Leprosy,2017,70-74 years,0,0
Hepatitis A,2017,70-74 years,1,suppressed
Cholera,2017,70-74 years,0,0
Arboviral diseases,2017,70-74 years,5,2.8
Rubella,2017,70-74 years,0,0
Giardiasis,2017,70-74 years,25,14
Mpox,2017,70-74 years,0,0
Taeniasis,2017,70-74 years,0,0
Cysticercosis,2017,70-74 years,0,0
Rheumatic fever,2017,70-74 years,0,0
Leptospirosis,2017,70-74 years,3,suppressed
Meningoencephalitis - primary amoebic,2017,70-74 years,0,0
Yersiniosis,2017,70-74 years,25,14
Poliomyelitis,2017,70-74 years,0,0
Acute gastroenteritis,2017,70-74 years,5,2.8
Cryptosporidiosis,2017,70-74 years,10,5.6
Rickettsial disease,2017,70-74 years,0,0
Tuberculosis disease,2017,70-74 years,8,4.5
Invasive group A streptococcal infection,2017,70-74 years,0,0
Hydatid disease,2017,70-74 years,0,0
Q fever,2017,75-79 years,0,0
Typhoid fever,2017,75-79 years,0,0
Shigellosis,2017,75-79 years,9,6.7
Cysticercosis,2017,75-79 years,0,0
Measles,2017,75-79 years,0,0
Rabies and other lyssaviruses,2017,75-79 years,0,0
Tetanus,2017,75-79 years,0,0
Trichinosis,2017,75-79 years,0,0
Hepatitis A,2017,75-79 years,0,0
Mumps,2017,75-79 years,0,0
Arboviral diseases,2017,75-79 years,5,3.7
Rubella,2017,75-79 years,0,0
VTEC/STEC infection,2017,75-79 years,26,19.5
Cryptosporidiosis,2017,75-79 years,7,5.2
Taeniasis,2017,75-79 years,0,0
Hepatitis C,2017,75-79 years,1,suppressed
Leptospirosis,2017,75-79 years,2,suppressed
Toxic shellfish poisoning,2017,75-79 years,0,0
Meningococcal disease,2017,75-79 years,3,suppressed
Brucellosis,2017,75-79 years,1,suppressed
Pertussis,2017,75-79 years,28,21
Rheumatic fever,2017,75-79 years,0,0
Leprosy,2017,75-79 years,0,0
Hydatid disease,2017,75-79 years,0,0
Haemophilus influenzae type b,2017,75-79 years,0,0
Poliomyelitis,2017,75-79 years,0,0
Listeriosis,2017,75-79 years,2,suppressed
Hepatitis NOS,2017,75-79 years,0,0
Tuberculosis disease,2017,75-79 years,17,12.7
Hepatitis B,2017,75-79 years,0,0
Rickettsial disease,2017,75-79 years,0,0
Salmonellosis,2017,75-79 years,16,12
Yersiniosis,2017,75-79 years,18,13.5
Invasive pneumococcal disease,2017,75-79 years,42,31.5
Mpox,2017,75-79 years,0,0
Giardiasis,2017,75-79 years,17,12.7
Malaria,2017,75-79 years,0,0
Diphtheria,2017,75-79 years,0,0
Campylobacteriosis,2017,75-79 years,228,170.8
Legionellosis,2017,75-79 years,23,17.2
Cholera,2017,75-79 years,0,0
Meningoencephalitis - primary amoebic,2017,75-79 years,0,0
Invasive group A streptococcal infection,2017,75-79 years,0,0
Acute gastroenteritis,2017,75-79 years,7,5.2
Paratyphoid fever,2017,75-79 years,0,0
Rubella,2017,80-84 years,0,0
Tetanus,2017,80-84 years,0,0
Hepatitis NOS,2017,80-84 years,0,0
Typhoid fever,2017,80-84 years,0,0
Pertussis,2017,80-84 years,12,14.2
Malaria,2017,80-84 years,0,0
Cysticercosis,2017,80-84 years,0,0
Brucellosis,2017,80-84 years,0,0
Hepatitis C,2017,80-84 years,0,0
Arboviral diseases,2017,80-84 years,1,suppressed
Trichinosis,2017,80-84 years,0,0
Measles,2017,80-84 years,0,0
Haemophilus influenzae type b,2017,80-84 years,0,0
Rabies and other lyssaviruses,2017,80-84 years,0,0
Diphtheria,2017,80-84 years,1,suppressed
Hepatitis B,2017,80-84 years,0,0
Rheumatic fever,2017,80-84 years,0,0
Mpox,2017,80-84 years,0,0
Leprosy,2017,80-84 years,0,0
Invasive pneumococcal disease,2017,80-84 years,31,36.6
Hydatid disease,2017,80-84 years,0,0
Toxic shellfish poisoning,2017,80-84 years,0,0
Poliomyelitis,2017,80-84 years,0,0
Listeriosis,2017,80-84 years,3,suppressed
Mumps,2017,80-84 years,0,0
Meningococcal disease,2017,80-84 years,1,suppressed
Shigellosis,2017,80-84 years,1,suppressed
Leptospirosis,2017,80-84 years,1,suppressed
Q fever,2017,80-84 years,0,0
Acute gastroenteritis,2017,80-84 years,8,9.5
Campylobacteriosis,2017,80-84 years,136,160.7
Invasive group A streptococcal infection,2017,80-84 years,0,0
VTEC/STEC infection,2017,80-84 years,10,11.8
Tuberculosis disease,2017,80-84 years,7,8.3
Taeniasis,2017,80-84 years,0,0
Cholera,2017,80-84 years,0,0
Paratyphoid fever,2017,80-84 years,0,0
Hepatitis A,2017,80-84 years,1,suppressed
Yersiniosis,2017,80-84 years,19,22.4
Giardiasis,2017,80-84 years,10,11.8
Meningoencephalitis - primary amoebic,2017,80-84 years,0,0
Salmonellosis,2017,80-84 years,12,14.2
Rickettsial disease,2017,80-84 years,0,0
Cryptosporidiosis,2017,80-84 years,2,suppressed
Legionellosis,2017,80-84 years,17,20.1
Rubella,2017,85+ years,0,0
Hepatitis C,2017,85+ years,0,0
Shigellosis,2017,85+ years,1,suppressed
Measles,2017,85+ years,0,0
Tetanus,2017,85+ years,0,0
Trichinosis,2017,85+ years,0,0
Typhoid fever,2017,85+ years,0,0
Rheumatic fever,2017,85+ years,0,0
Cholera,2017,85+ years,0,0
Leptospirosis,2017,85+ years,0,0
Malaria,2017,85+ years,0,0
Brucellosis,2017,85+ years,0,0
Meningococcal disease,2017,85+ years,2,suppressed
Giardiasis,2017,85+ years,5,5.9
Pertussis,2017,85+ years,7,8.3
Invasive pneumococcal disease,2017,85+ years,41,48.8
Hydatid disease,2017,85+ years,0,0
Taeniasis,2017,85+ years,0,0
Poliomyelitis,2017,85+ years,0,0
Arboviral diseases,2017,85+ years,0,0
Mumps,2017,85+ years,0,0
Campylobacteriosis,2017,85+ years,142,168.9
Rickettsial disease,2017,85+ years,0,0
Cysticercosis,2017,85+ years,0,0
Hepatitis B,2017,85+ years,0,0
Acute gastroenteritis,2017,85+ years,20,23.8
Meningoencephalitis - primary amoebic,2017,85+ years,0,0
Q fever,2017,85+ years,0,0
Salmonellosis,2017,85+ years,11,13.1
Hepatitis NOS,2017,85+ years,0,0
Tuberculosis disease,2017,85+ years,2,suppressed
Haemophilus influenzae type b,2017,85+ years,1,suppressed
Diphtheria,2017,85+ years,0,0
Yersiniosis,2017,85+ years,20,23.8
Legionellosis,2017,85+ years,6,7.1
VTEC/STEC infection,2017,85+ years,12,14.3
Paratyphoid fever,2017,85+ years,0,0
Hepatitis A,2017,85+ years,0,0
Cryptosporidiosis,2017,85+ years,2,suppressed
Listeriosis,2017,85+ years,4,suppressed
Leprosy,2017,85+ years,0,0
Invasive group A streptococcal infection,2017,85+ years,0,0
Rabies and other lyssaviruses,2017,85+ years,0,0
Toxic shellfish poisoning,2017,85+ years,0,0
Mpox,2017,85+ years,0,0
Mumps,2017,5-9 years,106,32.5
Tetanus,2017,5-9 years,0,0
Rheumatic fever,2017,5-9 years,42,12.9
Giardiasis,2017,5-9 years,104,31.8
Arboviral diseases,2017,5-9 years,6,1.8
Hepatitis B,2017,5-9 years,0,0
Rubella,2017,5-9 years,0,0
Meningococcal disease,2017,5-9 years,5,1.5
Cholera,2017,5-9 years,0,0
Shigellosis,2017,5-9 years,13,4
Campylobacteriosis,2017,5-9 years,320,98
Diphtheria,2017,5-9 years,0,0
Measles,2017,5-9 years,1,suppressed
Brucellosis,2017,5-9 years,0,0
Rabies and other lyssaviruses,2017,5-9 years,0,0
Paratyphoid fever,2017,5-9 years,1,suppressed
Invasive group A streptococcal infection,2017,5-9 years,0,0
Yersiniosis,2017,5-9 years,33,10.1
Leprosy,2017,5-9 years,0,0
Typhoid fever,2017,5-9 years,7,2.1
Trichinosis,2017,5-9 years,0,0
Q fever,2017,5-9 years,0,0
Haemophilus influenzae type b,2017,5-9 years,0,0
VTEC/STEC infection,2017,5-9 years,31,9.5
Listeriosis,2017,5-9 years,0,0
Salmonellosis,2017,5-9 years,53,16.2
Taeniasis,2017,5-9 years,0,0
Cysticercosis,2017,5-9 years,0,0
Hepatitis C,2017,5-9 years,0,0
Leptospirosis,2017,5-9 years,0,0
Legionellosis,2017,5-9 years,1,suppressed
Cryptosporidiosis,2017,5-9 years,149,45.6
Pertussis,2017,5-9 years,295,90.3
Malaria,2017,5-9 years,2,suppressed
Hepatitis A,2017,5-9 years,4,suppressed
Invasive pneumococcal disease,2017,5-9 years,14,4.3
Hydatid disease,2017,5-9 years,1,suppressed
Toxic shellfish poisoning,2017,5-9 years,0,0
Tuberculosis disease,2017,5-9 years,3,suppressed
Hepatitis NOS,2017,5-9 years,0,0
Rickettsial disease,2017,5-9 years,0,0
Mpox,2017,5-9 years,0,0
Acute gastroenteritis,2017,5-9 years,11,3.4
Poliomyelitis,2017,5-9 years,0,0
Meningoencephalitis - primary amoebic,2017,5-9 years,0,0
Shigellosis,2017,10-14 years,4,suppressed
Hepatitis C,2017,10-14 years,0,0
Toxic shellfish poisoning,2017,10-14 years,0,0
Trichinosis,2017,10-14 years,0,0
Rubella,2017,10-14 years,0,0
Pertussis,2017,10-14 years,268,88
Arboviral diseases,2017,10-14 years,2,suppressed
Mumps,2017,10-14 years,166,54.5
Salmonellosis,2017,10-14 years,42,13.8
Haemophilus influenzae type b,2017,10-14 years,0,0
Measles,2017,10-14 years,0,0
Leptospirosis,2017,10-14 years,0,0
Meningococcal disease,2017,10-14 years,3,suppressed
Yersiniosis,2017,10-14 years,38,12.5
Hepatitis B,2017,10-14 years,0,0
Typhoid fever,2017,10-14 years,5,1.6
Q fever,2017,10-14 years,0,0
Malaria,2017,10-14 years,0,0
Hydatid disease,2017,10-14 years,0,0
Tetanus,2017,10-14 years,0,0
Cholera,2017,10-14 years,0,0
Diphtheria,2017,10-14 years,0,0
Taeniasis,2017,10-14 years,0,0
Cysticercosis,2017,10-14 years,0,0
Rickettsial disease,2017,10-14 years,0,0
Rheumatic fever,2017,10-14 years,47,15.4
Rabies and other lyssaviruses,2017,10-14 years,0,0
Mpox,2017,10-14 years,0,0
Brucellosis,2017,10-14 years,0,0
Leprosy,2017,10-14 years,0,0
Hepatitis A,2017,10-14 years,4,suppressed
Paratyphoid fever,2017,10-14 years,1,suppressed
VTEC/STEC infection,2017,10-14 years,28,9.2
Poliomyelitis,2017,10-14 years,0,0
Listeriosis,2017,10-14 years,0,0
Hepatitis NOS,2017,10-14 years,0,0
Tuberculosis disease,2017,10-14 years,0,0
Acute gastroenteritis,2017,10-14 years,6,2
Campylobacteriosis,2017,10-14 years,243,79.8
Meningoencephalitis - primary amoebic,2017,10-14 years,0,0
Legionellosis,2017,10-14 years,1,suppressed
Invasive pneumococcal disease,2017,10-14 years,10,3.3
Giardiasis,2017,10-14 years,47,15.4
Cryptosporidiosis,2017,10-14 years,70,23
Invasive group A streptococcal infection,2017,10-14 years,0,0
Pertussis,2017,15-19 years,202,63.6
Arboviral diseases,2017,15-19 years,8,2.5
Typhoid fever,2017,15-19 years,6,1.9
Mumps,2017,15-19 years,353,111.1
Measles,2017,15-19 years,4,suppressed
Cysticercosis,2017,15-19 years,0,0
Tetanus,2017,15-19 years,0,0
Campylobacteriosis,2017,15-19 years,380,119.6
Hepatitis NOS,2017,15-19 years,0,0
Hepatitis B,2017,15-19 years,0,0
Brucellosis,2017,15-19 years,0,0
Yersiniosis,2017,15-19 years,32,10.1
Trichinosis,2017,15-19 years,0,0
Rubella,2017,15-19 years,1,suppressed
Hydatid disease,2017,15-19 years,0,0
Haemophilus influenzae type b,2017,15-19 years,0,0
Shigellosis,2017,15-19 years,15,4.7
Listeriosis,2017,15-19 years,0,0
Taeniasis,2017,15-19 years,0,0
Toxic shellfish poisoning,2017,15-19 years,0,0
Leptospirosis,2017,15-19 years,2,suppressed
Hepatitis C,2017,15-19 years,1,suppressed
Legionellosis,2017,15-19 years,0,0
Meningococcal disease,2017,15-19 years,17,5.4
Rabies and other lyssaviruses,2017,15-19 years,0,0
Leprosy,2017,15-19 years,0,0
Q fever,2017,15-19 years,0,0
Malaria,2017,15-19 years,4,suppressed
Paratyphoid fever,2017,15-19 years,5,1.6
Cholera,2017,15-19 years,0,0
VTEC/STEC infection,2017,15-19 years,23,7.2
Diphtheria,2017,15-19 years,0,0
Salmonellosis,2017,15-19 years,54,17
Giardiasis,2017,15-19 years,44,13.9
Rheumatic fever,2017,15-19 years,25,7.9
Hepatitis A,2017,15-19 years,10,3.1
Acute gastroenteritis,2017,15-19 years,14,4.4
Mpox,2017,15-19 years,0,0
Poliomyelitis,2017,15-19 years,0,0
Cryptosporidiosis,2017,15-19 years,71,22.4
Invasive pneumococcal disease,2017,15-19 years,8,2.5
Invasive group A streptococcal infection,2017,15-19 years,0,0
Rickettsial disease,2017,15-19 years,0,0
Tuberculosis disease,2017,15-19 years,16,5
Meningoencephalitis - primary amoebic,2017,15-19 years,0,0
Cysticercosis,2017,20-24 years,0,0
Mumps,2017,20-24 years,316,92.1
Tetanus,2017,20-24 years,0,0
Campylobacteriosis,2017,20-24 years,496,144.6
Leptospirosis,2017,20-24 years,4,suppressed
Measles,2017,20-24 years,4,suppressed
Hepatitis B,2017,20-24 years,1,suppressed
Pertussis,2017,20-24 years,70,20.4
Rubella,2017,20-24 years,0,0
Toxic shellfish poisoning,2017,20-24 years,1,suppressed
Trichinosis,2017,20-24 years,0,0
Shigellosis,2017,20-24 years,17,5
Haemophilus influenzae type b,2017,20-24 years,0,0
Arboviral diseases,2017,20-24 years,12,3.5
Salmonellosis,2017,20-24 years,89,25.9
Hepatitis NOS,2017,20-24 years,0,0
Tuberculosis disease,2017,20-24 years,33,9.6
Hepatitis C,2017,20-24 years,4,suppressed
Brucellosis,2017,20-24 years,0,0
Yersiniosis,2017,20-24 years,47,13.7
Rheumatic fever,2017,20-24 years,19,5.5
Mpox,2017,20-24 years,0,0
Typhoid fever,2017,20-24 years,4,suppressed
Invasive pneumococcal disease,2017,20-24 years,9,2.6
Paratyphoid fever,2017,20-24 years,6,1.7
Hydatid disease,2017,20-24 years,0,0
Taeniasis,2017,20-24 years,0,0
Diphtheria,2017,20-24 years,0,0
Giardiasis,2017,20-24 years,90,26.2
Legionellosis,2017,20-24 years,0,0
Rickettsial disease,2017,20-24 years,0,0
Meningococcal disease,2017,20-24 years,6,1.7
Rabies and other lyssaviruses,2017,20-24 years,0,0
Q fever,2017,20-24 years,0,0
Invasive group A streptococcal infection,2017,20-24 years,0,0
Hepatitis A,2017,20-24 years,6,1.7
Malaria,2017,20-24 years,5,1.5
Listeriosis,2017,20-24 years,0,0
Meningoencephalitis - primary amoebic,2017,20-24 years,0,0
VTEC/STEC infection,2017,20-24 years,30,8.7
Cholera,2017,20-24 years,0,0
Acute gastroenteritis,2017,20-24 years,15,4.4
Leprosy,2017,20-24 years,0,0
Cryptosporidiosis,2017,20-24 years,112,32.6
Poliomyelitis,2017,20-24 years,0,0
Taeniasis,2017,25-29 years,1,suppressed
Cysticercosis,2017,25-29 years,0,0
Hepatitis B,2017,25-29 years,1,suppressed
Yersiniosis,2017,25-29 years,70,19.5
Meningococcal disease,2017,25-29 years,7,2
Rubella,2017,25-29 years,0,0
Trichinosis,2017,25-29 years,0,0
Shigellosis,2017,25-29 years,28,7.8
Measles,2017,25-29 years,1,suppressed
Hepatitis NOS,2017,25-29 years,1,suppressed
Listeriosis,2017,25-29 years,0,0
Toxic shellfish poisoning,2017,25-29 years,2,suppressed
Salmonellosis,2017,25-29 years,82,22.9
Arboviral diseases,2017,25-29 years,19,5.3
Brucellosis,2017,25-29 years,0,0
Rabies and other lyssaviruses,2017,25-29 years,0,0
Rheumatic fever,2017,25-29 years,8,2.2
Mumps,2017,25-29 years,161,44.9
Typhoid fever,2017,25-29 years,10,2.8
Malaria,2017,25-29 years,8,2.2
Paratyphoid fever,2017,25-29 years,7,2
Tetanus,2017,25-29 years,0,0
Cholera,2017,25-29 years,0,0
VTEC/STEC infection,2017,25-29 years,29,8.1
Tuberculosis disease,2017,25-29 years,61,17
Campylobacteriosis,2017,25-29 years,483,134.8
Giardiasis,2017,25-29 years,119,33.2
Hepatitis C,2017,25-29 years,6,1.7
Meningoencephalitis - primary amoebic,2017,25-29 years,0,0
Legionellosis,2017,25-29 years,0,0
Invasive group A streptococcal infection,2017,25-29 years,0,0
Hepatitis A,2017,25-29 years,7,2
Pertussis,2017,25-29 years,81,22.6
Invasive pneumococcal disease,2017,25-29 years,11,3.1
Hydatid disease,2017,25-29 years,0,0
Haemophilus influenzae type b,2017,25-29 years,0,0
Poliomyelitis,2017,25-29 years,0,0
Diphtheria,2017,25-29 years,0,0
Rickettsial disease,2017,25-29 years,0,0
Mpox,2017,25-29 years,0,0
Leptospirosis,2017,25-29 years,14,3.9
Q fever,2017,25-29 years,0,0
Acute gastroenteritis,2017,25-29 years,18,5
Leprosy,2017,25-29 years,3,suppressed
Cryptosporidiosis,2017,25-29 years,103,28.7
Salmonellosis,2017,30-34 years,59,18.4
Hepatitis C,2017,30-34 years,3,suppressed
Hepatitis B,2017,30-34 years,3,suppressed
Rubella,2017,30-34 years,0,0
Mumps,2017,30-34 years,49,15.3
Trichinosis,2017,30-34 years,0,0
Arboviral diseases,2017,30-34 years,17,5.3
Campylobacteriosis,2017,30-34 years,379,118.2
Measles,2017,30-34 years,0,0
Shigellosis,2017,30-34 years,16,5
Diphtheria,2017,30-34 years,0,0
Rheumatic fever,2017,30-34 years,5,1.6
Legionellosis,2017,30-34 years,4,suppressed
Taeniasis,2017,30-34 years,1,suppressed
Yersiniosis,2017,30-34 years,55,17.1
Typhoid fever,2017,30-34 years,5,1.6
Malaria,2017,30-34 years,8,2.5
Tetanus,2017,30-34 years,0,0
Pertussis,2017,30-34 years,92,28.7
Listeriosis,2017,30-34 years,1,suppressed
Tuberculosis disease,2017,30-34 years,37,11.5
Hepatitis NOS,2017,30-34 years,3,suppressed
Poliomyelitis,2017,30-34 years,0,0
Cysticercosis,2017,30-34 years,0,0
Rabies and other lyssaviruses,2017,30-34 years,0,0
Invasive group A streptococcal infection,2017,30-34 years,0,0
Leptospirosis,2017,30-34 years,13,4.1
Leprosy,2017,30-34 years,0,0
Brucellosis,2017,30-34 years,0,0
Invasive pneumococcal disease,2017,30-34 years,12,3.7
Cryptosporidiosis,2017,30-34 years,83,25.9
Haemophilus influenzae type b,2017,30-34 years,0,0
VTEC/STEC infection,2017,30-34 years,24,7.5
Meningoencephalitis - primary amoebic,2017,30-34 years,0,0
Cholera,2017,30-34 years,0,0
Rickettsial disease,2017,30-34 years,0,0
Acute gastroenteritis,2017,30-34 years,19,5.9
Q fever,2017,30-34 years,0,0
Giardiasis,2017,30-34 years,185,57.7
Meningococcal disease,2017,30-34 years,0,0
Paratyphoid fever,2017,30-34 years,2,suppressed
Toxic shellfish poisoning,2017,30-34 years,0,0
Mpox,2017,30-34 years,0,0
Hepatitis A,2017,30-34 years,5,1.6
Hydatid disease,2017,30-34 years,0,0
Measles,2017,35-39 years,2,suppressed
Yersiniosis,2017,35-39 years,48,16.2
Mumps,2017,35-39 years,38,12.8
Arboviral diseases,2017,35-39 years,21,7.1
Tetanus,2017,35-39 years,0,0
Salmonellosis,2017,35-39 years,61,20.5
Listeriosis,2017,35-39 years,0,0
Hepatitis NOS,2017,35-39 years,0,0
Meningococcal disease,2017,35-39 years,0,0
Typhoid fever,2017,35-39 years,4,suppressed
Rheumatic fever,2017,35-39 years,2,suppressed
Brucellosis,2017,35-39 years,0,0
Trichinosis,2017,35-39 years,0,0
Haemophilus influenzae type b,2017,35-39 years,0,0
Pertussis,2017,35-39 years,108,36.3
VTEC/STEC infection,2017,35-39 years,20,6.7
Diphtheria,2017,35-39 years,0,0
Rickettsial disease,2017,35-39 years,1,suppressed
Paratyphoid fever,2017,35-39 years,2,suppressed
Hepatitis C,2017,35-39 years,1,suppressed
Toxic shellfish poisoning,2017,35-39 years,1,suppressed
Legionellosis,2017,35-39 years,5,1.7
Cysticercosis,2017,35-39 years,0,0
Hepatitis B,2017,35-39 years,1,suppressed
Leprosy,2017,35-39 years,0,0
Q fever,2017,35-39 years,0,0
Shigellosis,2017,35-39 years,16,5.4
Hydatid disease,2017,35-39 years,0,0
Cryptosporidiosis,2017,35-39 years,63,21.2
Poliomyelitis,2017,35-39 years,0,0
Tuberculosis disease,2017,35-39 years,29,9.8
Taeniasis,2017,35-39 years,0,0
Campylobacteriosis,2017,35-39 years,303,102
Leptospirosis,2017,35-39 years,10,3.4
Giardiasis,2017,35-39 years,186,62.6
Rabies and other lyssaviruses,2017,35-39 years,0,0
Mpox,2017,35-39 years,0,0
Acute gastroenteritis,2017,35-39 years,25,8.4
Hepatitis A,2017,35-39 years,6,2
Rubella,2017,35-39 years,0,0
Malaria,2017,35-39 years,3,suppressed
Invasive group A streptococcal infection,2017,35-39 years,0,0
Cholera,2017,35-39 years,0,0
Invasive pneumococcal disease,2017,35-39 years,12,4
Meningoencephalitis - primary amoebic,2017,35-39 years,0,0
Tetanus,2017,40-44 years,0,0
Diphtheria,2017,40-44 years,0,0
Hepatitis C,2017,40-44 years,1,suppressed
Toxic shellfish poisoning,2017,40-44 years,1,suppressed
Mumps,2017,40-44 years,24,7.9
Pertussis,2017,40-44 years,119,39.2
Brucellosis,2017,40-44 years,0,0
Typhoid fever,2017,40-44 years,1,suppressed
Taeniasis,2017,40-44 years,0,0
Rubella,2017,40-44 years,0,0
Haemophilus influenzae type b,2017,40-44 years,1,suppressed
Shigellosis,2017,40-44 years,14,4.6
Tuberculosis disease,2017,40-44 years,16,5.3
Hepatitis NOS,2017,40-44 years,0,0
Meningococcal disease,2017,40-44 years,4,suppressed
Measles,2017,40-44 years,0,0
Campylobacteriosis,2017,40-44 years,315,103.8
Rabies and other lyssaviruses,2017,40-44 years,0,0
Malaria,2017,40-44 years,1,suppressed
Hepatitis B,2017,40-44 years,4,suppressed
Leprosy,2017,40-44 years,0,0
Arboviral diseases,2017,40-44 years,15,4.9
Cholera,2017,40-44 years,0,0
Hydatid disease,2017,40-44 years,0,0
Poliomyelitis,2017,40-44 years,0,0
Listeriosis,2017,40-44 years,1,suppressed
Salmonellosis,2017,40-44 years,46,15.2
Yersiniosis,2017,40-44 years,49,16.1
Cysticercosis,2017,40-44 years,0,0
Giardiasis,2017,40-44 years,112,36.9
Trichinosis,2017,40-44 years,0,0
Q fever,2017,40-44 years,0,0
Mpox,2017,40-44 years,0,0
Rheumatic fever,2017,40-44 years,1,suppressed
Paratyphoid fever,2017,40-44 years,2,suppressed
VTEC/STEC infection,2017,40-44 years,9,3
Invasive group A streptococcal infection,2017,40-44 years,0,0
Cryptosporidiosis,2017,40-44 years,56,18.4
Rickettsial disease,2017,40-44 years,0,0
Meningoencephalitis - primary amoebic,2017,40-44 years,0,0
Hepatitis A,2017,40-44 years,3,suppressed
Leptospirosis,2017,40-44 years,19,6.3
Acute gastroenteritis,2017,40-44 years,21,6.9
Invasive pneumococcal disease,2017,40-44 years,19,6.3
Legionellosis,2017,40-44 years,7,2.3
Typhoid fever,2018,0-4 years,3,suppressed
Rubella,2018,0-4 years,1,suppressed
Measles,2018,0-4 years,6,2
Tuberculosis disease,2018,0-4 years,1,suppressed
Haemophilus influenzae type b,2018,0-4 years,1,suppressed
Trichinosis,2018,0-4 years,0,0
Yersiniosis,2018,0-4 years,277,90.8
Campylobacteriosis,2018,0-4 years,884,289.8
Shigellosis,2018,0-4 years,24,7.9
Q fever,2018,0-4 years,0,0
Malaria,2018,0-4 years,1,suppressed
Invasive pneumococcal disease,2018,0-4 years,46,15.1
Brucellosis,2018,0-4 years,0,0
Taeniasis,2018,0-4 years,0,0
Hepatitis B,2018,0-4 years,1,suppressed
Arboviral diseases,2018,0-4 years,2,suppressed
Mumps,2018,0-4 years,47,15.4
Rheumatic fever,2018,0-4 years,2,suppressed
Leprosy,2018,0-4 years,0,0
Cysticercosis,2018,0-4 years,0,0
Rabies and other lyssaviruses,2018,0-4 years,0,0
Pertussis,2018,0-4 years,554,181.6
Meningococcal disease,2018,0-4 years,32,10.5
Invasive group A streptococcal infection,2018,0-4 years,0,0
Salmonellosis,2018,0-4 years,187,61.3
Hepatitis NOS,2018,0-4 years,0,0
Diphtheria,2018,0-4 years,0,0
Tetanus,2018,0-4 years,0,0
Cryptosporidiosis,2018,0-4 years,422,138.3
Legionellosis,2018,0-4 years,0,0
Meningoencephalitis - primary amoebic,2018,0-4 years,0,0
Rickettsial disease,2018,0-4 years,0,0
Paratyphoid fever,2018,0-4 years,1,suppressed
Hepatitis A,2018,0-4 years,5,1.6
Acute gastroenteritis,2018,0-4 years,27,8.9
Giardiasis,2018,0-4 years,281,92.1
Hydatid disease,2018,0-4 years,0,0
Listeriosis,2018,0-4 years,0,0
VTEC/STEC infection,2018,0-4 years,176,57.7
Toxic shellfish poisoning,2018,0-4 years,0,0
Leptospirosis,2018,0-4 years,0,0
Hepatitis C,2018,0-4 years,0,0
Mpox,2018,0-4 years,0,0
Poliomyelitis,2018,0-4 years,0,0
Cholera,2018,0-4 years,0,0
Mumps,2018,45-49 years,16,4.8
Pertussis,2018,45-49 years,182,54.6
Hepatitis NOS,2018,45-49 years,1,suppressed
Measles,2018,45-49 years,2,suppressed
Rheumatic fever,2018,45-49 years,1,suppressed
VTEC/STEC infection,2018,45-49 years,37,11.1
Hepatitis B,2018,45-49 years,6,1.8
Tetanus,2018,45-49 years,0,0
Diphtheria,2018,45-49 years,0,0
Yersiniosis,2018,45-49 years,67,20.1
Haemophilus influenzae type b,2018,45-49 years,0,0
Tuberculosis disease,2018,45-49 years,15,4.5
Arboviral diseases,2018,45-49 years,20,6
Rubella,2018,45-49 years,0,0
Cholera,2018,45-49 years,1,suppressed
Shigellosis,2018,45-49 years,16,4.8
Meningococcal disease,2018,45-49 years,4,suppressed
Trichinosis,2018,45-49 years,0,0
Malaria,2018,45-49 years,3,suppressed
Salmonellosis,2018,45-49 years,67,20.1
Poliomyelitis,2018,45-49 years,0,0
Brucellosis,2018,45-49 years,0,0
Invasive pneumococcal disease,2018,45-49 years,27,8.1
Typhoid fever,2018,45-49 years,1,suppressed
Cryptosporidiosis,2018,45-49 years,61,18.3
Leptospirosis,2018,45-49 years,8,2.4
Cysticercosis,2018,45-49 years,1,suppressed
Rabies and other lyssaviruses,2018,45-49 years,0,0
Legionellosis,2018,45-49 years,16,4.8
Invasive group A streptococcal infection,2018,45-49 years,0,0
Campylobacteriosis,2018,45-49 years,405,121.4
Leprosy,2018,45-49 years,0,0
Q fever,2018,45-49 years,0,0
Hydatid disease,2018,45-49 years,0,0
Listeriosis,2018,45-49 years,1,suppressed
Hepatitis C,2018,45-49 years,3,suppressed
Toxic shellfish poisoning,2018,45-49 years,0,0
Hepatitis A,2018,45-49 years,2,suppressed
Meningoencephalitis - primary amoebic,2018,45-49 years,0,0
Paratyphoid fever,2018,45-49 years,3,suppressed
Giardiasis,2018,45-49 years,82,24.6
Rickettsial disease,2018,45-49 years,0,0
Mpox,2018,45-49 years,0,0
Acute gastroenteritis,2018,45-49 years,16,4.8
Taeniasis,2018,45-49 years,0,0
Typhoid fever,2018,50-54 years,2,suppressed
Hepatitis NOS,2018,50-54 years,0,0
Diphtheria,2018,50-54 years,0,0
Acute gastroenteritis,2018,50-54 years,20,6.2
Hepatitis C,2018,50-54 years,1,suppressed
Yersiniosis,2018,50-54 years,79,24.7
VTEC/STEC infection,2018,50-54 years,38,11.9
Brucellosis,2018,50-54 years,0,0
Rubella,2018,50-54 years,0,0
Tetanus,2018,50-54 years,0,0
Cholera,2018,50-54 years,0,0
Hepatitis B,2018,50-54 years,0,0
Arboviral diseases,2018,50-54 years,26,8.1
Measles,2018,50-54 years,2,suppressed
Q fever,2018,50-54 years,0,0
Malaria,2018,50-54 years,3,suppressed
Rheumatic fever,2018,50-54 years,0,0
Haemophilus influenzae type b,2018,50-54 years,0,0
Poliomyelitis,2018,50-54 years,0,0
Listeriosis,2018,50-54 years,0,0
Salmonellosis,2018,50-54 years,63,19.7
Tuberculosis disease,2018,50-54 years,20,6.2
Taeniasis,2018,50-54 years,0,0
Cysticercosis,2018,50-54 years,0,0
Rabies and other lyssaviruses,2018,50-54 years,0,0
Meningococcal disease,2018,50-54 years,4,suppressed
Campylobacteriosis,2018,50-54 years,426,133.1
Leprosy,2018,50-54 years,0,0
Hepatitis A,2018,50-54 years,1,suppressed
Hydatid disease,2018,50-54 years,0,0
Invasive pneumococcal disease,2018,50-54 years,33,10.3
Giardiasis,2018,50-54 years,98,30.6
Paratyphoid fever,2018,50-54 years,0,0
Cryptosporidiosis,2018,50-54 years,31,9.7
Mumps,2018,50-54 years,15,4.7
Leptospirosis,2018,50-54 years,6,1.9
Toxic shellfish poisoning,2018,50-54 years,0,0
Shigellosis,2018,50-54 years,16,5
Invasive group A streptococcal infection,2018,50-54 years,0,0
Mpox,2018,50-54 years,0,0
Trichinosis,2018,50-54 years,0,0
Pertussis,2018,50-54 years,131,40.9
Legionellosis,2018,50-54 years,14,4.4
Rickettsial disease,2018,50-54 years,0,0
Meningoencephalitis - primary amoebic,2018,50-54 years,0,0
Tetanus,2018,55-59 years,0,0
Measles,2018,55-59 years,0,0
Haemophilus influenzae type b,2018,55-59 years,1,suppressed
Rubella,2018,55-59 years,0,0
Tuberculosis disease,2018,55-59 years,10,3.2
Taeniasis,2018,55-59 years,0,0
Yersiniosis,2018,55-59 years,68,21.5
Rabies and other lyssaviruses,2018,55-59 years,0,0
Hepatitis B,2018,55-59 years,2,suppressed
Cysticercosis,2018,55-59 years,0,0
Q fever,2018,55-59 years,0,0
Trichinosis,2018,55-59 years,0,0
Campylobacteriosis,2018,55-59 years,451,142.5
Invasive pneumococcal disease,2018,55-59 years,52,16.4
Poliomyelitis,2018,55-59 years,0,0
Acute gastroenteritis,2018,55-59 years,9,2.8
Hepatitis NOS,2018,55-59 years,1,suppressed
Brucellosis,2018,55-59 years,0,0
Diphtheria,2018,55-59 years,0,0
Toxic shellfish poisoning,2018,55-59 years,0,0
Cryptosporidiosis,2018,55-59 years,28,8.8
Meningococcal disease,2018,55-59 years,2,suppressed
Cholera,2018,55-59 years,0,0
Rheumatic fever,2018,55-59 years,0,0
Malaria,2018,55-59 years,1,suppressed
Hydatid disease,2018,55-59 years,0,0
Rickettsial disease,2018,55-59 years,0,0
Giardiasis,2018,55-59 years,93,29.4
Listeriosis,2018,55-59 years,2,suppressed
Salmonellosis,2018,55-59 years,84,26.5
Arboviral diseases,2018,55-59 years,14,4.4
Mumps,2018,55-59 years,8,2.5
Hepatitis C,2018,55-59 years,4,suppressed
Typhoid fever,2018,55-59 years,1,suppressed
Pertussis,2018,55-59 years,142,44.9
Legionellosis,2018,55-59 years,23,7.3
Leprosy,2018,55-59 years,0,0
Shigellosis,2018,55-59 years,13,4.1
Hepatitis A,2018,55-59 years,1,suppressed
VTEC/STEC infection,2018,55-59 years,50,15.8
Leptospirosis,2018,55-59 years,15,4.7
Meningoencephalitis - primary amoebic,2018,55-59 years,0,0
Mpox,2018,55-59 years,0,0
Paratyphoid fever,2018,55-59 years,1,suppressed
Invasive group A streptococcal infection,2018,55-59 years,0,0
Rubella,2018,60-64 years,0,0
Taeniasis,2018,60-64 years,0,0
Hydatid disease,2018,60-64 years,0,0
Meningococcal disease,2018,60-64 years,6,2.2
Yersiniosis,2018,60-64 years,55,20.3
Pertussis,2018,60-64 years,91,33.6
Trichinosis,2018,60-64 years,0,0
Malaria,2018,60-64 years,0,0
Haemophilus influenzae type b,2018,60-64 years,0,0
Toxic shellfish poisoning,2018,60-64 years,0,0
Cryptosporidiosis,2018,60-64 years,34,12.5
Hepatitis NOS,2018,60-64 years,0,0
VTEC/STEC infection,2018,60-64 years,51,18.8
Campylobacteriosis,2018,60-64 years,443,163.5
Diphtheria,2018,60-64 years,0,0
Hepatitis C,2018,60-64 years,2,suppressed
Arboviral diseases,2018,60-64 years,11,4.1
Mumps,2018,60-64 years,4,suppressed
Giardiasis,2018,60-64 years,88,32.5
Q fever,2018,60-64 years,0,0
Hepatitis A,2018,60-64 years,3,suppressed
Invasive pneumococcal disease,2018,60-64 years,47,17.3
Tuberculosis disease,2018,60-64 years,15,5.5
Leptospirosis,2018,60-64 years,10,3.7
Listeriosis,2018,60-64 years,1,suppressed
Tetanus,2018,60-64 years,0,0
Rabies and other lyssaviruses,2018,60-64 years,0,0
Hepatitis B,2018,60-64 years,0,0
Rickettsial disease,2018,60-64 years,0,0
Typhoid fever,2018,60-64 years,2,suppressed
Shigellosis,2018,60-64 years,13,4.8
Mpox,2018,60-64 years,0,0
Cysticercosis,2018,60-64 years,0,0
Rheumatic fever,2018,60-64 years,0,0
Salmonellosis,2018,60-64 years,62,22.9
Brucellosis,2018,60-64 years,0,0
Legionellosis,2018,60-64 years,19,7
Cholera,2018,60-64 years,0,0
Invasive group A streptococcal infection,2018,60-64 years,0,0
Measles,2018,60-64 years,0,0
Poliomyelitis,2018,60-64 years,0,0
Paratyphoid fever,2018,60-64 years,1,suppressed
Leprosy,2018,60-64 years,0,0
Acute gastroenteritis,2018,60-64 years,15,5.5
Meningoencephalitis - primary amoebic,2018,60-64 years,0,0
Campylobacteriosis,2018,65-69 years,356,151.5
Trichinosis,2018,65-69 years,0,0
Mumps,2018,65-69 years,1,suppressed
Yersiniosis,2018,65-69 years,51,21.7
Brucellosis,2018,65-69 years,1,suppressed
Malaria,2018,65-69 years,1,suppressed
Hepatitis C,2018,65-69 years,1,suppressed
Hydatid disease,2018,65-69 years,0,0
VTEC/STEC infection,2018,65-69 years,59,25.1
Mpox,2018,65-69 years,0,0
Invasive pneumococcal disease,2018,65-69 years,56,23.8
Acute gastroenteritis,2018,65-69 years,9,3.8
Arboviral diseases,2018,65-69 years,17,7.2
Leptospirosis,2018,65-69 years,8,3.4
Diphtheria,2018,65-69 years,0,0
Toxic shellfish poisoning,2018,65-69 years,0,0
Q fever,2018,65-69 years,0,0
Giardiasis,2018,65-69 years,56,23.8
Hepatitis B,2018,65-69 years,2,suppressed
Rheumatic fever,2018,65-69 years,0,0
Rubella,2018,65-69 years,0,0
Tetanus,2018,65-69 years,0,0
Hepatitis NOS,2018,65-69 years,1,suppressed
Rickettsial disease,2018,65-69 years,1,suppressed
Tuberculosis disease,2018,65-69 years,26,11.1
Cryptosporidiosis,2018,65-69 years,26,11.1
Shigellosis,2018,65-69 years,13,5.5
Meningococcal disease,2018,65-69 years,3,suppressed
Cysticercosis,2018,65-69 years,0,0
Cholera,2018,65-69 years,0,0
Listeriosis,2018,65-69 years,4,suppressed
Rabies and other lyssaviruses,2018,65-69 years,0,0
Pertussis,2018,65-69 years,73,31.1
Poliomyelitis,2018,65-69 years,0,0
Typhoid fever,2018,65-69 years,1,suppressed
Hepatitis A,2018,65-69 years,0,0
Salmonellosis,2018,65-69 years,47,20
Taeniasis,2018,65-69 years,0,0
Paratyphoid fever,2018,65-69 years,0,0
Legionellosis,2018,65-69 years,25,10.6
Invasive group A streptococcal infection,2018,65-69 years,0,0
Haemophilus influenzae type b,2018,65-69 years,0,0
Measles,2018,65-69 years,0,0
Meningoencephalitis - primary amoebic,2018,65-69 years,0,0
Leprosy,2018,65-69 years,0,0
Hydatid disease,2018,70-74 years,0,0
Tetanus,2018,70-74 years,0,0
Campylobacteriosis,2018,70-74 years,345,180
Haemophilus influenzae type b,2018,70-74 years,0,0
Brucellosis,2018,70-74 years,0,0
Trichinosis,2018,70-74 years,0,0
Diphtheria,2018,70-74 years,0,0
Q fever,2018,70-74 years,0,0
Arboviral diseases,2018,70-74 years,9,4.7
Hepatitis NOS,2018,70-74 years,0,0
Hepatitis B,2018,70-74 years,1,suppressed
Acute gastroenteritis,2018,70-74 years,8,4.2
Hepatitis A,2018,70-74 years,0,0
Shigellosis,2018,70-74 years,12,6.3
Pertussis,2018,70-74 years,57,29.7
Mumps,2018,70-74 years,1,suppressed
Yersiniosis,2018,70-74 years,40,20.9
VTEC/STEC infection,2018,70-74 years,62,32.4
Salmonellosis,2018,70-74 years,31,16.2
Meningococcal disease,2018,70-74 years,2,suppressed
Tuberculosis disease,2018,70-74 years,7,3.7
Hepatitis C,2018,70-74 years,1,suppressed
Rabies and other lyssaviruses,2018,70-74 years,0,0
Malaria,2018,70-74 years,0,0
Cysticercosis,2018,70-74 years,0,0
Rheumatic fever,2018,70-74 years,0,0
Mpox,2018,70-74 years,0,0
Listeriosis,2018,70-74 years,3,suppressed
Meningoencephalitis - primary amoebic,2018,70-74 years,0,0
Poliomyelitis,2018,70-74 years,0,0
Rubella,2018,70-74 years,0,0
Toxic shellfish poisoning,2018,70-74 years,0,0
Paratyphoid fever,2018,70-74 years,0,0
Taeniasis,2018,70-74 years,0,0
Typhoid fever,2018,70-74 years,1,suppressed
Leprosy,2018,70-74 years,0,0
Measles,2018,70-74 years,0,0
Legionellosis,2018,70-74 years,18,9.4
Cholera,2018,70-74 years,0,0
Invasive pneumococcal disease,2018,70-74 years,45,23.5
Cryptosporidiosis,2018,70-74 years,17,8.9
Giardiasis,2018,70-74 years,35,18.3
Leptospirosis,2018,70-74 years,3,suppressed
Rickettsial disease,2018,70-74 years,0,0
Invasive group A streptococcal infection,2018,70-74 years,0,0
Malaria,2018,75-79 years,0,0
Salmonellosis,2018,75-79 years,31,22.8
Cysticercosis,2018,75-79 years,0,0
Tetanus,2018,75-79 years,0,0
VTEC/STEC infection,2018,75-79 years,41,30.2
Hepatitis NOS,2018,75-79 years,0,0
Pertussis,2018,75-79 years,47,34.6
Hepatitis A,2018,75-79 years,1,suppressed
Measles,2018,75-79 years,0,0
Rabies and other lyssaviruses,2018,75-79 years,0,0
Q fever,2018,75-79 years,0,0
Trichinosis,2018,75-79 years,0,0
Mpox,2018,75-79 years,0,0
Paratyphoid fever,2018,75-79 years,0,0
Poliomyelitis,2018,75-79 years,0,0
Meningococcal disease,2018,75-79 years,6,4.4
Acute gastroenteritis,2018,75-79 years,3,suppressed
Rubella,2018,75-79 years,0,0
Diphtheria,2018,75-79 years,0,0
Cholera,2018,75-79 years,0,0
Hepatitis B,2018,75-79 years,0,0
Hepatitis C,2018,75-79 years,0,0
Leprosy,2018,75-79 years,0,0
Brucellosis,2018,75-79 years,0,0
Shigellosis,2018,75-79 years,6,4.4
Rheumatic fever,2018,75-79 years,0,0
Listeriosis,2018,75-79 years,7,5.2
Invasive pneumococcal disease,2018,75-79 years,49,36.1
Cryptosporidiosis,2018,75-79 years,12,8.8
Yersiniosis,2018,75-79 years,25,18.4
Taeniasis,2018,75-79 years,0,0
Tuberculosis disease,2018,75-79 years,16,11.8
Leptospirosis,2018,75-79 years,0,0
Arboviral diseases,2018,75-79 years,1,suppressed
Typhoid fever,2018,75-79 years,1,suppressed
Invasive group A streptococcal infection,2018,75-79 years,0,0
Giardiasis,2018,75-79 years,12,8.8
Hydatid disease,2018,75-79 years,0,0
Haemophilus influenzae type b,2018,75-79 years,0,0
Campylobacteriosis,2018,75-79 years,260,191.3
Rickettsial disease,2018,75-79 years,0,0
Mumps,2018,75-79 years,0,0
Legionellosis,2018,75-79 years,21,15.5
Meningoencephalitis - primary amoebic,2018,75-79 years,0,0
Toxic shellfish poisoning,2018,75-79 years,0,0
Campylobacteriosis,2018,80-84 years,143,163.8
Measles,2018,80-84 years,0,0
Hepatitis NOS,2018,80-84 years,0,0
Tetanus,2018,80-84 years,0,0
Paratyphoid fever,2018,80-84 years,0,0
Cholera,2018,80-84 years,0,0
Rubella,2018,80-84 years,0,0
Cysticercosis,2018,80-84 years,0,0
Haemophilus influenzae type b,2018,80-84 years,0,0
Poliomyelitis,2018,80-84 years,0,0
Mpox,2018,80-84 years,0,0
Listeriosis,2018,80-84 years,5,5.7
Taeniasis,2018,80-84 years,0,0
Brucellosis,2018,80-84 years,0,0
VTEC/STEC infection,2018,80-84 years,28,32.1
Meningococcal disease,2018,80-84 years,1,suppressed
Toxic shellfish poisoning,2018,80-84 years,0,0
Leprosy,2018,80-84 years,0,0
Hepatitis B,2018,80-84 years,0,0
Q fever,2018,80-84 years,0,0
Trichinosis,2018,80-84 years,0,0
Giardiasis,2018,80-84 years,11,12.6
Hydatid disease,2018,80-84 years,0,0
Yersiniosis,2018,80-84 years,24,27.5
Arboviral diseases,2018,80-84 years,0,0
Tuberculosis disease,2018,80-84 years,9,10.3
Leptospirosis,2018,80-84 years,0,0
Mumps,2018,80-84 years,0,0
Hepatitis A,2018,80-84 years,2,suppressed
Rabies and other lyssaviruses,2018,80-84 years,0,0
Typhoid fever,2018,80-84 years,0,0
Invasive group A streptococcal infection,2018,80-84 years,0,0
Invasive pneumococcal disease,2018,80-84 years,38,43.5
Malaria,2018,80-84 years,0,0
Pertussis,2018,80-84 years,15,17.2
Shigellosis,2018,80-84 years,2,suppressed
Salmonellosis,2018,80-84 years,15,17.2
Cryptosporidiosis,2018,80-84 years,12,13.7
Acute gastroenteritis,2018,80-84 years,1,suppressed
Rickettsial disease,2018,80-84 years,0,0
Rheumatic fever,2018,80-84 years,0,0
Meningoencephalitis - primary amoebic,2018,80-84 years,0,0
Legionellosis,2018,80-84 years,11,12.6
Hepatitis C,2018,80-84 years,0,0
Diphtheria,2018,80-84 years,0,0
Tetanus,2018,85+ years,0,0
Meningococcal disease,2018,85+ years,2,suppressed
Rubella,2018,85+ years,0,0
Haemophilus influenzae type b,2018,85+ years,1,suppressed
Hydatid disease,2018,85+ years,0,0
Cholera,2018,85+ years,0,0
Trichinosis,2018,85+ years,0,0
Hepatitis NOS,2018,85+ years,0,0
Taeniasis,2018,85+ years,0,0
Invasive pneumococcal disease,2018,85+ years,46,54.1
Yersiniosis,2018,85+ years,24,28.2
Rabies and other lyssaviruses,2018,85+ years,0,0
Leprosy,2018,85+ years,0,0
Arboviral diseases,2018,85+ years,2,suppressed
Paratyphoid fever,2018,85+ years,0,0
Q fever,2018,85+ years,0,0
Pertussis,2018,85+ years,15,17.7
Shigellosis,2018,85+ years,1,suppressed
Giardiasis,2018,85+ years,7,8.2
Listeriosis,2018,85+ years,2,suppressed
Poliomyelitis,2018,85+ years,0,0
Tuberculosis disease,2018,85+ years,9,10.6
Brucellosis,2018,85+ years,0,0
Hepatitis C,2018,85+ years,0,0
Cryptosporidiosis,2018,85+ years,1,suppressed
Typhoid fever,2018,85+ years,0,0
Invasive group A streptococcal infection,2018,85+ years,0,0
Hepatitis B,2018,85+ years,1,suppressed
Hepatitis A,2018,85+ years,0,0
Mpox,2018,85+ years,0,0
Malaria,2018,85+ years,0,0
Salmonellosis,2018,85+ years,9,10.6
Campylobacteriosis,2018,85+ years,132,155.4
Diphtheria,2018,85+ years,0,0
Rickettsial disease,2018,85+ years,0,0
Toxic shellfish poisoning,2018,85+ years,0,0
Mumps,2018,85+ years,1,suppressed
Rheumatic fever,2018,85+ years,0,0
Measles,2018,85+ years,0,0
Acute gastroenteritis,2018,85+ years,5,5.9
VTEC/STEC infection,2018,85+ years,22,25.9
Leptospirosis,2018,85+ years,0,0
Cysticercosis,2018,85+ years,0,0
Meningoencephalitis - primary amoebic,2018,85+ years,0,0
Legionellosis,2018,85+ years,9,10.6
Brucellosis,2018,5-9 years,0,0
Hepatitis B,2018,5-9 years,0,0
Shigellosis,2018,5-9 years,12,3.7
Pertussis,2018,5-9 years,408,124.4
Taeniasis,2018,5-9 years,0,0
Rheumatic fever,2018,5-9 years,53,16.2
Rabies and other lyssaviruses,2018,5-9 years,0,0
Yersiniosis,2018,5-9 years,48,14.6
Trichinosis,2018,5-9 years,0,0
Malaria,2018,5-9 years,1,suppressed
Q fever,2018,5-9 years,0,0
Hepatitis A,2018,5-9 years,13,4
Mumps,2018,5-9 years,44,13.4
Tuberculosis disease,2018,5-9 years,1,suppressed
Hepatitis NOS,2018,5-9 years,0,0
Arboviral diseases,2018,5-9 years,5,1.5
Campylobacteriosis,2018,5-9 years,300,91.5
Meningococcal disease,2018,5-9 years,9,2.7
Legionellosis,2018,5-9 years,1,suppressed
Salmonellosis,2018,5-9 years,71,21.7
Leprosy,2018,5-9 years,0,0
Acute gastroenteritis,2018,5-9 years,6,1.8
Invasive pneumococcal disease,2018,5-9 years,20,6.1
Rubella,2018,5-9 years,0,0
Typhoid fever,2018,5-9 years,2,suppressed
Diphtheria,2018,5-9 years,0,0
Listeriosis,2018,5-9 years,0,0
Cryptosporidiosis,2018,5-9 years,195,59.5
Hepatitis C,2018,5-9 years,0,0
Cholera,2018,5-9 years,0,0
Toxic shellfish poisoning,2018,5-9 years,0,0
Invasive group A streptococcal infection,2018,5-9 years,0,0
Hydatid disease,2018,5-9 years,0,0
Poliomyelitis,2018,5-9 years,0,0
Mpox,2018,5-9 years,0,0
Giardiasis,2018,5-9 years,98,29.9
Paratyphoid fever,2018,5-9 years,0,0
Measles,2018,5-9 years,0,0
Tetanus,2018,5-9 years,0,0
Meningoencephalitis - primary amoebic,2018,5-9 years,0,0
Rickettsial disease,2018,5-9 years,0,0
Cysticercosis,2018,5-9 years,0,0
VTEC/STEC infection,2018,5-9 years,49,14.9
Haemophilus influenzae type b,2018,5-9 years,0,0
Leptospirosis,2018,5-9 years,0,0
Hepatitis B,2018,10-14 years,0,0
Campylobacteriosis,2018,10-14 years,232,74
Rabies and other lyssaviruses,2018,10-14 years,0,0
Arboviral diseases,2018,10-14 years,16,5.1
Q fever,2018,10-14 years,0,0
Meningococcal disease,2018,10-14 years,5,1.6
Mumps,2018,10-14 years,35,11.2
Trichinosis,2018,10-14 years,0,0
Typhoid fever,2018,10-14 years,6,1.9
Hepatitis NOS,2018,10-14 years,0,0
Salmonellosis,2018,10-14 years,29,9.3
Tetanus,2018,10-14 years,0,0
Yersiniosis,2018,10-14 years,53,16.9
Meningoencephalitis - primary amoebic,2018,10-14 years,0,0
Shigellosis,2018,10-14 years,7,2.2
Measles,2018,10-14 years,1,suppressed
Pertussis,2018,10-14 years,307,97.9
Hepatitis A,2018,10-14 years,3,suppressed
Malaria,2018,10-14 years,1,suppressed
Rheumatic fever,2018,10-14 years,50,16
VTEC/STEC infection,2018,10-14 years,42,13.4
Rubella,2018,10-14 years,0,0
Cholera,2018,10-14 years,0,0
Hydatid disease,2018,10-14 years,0,0
Cysticercosis,2018,10-14 years,0,0
Toxic shellfish poisoning,2018,10-14 years,0,0
Mpox,2018,10-14 years,0,0
Legionellosis,2018,10-14 years,0,0
Taeniasis,2018,10-14 years,0,0
Leprosy,2018,10-14 years,0,0
Listeriosis,2018,10-14 years,0,0
Giardiasis,2018,10-14 years,46,14.7
Invasive group A streptococcal infection,2018,10-14 years,0,0
Brucellosis,2018,10-14 years,0,0
Hepatitis C,2018,10-14 years,0,0
Paratyphoid fever,2018,10-14 years,0,0
Leptospirosis,2018,10-14 years,0,0
Tuberculosis disease,2018,10-14 years,7,2.2
Haemophilus influenzae type b,2018,10-14 years,0,0
Poliomyelitis,2018,10-14 years,0,0
Invasive pneumococcal disease,2018,10-14 years,9,2.9
Diphtheria,2018,10-14 years,0,0
Rickettsial disease,2018,10-14 years,0,0
Acute gastroenteritis,2018,10-14 years,4,suppressed
Cryptosporidiosis,2018,10-14 years,91,29
Hepatitis B,2018,15-19 years,2,suppressed
Rabies and other lyssaviruses,2018,15-19 years,0,0
Typhoid fever,2018,15-19 years,1,suppressed
Trichinosis,2018,15-19 years,0,0
Malaria,2018,15-19 years,3,suppressed
Rheumatic fever,2018,15-19 years,33,10.4
Tetanus,2018,15-19 years,0,0
Hepatitis A,2018,15-19 years,7,2.2
Toxic shellfish poisoning,2018,15-19 years,0,0
Meningoencephalitis - primary amoebic,2018,15-19 years,0,0
Pertussis,2018,15-19 years,192,60.5
Brucellosis,2018,15-19 years,0,0
Campylobacteriosis,2018,15-19 years,391,123.2
Leprosy,2018,15-19 years,0,0
Taeniasis,2018,15-19 years,0,0
Yersiniosis,2018,15-19 years,54,17
Poliomyelitis,2018,15-19 years,0,0
Rubella,2018,15-19 years,0,0
Meningococcal disease,2018,15-19 years,19,6
Hepatitis NOS,2018,15-19 years,0,0
Hepatitis C,2018,15-19 years,1,suppressed
Cysticercosis,2018,15-19 years,0,0
Cholera,2018,15-19 years,0,0
Shigellosis,2018,15-19 years,8,2.5
Legionellosis,2018,15-19 years,2,suppressed
Mpox,2018,15-19 years,0,0
Giardiasis,2018,15-19 years,32,10.1
Q fever,2018,15-19 years,0,0
Haemophilus influenzae type b,2018,15-19 years,0,0
Hydatid disease,2018,15-19 years,0,0
Invasive pneumococcal disease,2018,15-19 years,14,4.4
Mumps,2018,15-19 years,51,16.1
Diphtheria,2018,15-19 years,0,0
Measles,2018,15-19 years,2,suppressed
Leptospirosis,2018,15-19 years,3,suppressed
Paratyphoid fever,2018,15-19 years,1,suppressed
Rickettsial disease,2018,15-19 years,1,suppressed
Salmonellosis,2018,15-19 years,65,20.5
Acute gastroenteritis,2018,15-19 years,14,4.4
Invasive group A streptococcal infection,2018,15-19 years,0,0
Listeriosis,2018,15-19 years,0,0
Arboviral diseases,2018,15-19 years,28,8.8
Cryptosporidiosis,2018,15-19 years,92,29
VTEC/STEC infection,2018,15-19 years,47,14.8
Tuberculosis disease,2018,15-19 years,13,4.1
Hepatitis C,2018,20-24 years,5,1.5
Campylobacteriosis,2018,20-24 years,534,157
Shigellosis,2018,20-24 years,15,4.4
Rubella,2018,20-24 years,0,0
Cholera,2018,20-24 years,0,0
Hepatitis B,2018,20-24 years,3,suppressed
Tetanus,2018,20-24 years,0,0
Yersiniosis,2018,20-24 years,75,22.1
Mpox,2018,20-24 years,0,0
Toxic shellfish poisoning,2018,20-24 years,0,0
Rabies and other lyssaviruses,2018,20-24 years,0,0
Hydatid disease,2018,20-24 years,0,0
Brucellosis,2018,20-24 years,0,0
Pertussis,2018,20-24 years,123,36.2
Haemophilus influenzae type b,2018,20-24 years,0,0
Arboviral diseases,2018,20-24 years,30,8.8
Cysticercosis,2018,20-24 years,0,0
Taeniasis,2018,20-24 years,1,suppressed
Paratyphoid fever,2018,20-24 years,1,suppressed
Q fever,2018,20-24 years,0,0
Meningococcal disease,2018,20-24 years,10,2.9
Legionellosis,2018,20-24 years,2,suppressed
Leprosy,2018,20-24 years,1,suppressed
VTEC/STEC infection,2018,20-24 years,65,19.1
Trichinosis,2018,20-24 years,0,0
Invasive pneumococcal disease,2018,20-24 years,5,1.5
Typhoid fever,2018,20-24 years,9,2.6
Rheumatic fever,2018,20-24 years,19,5.6
Hepatitis NOS,2018,20-24 years,0,0
Measles,2018,20-24 years,4,suppressed
Leptospirosis,2018,20-24 years,12,3.5
Tuberculosis disease,2018,20-24 years,24,7.1
Poliomyelitis,2018,20-24 years,0,0
Malaria,2018,20-24 years,5,1.5
Meningoencephalitis - primary amoebic,2018,20-24 years,0,0
Acute gastroenteritis,2018,20-24 years,9,2.6
Giardiasis,2018,20-24 years,79,23.2
Listeriosis,2018,20-24 years,1,suppressed
Salmonellosis,2018,20-24 years,83,24.4
Cryptosporidiosis,2018,20-24 years,144,42.3
Rickettsial disease,2018,20-24 years,0,0
Invasive group A streptococcal infection,2018,20-24 years,0,0
Mumps,2018,20-24 years,72,21.2
Diphtheria,2018,20-24 years,0,0
Hepatitis A,2018,20-24 years,12,3.5
Cholera,2018,25-29 years,0,0
Toxic shellfish poisoning,2018,25-29 years,1,suppressed
Hepatitis C,2018,25-29 years,3,suppressed
Measles,2018,25-29 years,3,suppressed
Cysticercosis,2018,25-29 years,0,0
Shigellosis,2018,25-29 years,23,6.2
Brucellosis,2018,25-29 years,0,0
Yersiniosis,2018,25-29 years,77,20.7
Rheumatic fever,2018,25-29 years,15,4
Tetanus,2018,25-29 years,0,0
Hepatitis B,2018,25-29 years,6,1.6
Taeniasis,2018,25-29 years,1,suppressed
Rubella,2018,25-29 years,0,0
Leptospirosis,2018,25-29 years,12,3.2
Tuberculosis disease,2018,25-29 years,40,10.8
Trichinosis,2018,25-29 years,0,0
Cryptosporidiosis,2018,25-29 years,127,34.2
Meningococcal disease,2018,25-29 years,5,1.3
Invasive group A streptococcal infection,2018,25-29 years,0,0
Rabies and other lyssaviruses,2018,25-29 years,0,0
Salmonellosis,2018,25-29 years,77,20.7
Invasive pneumococcal disease,2018,25-29 years,14,3.8
Haemophilus influenzae type b,2018,25-29 years,0,0
Malaria,2018,25-29 years,8,2.2
Typhoid fever,2018,25-29 years,7,1.9
Arboviral diseases,2018,25-29 years,27,7.3
Mumps,2018,25-29 years,83,22.4
Rickettsial disease,2018,25-29 years,0,0
Leprosy,2018,25-29 years,0,0
Campylobacteriosis,2018,25-29 years,523,140.9
Giardiasis,2018,25-29 years,138,37.2
Legionellosis,2018,25-29 years,1,suppressed
Poliomyelitis,2018,25-29 years,0,0
Acute gastroenteritis,2018,25-29 years,20,5.4
Pertussis,2018,25-29 years,133,35.8
Mpox,2018,25-29 years,0,0
Meningoencephalitis - primary amoebic,2018,25-29 years,0,0
Diphtheria,2018,25-29 years,0,0
Hepatitis NOS,2018,25-29 years,2,suppressed
VTEC/STEC infection,2018,25-29 years,38,10.2
Paratyphoid fever,2018,25-29 years,8,2.2
Q fever,2018,25-29 years,0,0
Hepatitis A,2018,25-29 years,9,2.4
Hydatid disease,2018,25-29 years,0,0
Listeriosis,2018,25-29 years,0,0
Hepatitis C,2018,30-34 years,5,1.5
Taeniasis,2018,30-34 years,1,suppressed
Cysticercosis,2018,30-34 years,0,0
Meningococcal disease,2018,30-34 years,4,suppressed
Measles,2018,30-34 years,4,suppressed
Shigellosis,2018,30-34 years,15,4.4
Hepatitis B,2018,30-34 years,3,suppressed
Salmonellosis,2018,30-34 years,71,21
Mumps,2018,30-34 years,30,8.9
Tuberculosis disease,2018,30-34 years,45,13.3
Pertussis,2018,30-34 years,141,41.7
Arboviral diseases,2018,30-34 years,28,8.3
Legionellosis,2018,30-34 years,3,suppressed
Yersiniosis,2018,30-34 years,81,24
Cholera,2018,30-34 years,0,0
Trichinosis,2018,30-34 years,0,0
Mpox,2018,30-34 years,0,0
Rubella,2018,30-34 years,0,0
Hydatid disease,2018,30-34 years,0,0
Tetanus,2018,30-34 years,0,0
Hepatitis NOS,2018,30-34 years,0,0
Rickettsial disease,2018,30-34 years,0,0
Typhoid fever,2018,30-34 years,7,2.1
Leptospirosis,2018,30-34 years,9,2.7
Toxic shellfish poisoning,2018,30-34 years,1,suppressed
Leprosy,2018,30-34 years,0,0
Rheumatic fever,2018,30-34 years,6,1.8
Campylobacteriosis,2018,30-34 years,414,122.4
Q fever,2018,30-34 years,0,0
VTEC/STEC infection,2018,30-34 years,43,12.7
Giardiasis,2018,30-34 years,152,45
Malaria,2018,30-34 years,4,suppressed
Listeriosis,2018,30-34 years,2,suppressed
Hepatitis A,2018,30-34 years,4,suppressed
Diphtheria,2018,30-34 years,0,0
Cryptosporidiosis,2018,30-34 years,120,35.5
Invasive group A streptococcal infection,2018,30-34 years,0,0
Acute gastroenteritis,2018,30-34 years,17,5
Poliomyelitis,2018,30-34 years,0,0
Rabies and other lyssaviruses,2018,30-34 years,0,0
Invasive pneumococcal disease,2018,30-34 years,17,5
Paratyphoid fever,2018,30-34 years,1,suppressed
Brucellosis,2018,30-34 years,1,suppressed
Meningoencephalitis - primary amoebic,2018,30-34 years,0,0
Haemophilus influenzae type b,2018,30-34 years,0,0
Hepatitis C,2018,35-39 years,5,1.6
Arboviral diseases,2018,35-39 years,34,11
Measles,2018,35-39 years,1,suppressed
Typhoid fever,2018,35-39 years,6,1.9
Hepatitis NOS,2018,35-39 years,1,suppressed
Trichinosis,2018,35-39 years,0,0
Pertussis,2018,35-39 years,155,50
Tetanus,2018,35-39 years,0,0
Cholera,2018,35-39 years,0,0
Tuberculosis disease,2018,35-39 years,25,8.1
Taeniasis,2018,35-39 years,1,suppressed
Hepatitis A,2018,35-39 years,3,suppressed
Yersiniosis,2018,35-39 years,60,19.4
Malaria,2018,35-39 years,3,suppressed
Hepatitis B,2018,35-39 years,2,suppressed
Poliomyelitis,2018,35-39 years,0,0
Listeriosis,2018,35-39 years,1,suppressed
Mumps,2018,35-39 years,14,4.5
Cryptosporidiosis,2018,35-39 years,132,42.6
Rickettsial disease,2018,35-39 years,1,suppressed
Cysticercosis,2018,35-39 years,0,0
Meningoencephalitis - primary amoebic,2018,35-39 years,0,0
Rabies and other lyssaviruses,2018,35-39 years,0,0
Meningococcal disease,2018,35-39 years,4,suppressed
Rheumatic fever,2018,35-39 years,7,2.3
Leprosy,2018,35-39 years,0,0
Campylobacteriosis,2018,35-39 years,347,111.9
Rubella,2018,35-39 years,0,0
Haemophilus influenzae type b,2018,35-39 years,0,0
VTEC/STEC infection,2018,35-39 years,36,11.6
Diphtheria,2018,35-39 years,0,0
Invasive group A streptococcal infection,2018,35-39 years,0,0
Legionellosis,2018,35-39 years,4,suppressed
Shigellosis,2018,35-39 years,12,3.9
Toxic shellfish poisoning,2018,35-39 years,0,0
Q fever,2018,35-39 years,0,0
Mpox,2018,35-39 years,0,0
Salmonellosis,2018,35-39 years,49,15.8
Acute gastroenteritis,2018,35-39 years,20,6.5
Brucellosis,2018,35-39 years,0,0
Paratyphoid fever,2018,35-39 years,1,suppressed
Hydatid disease,2018,35-39 years,0,0
Leptospirosis,2018,35-39 years,10,3.2
Giardiasis,2018,35-39 years,173,55.8
Invasive pneumococcal disease,2018,35-39 years,22,7.1
Cryptosporidiosis,2018,40-44 years,68,22.6
Campylobacteriosis,2018,40-44 years,371,123.2
Pertussis,2018,40-44 years,189,62.8
Mumps,2018,40-44 years,13,4.3
Taeniasis,2018,40-44 years,0,0
Typhoid fever,2018,40-44 years,3,suppressed
Trichinosis,2018,40-44 years,0,0
Cysticercosis,2018,40-44 years,0,0
Hepatitis NOS,2018,40-44 years,1,suppressed
Hepatitis B,2018,40-44 years,3,suppressed
Rheumatic fever,2018,40-44 years,0,0
Poliomyelitis,2018,40-44 years,0,0
Q fever,2018,40-44 years,0,0
Diphtheria,2018,40-44 years,0,0
VTEC/STEC infection,2018,40-44 years,41,13.6
Measles,2018,40-44 years,5,1.7
Tetanus,2018,40-44 years,0,0
Cholera,2018,40-44 years,0,0
Meningococcal disease,2018,40-44 years,2,suppressed
Shigellosis,2018,40-44 years,9,3
Hepatitis C,2018,40-44 years,3,suppressed
Hepatitis A,2018,40-44 years,2,suppressed
Leprosy,2018,40-44 years,2,suppressed
Salmonellosis,2018,40-44 years,59,19.6
Haemophilus influenzae type b,2018,40-44 years,0,0
Listeriosis,2018,40-44 years,1,suppressed
Brucellosis,2018,40-44 years,1,suppressed
Rubella,2018,40-44 years,0,0
Rabies and other lyssaviruses,2018,40-44 years,0,0
Arboviral diseases,2018,40-44 years,38,12.6
Leptospirosis,2018,40-44 years,13,4.3
Toxic shellfish poisoning,2018,40-44 years,1,suppressed
Malaria,2018,40-44 years,2,suppressed
Yersiniosis,2018,40-44 years,43,14.3
Giardiasis,2018,40-44 years,104,34.5
Invasive pneumococcal disease,2018,40-44 years,17,5.6
Meningoencephalitis - primary amoebic,2018,40-44 years,0,0
Hydatid disease,2018,40-44 years,0,0
Acute gastroenteritis,2018,40-44 years,16,5.3
Rickettsial disease,2018,40-44 years,0,0
Legionellosis,2018,40-44 years,6,2
Tuberculosis disease,2018,40-44 years,22,7.3
Mpox,2018,40-44 years,0,0
Invasive group A streptococcal infection,2018,40-44 years,0,0
Paratyphoid fever,2018,40-44 years,0,0
Rubella,2019,0-4 years,0,0
Campylobacteriosis,2019,0-4 years,726,237.8
Haemophilus influenzae type b,2019,0-4 years,0,0
Meningococcal disease,2019,0-4 years,52,17
Hydatid disease,2019,0-4 years,0,0
Brucellosis,2019,0-4 years,0,0
Trichinosis,2019,0-4 years,0,0
Shigellosis,2019,0-4 years,15,4.9
Typhoid fever,2019,0-4 years,4,suppressed
Arboviral diseases,2019,0-4 years,2,suppressed
Leprosy,2019,0-4 years,0,0
Cysticercosis,2019,0-4 years,0,0
Malaria,2019,0-4 years,1,suppressed
Giardiasis,2019,0-4 years,328,107.4
Invasive pneumococcal disease,2019,0-4 years,45,14.7
Yersiniosis,2019,0-4 years,209,68.5
Hepatitis NOS,2019,0-4 years,0,0
Taeniasis,2019,0-4 years,0,0
Leptospirosis,2019,0-4 years,0,0
Hepatitis C,2019,0-4 years,0,0
Measles,2019,0-4 years,587,192.3
Legionellosis,2019,0-4 years,0,0
Invasive group A streptococcal infection,2019,0-4 years,0,0
Rabies and other lyssaviruses,2019,0-4 years,0,0
Hepatitis A,2019,0-4 years,10,3.3
Cholera,2019,0-4 years,0,0
Q fever,2019,0-4 years,0,0
Pertussis,2019,0-4 years,256,83.9
Tuberculosis disease,2019,0-4 years,1,suppressed
Tetanus,2019,0-4 years,0,0
Acute gastroenteritis,2019,0-4 years,45,14.7
VTEC/STEC infection,2019,0-4 years,238,78
Mpox,2019,0-4 years,0,0
Diphtheria,2019,0-4 years,0,0
Cryptosporidiosis,2019,0-4 years,270,88.4
Toxic shellfish poisoning,2019,0-4 years,0,0
Hepatitis B,2019,0-4 years,0,0
Rheumatic fever,2019,0-4 years,1,suppressed
Paratyphoid fever,2019,0-4 years,1,suppressed
Mumps,2019,0-4 years,16,5.2
Poliomyelitis,2019,0-4 years,0,0
Listeriosis,2019,0-4 years,0,0
Salmonellosis,2019,0-4 years,231,75.7
Meningoencephalitis - primary amoebic,2019,0-4 years,0,0
Rickettsial disease,2019,0-4 years,0,0
Leptospirosis,2019,45-49 years,7,2.1
Diphtheria,2019,45-49 years,0,0
Malaria,2019,45-49 years,2,suppressed
Mumps,2019,45-49 years,4,suppressed
Tuberculosis disease,2019,45-49 years,18,5.4
Hepatitis NOS,2019,45-49 years,2,suppressed
Shigellosis,2019,45-49 years,13,3.9
Poliomyelitis,2019,45-49 years,0,0
Hepatitis A,2019,45-49 years,2,suppressed
Arboviral diseases,2019,45-49 years,16,4.8
Typhoid fever,2019,45-49 years,6,1.8
Campylobacteriosis,2019,45-49 years,384,115.6
Giardiasis,2019,45-49 years,100,30.1
Taeniasis,2019,45-49 years,0,0
Tetanus,2019,45-49 years,0,0
Brucellosis,2019,45-49 years,0,0
Meningoencephalitis - primary amoebic,2019,45-49 years,0,0
Meningococcal disease,2019,45-49 years,3,suppressed
Cryptosporidiosis,2019,45-49 years,34,10.2
Mpox,2019,45-49 years,0,0
Trichinosis,2019,45-49 years,0,0
Listeriosis,2019,45-49 years,3,suppressed
Rickettsial disease,2019,45-49 years,0,0
Cholera,2019,45-49 years,0,0
VTEC/STEC infection,2019,45-49 years,49,14.7
Cysticercosis,2019,45-49 years,0,0
Hydatid disease,2019,45-49 years,0,0
Hepatitis C,2019,45-49 years,0,0
Measles,2019,45-49 years,41,12.3
Rabies and other lyssaviruses,2019,45-49 years,0,0
Invasive group A streptococcal infection,2019,45-49 years,0,0
Q fever,2019,45-49 years,0,0
Rheumatic fever,2019,45-49 years,0,0
Rubella,2019,45-49 years,0,0
Pertussis,2019,45-49 years,77,23.2
Haemophilus influenzae type b,2019,45-49 years,0,0
Leprosy,2019,45-49 years,1,suppressed
Acute gastroenteritis,2019,45-49 years,34,10.2
Toxic shellfish poisoning,2019,45-49 years,0,0
Hepatitis B,2019,45-49 years,3,suppressed
Paratyphoid fever,2019,45-49 years,0,0
Invasive pneumococcal disease,2019,45-49 years,28,8.4
Yersiniosis,2019,45-49 years,71,21.4
Salmonellosis,2019,45-49 years,59,17.8
Legionellosis,2019,45-49 years,11,3.3
Meningococcal disease,2019,50-54 years,4,suppressed
Q fever,2019,50-54 years,1,suppressed
Leptospirosis,2019,50-54 years,8,2.5
Campylobacteriosis,2019,50-54 years,389,121.5
Rickettsial disease,2019,50-54 years,0,0
Rheumatic fever,2019,50-54 years,1,suppressed
Malaria,2019,50-54 years,2,suppressed
Hydatid disease,2019,50-54 years,0,0
Mumps,2019,50-54 years,2,suppressed
Taeniasis,2019,50-54 years,0,0
Tetanus,2019,50-54 years,0,0
Invasive group A streptococcal infection,2019,50-54 years,0,0
Rabies and other lyssaviruses,2019,50-54 years,0,0
Toxic shellfish poisoning,2019,50-54 years,0,0
Brucellosis,2019,50-54 years,0,0
Leprosy,2019,50-54 years,0,0
Poliomyelitis,2019,50-54 years,0,0
Arboviral diseases,2019,50-54 years,17,5.3
Listeriosis,2019,50-54 years,0,0
Hepatitis A,2019,50-54 years,4,suppressed
Cholera,2019,50-54 years,0,0
Hepatitis NOS,2019,50-54 years,0,0
Cysticercosis,2019,50-54 years,0,0
Typhoid fever,2019,50-54 years,7,2.2
Measles,2019,50-54 years,18,5.6
Legionellosis,2019,50-54 years,10,3.1
Salmonellosis,2019,50-54 years,65,20.3
Hepatitis B,2019,50-54 years,1,suppressed
Paratyphoid fever,2019,50-54 years,0,0
Meningoencephalitis - primary amoebic,2019,50-54 years,0,0
Trichinosis,2019,50-54 years,0,0
Haemophilus influenzae type b,2019,50-54 years,0,0
Tuberculosis disease,2019,50-54 years,19,5.9
Hepatitis C,2019,50-54 years,0,0
Rubella,2019,50-54 years,0,0
VTEC/STEC infection,2019,50-54 years,56,17.5
Pertussis,2019,50-54 years,62,19.4
Invasive pneumococcal disease,2019,50-54 years,32,10
Acute gastroenteritis,2019,50-54 years,33,10.3
Mpox,2019,50-54 years,0,0
Shigellosis,2019,50-54 years,14,4.4
Cryptosporidiosis,2019,50-54 years,27,8.4
Giardiasis,2019,50-54 years,68,21.2
Yersiniosis,2019,50-54 years,62,19.4
Diphtheria,2019,50-54 years,0,0
Q fever,2019,55-59 years,0,0
Rickettsial disease,2019,55-59 years,2,suppressed
Rabies and other lyssaviruses,2019,55-59 years,0,0
Invasive group A streptococcal infection,2019,55-59 years,0,0
Hepatitis B,2019,55-59 years,4,suppressed
Meningococcal disease,2019,55-59 years,4,suppressed
Paratyphoid fever,2019,55-59 years,0,0
Hepatitis NOS,2019,55-59 years,2,suppressed
Cysticercosis,2019,55-59 years,0,0
Typhoid fever,2019,55-59 years,2,suppressed
Rheumatic fever,2019,55-59 years,0,0
Legionellosis,2019,55-59 years,12,3.7
Salmonellosis,2019,55-59 years,85,26.5
Yersiniosis,2019,55-59 years,65,20.3
Haemophilus influenzae type b,2019,55-59 years,1,suppressed
Poliomyelitis,2019,55-59 years,0,0
Cholera,2019,55-59 years,0,0
VTEC/STEC infection,2019,55-59 years,69,21.6
Taeniasis,2019,55-59 years,0,0
Diphtheria,2019,55-59 years,0,0
Measles,2019,55-59 years,11,3.4
Hydatid disease,2019,55-59 years,0,0
Acute gastroenteritis,2019,55-59 years,34,10.6
Brucellosis,2019,55-59 years,0,0
Tuberculosis disease,2019,55-59 years,16,5
Arboviral diseases,2019,55-59 years,25,7.8
Listeriosis,2019,55-59 years,3,suppressed
Pertussis,2019,55-59 years,58,18.1
Toxic shellfish poisoning,2019,55-59 years,0,0
Invasive pneumococcal disease,2019,55-59 years,44,13.7
Tetanus,2019,55-59 years,0,0
Leptospirosis,2019,55-59 years,6,1.9
Trichinosis,2019,55-59 years,0,0
Hepatitis C,2019,55-59 years,3,suppressed
Shigellosis,2019,55-59 years,20,6.2
Malaria,2019,55-59 years,2,suppressed
Rubella,2019,55-59 years,0,0
Mumps,2019,55-59 years,2,suppressed
Hepatitis A,2019,55-59 years,2,suppressed
Leprosy,2019,55-59 years,0,0
Meningoencephalitis - primary amoebic,2019,55-59 years,0,0
Mpox,2019,55-59 years,0,0
Cryptosporidiosis,2019,55-59 years,29,9.1
Giardiasis,2019,55-59 years,100,31.2
Campylobacteriosis,2019,55-59 years,420,131.2
Brucellosis,2019,60-64 years,1,suppressed
Toxic shellfish poisoning,2019,60-64 years,0,0
Legionellosis,2019,60-64 years,31,11.1
Listeriosis,2019,60-64 years,3,suppressed
Arboviral diseases,2019,60-64 years,21,7.5
Yersiniosis,2019,60-64 years,74,26.5
Measles,2019,60-64 years,2,suppressed
Shigellosis,2019,60-64 years,15,5.4
Rabies and other lyssaviruses,2019,60-64 years,0,0
Trichinosis,2019,60-64 years,0,0
Q fever,2019,60-64 years,0,0
Haemophilus influenzae type b,2019,60-64 years,0,0
Tetanus,2019,60-64 years,0,0
Rubella,2019,60-64 years,0,0
Typhoid fever,2019,60-64 years,1,suppressed
Taeniasis,2019,60-64 years,1,suppressed
Hepatitis C,2019,60-64 years,4,suppressed
Hydatid disease,2019,60-64 years,0,0
Invasive group A streptococcal infection,2019,60-64 years,0,0
Pertussis,2019,60-64 years,61,21.9
Meningococcal disease,2019,60-64 years,6,2.2
Poliomyelitis,2019,60-64 years,0,0
Malaria,2019,60-64 years,2,suppressed
Leptospirosis,2019,60-64 years,6,2.2
Diphtheria,2019,60-64 years,0,0
Leprosy,2019,60-64 years,0,0
Paratyphoid fever,2019,60-64 years,0,0
Acute gastroenteritis,2019,60-64 years,37,13.3
Giardiasis,2019,60-64 years,87,31.2
Campylobacteriosis,2019,60-64 years,404,144.9
Tuberculosis disease,2019,60-64 years,19,6.8
Meningoencephalitis - primary amoebic,2019,60-64 years,0,0
Mpox,2019,60-64 years,0,0
Hepatitis B,2019,60-64 years,1,suppressed
Hepatitis A,2019,60-64 years,1,suppressed
Cholera,2019,60-64 years,0,0
Rheumatic fever,2019,60-64 years,0,0
Cysticercosis,2019,60-64 years,0,0
Invasive pneumococcal disease,2019,60-64 years,47,16.9
Mumps,2019,60-64 years,2,suppressed
Salmonellosis,2019,60-64 years,89,31.9
VTEC/STEC infection,2019,60-64 years,75,26.9
Cryptosporidiosis,2019,60-64 years,26,9.3
Rickettsial disease,2019,60-64 years,0,0
Hepatitis NOS,2019,60-64 years,1,suppressed
Acute gastroenteritis,2019,65-69 years,34,14.2
Tetanus,2019,65-69 years,0,0
Typhoid fever,2019,65-69 years,1,suppressed
Tuberculosis disease,2019,65-69 years,17,7.1
Rabies and other lyssaviruses,2019,65-69 years,0,0
Yersiniosis,2019,65-69 years,65,27.2
Measles,2019,65-69 years,1,suppressed
Leprosy,2019,65-69 years,0,0
Listeriosis,2019,65-69 years,0,0
Arboviral diseases,2019,65-69 years,7,2.9
Q fever,2019,65-69 years,0,0
Shigellosis,2019,65-69 years,10,4.2
Paratyphoid fever,2019,65-69 years,0,0
Hepatitis C,2019,65-69 years,0,0
Taeniasis,2019,65-69 years,0,0
Brucellosis,2019,65-69 years,0,0
Mumps,2019,65-69 years,1,suppressed
Poliomyelitis,2019,65-69 years,0,0
Legionellosis,2019,65-69 years,15,6.3
Malaria,2019,65-69 years,3,suppressed
Cryptosporidiosis,2019,65-69 years,15,6.3
Cholera,2019,65-69 years,0,0
Trichinosis,2019,65-69 years,0,0
Rickettsial disease,2019,65-69 years,0,0
Campylobacteriosis,2019,65-69 years,400,167.4
Cysticercosis,2019,65-69 years,0,0
Giardiasis,2019,65-69 years,84,35.2
Hydatid disease,2019,65-69 years,0,0
Toxic shellfish poisoning,2019,65-69 years,0,0
Hepatitis A,2019,65-69 years,1,suppressed
Meningoencephalitis - primary amoebic,2019,65-69 years,0,0
Mpox,2019,65-69 years,0,0
Diphtheria,2019,65-69 years,0,0
Rheumatic fever,2019,65-69 years,0,0
Haemophilus influenzae type b,2019,65-69 years,1,suppressed
Rubella,2019,65-69 years,0,0
Hepatitis NOS,2019,65-69 years,0,0
Leptospirosis,2019,65-69 years,5,2.1
Meningococcal disease,2019,65-69 years,5,2.1
Hepatitis B,2019,65-69 years,2,suppressed
Salmonellosis,2019,65-69 years,60,25.1
Invasive group A streptococcal infection,2019,65-69 years,0,0
VTEC/STEC infection,2019,65-69 years,68,28.5
Pertussis,2019,65-69 years,45,18.8
Invasive pneumococcal disease,2019,65-69 years,50,20.9
Rabies and other lyssaviruses,2019,70-74 years,0,0
Taeniasis,2019,70-74 years,0,0
Shigellosis,2019,70-74 years,7,3.5
Hepatitis C,2019,70-74 years,1,suppressed
Tetanus,2019,70-74 years,0,0
Arboviral diseases,2019,70-74 years,9,4.5
Leptospirosis,2019,70-74 years,3,suppressed
Campylobacteriosis,2019,70-74 years,334,166.4
Mumps,2019,70-74 years,0,0
Hydatid disease,2019,70-74 years,1,suppressed
Measles,2019,70-74 years,0,0
Q fever,2019,70-74 years,0,0
Brucellosis,2019,70-74 years,0,0
Poliomyelitis,2019,70-74 years,0,0
Mpox,2019,70-74 years,0,0
Malaria,2019,70-74 years,0,0
Trichinosis,2019,70-74 years,0,0
Listeriosis,2019,70-74 years,1,suppressed
Cholera,2019,70-74 years,0,0
Rickettsial disease,2019,70-74 years,0,0
Cysticercosis,2019,70-74 years,0,0
Paratyphoid fever,2019,70-74 years,1,suppressed
Giardiasis,2019,70-74 years,37,18.4
Acute gastroenteritis,2019,70-74 years,25,12.5
Yersiniosis,2019,70-74 years,60,29.9
Meningococcal disease,2019,70-74 years,4,suppressed
Hepatitis A,2019,70-74 years,0,0
Invasive group A streptococcal infection,2019,70-74 years,0,0
Rheumatic fever,2019,70-74 years,0,0
Meningoencephalitis - primary amoebic,2019,70-74 years,0,0
Diphtheria,2019,70-74 years,0,0
Invasive pneumococcal disease,2019,70-74 years,44,21.9
Hepatitis NOS,2019,70-74 years,0,0
Typhoid fever,2019,70-74 years,0,0
Hepatitis B,2019,70-74 years,2,suppressed
Salmonellosis,2019,70-74 years,37,18.4
Tuberculosis disease,2019,70-74 years,8,4
Legionellosis,2019,70-74 years,17,8.5
VTEC/STEC infection,2019,70-74 years,53,26.4
Haemophilus influenzae type b,2019,70-74 years,0,0
Pertussis,2019,70-74 years,33,16.4
Leprosy,2019,70-74 years,0,0
Toxic shellfish poisoning,2019,70-74 years,0,0
Cryptosporidiosis,2019,70-74 years,12,6
Rubella,2019,70-74 years,0,0
Taeniasis,2019,75-79 years,0,0
Arboviral diseases,2019,75-79 years,0,0
Malaria,2019,75-79 years,1,suppressed
Poliomyelitis,2019,75-79 years,0,0
Cysticercosis,2019,75-79 years,0,0
Giardiasis,2019,75-79 years,22,15.7
Shigellosis,2019,75-79 years,2,suppressed
Mumps,2019,75-79 years,0,0
Meningococcal disease,2019,75-79 years,2,suppressed
Yersiniosis,2019,75-79 years,37,26.3
Leptospirosis,2019,75-79 years,2,suppressed
Q fever,2019,75-79 years,0,0
Listeriosis,2019,75-79 years,4,suppressed
Pertussis,2019,75-79 years,21,14.9
Brucellosis,2019,75-79 years,0,0
Typhoid fever,2019,75-79 years,0,0
Cholera,2019,75-79 years,0,0
Leprosy,2019,75-79 years,0,0
VTEC/STEC infection,2019,75-79 years,44,31.3
Rabies and other lyssaviruses,2019,75-79 years,0,0
Toxic shellfish poisoning,2019,75-79 years,0,0
Salmonellosis,2019,75-79 years,33,23.5
Hepatitis A,2019,75-79 years,0,0
Rheumatic fever,2019,75-79 years,0,0
Mpox,2019,75-79 years,0,0
Meningoencephalitis - primary amoebic,2019,75-79 years,0,0
Trichinosis,2019,75-79 years,0,0
Rickettsial disease,2019,75-79 years,0,0
Hepatitis NOS,2019,75-79 years,0,0
Paratyphoid fever,2019,75-79 years,0,0
Campylobacteriosis,2019,75-79 years,232,165.1
Invasive group A streptococcal infection,2019,75-79 years,0,0
Hepatitis B,2019,75-79 years,2,suppressed
Measles,2019,75-79 years,0,0
Rubella,2019,75-79 years,0,0
Tuberculosis disease,2019,75-79 years,13,9.2
Haemophilus influenzae type b,2019,75-79 years,0,0
Acute gastroenteritis,2019,75-79 years,9,6.4
Hepatitis C,2019,75-79 years,0,0
Invasive pneumococcal disease,2019,75-79 years,41,29.2
Hydatid disease,2019,75-79 years,0,0
Tetanus,2019,75-79 years,0,0
Diphtheria,2019,75-79 years,0,0
Cryptosporidiosis,2019,75-79 years,11,7.8
Legionellosis,2019,75-79 years,27,19.2
Mumps,2019,80-84 years,0,0
Cysticercosis,2019,80-84 years,0,0
Cholera,2019,80-84 years,0,0
Meningoencephalitis - primary amoebic,2019,80-84 years,0,0
Taeniasis,2019,80-84 years,0,0
Malaria,2019,80-84 years,0,0
Tetanus,2019,80-84 years,0,0
Hepatitis A,2019,80-84 years,0,0
Leptospirosis,2019,80-84 years,0,0
Brucellosis,2019,80-84 years,0,0
Meningococcal disease,2019,80-84 years,1,suppressed
Invasive pneumococcal disease,2019,80-84 years,16,17.7
Q fever,2019,80-84 years,0,0
Leprosy,2019,80-84 years,0,0
Typhoid fever,2019,80-84 years,0,0
Measles,2019,80-84 years,0,0
Hepatitis NOS,2019,80-84 years,0,0
Invasive group A streptococcal infection,2019,80-84 years,0,0
Rabies and other lyssaviruses,2019,80-84 years,0,0
Rheumatic fever,2019,80-84 years,0,0
Toxic shellfish poisoning,2019,80-84 years,0,0
Trichinosis,2019,80-84 years,0,0
Yersiniosis,2019,80-84 years,25,27.6
Listeriosis,2019,80-84 years,4,suppressed
Diphtheria,2019,80-84 years,0,0
Rubella,2019,80-84 years,0,0
Legionellosis,2019,80-84 years,11,12.1
VTEC/STEC infection,2019,80-84 years,32,35.3
Hepatitis C,2019,80-84 years,0,0
Campylobacteriosis,2019,80-84 years,169,186.7
Mpox,2019,80-84 years,0,0
Hepatitis B,2019,80-84 years,0,0
Acute gastroenteritis,2019,80-84 years,8,8.8
Rickettsial disease,2019,80-84 years,0,0
Tuberculosis disease,2019,80-84 years,10,11
Poliomyelitis,2019,80-84 years,0,0
Arboviral diseases,2019,80-84 years,0,0
Hydatid disease,2019,80-84 years,0,0
Paratyphoid fever,2019,80-84 years,0,0
Salmonellosis,2019,80-84 years,22,24.3
Shigellosis,2019,80-84 years,0,0
Haemophilus influenzae type b,2019,80-84 years,0,0
Pertussis,2019,80-84 years,13,14.4
Giardiasis,2019,80-84 years,11,12.1
Cryptosporidiosis,2019,80-84 years,5,5.5
Malaria,2019,85+ years,0,0
Hepatitis NOS,2019,85+ years,0,0
Cholera,2019,85+ years,0,0
Taeniasis,2019,85+ years,0,0
Typhoid fever,2019,85+ years,0,0
Arboviral diseases,2019,85+ years,1,suppressed
Campylobacteriosis,2019,85+ years,125,145.2
Tetanus,2019,85+ years,0,0
Leprosy,2019,85+ years,0,0
Brucellosis,2019,85+ years,0,0
Diphtheria,2019,85+ years,0,0
Hepatitis C,2019,85+ years,0,0
Legionellosis,2019,85+ years,17,19.7
Listeriosis,2019,85+ years,4,suppressed
Q fever,2019,85+ years,0,0
Meningococcal disease,2019,85+ years,5,5.8
Hepatitis A,2019,85+ years,0,0
Invasive group A streptococcal infection,2019,85+ years,0,0
Poliomyelitis,2019,85+ years,0,0
Haemophilus influenzae type b,2019,85+ years,0,0
Invasive pneumococcal disease,2019,85+ years,41,47.6
Rubella,2019,85+ years,0,0
Rabies and other lyssaviruses,2019,85+ years,0,0
Measles,2019,85+ years,0,0
Mumps,2019,85+ years,0,0
Tuberculosis disease,2019,85+ years,6,7
Shigellosis,2019,85+ years,1,suppressed
Acute gastroenteritis,2019,85+ years,12,13.9
Yersiniosis,2019,85+ years,23,26.7
Hepatitis B,2019,85+ years,0,0
Mpox,2019,85+ years,0,0
Meningoencephalitis - primary amoebic,2019,85+ years,0,0
Cryptosporidiosis,2019,85+ years,7,8.1
Pertussis,2019,85+ years,6,7
Cysticercosis,2019,85+ years,0,0
VTEC/STEC infection,2019,85+ years,40,46.5
Leptospirosis,2019,85+ years,0,0
Rickettsial disease,2019,85+ years,0,0
Giardiasis,2019,85+ years,5,5.8
Rheumatic fever,2019,85+ years,0,0
Trichinosis,2019,85+ years,0,0
Toxic shellfish poisoning,2019,85+ years,0,0
Hydatid disease,2019,85+ years,0,0
Paratyphoid fever,2019,85+ years,0,0
Salmonellosis,2019,85+ years,7,8.1
Giardiasis,2019,5-9 years,119,36.2
Arboviral diseases,2019,5-9 years,6,1.8
Acute gastroenteritis,2019,5-9 years,11,3.3
Trichinosis,2019,5-9 years,0,0
Brucellosis,2019,5-9 years,0,0
Diphtheria,2019,5-9 years,1,suppressed
Cysticercosis,2019,5-9 years,0,0
Malaria,2019,5-9 years,0,0
Haemophilus influenzae type b,2019,5-9 years,0,0
Rabies and other lyssaviruses,2019,5-9 years,0,0
Pertussis,2019,5-9 years,115,35
Yersiniosis,2019,5-9 years,50,15.2
Tetanus,2019,5-9 years,0,0
Shigellosis,2019,5-9 years,11,3.3
Mumps,2019,5-9 years,9,2.7
Taeniasis,2019,5-9 years,0,0
Meningoencephalitis - primary amoebic,2019,5-9 years,0,0
Hepatitis C,2019,5-9 years,0,0
Legionellosis,2019,5-9 years,0,0
Meningococcal disease,2019,5-9 years,13,4
Cholera,2019,5-9 years,0,0
Q fever,2019,5-9 years,0,0
Mpox,2019,5-9 years,0,0
Paratyphoid fever,2019,5-9 years,1,suppressed
Hydatid disease,2019,5-9 years,0,0
Listeriosis,2019,5-9 years,0,0
VTEC/STEC infection,2019,5-9 years,52,15.8
Rickettsial disease,2019,5-9 years,1,suppressed
Salmonellosis,2019,5-9 years,64,19.5
Tuberculosis disease,2019,5-9 years,1,suppressed
Rheumatic fever,2019,5-9 years,37,11.3
Toxic shellfish poisoning,2019,5-9 years,0,0
Leprosy,2019,5-9 years,0,0
Hepatitis B,2019,5-9 years,0,0
Campylobacteriosis,2019,5-9 years,269,81.9
Hepatitis A,2019,5-9 years,6,1.8
Hepatitis NOS,2019,5-9 years,0,0
Invasive group A streptococcal infection,2019,5-9 years,0,0
Leptospirosis,2019,5-9 years,1,suppressed
Rubella,2019,5-9 years,0,0
Measles,2019,5-9 years,84,25.6
Cryptosporidiosis,2019,5-9 years,100,30.4
Typhoid fever,2019,5-9 years,5,1.5
Invasive pneumococcal disease,2019,5-9 years,14,4.3
Poliomyelitis,2019,5-9 years,0,0
Pertussis,2019,10-14 years,98,30.4
Hepatitis NOS,2019,10-14 years,0,0
Meningoencephalitis - primary amoebic,2019,10-14 years,0,0
Trichinosis,2019,10-14 years,0,0
Mpox,2019,10-14 years,0,0
Malaria,2019,10-14 years,1,suppressed
Taeniasis,2019,10-14 years,0,0
Rheumatic fever,2019,10-14 years,67,20.8
Tetanus,2019,10-14 years,0,0
Rubella,2019,10-14 years,0,0
Mumps,2019,10-14 years,8,2.5
Poliomyelitis,2019,10-14 years,0,0
Salmonellosis,2019,10-14 years,38,11.8
Measles,2019,10-14 years,151,46.8
Rabies and other lyssaviruses,2019,10-14 years,0,0
Leptospirosis,2019,10-14 years,1,suppressed
Meningococcal disease,2019,10-14 years,3,suppressed
Hepatitis A,2019,10-14 years,4,suppressed
Leprosy,2019,10-14 years,0,0
Invasive group A streptococcal infection,2019,10-14 years,0,0
Haemophilus influenzae type b,2019,10-14 years,0,0
Giardiasis,2019,10-14 years,40,12.4
Hydatid disease,2019,10-14 years,0,0
VTEC/STEC infection,2019,10-14 years,39,12.1
Yersiniosis,2019,10-14 years,47,14.6
Tuberculosis disease,2019,10-14 years,0,0
Hepatitis C,2019,10-14 years,0,0
Legionellosis,2019,10-14 years,1,suppressed
Diphtheria,2019,10-14 years,0,0
Hepatitis B,2019,10-14 years,0,0
Typhoid fever,2019,10-14 years,2,suppressed
Campylobacteriosis,2019,10-14 years,219,67.8
Cysticercosis,2019,10-14 years,0,0
Cholera,2019,10-14 years,0,0
Shigellosis,2019,10-14 years,7,2.2
Acute gastroenteritis,2019,10-14 years,8,2.5
Brucellosis,2019,10-14 years,0,0
Rickettsial disease,2019,10-14 years,0,0
Arboviral diseases,2019,10-14 years,6,1.9
Toxic shellfish poisoning,2019,10-14 years,0,0
Listeriosis,2019,10-14 years,0,0
Q fever,2019,10-14 years,0,0
Paratyphoid fever,2019,10-14 years,2,suppressed
Invasive pneumococcal disease,2019,10-14 years,9,2.8
Cryptosporidiosis,2019,10-14 years,69,21.4
Hydatid disease,2019,15-19 years,0,0
Measles,2019,15-19 years,305,95.9
Yersiniosis,2019,15-19 years,45,14.2
Rheumatic fever,2019,15-19 years,20,6.3
Tetanus,2019,15-19 years,0,0
Cysticercosis,2019,15-19 years,0,0
Hepatitis A,2019,15-19 years,7,2.2
Mumps,2019,15-19 years,38,12
Salmonellosis,2019,15-19 years,44,13.8
Hepatitis NOS,2019,15-19 years,0,0
Rickettsial disease,2019,15-19 years,0,0
Meningococcal disease,2019,15-19 years,15,4.7
Typhoid fever,2019,15-19 years,2,suppressed
Meningoencephalitis - primary amoebic,2019,15-19 years,0,0
Q fever,2019,15-19 years,0,0
Trichinosis,2019,15-19 years,0,0
Haemophilus influenzae type b,2019,15-19 years,0,0
Listeriosis,2019,15-19 years,1,suppressed
VTEC/STEC infection,2019,15-19 years,48,15.1
Rubella,2019,15-19 years,0,0
Leptospirosis,2019,15-19 years,6,1.9
Tuberculosis disease,2019,15-19 years,7,2.2
Taeniasis,2019,15-19 years,0,0
Legionellosis,2019,15-19 years,0,0
Hepatitis B,2019,15-19 years,0,0
Cryptosporidiosis,2019,15-19 years,55,17.3
Leprosy,2019,15-19 years,2,suppressed
Mpox,2019,15-19 years,0,0
Cholera,2019,15-19 years,0,0
Pertussis,2019,15-19 years,70,22
Arboviral diseases,2019,15-19 years,11,3.5
Campylobacteriosis,2019,15-19 years,324,101.9
Shigellosis,2019,15-19 years,5,1.6
Diphtheria,2019,15-19 years,0,0
Malaria,2019,15-19 years,2,suppressed
Acute gastroenteritis,2019,15-19 years,19,6
Brucellosis,2019,15-19 years,0,0
Invasive pneumococcal disease,2019,15-19 years,6,1.9
Rabies and other lyssaviruses,2019,15-19 years,0,0
Paratyphoid fever,2019,15-19 years,1,suppressed
Invasive group A streptococcal infection,2019,15-19 years,0,0
Toxic shellfish poisoning,2019,15-19 years,0,0
Poliomyelitis,2019,15-19 years,0,0
Giardiasis,2019,15-19 years,37,11.6
Hepatitis C,2019,15-19 years,2,suppressed
Trichinosis,2019,20-24 years,0,0
Yersiniosis,2019,20-24 years,42,12.5
Listeriosis,2019,20-24 years,4,suppressed
Malaria,2019,20-24 years,2,suppressed
Tetanus,2019,20-24 years,0,0
Measles,2019,20-24 years,432,128.5
Rickettsial disease,2019,20-24 years,1,suppressed
Tuberculosis disease,2019,20-24 years,31,9.2
Hepatitis A,2019,20-24 years,8,2.4
Hepatitis B,2019,20-24 years,2,suppressed
Leprosy,2019,20-24 years,1,suppressed
Cryptosporidiosis,2019,20-24 years,80,23.8
Leptospirosis,2019,20-24 years,7,2.1
Hydatid disease,2019,20-24 years,0,0
Campylobacteriosis,2019,20-24 years,440,130.9
Mpox,2019,20-24 years,0,0
Arboviral diseases,2019,20-24 years,17,5.1
Acute gastroenteritis,2019,20-24 years,27,8
Meningoencephalitis - primary amoebic,2019,20-24 years,0,0
Rubella,2019,20-24 years,0,0
Cysticercosis,2019,20-24 years,0,0
Meningococcal disease,2019,20-24 years,10,3
Typhoid fever,2019,20-24 years,8,2.4
Rheumatic fever,2019,20-24 years,21,6.2
Invasive pneumococcal disease,2019,20-24 years,12,3.6
Pertussis,2019,20-24 years,50,14.9
Poliomyelitis,2019,20-24 years,0,0
Shigellosis,2019,20-24 years,24,7.1
Brucellosis,2019,20-24 years,0,0
Diphtheria,2019,20-24 years,0,0
Hepatitis NOS,2019,20-24 years,0,0
Taeniasis,2019,20-24 years,2,suppressed
Giardiasis,2019,20-24 years,72,21.4
Q fever,2019,20-24 years,0,0
Toxic shellfish poisoning,2019,20-24 years,0,0
Invasive group A streptococcal infection,2019,20-24 years,0,0
Salmonellosis,2019,20-24 years,78,23.2
Mumps,2019,20-24 years,91,27.1
Hepatitis C,2019,20-24 years,1,suppressed
Haemophilus influenzae type b,2019,20-24 years,0,0
Legionellosis,2019,20-24 years,1,suppressed
VTEC/STEC infection,2019,20-24 years,56,16.7
Paratyphoid fever,2019,20-24 years,4,suppressed
Rabies and other lyssaviruses,2019,20-24 years,0,0
Cholera,2019,20-24 years,0,0
Tetanus,2019,25-29 years,0,0
Q fever,2019,25-29 years,0,0
Yersiniosis,2019,25-29 years,89,23.7
Rickettsial disease,2019,25-29 years,0,0
Hydatid disease,2019,25-29 years,0,0
Listeriosis,2019,25-29 years,1,suppressed
Hepatitis A,2019,25-29 years,7,1.9
Rabies and other lyssaviruses,2019,25-29 years,0,0
Invasive group A streptococcal infection,2019,25-29 years,0,0
Poliomyelitis,2019,25-29 years,0,0
Campylobacteriosis,2019,25-29 years,425,113.4
Rubella,2019,25-29 years,0,0
Haemophilus influenzae type b,2019,25-29 years,0,0
Meningoencephalitis - primary amoebic,2019,25-29 years,0,0
Salmonellosis,2019,25-29 years,74,19.7
Hepatitis C,2019,25-29 years,3,suppressed
Arboviral diseases,2019,25-29 years,23,6.1
Cryptosporidiosis,2019,25-29 years,99,26.4
Hepatitis B,2019,25-29 years,3,suppressed
Rheumatic fever,2019,25-29 years,14,3.7
Trichinosis,2019,25-29 years,0,0
Cysticercosis,2019,25-29 years,0,0
Giardiasis,2019,25-29 years,131,35
Shigellosis,2019,25-29 years,22,5.9
Brucellosis,2019,25-29 years,0,0
Hepatitis NOS,2019,25-29 years,0,0
Leptospirosis,2019,25-29 years,10,2.7
Taeniasis,2019,25-29 years,1,suppressed
Meningococcal disease,2019,25-29 years,7,1.9
Diphtheria,2019,25-29 years,0,0
Legionellosis,2019,25-29 years,1,suppressed
Typhoid fever,2019,25-29 years,5,1.3
Invasive pneumococcal disease,2019,25-29 years,9,2.4
Leprosy,2019,25-29 years,1,suppressed
Malaria,2019,25-29 years,4,suppressed
Pertussis,2019,25-29 years,44,11.7
Acute gastroenteritis,2019,25-29 years,29,7.7
Tuberculosis disease,2019,25-29 years,51,13.6
Measles,2019,25-29 years,272,72.6
VTEC/STEC infection,2019,25-29 years,66,17.6
Toxic shellfish poisoning,2019,25-29 years,0,0
Mumps,2019,25-29 years,55,14.7
Mpox,2019,25-29 years,0,0
Cholera,2019,25-29 years,0,0
Paratyphoid fever,2019,25-29 years,3,suppressed
Poliomyelitis,2019,30-34 years,0,0
Salmonellosis,2019,30-34 years,80,22.7
Rubella,2019,30-34 years,1,suppressed
Measles,2019,30-34 years,122,34.6
Haemophilus influenzae type b,2019,30-34 years,0,0
Meningococcal disease,2019,30-34 years,3,suppressed
Typhoid fever,2019,30-34 years,5,1.4
Listeriosis,2019,30-34 years,1,suppressed
Rickettsial disease,2019,30-34 years,0,0
Paratyphoid fever,2019,30-34 years,3,suppressed
Tuberculosis disease,2019,30-34 years,44,12.5
Cholera,2019,30-34 years,0,0
Legionellosis,2019,30-34 years,3,suppressed
Toxic shellfish poisoning,2019,30-34 years,0,0
Rabies and other lyssaviruses,2019,30-34 years,0,0
Hepatitis C,2019,30-34 years,5,1.4
Arboviral diseases,2019,30-34 years,26,7.4
Trichinosis,2019,30-34 years,0,0
Pertussis,2019,30-34 years,54,15.3
Cryptosporidiosis,2019,30-34 years,84,23.8
Leprosy,2019,30-34 years,1,suppressed
Tetanus,2019,30-34 years,0,0
Leptospirosis,2019,30-34 years,8,2.3
Campylobacteriosis,2019,30-34 years,356,101
Taeniasis,2019,30-34 years,0,0
Hydatid disease,2019,30-34 years,0,0
Yersiniosis,2019,30-34 years,88,25
Acute gastroenteritis,2019,30-34 years,46,13.1
Hepatitis B,2019,30-34 years,4,suppressed
Hepatitis A,2019,30-34 years,8,2.3
Q fever,2019,30-34 years,0,0
Malaria,2019,30-34 years,1,suppressed
Hepatitis NOS,2019,30-34 years,2,suppressed
Shigellosis,2019,30-34 years,20,5.7
Invasive pneumococcal disease,2019,30-34 years,20,5.7
VTEC/STEC infection,2019,30-34 years,47,13.3
Diphtheria,2019,30-34 years,0,0
Brucellosis,2019,30-34 years,0,0
Mumps,2019,30-34 years,22,6.2
Mpox,2019,30-34 years,0,0
Cysticercosis,2019,30-34 years,0,0
Meningoencephalitis - primary amoebic,2019,30-34 years,0,0
Invasive group A streptococcal infection,2019,30-34 years,0,0
Rheumatic fever,2019,30-34 years,4,suppressed
Giardiasis,2019,30-34 years,200,56.8
Hydatid disease,2019,35-39 years,0,0
Malaria,2019,35-39 years,3,suppressed
Haemophilus influenzae type b,2019,35-39 years,0,0
Poliomyelitis,2019,35-39 years,0,0
Trichinosis,2019,35-39 years,0,0
Pertussis,2019,35-39 years,66,20.5
Taeniasis,2019,35-39 years,1,suppressed
Toxic shellfish poisoning,2019,35-39 years,1,suppressed
Rickettsial disease,2019,35-39 years,0,0
Acute gastroenteritis,2019,35-39 years,34,10.6
Meningococcal disease,2019,35-39 years,0,0
Mumps,2019,35-39 years,9,2.8
Legionellosis,2019,35-39 years,3,suppressed
Diphtheria,2019,35-39 years,0,0
Arboviral diseases,2019,35-39 years,31,9.6
Typhoid fever,2019,35-39 years,2,suppressed
Hepatitis A,2019,35-39 years,3,suppressed
Tetanus,2019,35-39 years,0,0
Hepatitis NOS,2019,35-39 years,2,suppressed
Leptospirosis,2019,35-39 years,7,2.2
Listeriosis,2019,35-39 years,2,suppressed
Measles,2019,35-39 years,90,28
Yersiniosis,2019,35-39 years,71,22.1
Rabies and other lyssaviruses,2019,35-39 years,0,0
Shigellosis,2019,35-39 years,17,5.3
Meningoencephalitis - primary amoebic,2019,35-39 years,0,0
Q fever,2019,35-39 years,0,0
Cryptosporidiosis,2019,35-39 years,57,17.7
Rheumatic fever,2019,35-39 years,1,suppressed
Leprosy,2019,35-39 years,0,0
Invasive pneumococcal disease,2019,35-39 years,19,5.9
Cysticercosis,2019,35-39 years,0,0
Giardiasis,2019,35-39 years,184,57.2
Campylobacteriosis,2019,35-39 years,311,96.7
Tuberculosis disease,2019,35-39 years,24,7.5
Hepatitis C,2019,35-39 years,3,suppressed
Rubella,2019,35-39 years,1,suppressed
Brucellosis,2019,35-39 years,1,suppressed
Hepatitis B,2019,35-39 years,3,suppressed
Mpox,2019,35-39 years,0,0
Invasive group A streptococcal infection,2019,35-39 years,0,0
VTEC/STEC infection,2019,35-39 years,40,12.4
Cholera,2019,35-39 years,0,0
Paratyphoid fever,2019,35-39 years,1,suppressed
Salmonellosis,2019,35-39 years,66,20.5
Malaria,2019,40-44 years,1,suppressed
Rickettsial disease,2019,40-44 years,0,0
Typhoid fever,2019,40-44 years,4,suppressed
Toxic shellfish poisoning,2019,40-44 years,0,0
Hepatitis C,2019,40-44 years,2,suppressed
Acute gastroenteritis,2019,40-44 years,33,10.9
Shigellosis,2019,40-44 years,11,3.6
Poliomyelitis,2019,40-44 years,0,0
Mpox,2019,40-44 years,0,0
Trichinosis,2019,40-44 years,0,0
Arboviral diseases,2019,40-44 years,27,8.9
Mumps,2019,40-44 years,5,1.7
Listeriosis,2019,40-44 years,0,0
Tetanus,2019,40-44 years,0,0
Leptospirosis,2019,40-44 years,12,4
Campylobacteriosis,2019,40-44 years,276,91.4
VTEC/STEC infection,2019,40-44 years,31,10.3
Taeniasis,2019,40-44 years,0,0
Yersiniosis,2019,40-44 years,62,20.5
Meningococcal disease,2019,40-44 years,2,suppressed
Hepatitis A,2019,40-44 years,4,suppressed
Meningoencephalitis - primary amoebic,2019,40-44 years,0,0
Diphtheria,2019,40-44 years,0,0
Cryptosporidiosis,2019,40-44 years,55,18.2
Rheumatic fever,2019,40-44 years,2,suppressed
Haemophilus influenzae type b,2019,40-44 years,0,0
Leprosy,2019,40-44 years,0,0
Hepatitis NOS,2019,40-44 years,0,0
Giardiasis,2019,40-44 years,124,41.1
Brucellosis,2019,40-44 years,0,0
Hydatid disease,2019,40-44 years,0,0
Tuberculosis disease,2019,40-44 years,32,10.6
Rabies and other lyssaviruses,2019,40-44 years,0,0
Cysticercosis,2019,40-44 years,0,0
Hepatitis B,2019,40-44 years,1,suppressed
Q fever,2019,40-44 years,0,0
Rubella,2019,40-44 years,0,0
Invasive pneumococcal disease,2019,40-44 years,18,6
Pertussis,2019,40-44 years,77,25.5
Paratyphoid fever,2019,40-44 years,0,0
Invasive group A streptococcal infection,2019,40-44 years,0,0
Measles,2019,40-44 years,74,24.5
Salmonellosis,2019,40-44 years,58,19.2
Cholera,2019,40-44 years,0,0
Legionellosis,2019,40-44 years,1,suppressed
Measles,2020,0-4 years,2,suppressed
Legionellosis,2020,0-4 years,1,suppressed
Typhoid fever,2020,0-4 years,4,suppressed
Diphtheria,2020,0-4 years,0,0
Rubella,2020,0-4 years,0,0
Meningococcal disease,2020,0-4 years,14,4.6
Rabies and other lyssaviruses,2020,0-4 years,0,0
Campylobacteriosis,2020,0-4 years,672,220.2
Listeriosis,2020,0-4 years,0,0
Arboviral diseases,2020,0-4 years,0,0
Q fever,2020,0-4 years,0,0
Yersiniosis,2020,0-4 years,240,78.6
Tuberculosis disease,2020,0-4 years,4,suppressed
Malaria,2020,0-4 years,1,suppressed
Poliomyelitis,2020,0-4 years,0,0
Haemophilus influenzae type b,2020,0-4 years,2,suppressed
Tetanus,2020,0-4 years,0,0
Cholera,2020,0-4 years,0,0
Paratyphoid fever,2020,0-4 years,1,suppressed
Mumps,2020,0-4 years,3,suppressed
Cysticercosis,2020,0-4 years,0,0
Leptospirosis,2020,0-4 years,0,0
Brucellosis,2020,0-4 years,0,0
Hydatid disease,2020,0-4 years,0,0
Invasive group A streptococcal infection,2020,0-4 years,0,0
Hepatitis B,2020,0-4 years,0,0
Hepatitis A,2020,0-4 years,0,0
Meningoencephalitis - primary amoebic,2020,0-4 years,0,0
Trichinosis,2020,0-4 years,0,0
Pertussis,2020,0-4 years,45,14.7
VTEC/STEC infection,2020,0-4 years,179,58.6
Invasive pneumococcal disease,2020,0-4 years,37,12.1
Hepatitis NOS,2020,0-4 years,0,0
Rickettsial disease,2020,0-4 years,0,0
Toxic shellfish poisoning,2020,0-4 years,0,0
Shigellosis,2020,0-4 years,12,3.9
Hepatitis C,2020,0-4 years,0,0
Acute gastroenteritis,2020,0-4 years,32,10.5
Cryptosporidiosis,2020,0-4 years,185,60.6
Rheumatic fever,2020,0-4 years,5,1.6
Mpox,2020,0-4 years,0,0
Salmonellosis,2020,0-4 years,170,55.7
Giardiasis,2020,0-4 years,188,61.6
Taeniasis,2020,0-4 years,1,suppressed
Leprosy,2020,0-4 years,0,0
Hydatid disease,2020,45-49 years,0,0
Tetanus,2020,45-49 years,0,0
Arboviral diseases,2020,45-49 years,3,suppressed
Brucellosis,2020,45-49 years,0,0
Campylobacteriosis,2020,45-49 years,284,86.1
Meningococcal disease,2020,45-49 years,0,0
Rabies and other lyssaviruses,2020,45-49 years,0,0
Q fever,2020,45-49 years,0,0
Malaria,2020,45-49 years,1,suppressed
Leprosy,2020,45-49 years,0,0
Rheumatic fever,2020,45-49 years,0,0
Leptospirosis,2020,45-49 years,6,1.8
Mumps,2020,45-49 years,3,suppressed
Hepatitis NOS,2020,45-49 years,2,suppressed
Rubella,2020,45-49 years,0,0
Paratyphoid fever,2020,45-49 years,1,suppressed
Measles,2020,45-49 years,0,0
Cysticercosis,2020,45-49 years,0,0
Cholera,2020,45-49 years,0,0
Trichinosis,2020,45-49 years,0,0
Hepatitis A,2020,45-49 years,1,suppressed
Mpox,2020,45-49 years,0,0
Acute gastroenteritis,2020,45-49 years,30,9.1
Taeniasis,2020,45-49 years,0,0
Invasive pneumococcal disease,2020,45-49 years,12,3.6
Cryptosporidiosis,2020,45-49 years,20,6.1
Listeriosis,2020,45-49 years,1,suppressed
Meningoencephalitis - primary amoebic,2020,45-49 years,0,0
Diphtheria,2020,45-49 years,0,0
Giardiasis,2020,45-49 years,64,19.4
Hepatitis B,2020,45-49 years,0,0
Shigellosis,2020,45-49 years,2,suppressed
Invasive group A streptococcal infection,2020,45-49 years,0,0
Hepatitis C,2020,45-49 years,4,suppressed
Poliomyelitis,2020,45-49 years,0,0
Pertussis,2020,45-49 years,12,3.6
Yersiniosis,2020,45-49 years,60,18.2
Rickettsial disease,2020,45-49 years,0,0
Legionellosis,2020,45-49 years,8,2.4
Tuberculosis disease,2020,45-49 years,17,5.2
VTEC/STEC infection,2020,45-49 years,33,10
Haemophilus influenzae type b,2020,45-49 years,0,0
Salmonellosis,2020,45-49 years,44,13.3
Toxic shellfish poisoning,2020,45-49 years,0,0
Typhoid fever,2020,45-49 years,1,suppressed
Rheumatic fever,2020,50-54 years,0,0
Trichinosis,2020,50-54 years,0,0
Cholera,2020,50-54 years,0,0
Cryptosporidiosis,2020,50-54 years,18,5.6
Taeniasis,2020,50-54 years,0,0
Campylobacteriosis,2020,50-54 years,325,100.4
Meningococcal disease,2020,50-54 years,4,suppressed
Hepatitis A,2020,50-54 years,0,0
Rubella,2020,50-54 years,0,0
Pertussis,2020,50-54 years,16,4.9
Hepatitis C,2020,50-54 years,1,suppressed
Poliomyelitis,2020,50-54 years,0,0
Cysticercosis,2020,50-54 years,0,0
Leptospirosis,2020,50-54 years,13,4
Leprosy,2020,50-54 years,0,0
Giardiasis,2020,50-54 years,44,13.6
Invasive group A streptococcal infection,2020,50-54 years,0,0
Tetanus,2020,50-54 years,0,0
Yersiniosis,2020,50-54 years,67,20.7
Hydatid disease,2020,50-54 years,0,0
Invasive pneumococcal disease,2020,50-54 years,25,7.7
Arboviral diseases,2020,50-54 years,2,suppressed
Hepatitis NOS,2020,50-54 years,1,suppressed
Meningoencephalitis - primary amoebic,2020,50-54 years,0,0
Rabies and other lyssaviruses,2020,50-54 years,0,0
Measles,2020,50-54 years,1,suppressed
Hepatitis B,2020,50-54 years,6,1.9
Rickettsial disease,2020,50-54 years,0,0
Shigellosis,2020,50-54 years,3,suppressed
Salmonellosis,2020,50-54 years,41,12.7
Listeriosis,2020,50-54 years,4,suppressed
Acute gastroenteritis,2020,50-54 years,33,10.2
Haemophilus influenzae type b,2020,50-54 years,0,0
Mumps,2020,50-54 years,3,suppressed
Diphtheria,2020,50-54 years,0,0
Brucellosis,2020,50-54 years,0,0
VTEC/STEC infection,2020,50-54 years,32,9.9
Toxic shellfish poisoning,2020,50-54 years,0,0
Mpox,2020,50-54 years,0,0
Tuberculosis disease,2020,50-54 years,17,5.3
Legionellosis,2020,50-54 years,6,1.9
Typhoid fever,2020,50-54 years,0,0
Q fever,2020,50-54 years,0,0
Malaria,2020,50-54 years,0,0
Paratyphoid fever,2020,50-54 years,0,0
Campylobacteriosis,2020,55-59 years,335,103.5
Pertussis,2020,55-59 years,8,2.5
Trichinosis,2020,55-59 years,0,0
Listeriosis,2020,55-59 years,1,suppressed
Cryptosporidiosis,2020,55-59 years,14,4.3
Giardiasis,2020,55-59 years,61,18.8
Cysticercosis,2020,55-59 years,0,0
Measles,2020,55-59 years,0,0
Cholera,2020,55-59 years,0,0
Meningoencephalitis - primary amoebic,2020,55-59 years,0,0
Leprosy,2020,55-59 years,0,0
Toxic shellfish poisoning,2020,55-59 years,0,0
Rheumatic fever,2020,55-59 years,0,0
Malaria,2020,55-59 years,1,suppressed
Hydatid disease,2020,55-59 years,0,0
Acute gastroenteritis,2020,55-59 years,24,7.4
Salmonellosis,2020,55-59 years,54,16.7
Brucellosis,2020,55-59 years,0,0
Rubella,2020,55-59 years,0,0
Taeniasis,2020,55-59 years,0,0
Diphtheria,2020,55-59 years,0,0
Tuberculosis disease,2020,55-59 years,17,5.3
Rabies and other lyssaviruses,2020,55-59 years,0,0
Hepatitis B,2020,55-59 years,1,suppressed
Invasive group A streptococcal infection,2020,55-59 years,0,0
Rickettsial disease,2020,55-59 years,0,0
Meningococcal disease,2020,55-59 years,2,suppressed
Tetanus,2020,55-59 years,0,0
Haemophilus influenzae type b,2020,55-59 years,0,0
Shigellosis,2020,55-59 years,2,suppressed
Q fever,2020,55-59 years,0,0
Hepatitis NOS,2020,55-59 years,0,0
Arboviral diseases,2020,55-59 years,5,1.5
Mumps,2020,55-59 years,1,suppressed
Paratyphoid fever,2020,55-59 years,0,0
Poliomyelitis,2020,55-59 years,0,0
Legionellosis,2020,55-59 years,25,7.7
Typhoid fever,2020,55-59 years,0,0
Hepatitis C,2020,55-59 years,1,suppressed
Leptospirosis,2020,55-59 years,7,2.2
Yersiniosis,2020,55-59 years,73,22.6
Mpox,2020,55-59 years,0,0
Hepatitis A,2020,55-59 years,0,0
VTEC/STEC infection,2020,55-59 years,53,16.4
Invasive pneumococcal disease,2020,55-59 years,34,10.5
Trichinosis,2020,60-64 years,0,0
Pertussis,2020,60-64 years,3,suppressed
Leprosy,2020,60-64 years,0,0
Listeriosis,2020,60-64 years,0,0
Diphtheria,2020,60-64 years,0,0
Acute gastroenteritis,2020,60-64 years,18,6.2
Legionellosis,2020,60-64 years,21,7.3
Giardiasis,2020,60-64 years,49,17
Rabies and other lyssaviruses,2020,60-64 years,0,0
Measles,2020,60-64 years,0,0
Tetanus,2020,60-64 years,0,0
Shigellosis,2020,60-64 years,1,suppressed
Meningococcal disease,2020,60-64 years,1,suppressed
Yersiniosis,2020,60-64 years,67,23.2
Rubella,2020,60-64 years,0,0
Mumps,2020,60-64 years,1,suppressed
Hepatitis C,2020,60-64 years,0,0
Cholera,2020,60-64 years,0,0
Hepatitis B,2020,60-64 years,3,suppressed
Leptospirosis,2020,60-64 years,5,1.7
Invasive group A streptococcal infection,2020,60-64 years,0,0
Campylobacteriosis,2020,60-64 years,337,116.8
Hydatid disease,2020,60-64 years,0,0
Mpox,2020,60-64 years,0,0
Hepatitis A,2020,60-64 years,0,0
Brucellosis,2020,60-64 years,1,suppressed
Invasive pneumococcal disease,2020,60-64 years,39,13.5
Hepatitis NOS,2020,60-64 years,2,suppressed
Taeniasis,2020,60-64 years,0,0
Meningoencephalitis - primary amoebic,2020,60-64 years,0,0
Paratyphoid fever,2020,60-64 years,0,0
Tuberculosis disease,2020,60-64 years,14,4.9
Malaria,2020,60-64 years,1,suppressed
Typhoid fever,2020,60-64 years,1,suppressed
Toxic shellfish poisoning,2020,60-64 years,0,0
Rheumatic fever,2020,60-64 years,0,0
Poliomyelitis,2020,60-64 years,0,0
Salmonellosis,2020,60-64 years,34,11.8
Rickettsial disease,2020,60-64 years,1,suppressed
Q fever,2020,60-64 years,0,0
Cysticercosis,2020,60-64 years,0,0
Cryptosporidiosis,2020,60-64 years,12,4.2
Arboviral diseases,2020,60-64 years,6,2.1
Haemophilus influenzae type b,2020,60-64 years,0,0
VTEC/STEC infection,2020,60-64 years,49,17
Acute gastroenteritis,2020,65-69 years,15,6.1
Hepatitis NOS,2020,65-69 years,2,suppressed
Measles,2020,65-69 years,0,0
Leprosy,2020,65-69 years,1,suppressed
Paratyphoid fever,2020,65-69 years,0,0
Tetanus,2020,65-69 years,0,0
Rheumatic fever,2020,65-69 years,0,0
Rabies and other lyssaviruses,2020,65-69 years,0,0
Meningococcal disease,2020,65-69 years,0,0
Brucellosis,2020,65-69 years,0,0
Taeniasis,2020,65-69 years,0,0
Hydatid disease,2020,65-69 years,0,0
Mumps,2020,65-69 years,0,0
Diphtheria,2020,65-69 years,0,0
Hepatitis B,2020,65-69 years,1,suppressed
Cholera,2020,65-69 years,0,0
Giardiasis,2020,65-69 years,62,25.2
Trichinosis,2020,65-69 years,0,0
Mpox,2020,65-69 years,0,0
Shigellosis,2020,65-69 years,1,suppressed
Pertussis,2020,65-69 years,5,2
Listeriosis,2020,65-69 years,4,suppressed
Invasive pneumococcal disease,2020,65-69 years,30,12.2
Yersiniosis,2020,65-69 years,70,28.5
Cryptosporidiosis,2020,65-69 years,12,4.9
Meningoencephalitis - primary amoebic,2020,65-69 years,0,0
Poliomyelitis,2020,65-69 years,0,0
Leptospirosis,2020,65-69 years,7,2.8
Legionellosis,2020,65-69 years,24,9.8
Typhoid fever,2020,65-69 years,1,suppressed
Campylobacteriosis,2020,65-69 years,321,130.6
Cysticercosis,2020,65-69 years,0,0
Hepatitis A,2020,65-69 years,1,suppressed
Rickettsial disease,2020,65-69 years,1,suppressed
Q fever,2020,65-69 years,0,0
Malaria,2020,65-69 years,0,0
Arboviral diseases,2020,65-69 years,7,2.8
Tuberculosis disease,2020,65-69 years,21,8.5
Rubella,2020,65-69 years,0,0
Hepatitis C,2020,65-69 years,2,suppressed
Salmonellosis,2020,65-69 years,27,11
Toxic shellfish poisoning,2020,65-69 years,0,0
VTEC/STEC infection,2020,65-69 years,52,21.2
Haemophilus influenzae type b,2020,65-69 years,0,0
Invasive group A streptococcal infection,2020,65-69 years,0,0
Taeniasis,2020,70-74 years,0,0
Cholera,2020,70-74 years,0,0
Tetanus,2020,70-74 years,0,0
Leprosy,2020,70-74 years,0,0
Malaria,2020,70-74 years,0,0
Acute gastroenteritis,2020,70-74 years,10,4.7
Cryptosporidiosis,2020,70-74 years,8,3.8
Salmonellosis,2020,70-74 years,18,8.5
Diphtheria,2020,70-74 years,0,0
Poliomyelitis,2020,70-74 years,0,0
Meningoencephalitis - primary amoebic,2020,70-74 years,0,0
Trichinosis,2020,70-74 years,0,0
Toxic shellfish poisoning,2020,70-74 years,0,0
Meningococcal disease,2020,70-74 years,0,0
Cysticercosis,2020,70-74 years,0,0
Typhoid fever,2020,70-74 years,0,0
Pertussis,2020,70-74 years,1,suppressed
Haemophilus influenzae type b,2020,70-74 years,0,0
Q fever,2020,70-74 years,0,0
Listeriosis,2020,70-74 years,4,suppressed
Mumps,2020,70-74 years,0,0
Hepatitis C,2020,70-74 years,0,0
Arboviral diseases,2020,70-74 years,2,suppressed
Leptospirosis,2020,70-74 years,0,0
Tuberculosis disease,2020,70-74 years,17,8.1
Rabies and other lyssaviruses,2020,70-74 years,0,0
Campylobacteriosis,2020,70-74 years,283,134.1
Hepatitis A,2020,70-74 years,2,suppressed
Rheumatic fever,2020,70-74 years,0,0
Shigellosis,2020,70-74 years,4,suppressed
Mpox,2020,70-74 years,0,0
Paratyphoid fever,2020,70-74 years,0,0
Hepatitis NOS,2020,70-74 years,0,0
Rubella,2020,70-74 years,0,0
VTEC/STEC infection,2020,70-74 years,39,18.5
Hydatid disease,2020,70-74 years,0,0
Legionellosis,2020,70-74 years,28,13.3
Giardiasis,2020,70-74 years,30,14.2
Hepatitis B,2020,70-74 years,0,0
Invasive pneumococcal disease,2020,70-74 years,33,15.6
Measles,2020,70-74 years,0,0
Brucellosis,2020,70-74 years,0,0
Invasive group A streptococcal infection,2020,70-74 years,0,0
Yersiniosis,2020,70-74 years,60,28.4
Rickettsial disease,2020,70-74 years,0,0
Haemophilus influenzae type b,2020,75-79 years,0,0
Hepatitis C,2020,75-79 years,0,0
Taeniasis,2020,75-79 years,0,0
VTEC/STEC infection,2020,75-79 years,38,26.1
Mpox,2020,75-79 years,0,0
Salmonellosis,2020,75-79 years,27,18.6
Rheumatic fever,2020,75-79 years,0,0
Hydatid disease,2020,75-79 years,0,0
Trichinosis,2020,75-79 years,0,0
Leptospirosis,2020,75-79 years,1,suppressed
Cryptosporidiosis,2020,75-79 years,3,suppressed
Giardiasis,2020,75-79 years,14,9.6
Meningococcal disease,2020,75-79 years,0,0
Rickettsial disease,2020,75-79 years,0,0
Leprosy,2020,75-79 years,0,0
Rubella,2020,75-79 years,0,0
Hepatitis NOS,2020,75-79 years,0,0
Listeriosis,2020,75-79 years,4,suppressed
Q fever,2020,75-79 years,0,0
Yersiniosis,2020,75-79 years,34,23.4
Toxic shellfish poisoning,2020,75-79 years,0,0
Paratyphoid fever,2020,75-79 years,0,0
Cholera,2020,75-79 years,0,0
Diphtheria,2020,75-79 years,0,0
Rabies and other lyssaviruses,2020,75-79 years,0,0
Hepatitis A,2020,75-79 years,0,0
Invasive group A streptococcal infection,2020,75-79 years,0,0
Pertussis,2020,75-79 years,2,suppressed
Invasive pneumococcal disease,2020,75-79 years,25,17.2
Tetanus,2020,75-79 years,0,0
Acute gastroenteritis,2020,75-79 years,9,6.2
Meningoencephalitis - primary amoebic,2020,75-79 years,0,0
Brucellosis,2020,75-79 years,0,0
Tuberculosis disease,2020,75-79 years,16,11
Measles,2020,75-79 years,0,0
Hepatitis B,2020,75-79 years,0,0
Legionellosis,2020,75-79 years,20,13.8
Typhoid fever,2020,75-79 years,0,0
Poliomyelitis,2020,75-79 years,0,0
Arboviral diseases,2020,75-79 years,0,0
Malaria,2020,75-79 years,0,0
Cysticercosis,2020,75-79 years,0,0
Campylobacteriosis,2020,75-79 years,199,136.9
Mumps,2020,75-79 years,1,suppressed
Shigellosis,2020,75-79 years,2,suppressed
Salmonellosis,2020,80-84 years,6,6.2
Leprosy,2020,80-84 years,0,0
Rheumatic fever,2020,80-84 years,0,0
Hepatitis NOS,2020,80-84 years,0,0
Leptospirosis,2020,80-84 years,0,0
Rubella,2020,80-84 years,0,0
Hydatid disease,2020,80-84 years,0,0
Paratyphoid fever,2020,80-84 years,0,0
Trichinosis,2020,80-84 years,0,0
Yersiniosis,2020,80-84 years,32,33.3
Rabies and other lyssaviruses,2020,80-84 years,0,0
Giardiasis,2020,80-84 years,5,5.2
Acute gastroenteritis,2020,80-84 years,11,11.5
Hepatitis C,2020,80-84 years,0,0
Cysticercosis,2020,80-84 years,0,0
Tetanus,2020,80-84 years,0,0
Hepatitis B,2020,80-84 years,0,0
Cholera,2020,80-84 years,0,0
VTEC/STEC infection,2020,80-84 years,28,29.1
Diphtheria,2020,80-84 years,0,0
Meningococcal disease,2020,80-84 years,2,suppressed
Invasive group A streptococcal infection,2020,80-84 years,0,0
Haemophilus influenzae type b,2020,80-84 years,0,0
Rickettsial disease,2020,80-84 years,0,0
Invasive pneumococcal disease,2020,80-84 years,23,23.9
Taeniasis,2020,80-84 years,0,0
Pertussis,2020,80-84 years,1,suppressed
Q fever,2020,80-84 years,0,0
Brucellosis,2020,80-84 years,0,0
Hepatitis A,2020,80-84 years,0,0
Meningoencephalitis - primary amoebic,2020,80-84 years,0,0
Toxic shellfish poisoning,2020,80-84 years,0,0
Poliomyelitis,2020,80-84 years,0,0
Shigellosis,2020,80-84 years,0,0
Typhoid fever,2020,80-84 years,0,0
Mumps,2020,80-84 years,0,0
Malaria,2020,80-84 years,0,0
Legionellosis,2020,80-84 years,13,13.5
Cryptosporidiosis,2020,80-84 years,3,suppressed
Listeriosis,2020,80-84 years,5,5.2
Measles,2020,80-84 years,0,0
Mpox,2020,80-84 years,0,0
Arboviral diseases,2020,80-84 years,1,suppressed
Tuberculosis disease,2020,80-84 years,7,7.3
Campylobacteriosis,2020,80-84 years,137,142.6
Leprosy,2020,85+ years,0,0
Invasive pneumococcal disease,2020,85+ years,22,25.1
Hepatitis NOS,2020,85+ years,0,0
Hepatitis A,2020,85+ years,0,0
Hydatid disease,2020,85+ years,0,0
Tetanus,2020,85+ years,0,0
Giardiasis,2020,85+ years,6,6.8
Acute gastroenteritis,2020,85+ years,8,9.1
VTEC/STEC infection,2020,85+ years,22,25.1
Q fever,2020,85+ years,0,0
Cysticercosis,2020,85+ years,0,0
Hepatitis B,2020,85+ years,0,0
Pertussis,2020,85+ years,1,suppressed
Trichinosis,2020,85+ years,0,0
Paratyphoid fever,2020,85+ years,0,0
Toxic shellfish poisoning,2020,85+ years,0,0
Typhoid fever,2020,85+ years,0,0
Rheumatic fever,2020,85+ years,0,0
Rubella,2020,85+ years,0,0
Rickettsial disease,2020,85+ years,0,0
Shigellosis,2020,85+ years,0,0
Mpox,2020,85+ years,0,0
Tuberculosis disease,2020,85+ years,3,suppressed
Yersiniosis,2020,85+ years,30,34.2
Hepatitis C,2020,85+ years,0,0
Meningoencephalitis - primary amoebic,2020,85+ years,0,0
Invasive group A streptococcal infection,2020,85+ years,0,0
Measles,2020,85+ years,0,0
Cholera,2020,85+ years,0,0
Poliomyelitis,2020,85+ years,0,0
Taeniasis,2020,85+ years,0,0
Malaria,2020,85+ years,0,0
Campylobacteriosis,2020,85+ years,104,118.6
Meningococcal disease,2020,85+ years,2,suppressed
Arboviral diseases,2020,85+ years,0,0
Mumps,2020,85+ years,0,0
Salmonellosis,2020,85+ years,7,8
Listeriosis,2020,85+ years,3,suppressed
Rabies and other lyssaviruses,2020,85+ years,0,0
Cryptosporidiosis,2020,85+ years,3,suppressed
Legionellosis,2020,85+ years,7,8
Diphtheria,2020,85+ years,0,0
Leptospirosis,2020,85+ years,0,0
Haemophilus influenzae type b,2020,85+ years,0,0
Brucellosis,2020,85+ years,0,0
Typhoid fever,2020,5-9 years,1,suppressed
Tetanus,2020,5-9 years,0,0
Pertussis,2020,5-9 years,15,4.6
Cryptosporidiosis,2020,5-9 years,71,21.6
Shigellosis,2020,5-9 years,6,1.8
Measles,2020,5-9 years,0,0
Rabies and other lyssaviruses,2020,5-9 years,0,0
Mumps,2020,5-9 years,3,suppressed
Acute gastroenteritis,2020,5-9 years,13,4
Poliomyelitis,2020,5-9 years,0,0
Brucellosis,2020,5-9 years,0,0
Meningococcal disease,2020,5-9 years,2,suppressed
Listeriosis,2020,5-9 years,0,0
Meningoencephalitis - primary amoebic,2020,5-9 years,0,0
Arboviral diseases,2020,5-9 years,0,0
Yersiniosis,2020,5-9 years,43,13.1
Leptospirosis,2020,5-9 years,0,0
Hepatitis B,2020,5-9 years,0,0
Hepatitis C,2020,5-9 years,0,0
Cholera,2020,5-9 years,0,0
Campylobacteriosis,2020,5-9 years,225,68.5
Rheumatic fever,2020,5-9 years,44,13.4
Hepatitis A,2020,5-9 years,1,suppressed
Q fever,2020,5-9 years,0,0
Trichinosis,2020,5-9 years,0,0
Paratyphoid fever,2020,5-9 years,2,suppressed
Haemophilus influenzae type b,2020,5-9 years,1,suppressed
Malaria,2020,5-9 years,1,suppressed
Rickettsial disease,2020,5-9 years,0,0
Toxic shellfish poisoning,2020,5-9 years,0,0
Giardiasis,2020,5-9 years,71,21.6
VTEC/STEC infection,2020,5-9 years,53,16.1
Cysticercosis,2020,5-9 years,0,0
Hydatid disease,2020,5-9 years,0,0
Diphtheria,2020,5-9 years,0,0
Rubella,2020,5-9 years,0,0
Mpox,2020,5-9 years,0,0
Taeniasis,2020,5-9 years,0,0
Tuberculosis disease,2020,5-9 years,1,suppressed
Invasive pneumococcal disease,2020,5-9 years,5,1.5
Legionellosis,2020,5-9 years,0,0
Hepatitis NOS,2020,5-9 years,0,0
Salmonellosis,2020,5-9 years,47,14.3
Leprosy,2020,5-9 years,0,0
Invasive group A streptococcal infection,2020,5-9 years,0,0
Typhoid fever,2020,10-14 years,3,suppressed
Hepatitis B,2020,10-14 years,0,0
Paratyphoid fever,2020,10-14 years,3,suppressed
Tetanus,2020,10-14 years,0,0
Measles,2020,10-14 years,2,suppressed
Mumps,2020,10-14 years,7,2.1
Leptospirosis,2020,10-14 years,0,0
Malaria,2020,10-14 years,1,suppressed
Listeriosis,2020,10-14 years,0,0
Cholera,2020,10-14 years,0,0
Meningococcal disease,2020,10-14 years,0,0
Diphtheria,2020,10-14 years,0,0
Arboviral diseases,2020,10-14 years,1,suppressed
Pertussis,2020,10-14 years,16,4.8
Yersiniosis,2020,10-14 years,44,13.2
Campylobacteriosis,2020,10-14 years,179,53.7
Toxic shellfish poisoning,2020,10-14 years,0,0
Brucellosis,2020,10-14 years,0,0
Legionellosis,2020,10-14 years,0,0
Trichinosis,2020,10-14 years,0,0
Rheumatic fever,2020,10-14 years,56,16.8
Cryptosporidiosis,2020,10-14 years,41,12.3
Mpox,2020,10-14 years,0,0
Taeniasis,2020,10-14 years,0,0
Poliomyelitis,2020,10-14 years,0,0
Hepatitis C,2020,10-14 years,0,0
VTEC/STEC infection,2020,10-14 years,33,9.9
Rabies and other lyssaviruses,2020,10-14 years,0,0
Rickettsial disease,2020,10-14 years,0,0
Acute gastroenteritis,2020,10-14 years,8,2.4
Cysticercosis,2020,10-14 years,0,0
Hepatitis A,2020,10-14 years,1,suppressed
Q fever,2020,10-14 years,0,0
Hepatitis NOS,2020,10-14 years,0,0
Rubella,2020,10-14 years,0,0
Haemophilus influenzae type b,2020,10-14 years,0,0
Invasive pneumococcal disease,2020,10-14 years,4,suppressed
Tuberculosis disease,2020,10-14 years,1,suppressed
Invasive group A streptococcal infection,2020,10-14 years,0,0
Giardiasis,2020,10-14 years,27,8.1
Leprosy,2020,10-14 years,0,0
Hydatid disease,2020,10-14 years,0,0
Meningoencephalitis - primary amoebic,2020,10-14 years,0,0
Shigellosis,2020,10-14 years,2,suppressed
Salmonellosis,2020,10-14 years,30,9
Rheumatic fever,2020,15-19 years,18,5.7
Cholera,2020,15-19 years,0,0
Leptospirosis,2020,15-19 years,3,suppressed
Malaria,2020,15-19 years,0,0
Brucellosis,2020,15-19 years,0,0
Meningococcal disease,2020,15-19 years,5,1.6
Hydatid disease,2020,15-19 years,0,0
Diphtheria,2020,15-19 years,0,0
Typhoid fever,2020,15-19 years,1,suppressed
Trichinosis,2020,15-19 years,0,0
Taeniasis,2020,15-19 years,1,suppressed
Measles,2020,15-19 years,2,suppressed
Cysticercosis,2020,15-19 years,0,0
Rabies and other lyssaviruses,2020,15-19 years,0,0
Campylobacteriosis,2020,15-19 years,286,89.9
Hepatitis B,2020,15-19 years,0,0
Yersiniosis,2020,15-19 years,43,13.5
Pertussis,2020,15-19 years,5,1.6
Q fever,2020,15-19 years,0,0
Poliomyelitis,2020,15-19 years,0,0
Arboviral diseases,2020,15-19 years,2,suppressed
Listeriosis,2020,15-19 years,0,0
Mumps,2020,15-19 years,23,7.2
Paratyphoid fever,2020,15-19 years,1,suppressed
Toxic shellfish poisoning,2020,15-19 years,0,0
Giardiasis,2020,15-19 years,18,5.7
Hepatitis A,2020,15-19 years,1,suppressed
Invasive group A streptococcal infection,2020,15-19 years,0,0
Rubella,2020,15-19 years,0,0
Acute gastroenteritis,2020,15-19 years,15,4.7
Hepatitis C,2020,15-19 years,0,0
Salmonellosis,2020,15-19 years,39,12.3
VTEC/STEC infection,2020,15-19 years,40,12.6
Cryptosporidiosis,2020,15-19 years,59,18.6
Tetanus,2020,15-19 years,0,0
Hepatitis NOS,2020,15-19 years,0,0
Shigellosis,2020,15-19 years,2,suppressed
Leprosy,2020,15-19 years,0,0
Haemophilus influenzae type b,2020,15-19 years,0,0
Legionellosis,2020,15-19 years,1,suppressed
Tuberculosis disease,2020,15-19 years,17,5.3
Meningoencephalitis - primary amoebic,2020,15-19 years,0,0
Invasive pneumococcal disease,2020,15-19 years,3,suppressed
Rickettsial disease,2020,15-19 years,0,0
Mpox,2020,15-19 years,0,0
Malaria,2020,20-24 years,3,suppressed
Trichinosis,2020,20-24 years,0,0
Rubella,2020,20-24 years,0,0
Yersiniosis,2020,20-24 years,68,20.1
Meningococcal disease,2020,20-24 years,1,suppressed
Rheumatic fever,2020,20-24 years,5,1.5
Q fever,2020,20-24 years,0,0
Diphtheria,2020,20-24 years,0,0
Cholera,2020,20-24 years,0,0
Campylobacteriosis,2020,20-24 years,417,123.1
Poliomyelitis,2020,20-24 years,0,0
Acute gastroenteritis,2020,20-24 years,27,8
Brucellosis,2020,20-24 years,1,suppressed
Invasive group A streptococcal infection,2020,20-24 years,0,0
Measles,2020,20-24 years,1,suppressed
Cryptosporidiosis,2020,20-24 years,80,23.6
Arboviral diseases,2020,20-24 years,6,1.8
Leptospirosis,2020,20-24 years,3,suppressed
Hydatid disease,2020,20-24 years,0,0
Rabies and other lyssaviruses,2020,20-24 years,0,0
Cysticercosis,2020,20-24 years,0,0
Giardiasis,2020,20-24 years,49,14.5
Typhoid fever,2020,20-24 years,5,1.5
Toxic shellfish poisoning,2020,20-24 years,0,0
Hepatitis B,2020,20-24 years,0,0
Hepatitis A,2020,20-24 years,6,1.8
Shigellosis,2020,20-24 years,2,suppressed
Taeniasis,2020,20-24 years,0,0
Meningoencephalitis - primary amoebic,2020,20-24 years,0,0
Pertussis,2020,20-24 years,7,2.1
Listeriosis,2020,20-24 years,0,0
Hepatitis NOS,2020,20-24 years,1,suppressed
Paratyphoid fever,2020,20-24 years,0,0
Hepatitis C,2020,20-24 years,2,suppressed
Leprosy,2020,20-24 years,1,suppressed
Legionellosis,2020,20-24 years,0,0
Rickettsial disease,2020,20-24 years,0,0
Tetanus,2020,20-24 years,0,0
Mpox,2020,20-24 years,0,0
VTEC/STEC infection,2020,20-24 years,44,13
Haemophilus influenzae type b,2020,20-24 years,0,0
Mumps,2020,20-24 years,59,17.4
Salmonellosis,2020,20-24 years,36,10.6
Tuberculosis disease,2020,20-24 years,35,10.3
Invasive pneumococcal disease,2020,20-24 years,6,1.8
Hydatid disease,2020,25-29 years,0,0
Leptospirosis,2020,25-29 years,4,suppressed
Q fever,2020,25-29 years,0,0
Taeniasis,2020,25-29 years,0,0
Shigellosis,2020,25-29 years,5,1.3
Trichinosis,2020,25-29 years,0,0
Cryptosporidiosis,2020,25-29 years,73,19.1
Rheumatic fever,2020,25-29 years,10,2.6
Malaria,2020,25-29 years,2,suppressed
Cysticercosis,2020,25-29 years,0,0
Campylobacteriosis,2020,25-29 years,373,97.8
Arboviral diseases,2020,25-29 years,8,2.1
Listeriosis,2020,25-29 years,3,suppressed
Rubella,2020,25-29 years,0,0
Acute gastroenteritis,2020,25-29 years,19,5
Cholera,2020,25-29 years,0,0
Measles,2020,25-29 years,0,0
Legionellosis,2020,25-29 years,1,suppressed
Poliomyelitis,2020,25-29 years,0,0
Hepatitis B,2020,25-29 years,1,suppressed
Meningococcal disease,2020,25-29 years,0,0
Brucellosis,2020,25-29 years,0,0
Rickettsial disease,2020,25-29 years,0,0
Tetanus,2020,25-29 years,0,0
Pertussis,2020,25-29 years,11,2.9
Invasive pneumococcal disease,2020,25-29 years,8,2.1
Tuberculosis disease,2020,25-29 years,44,11.5
Rabies and other lyssaviruses,2020,25-29 years,0,0
Mumps,2020,25-29 years,28,7.3
Hepatitis C,2020,25-29 years,4,suppressed
Hepatitis A,2020,25-29 years,4,suppressed
Paratyphoid fever,2020,25-29 years,5,1.3
Leprosy,2020,25-29 years,1,suppressed
Toxic shellfish poisoning,2020,25-29 years,0,0
Diphtheria,2020,25-29 years,0,0
Yersiniosis,2020,25-29 years,86,22.5
Haemophilus influenzae type b,2020,25-29 years,0,0
Mpox,2020,25-29 years,0,0
Invasive group A streptococcal infection,2020,25-29 years,0,0
Typhoid fever,2020,25-29 years,1,suppressed
VTEC/STEC infection,2020,25-29 years,45,11.8
Hepatitis NOS,2020,25-29 years,0,0
Meningoencephalitis - primary amoebic,2020,25-29 years,0,0
Giardiasis,2020,25-29 years,91,23.9
Salmonellosis,2020,25-29 years,40,10.5
Cryptosporidiosis,2020,30-34 years,59,15.8
Listeriosis,2020,30-34 years,0,0
Brucellosis,2020,30-34 years,0,0
Legionellosis,2020,30-34 years,0,0
Campylobacteriosis,2020,30-34 years,305,81.9
Pertussis,2020,30-34 years,9,2.4
Measles,2020,30-34 years,0,0
Rheumatic fever,2020,30-34 years,8,2.1
Invasive pneumococcal disease,2020,30-34 years,22,5.9
Tetanus,2020,30-34 years,0,0
Toxic shellfish poisoning,2020,30-34 years,0,0
Haemophilus influenzae type b,2020,30-34 years,0,0
Mumps,2020,30-34 years,5,1.3
Rickettsial disease,2020,30-34 years,0,0
Q fever,2020,30-34 years,0,0
Cholera,2020,30-34 years,0,0
Meningococcal disease,2020,30-34 years,1,suppressed
Yersiniosis,2020,30-34 years,91,24.4
Salmonellosis,2020,30-34 years,32,8.6
Cysticercosis,2020,30-34 years,0,0
Malaria,2020,30-34 years,2,suppressed
Tuberculosis disease,2020,30-34 years,45,12.1
Taeniasis,2020,30-34 years,1,suppressed
Hydatid disease,2020,30-34 years,0,0
Diphtheria,2020,30-34 years,0,0
Giardiasis,2020,30-34 years,143,38.4
Paratyphoid fever,2020,30-34 years,3,suppressed
Typhoid fever,2020,30-34 years,5,1.3
Hepatitis B,2020,30-34 years,1,suppressed
Acute gastroenteritis,2020,30-34 years,29,7.8
Leptospirosis,2020,30-34 years,4,suppressed
Trichinosis,2020,30-34 years,0,0
Mpox,2020,30-34 years,0,0
Arboviral diseases,2020,30-34 years,7,1.9
Shigellosis,2020,30-34 years,6,1.6
Poliomyelitis,2020,30-34 years,0,0
Rabies and other lyssaviruses,2020,30-34 years,0,0
Leprosy,2020,30-34 years,0,0
Hepatitis NOS,2020,30-34 years,0,0
VTEC/STEC infection,2020,30-34 years,37,9.9
Hepatitis C,2020,30-34 years,4,suppressed
Hepatitis A,2020,30-34 years,2,suppressed
Meningoencephalitis - primary amoebic,2020,30-34 years,0,0
Invasive group A streptococcal infection,2020,30-34 years,0,0
Rubella,2020,30-34 years,0,0
Meningococcal disease,2020,35-39 years,0,0
Brucellosis,2020,35-39 years,0,0
Malaria,2020,35-39 years,1,suppressed
Rheumatic fever,2020,35-39 years,1,suppressed
Listeriosis,2020,35-39 years,4,suppressed
Hepatitis B,2020,35-39 years,3,suppressed
Toxic shellfish poisoning,2020,35-39 years,0,0
Mumps,2020,35-39 years,5,1.5
Rabies and other lyssaviruses,2020,35-39 years,0,0
Typhoid fever,2020,35-39 years,1,suppressed
Q fever,2020,35-39 years,0,0
Giardiasis,2020,35-39 years,130,38.8
Campylobacteriosis,2020,35-39 years,263,78.6
Tetanus,2020,35-39 years,0,0
Measles,2020,35-39 years,1,suppressed
Acute gastroenteritis,2020,35-39 years,22,6.6
Invasive group A streptococcal infection,2020,35-39 years,0,0
Yersiniosis,2020,35-39 years,83,24.8
Pertussis,2020,35-39 years,7,2.1
Cholera,2020,35-39 years,0,0
Diphtheria,2020,35-39 years,0,0
Poliomyelitis,2020,35-39 years,0,0
Tuberculosis disease,2020,35-39 years,24,7.2
Legionellosis,2020,35-39 years,0,0
Leprosy,2020,35-39 years,0,0
Leptospirosis,2020,35-39 years,5,1.5
Cysticercosis,2020,35-39 years,0,0
Hydatid disease,2020,35-39 years,0,0
Trichinosis,2020,35-39 years,0,0
Shigellosis,2020,35-39 years,6,1.8
Haemophilus influenzae type b,2020,35-39 years,0,0
Taeniasis,2020,35-39 years,0,0
Rubella,2020,35-39 years,0,0
Cryptosporidiosis,2020,35-39 years,38,11.4
VTEC/STEC infection,2020,35-39 years,35,10.5
Arboviral diseases,2020,35-39 years,5,1.5
Hepatitis C,2020,35-39 years,6,1.8
Paratyphoid fever,2020,35-39 years,0,0
Hepatitis NOS,2020,35-39 years,3,suppressed
Meningoencephalitis - primary amoebic,2020,35-39 years,0,0
Mpox,2020,35-39 years,0,0
Hepatitis A,2020,35-39 years,1,suppressed
Rickettsial disease,2020,35-39 years,3,suppressed
Salmonellosis,2020,35-39 years,26,7.8
Invasive pneumococcal disease,2020,35-39 years,11,3.3
Campylobacteriosis,2020,40-44 years,242,78.8
Meningococcal disease,2020,40-44 years,1,suppressed
Malaria,2020,40-44 years,3,suppressed
Cholera,2020,40-44 years,0,0
Brucellosis,2020,40-44 years,0,0
Hepatitis B,2020,40-44 years,2,suppressed
Measles,2020,40-44 years,0,0
Toxic shellfish poisoning,2020,40-44 years,0,0
Rabies and other lyssaviruses,2020,40-44 years,0,0
Acute gastroenteritis,2020,40-44 years,23,7.5
Mpox,2020,40-44 years,0,0
Rheumatic fever,2020,40-44 years,3,suppressed
Tetanus,2020,40-44 years,0,0
Typhoid fever,2020,40-44 years,0,0
Taeniasis,2020,40-44 years,0,0
Diphtheria,2020,40-44 years,0,0
Leptospirosis,2020,40-44 years,3,suppressed
Mumps,2020,40-44 years,2,suppressed
Paratyphoid fever,2020,40-44 years,0,0
Leprosy,2020,40-44 years,0,0
Giardiasis,2020,40-44 years,86,28
Cysticercosis,2020,40-44 years,0,0
Hydatid disease,2020,40-44 years,0,0
Shigellosis,2020,40-44 years,4,suppressed
Trichinosis,2020,40-44 years,0,0
Yersiniosis,2020,40-44 years,69,22.5
Pertussis,2020,40-44 years,5,1.6
Haemophilus influenzae type b,2020,40-44 years,0,0
Rubella,2020,40-44 years,0,0
Hepatitis NOS,2020,40-44 years,0,0
Poliomyelitis,2020,40-44 years,0,0
Arboviral diseases,2020,40-44 years,2,suppressed
Hepatitis C,2020,40-44 years,4,suppressed
Legionellosis,2020,40-44 years,5,1.6
Q fever,2020,40-44 years,0,0
Hepatitis A,2020,40-44 years,1,suppressed
VTEC/STEC infection,2020,40-44 years,33,10.7
Invasive group A streptococcal infection,2020,40-44 years,0,0
Salmonellosis,2020,40-44 years,31,10.1
Meningoencephalitis - primary amoebic,2020,40-44 years,0,0
Cryptosporidiosis,2020,40-44 years,36,11.7
Tuberculosis disease,2020,40-44 years,18,5.9
Invasive pneumococcal disease,2020,40-44 years,11,3.6
Rickettsial disease,2020,40-44 years,0,0
Listeriosis,2020,40-44 years,2,suppressed
Hepatitis NOS,2021,0-4 years,0,0
Toxic shellfish poisoning,2021,0-4 years,0,0
Hydatid disease,2021,0-4 years,0,0
Pertussis,2021,0-4 years,8,2.6
Leprosy,2021,0-4 years,0,0
Trichinosis,2021,0-4 years,0,0
Paratyphoid fever,2021,0-4 years,0,0
Hepatitis B,2021,0-4 years,0,0
Tuberculosis disease,2021,0-4 years,2,suppressed
Tetanus,2021,0-4 years,0,0
Acute gastroenteritis,2021,0-4 years,19,6.2
Cholera,2021,0-4 years,0,0
Hepatitis A,2021,0-4 years,1,suppressed
Brucellosis,2021,0-4 years,0,0
Meningoencephalitis - primary amoebic,2021,0-4 years,0,0
Malaria,2021,0-4 years,0,0
Cysticercosis,2021,0-4 years,0,0
Invasive pneumococcal disease,2021,0-4 years,66,21.7
Haemophilus influenzae type b,2021,0-4 years,3,suppressed
VTEC/STEC infection,2021,0-4 years,209,68.7
Hepatitis C,2021,0-4 years,0,0
Taeniasis,2021,0-4 years,0,0
Rheumatic fever,2021,0-4 years,1,suppressed
Diphtheria,2021,0-4 years,0,0
Legionellosis,2021,0-4 years,0,0
Measles,2021,0-4 years,0,0
Giardiasis,2021,0-4 years,233,76.6
Campylobacteriosis,2021,0-4 years,649,213.2
Rickettsial disease,2021,0-4 years,0,0
Shigellosis,2021,0-4 years,0,0
Cryptosporidiosis,2021,0-4 years,138,45.3
Mumps,2021,0-4 years,0,0
Listeriosis,2021,0-4 years,0,0
Rubella,2021,0-4 years,0,0
Typhoid fever,2021,0-4 years,1,suppressed
Invasive group A streptococcal infection,2021,0-4 years,0,0
Leptospirosis,2021,0-4 years,0,0
Arboviral diseases,2021,0-4 years,0,0
Q fever,2021,0-4 years,0,0
Mpox,2021,0-4 years,0,0
Rabies and other lyssaviruses,2021,0-4 years,0,0
Meningococcal disease,2021,0-4 years,20,6.6
Poliomyelitis,2021,0-4 years,0,0
Yersiniosis,2021,0-4 years,269,88.4
Salmonellosis,2021,0-4 years,161,52.9
Salmonellosis,2021,45-49 years,38,11.8
Rheumatic fever,2021,45-49 years,1,suppressed
Mpox,2021,45-49 years,0,0
Hepatitis B,2021,45-49 years,2,suppressed
Arboviral diseases,2021,45-49 years,1,suppressed
Typhoid fever,2021,45-49 years,0,0
Legionellosis,2021,45-49 years,9,2.8
Trichinosis,2021,45-49 years,0,0
Tetanus,2021,45-49 years,0,0
Rickettsial disease,2021,45-49 years,0,0
Poliomyelitis,2021,45-49 years,0,0
Invasive pneumococcal disease,2021,45-49 years,17,5.3
Cholera,2021,45-49 years,0,0
Hydatid disease,2021,45-49 years,0,0
Shigellosis,2021,45-49 years,0,0
Leptospirosis,2021,45-49 years,4,suppressed
Q fever,2021,45-49 years,0,0
Acute gastroenteritis,2021,45-49 years,6,1.9
Rubella,2021,45-49 years,0,0
Paratyphoid fever,2021,45-49 years,0,0
Invasive group A streptococcal infection,2021,45-49 years,0,0
VTEC/STEC infection,2021,45-49 years,30,9.3
Haemophilus influenzae type b,2021,45-49 years,0,0
Rabies and other lyssaviruses,2021,45-49 years,0,0
Leprosy,2021,45-49 years,0,0
Toxic shellfish poisoning,2021,45-49 years,0,0
Hepatitis C,2021,45-49 years,5,1.6
Brucellosis,2021,45-49 years,0,0
Taeniasis,2021,45-49 years,0,0
Campylobacteriosis,2021,45-49 years,306,95.3
Listeriosis,2021,45-49 years,1,suppressed
Meningoencephalitis - primary amoebic,2021,45-49 years,0,0
Hepatitis NOS,2021,45-49 years,1,suppressed
Hepatitis A,2021,45-49 years,0,0
Malaria,2021,45-49 years,1,suppressed
Diphtheria,2021,45-49 years,0,0
Cysticercosis,2021,45-49 years,0,0
Giardiasis,2021,45-49 years,58,18.1
Measles,2021,45-49 years,0,0
Pertussis,2021,45-49 years,3,suppressed
Mumps,2021,45-49 years,0,0
Cryptosporidiosis,2021,45-49 years,22,6.9
Tuberculosis disease,2021,45-49 years,26,8.1
Yersiniosis,2021,45-49 years,76,23.7
Meningococcal disease,2021,45-49 years,0,0
Invasive group A streptococcal infection,2021,50-54 years,0,0
Leprosy,2021,50-54 years,0,0
Toxic shellfish poisoning,2021,50-54 years,0,0
Shigellosis,2021,50-54 years,0,0
Rubella,2021,50-54 years,0,0
Q fever,2021,50-54 years,0,0
Poliomyelitis,2021,50-54 years,0,0
Hepatitis B,2021,50-54 years,2,suppressed
Typhoid fever,2021,50-54 years,0,0
Leptospirosis,2021,50-54 years,5,1.5
Giardiasis,2021,50-54 years,46,14
Invasive pneumococcal disease,2021,50-54 years,17,5.2
Hepatitis C,2021,50-54 years,6,1.8
Hepatitis NOS,2021,50-54 years,1,suppressed
Haemophilus influenzae type b,2021,50-54 years,0,0
Arboviral diseases,2021,50-54 years,0,0
Yersiniosis,2021,50-54 years,86,26.2
Trichinosis,2021,50-54 years,0,0
Rheumatic fever,2021,50-54 years,0,0
Mpox,2021,50-54 years,0,0
Taeniasis,2021,50-54 years,0,0
Pertussis,2021,50-54 years,4,suppressed
Listeriosis,2021,50-54 years,1,suppressed
Campylobacteriosis,2021,50-54 years,366,111.6
Rabies and other lyssaviruses,2021,50-54 years,0,0
Brucellosis,2021,50-54 years,0,0
Salmonellosis,2021,50-54 years,45,13.7
Hepatitis A,2021,50-54 years,1,suppressed
Tetanus,2021,50-54 years,0,0
Measles,2021,50-54 years,0,0
Hydatid disease,2021,50-54 years,0,0
Meningococcal disease,2021,50-54 years,0,0
Paratyphoid fever,2021,50-54 years,0,0
Mumps,2021,50-54 years,0,0
Meningoencephalitis - primary amoebic,2021,50-54 years,0,0
Malaria,2021,50-54 years,4,suppressed
Diphtheria,2021,50-54 years,0,0
Cryptosporidiosis,2021,50-54 years,18,5.5
VTEC/STEC infection,2021,50-54 years,42,12.8
Rickettsial disease,2021,50-54 years,0,0
Legionellosis,2021,50-54 years,18,5.5
Tuberculosis disease,2021,50-54 years,11,3.4
Acute gastroenteritis,2021,50-54 years,22,6.7
Cholera,2021,50-54 years,0,0
Cysticercosis,2021,50-54 years,0,0
Poliomyelitis,2021,55-59 years,0,0
Haemophilus influenzae type b,2021,55-59 years,0,0
Q fever,2021,55-59 years,0,0
Invasive group A streptococcal infection,2021,55-59 years,0,0
Rubella,2021,55-59 years,0,0
Mpox,2021,55-59 years,0,0
Leptospirosis,2021,55-59 years,10,3.1
Typhoid fever,2021,55-59 years,0,0
Pertussis,2021,55-59 years,2,suppressed
Trichinosis,2021,55-59 years,0,0
Salmonellosis,2021,55-59 years,48,15
Toxic shellfish poisoning,2021,55-59 years,1,suppressed
Yersiniosis,2021,55-59 years,71,22.2
Tuberculosis disease,2021,55-59 years,17,5.3
Hepatitis B,2021,55-59 years,2,suppressed
Invasive pneumococcal disease,2021,55-59 years,32,10
Meningoencephalitis - primary amoebic,2021,55-59 years,0,0
Hepatitis NOS,2021,55-59 years,2,suppressed
Diphtheria,2021,55-59 years,0,0
Giardiasis,2021,55-59 years,51,15.9
Shigellosis,2021,55-59 years,0,0
Paratyphoid fever,2021,55-59 years,0,0
Legionellosis,2021,55-59 years,13,4.1
Cysticercosis,2021,55-59 years,0,0
Arboviral diseases,2021,55-59 years,0,0
Measles,2021,55-59 years,0,0
Hydatid disease,2021,55-59 years,0,0
Meningococcal disease,2021,55-59 years,2,suppressed
Cryptosporidiosis,2021,55-59 years,15,4.7
Rheumatic fever,2021,55-59 years,0,0
Taeniasis,2021,55-59 years,0,0
Malaria,2021,55-59 years,0,0
Campylobacteriosis,2021,55-59 years,374,116.8
Leprosy,2021,55-59 years,0,0
Hepatitis C,2021,55-59 years,3,suppressed
Rickettsial disease,2021,55-59 years,0,0
Acute gastroenteritis,2021,55-59 years,16,5
Mumps,2021,55-59 years,1,suppressed
Hepatitis A,2021,55-59 years,1,suppressed
Rabies and other lyssaviruses,2021,55-59 years,0,0
Cholera,2021,55-59 years,0,0
VTEC/STEC infection,2021,55-59 years,48,15
Listeriosis,2021,55-59 years,5,1.6
Tetanus,2021,55-59 years,0,0
Brucellosis,2021,55-59 years,0,0
Poliomyelitis,2021,60-64 years,0,0
Invasive pneumococcal disease,2021,60-64 years,58,19.7
Yersiniosis,2021,60-64 years,85,28.9
Haemophilus influenzae type b,2021,60-64 years,0,0
Malaria,2021,60-64 years,0,0
Cysticercosis,2021,60-64 years,0,0
Typhoid fever,2021,60-64 years,0,0
Toxic shellfish poisoning,2021,60-64 years,2,suppressed
Legionellosis,2021,60-64 years,23,7.8
Q fever,2021,60-64 years,0,0
Hepatitis NOS,2021,60-64 years,0,0
Mpox,2021,60-64 years,0,0
Hydatid disease,2021,60-64 years,0,0
Paratyphoid fever,2021,60-64 years,0,0
Campylobacteriosis,2021,60-64 years,390,132.5
Giardiasis,2021,60-64 years,79,26.8
Meningoencephalitis - primary amoebic,2021,60-64 years,0,0
Hepatitis C,2021,60-64 years,3,suppressed
Rickettsial disease,2021,60-64 years,0,0
Salmonellosis,2021,60-64 years,51,17.3
Arboviral diseases,2021,60-64 years,0,0
Hepatitis A,2021,60-64 years,0,0
Taeniasis,2021,60-64 years,0,0
Meningococcal disease,2021,60-64 years,2,suppressed
Hepatitis B,2021,60-64 years,2,suppressed
Rubella,2021,60-64 years,0,0
VTEC/STEC infection,2021,60-64 years,37,12.6
Trichinosis,2021,60-64 years,0,0
Listeriosis,2021,60-64 years,2,suppressed
Tuberculosis disease,2021,60-64 years,11,3.7
Tetanus,2021,60-64 years,0,0
Brucellosis,2021,60-64 years,0,0
Acute gastroenteritis,2021,60-64 years,13,4.4
Cryptosporidiosis,2021,60-64 years,17,5.8
Leptospirosis,2021,60-64 years,6,2
Rabies and other lyssaviruses,2021,60-64 years,0,0
Invasive group A streptococcal infection,2021,60-64 years,0,0
Pertussis,2021,60-64 years,2,suppressed
Mumps,2021,60-64 years,0,0
Rheumatic fever,2021,60-64 years,0,0
Measles,2021,60-64 years,0,0
Diphtheria,2021,60-64 years,0,0
Leprosy,2021,60-64 years,0,0
Cholera,2021,60-64 years,0,0
Shigellosis,2021,60-64 years,0,0
Toxic shellfish poisoning,2021,65-69 years,0,0
Meningoencephalitis - primary amoebic,2021,65-69 years,0,0
Haemophilus influenzae type b,2021,65-69 years,0,0
Arboviral diseases,2021,65-69 years,0,0
Typhoid fever,2021,65-69 years,0,0
Mpox,2021,65-69 years,0,0
Hepatitis NOS,2021,65-69 years,0,0
Hepatitis A,2021,65-69 years,1,suppressed
Rickettsial disease,2021,65-69 years,0,0
Poliomyelitis,2021,65-69 years,0,0
Pertussis,2021,65-69 years,0,0
Cryptosporidiosis,2021,65-69 years,10,4
Hepatitis C,2021,65-69 years,0,0
Brucellosis,2021,65-69 years,0,0
Legionellosis,2021,65-69 years,29,11.6
Salmonellosis,2021,65-69 years,37,14.8
Tuberculosis disease,2021,65-69 years,15,6
Q fever,2021,65-69 years,0,0
Invasive group A streptococcal infection,2021,65-69 years,0,0
Hepatitis B,2021,65-69 years,1,suppressed
Trichinosis,2021,65-69 years,0,0
Paratyphoid fever,2021,65-69 years,1,suppressed
Rheumatic fever,2021,65-69 years,1,suppressed
Diphtheria,2021,65-69 years,0,0
Cysticercosis,2021,65-69 years,0,0
Shigellosis,2021,65-69 years,0,0
VTEC/STEC infection,2021,65-69 years,51,20.4
Rubella,2021,65-69 years,0,0
Measles,2021,65-69 years,0,0
Tetanus,2021,65-69 years,0,0
Taeniasis,2021,65-69 years,0,0
Yersiniosis,2021,65-69 years,67,26.8
Malaria,2021,65-69 years,0,0
Campylobacteriosis,2021,65-69 years,345,137.9
Invasive pneumococcal disease,2021,65-69 years,46,18.4
Cholera,2021,65-69 years,0,0
Rabies and other lyssaviruses,2021,65-69 years,0,0
Acute gastroenteritis,2021,65-69 years,12,4.8
Mumps,2021,65-69 years,0,0
Leptospirosis,2021,65-69 years,2,suppressed
Hydatid disease,2021,65-69 years,0,0
Leprosy,2021,65-69 years,0,0
Listeriosis,2021,65-69 years,2,suppressed
Meningococcal disease,2021,65-69 years,0,0
Giardiasis,2021,65-69 years,41,16.4
Hepatitis NOS,2021,70-74 years,0,0
Haemophilus influenzae type b,2021,70-74 years,0,0
Salmonellosis,2021,70-74 years,34,15.7
Brucellosis,2021,70-74 years,1,suppressed
Hepatitis B,2021,70-74 years,1,suppressed
Invasive group A streptococcal infection,2021,70-74 years,0,0
Q fever,2021,70-74 years,0,0
Mpox,2021,70-74 years,0,0
VTEC/STEC infection,2021,70-74 years,61,28.1
Malaria,2021,70-74 years,1,suppressed
Legionellosis,2021,70-74 years,27,12.5
Shigellosis,2021,70-74 years,0,0
Hepatitis A,2021,70-74 years,0,0
Hepatitis C,2021,70-74 years,0,0
Arboviral diseases,2021,70-74 years,0,0
Yersiniosis,2021,70-74 years,60,27.7
Typhoid fever,2021,70-74 years,0,0
Cryptosporidiosis,2021,70-74 years,9,4.2
Rheumatic fever,2021,70-74 years,0,0
Campylobacteriosis,2021,70-74 years,364,167.9
Acute gastroenteritis,2021,70-74 years,13,6
Leptospirosis,2021,70-74 years,10,4.6
Rickettsial disease,2021,70-74 years,0,0
Giardiasis,2021,70-74 years,24,11.1
Measles,2021,70-74 years,0,0
Tuberculosis disease,2021,70-74 years,12,5.5
Cysticercosis,2021,70-74 years,0,0
Toxic shellfish poisoning,2021,70-74 years,0,0
Pertussis,2021,70-74 years,4,suppressed
Listeriosis,2021,70-74 years,3,suppressed
Tetanus,2021,70-74 years,0,0
Meningococcal disease,2021,70-74 years,1,suppressed
Diphtheria,2021,70-74 years,0,0
Rubella,2021,70-74 years,0,0
Poliomyelitis,2021,70-74 years,0,0
Rabies and other lyssaviruses,2021,70-74 years,0,0
Hydatid disease,2021,70-74 years,1,suppressed
Paratyphoid fever,2021,70-74 years,0,0
Leprosy,2021,70-74 years,0,0
Mumps,2021,70-74 years,0,0
Invasive pneumococcal disease,2021,70-74 years,36,16.6
Meningoencephalitis - primary amoebic,2021,70-74 years,0,0
Trichinosis,2021,70-74 years,0,0
Taeniasis,2021,70-74 years,0,0
Cholera,2021,70-74 years,0,0
Q fever,2021,75-79 years,0,0
Hepatitis NOS,2021,75-79 years,0,0
Invasive group A streptococcal infection,2021,75-79 years,0,0
Mpox,2021,75-79 years,0,0
Rheumatic fever,2021,75-79 years,0,0
Campylobacteriosis,2021,75-79 years,253,169.7
Yersiniosis,2021,75-79 years,36,24.2
Hepatitis B,2021,75-79 years,0,0
Leptospirosis,2021,75-79 years,3,suppressed
Haemophilus influenzae type b,2021,75-79 years,0,0
Rabies and other lyssaviruses,2021,75-79 years,0,0
Hepatitis A,2021,75-79 years,0,0
Cysticercosis,2021,75-79 years,0,0
Meningococcal disease,2021,75-79 years,0,0
Arboviral diseases,2021,75-79 years,0,0
Toxic shellfish poisoning,2021,75-79 years,0,0
Tetanus,2021,75-79 years,1,suppressed
Invasive pneumococcal disease,2021,75-79 years,29,19.5
Meningoencephalitis - primary amoebic,2021,75-79 years,0,0
Trichinosis,2021,75-79 years,0,0
Poliomyelitis,2021,75-79 years,0,0
Salmonellosis,2021,75-79 years,22,14.8
Hepatitis C,2021,75-79 years,0,0
Acute gastroenteritis,2021,75-79 years,9,6
Rickettsial disease,2021,75-79 years,0,0
Measles,2021,75-79 years,0,0
Cryptosporidiosis,2021,75-79 years,6,4
Hydatid disease,2021,75-79 years,0,0
Diphtheria,2021,75-79 years,0,0
Listeriosis,2021,75-79 years,2,suppressed
Typhoid fever,2021,75-79 years,0,0
Tuberculosis disease,2021,75-79 years,8,5.4
Mumps,2021,75-79 years,0,0
Rubella,2021,75-79 years,0,0
Brucellosis,2021,75-79 years,0,0
Pertussis,2021,75-79 years,0,0
Taeniasis,2021,75-79 years,0,0
Legionellosis,2021,75-79 years,29,19.5
Paratyphoid fever,2021,75-79 years,0,0
Shigellosis,2021,75-79 years,0,0
Leprosy,2021,75-79 years,0,0
Malaria,2021,75-79 years,0,0
Giardiasis,2021,75-79 years,12,8.1
Cholera,2021,75-79 years,0,0
VTEC/STEC infection,2021,75-79 years,37,24.8
Q fever,2021,80-84 years,0,0
Haemophilus influenzae type b,2021,80-84 years,0,0
Leptospirosis,2021,80-84 years,0,0
Hepatitis C,2021,80-84 years,0,0
Mpox,2021,80-84 years,0,0
Yersiniosis,2021,80-84 years,29,28.3
Invasive group A streptococcal infection,2021,80-84 years,0,0
Cryptosporidiosis,2021,80-84 years,1,suppressed
Campylobacteriosis,2021,80-84 years,172,167.8
Hepatitis A,2021,80-84 years,0,0
Arboviral diseases,2021,80-84 years,0,0
Invasive pneumococcal disease,2021,80-84 years,30,29.3
Tuberculosis disease,2021,80-84 years,9,8.8
Meningococcal disease,2021,80-84 years,1,suppressed
Diphtheria,2021,80-84 years,0,0
Toxic shellfish poisoning,2021,80-84 years,0,0
Salmonellosis,2021,80-84 years,20,19.5
Meningoencephalitis - primary amoebic,2021,80-84 years,0,0
Rickettsial disease,2021,80-84 years,0,0
Cysticercosis,2021,80-84 years,0,0
Typhoid fever,2021,80-84 years,0,0
Legionellosis,2021,80-84 years,10,9.8
Hydatid disease,2021,80-84 years,0,0
Paratyphoid fever,2021,80-84 years,0,0
Measles,2021,80-84 years,0,0
Mumps,2021,80-84 years,0,0
Taeniasis,2021,80-84 years,0,0
Rabies and other lyssaviruses,2021,80-84 years,0,0
Trichinosis,2021,80-84 years,0,0
Pertussis,2021,80-84 years,0,0
Shigellosis,2021,80-84 years,1,suppressed
Tetanus,2021,80-84 years,0,0
VTEC/STEC infection,2021,80-84 years,28,27.3
Acute gastroenteritis,2021,80-84 years,7,6.8
Listeriosis,2021,80-84 years,4,suppressed
Malaria,2021,80-84 years,0,0
Cholera,2021,80-84 years,0,0
Poliomyelitis,2021,80-84 years,0,0
Brucellosis,2021,80-84 years,0,0
Leprosy,2021,80-84 years,0,0
Giardiasis,2021,80-84 years,4,suppressed
Rheumatic fever,2021,80-84 years,0,0
Hepatitis B,2021,80-84 years,0,0
Hepatitis NOS,2021,80-84 years,0,0
Rubella,2021,80-84 years,0,0
Haemophilus influenzae type b,2021,85+ years,0,0
Campylobacteriosis,2021,85+ years,111,123.7
Yersiniosis,2021,85+ years,33,36.8
Cryptosporidiosis,2021,85+ years,0,0
Hepatitis C,2021,85+ years,0,0
Arboviral diseases,2021,85+ years,0,0
Q fever,2021,85+ years,0,0
Leptospirosis,2021,85+ years,0,0
Tetanus,2021,85+ years,0,0
Listeriosis,2021,85+ years,6,6.7
Toxic shellfish poisoning,2021,85+ years,0,0
Invasive group A streptococcal infection,2021,85+ years,0,0
Invasive pneumococcal disease,2021,85+ years,42,46.8
Tuberculosis disease,2021,85+ years,5,5.6
Hepatitis A,2021,85+ years,0,0
Poliomyelitis,2021,85+ years,0,0
Legionellosis,2021,85+ years,10,11.1
Taeniasis,2021,85+ years,0,0
Hydatid disease,2021,85+ years,0,0
Brucellosis,2021,85+ years,0,0
Salmonellosis,2021,85+ years,14,15.6
Shigellosis,2021,85+ years,0,0
Meningoencephalitis - primary amoebic,2021,85+ years,0,0
Cysticercosis,2021,85+ years,0,0
Typhoid fever,2021,85+ years,0,0
Mumps,2021,85+ years,0,0
Rabies and other lyssaviruses,2021,85+ years,0,0
Rickettsial disease,2021,85+ years,0,0
Trichinosis,2021,85+ years,0,0
Hepatitis NOS,2021,85+ years,0,0
Mpox,2021,85+ years,0,0
Measles,2021,85+ years,0,0
Acute gastroenteritis,2021,85+ years,3,suppressed
Pertussis,2021,85+ years,2,suppressed
Leprosy,2021,85+ years,0,0
Malaria,2021,85+ years,0,0
Diphtheria,2021,85+ years,0,0
Meningococcal disease,2021,85+ years,0,0
Hepatitis B,2021,85+ years,0,0
VTEC/STEC infection,2021,85+ years,25,27.9
Rubella,2021,85+ years,0,0
Paratyphoid fever,2021,85+ years,0,0
Cholera,2021,85+ years,0,0
Rheumatic fever,2021,85+ years,0,0
Giardiasis,2021,85+ years,3,suppressed
Hepatitis NOS,2021,5-9 years,0,0
Campylobacteriosis,2021,5-9 years,231,71.1
Acute gastroenteritis,2021,5-9 years,7,2.2
Hepatitis B,2021,5-9 years,0,0
Shigellosis,2021,5-9 years,1,suppressed
Tuberculosis disease,2021,5-9 years,3,suppressed
Giardiasis,2021,5-9 years,70,21.5
Trichinosis,2021,5-9 years,0,0
Toxic shellfish poisoning,2021,5-9 years,0,0
Rabies and other lyssaviruses,2021,5-9 years,0,0
Hepatitis C,2021,5-9 years,0,0
Pertussis,2021,5-9 years,2,suppressed
Mpox,2021,5-9 years,0,0
Malaria,2021,5-9 years,0,0
Haemophilus influenzae type b,2021,5-9 years,0,0
Salmonellosis,2021,5-9 years,58,17.8
VTEC/STEC infection,2021,5-9 years,58,17.8
Mumps,2021,5-9 years,0,0
Cryptosporidiosis,2021,5-9 years,79,24.3
Meningoencephalitis - primary amoebic,2021,5-9 years,0,0
Taeniasis,2021,5-9 years,0,0
Hepatitis A,2021,5-9 years,1,suppressed
Invasive group A streptococcal infection,2021,5-9 years,0,0
Meningococcal disease,2021,5-9 years,2,suppressed
Leprosy,2021,5-9 years,0,0
Typhoid fever,2021,5-9 years,0,0
Rheumatic fever,2021,5-9 years,23,7.1
Cysticercosis,2021,5-9 years,0,0
Hydatid disease,2021,5-9 years,0,0
Tetanus,2021,5-9 years,0,0
Rubella,2021,5-9 years,0,0
Yersiniosis,2021,5-9 years,62,19.1
Leptospirosis,2021,5-9 years,0,0
Arboviral diseases,2021,5-9 years,0,0
Paratyphoid fever,2021,5-9 years,0,0
Measles,2021,5-9 years,0,0
Poliomyelitis,2021,5-9 years,0,0
Rickettsial disease,2021,5-9 years,0,0
Diphtheria,2021,5-9 years,0,0
Legionellosis,2021,5-9 years,0,0
Brucellosis,2021,5-9 years,0,0
Listeriosis,2021,5-9 years,0,0
Q fever,2021,5-9 years,0,0
Cholera,2021,5-9 years,0,0
Invasive pneumococcal disease,2021,5-9 years,12,3.7
Giardiasis,2021,10-14 years,14,4.1
Rheumatic fever,2021,10-14 years,36,10.6
Hepatitis B,2021,10-14 years,0,0
VTEC/STEC infection,2021,10-14 years,43,12.7
Hydatid disease,2021,10-14 years,0,0
Paratyphoid fever,2021,10-14 years,0,0
Pertussis,2021,10-14 years,2,suppressed
Toxic shellfish poisoning,2021,10-14 years,0,0
Rabies and other lyssaviruses,2021,10-14 years,0,0
Hepatitis C,2021,10-14 years,0,0
Hepatitis NOS,2021,10-14 years,0,0
Mpox,2021,10-14 years,0,0
Rubella,2021,10-14 years,0,0
Acute gastroenteritis,2021,10-14 years,6,1.8
Tuberculosis disease,2021,10-14 years,2,suppressed
Salmonellosis,2021,10-14 years,14,4.1
Meningoencephalitis - primary amoebic,2021,10-14 years,0,0
Taeniasis,2021,10-14 years,0,0
Meningococcal disease,2021,10-14 years,2,suppressed
Leprosy,2021,10-14 years,0,0
Typhoid fever,2021,10-14 years,0,0
Invasive group A streptococcal infection,2021,10-14 years,0,0
Campylobacteriosis,2021,10-14 years,192,56.7
Malaria,2021,10-14 years,0,0
Tetanus,2021,10-14 years,0,0
Invasive pneumococcal disease,2021,10-14 years,7,2.1
Listeriosis,2021,10-14 years,0,0
Leptospirosis,2021,10-14 years,1,suppressed
Mumps,2021,10-14 years,0,0
Arboviral diseases,2021,10-14 years,0,0
Legionellosis,2021,10-14 years,0,0
Hepatitis A,2021,10-14 years,0,0
Haemophilus influenzae type b,2021,10-14 years,0,0
Diphtheria,2021,10-14 years,0,0
Brucellosis,2021,10-14 years,0,0
Shigellosis,2021,10-14 years,0,0
Measles,2021,10-14 years,0,0
Rickettsial disease,2021,10-14 years,0,0
Poliomyelitis,2021,10-14 years,0,0
Cryptosporidiosis,2021,10-14 years,52,15.3
Yersiniosis,2021,10-14 years,44,13
Cysticercosis,2021,10-14 years,0,0
Trichinosis,2021,10-14 years,0,0
Q fever,2021,10-14 years,0,0
Cholera,2021,10-14 years,0,0
Mpox,2021,15-19 years,0,0
Rheumatic fever,2021,15-19 years,7,2.2
VTEC/STEC infection,2021,15-19 years,47,14.9
Haemophilus influenzae type b,2021,15-19 years,0,0
Meningococcal disease,2021,15-19 years,3,suppressed
Rabies and other lyssaviruses,2021,15-19 years,0,0
Rickettsial disease,2021,15-19 years,0,0
Hydatid disease,2021,15-19 years,0,0
Rubella,2021,15-19 years,0,0
Giardiasis,2021,15-19 years,13,4.1
Hepatitis B,2021,15-19 years,0,0
Meningoencephalitis - primary amoebic,2021,15-19 years,0,0
Paratyphoid fever,2021,15-19 years,0,0
Hepatitis C,2021,15-19 years,2,suppressed
Leprosy,2021,15-19 years,1,suppressed
Typhoid fever,2021,15-19 years,0,0
Invasive group A streptococcal infection,2021,15-19 years,0,0
Poliomyelitis,2021,15-19 years,0,0
Hepatitis NOS,2021,15-19 years,0,0
Pertussis,2021,15-19 years,0,0
Salmonellosis,2021,15-19 years,24,7.6
Cysticercosis,2021,15-19 years,0,0
Acute gastroenteritis,2021,15-19 years,9,2.9
Leptospirosis,2021,15-19 years,1,suppressed
Yersiniosis,2021,15-19 years,44,13.9
Tuberculosis disease,2021,15-19 years,15,4.8
Legionellosis,2021,15-19 years,0,0
Cholera,2021,15-19 years,0,0
Trichinosis,2021,15-19 years,0,0
Hepatitis A,2021,15-19 years,1,suppressed
Shigellosis,2021,15-19 years,1,suppressed
Cryptosporidiosis,2021,15-19 years,53,16.8
Malaria,2021,15-19 years,0,0
Tetanus,2021,15-19 years,0,0
Arboviral diseases,2021,15-19 years,1,suppressed
Brucellosis,2021,15-19 years,0,0
Toxic shellfish poisoning,2021,15-19 years,0,0
Q fever,2021,15-19 years,0,0
Invasive pneumococcal disease,2021,15-19 years,9,2.9
Diphtheria,2021,15-19 years,0,0
Listeriosis,2021,15-19 years,0,0
Campylobacteriosis,2021,15-19 years,305,96.7
Measles,2021,15-19 years,0,0
Taeniasis,2021,15-19 years,0,0
Mumps,2021,15-19 years,0,0
Rheumatic fever,2021,20-24 years,10,3
Hydatid disease,2021,20-24 years,0,0
Salmonellosis,2021,20-24 years,40,12.1
Haemophilus influenzae type b,2021,20-24 years,0,0
Paratyphoid fever,2021,20-24 years,0,0
Hepatitis C,2021,20-24 years,1,suppressed
Tetanus,2021,20-24 years,0,0
Tuberculosis disease,2021,20-24 years,25,7.6
Acute gastroenteritis,2021,20-24 years,14,4.3
Giardiasis,2021,20-24 years,29,8.8
Trichinosis,2021,20-24 years,0,0
Invasive group A streptococcal infection,2021,20-24 years,0,0
Meningococcal disease,2021,20-24 years,6,1.8
Typhoid fever,2021,20-24 years,1,suppressed
Rickettsial disease,2021,20-24 years,0,0
Invasive pneumococcal disease,2021,20-24 years,5,1.5
Rubella,2021,20-24 years,0,0
Hepatitis NOS,2021,20-24 years,0,0
VTEC/STEC infection,2021,20-24 years,50,15.2
Q fever,2021,20-24 years,0,0
Hepatitis B,2021,20-24 years,1,suppressed
Pertussis,2021,20-24 years,2,suppressed
Legionellosis,2021,20-24 years,1,suppressed
Measles,2021,20-24 years,0,0
Meningoencephalitis - primary amoebic,2021,20-24 years,0,0
Toxic shellfish poisoning,2021,20-24 years,0,0
Cholera,2021,20-24 years,0,0
Leprosy,2021,20-24 years,1,suppressed
Campylobacteriosis,2021,20-24 years,400,121.5
Shigellosis,2021,20-24 years,0,0
Cysticercosis,2021,20-24 years,0,0
Cryptosporidiosis,2021,20-24 years,80,24.3
Taeniasis,2021,20-24 years,1,suppressed
Leptospirosis,2021,20-24 years,5,1.5
Arboviral diseases,2021,20-24 years,1,suppressed
Yersiniosis,2021,20-24 years,72,21.9
Rabies and other lyssaviruses,2021,20-24 years,0,0
Diphtheria,2021,20-24 years,0,0
Poliomyelitis,2021,20-24 years,0,0
Mpox,2021,20-24 years,0,0
Mumps,2021,20-24 years,0,0
Malaria,2021,20-24 years,0,0
Listeriosis,2021,20-24 years,1,suppressed
Brucellosis,2021,20-24 years,0,0
Hepatitis A,2021,20-24 years,0,0
Salmonellosis,2021,25-29 years,33,9
Pertussis,2021,25-29 years,2,suppressed
Hepatitis NOS,2021,25-29 years,2,suppressed
Acute gastroenteritis,2021,25-29 years,22,6
Tuberculosis disease,2021,25-29 years,44,12
Rubella,2021,25-29 years,0,0
Paratyphoid fever,2021,25-29 years,0,0
Invasive group A streptococcal infection,2021,25-29 years,0,0
Toxic shellfish poisoning,2021,25-29 years,0,0
Leprosy,2021,25-29 years,0,0
Hepatitis C,2021,25-29 years,2,suppressed
Invasive pneumococcal disease,2021,25-29 years,11,3
Campylobacteriosis,2021,25-29 years,383,104.4
Malaria,2021,25-29 years,1,suppressed
Trichinosis,2021,25-29 years,0,0
Hepatitis B,2021,25-29 years,0,0
Brucellosis,2021,25-29 years,0,0
Arboviral diseases,2021,25-29 years,0,0
Taeniasis,2021,25-29 years,0,0
Hepatitis A,2021,25-29 years,0,0
Meningoencephalitis - primary amoebic,2021,25-29 years,0,0
Cholera,2021,25-29 years,0,0
Rheumatic fever,2021,25-29 years,5,1.4
Rickettsial disease,2021,25-29 years,0,0
Shigellosis,2021,25-29 years,1,suppressed
Typhoid fever,2021,25-29 years,1,suppressed
Yersiniosis,2021,25-29 years,95,25.9
Cysticercosis,2021,25-29 years,0,0
VTEC/STEC infection,2021,25-29 years,42,11.4
Hydatid disease,2021,25-29 years,0,0
Cryptosporidiosis,2021,25-29 years,72,19.6
Mumps,2021,25-29 years,0,0
Measles,2021,25-29 years,0,0
Poliomyelitis,2021,25-29 years,0,0
Rabies and other lyssaviruses,2021,25-29 years,0,0
Q fever,2021,25-29 years,0,0
Giardiasis,2021,25-29 years,73,19.9
Mpox,2021,25-29 years,0,0
Haemophilus influenzae type b,2021,25-29 years,0,0
Leptospirosis,2021,25-29 years,5,1.4
Listeriosis,2021,25-29 years,1,suppressed
Diphtheria,2021,25-29 years,0,0
Legionellosis,2021,25-29 years,1,suppressed
Meningococcal disease,2021,25-29 years,1,suppressed
Tetanus,2021,25-29 years,0,0
Pertussis,2021,30-34 years,1,suppressed
Hepatitis A,2021,30-34 years,1,suppressed
Invasive group A streptococcal infection,2021,30-34 years,0,0
Shigellosis,2021,30-34 years,0,0
Typhoid fever,2021,30-34 years,0,0
Rickettsial disease,2021,30-34 years,0,0
VTEC/STEC infection,2021,30-34 years,38,10
Tuberculosis disease,2021,30-34 years,47,12.3
Meningoencephalitis - primary amoebic,2021,30-34 years,0,0
Invasive pneumococcal disease,2021,30-34 years,21,5.5
Cryptosporidiosis,2021,30-34 years,54,14.2
Rheumatic fever,2021,30-34 years,1,suppressed
Leprosy,2021,30-34 years,0,0
Mumps,2021,30-34 years,0,0
Hepatitis NOS,2021,30-34 years,0,0
Salmonellosis,2021,30-34 years,20,5.3
Taeniasis,2021,30-34 years,0,0
Paratyphoid fever,2021,30-34 years,1,suppressed
Hepatitis C,2021,30-34 years,4,suppressed
Arboviral diseases,2021,30-34 years,3,suppressed
Meningococcal disease,2021,30-34 years,1,suppressed
Diphtheria,2021,30-34 years,0,0
Giardiasis,2021,30-34 years,113,29.7
Mpox,2021,30-34 years,0,0
Cysticercosis,2021,30-34 years,0,0
Yersiniosis,2021,30-34 years,109,28.6
Tetanus,2021,30-34 years,0,0
Listeriosis,2021,30-34 years,0,0
Q fever,2021,30-34 years,0,0
Haemophilus influenzae type b,2021,30-34 years,0,0
Measles,2021,30-34 years,0,0
Hepatitis B,2021,30-34 years,0,0
Trichinosis,2021,30-34 years,0,0
Leptospirosis,2021,30-34 years,10,2.6
Poliomyelitis,2021,30-34 years,0,0
Rabies and other lyssaviruses,2021,30-34 years,0,0
Campylobacteriosis,2021,30-34 years,334,87.7
Cholera,2021,30-34 years,0,0
Rubella,2021,30-34 years,0,0
Brucellosis,2021,30-34 years,0,0
Legionellosis,2021,30-34 years,2,suppressed
Malaria,2021,30-34 years,1,suppressed
Toxic shellfish poisoning,2021,30-34 years,0,0
Hydatid disease,2021,30-34 years,0,0
Acute gastroenteritis,2021,30-34 years,16,4.2
Rickettsial disease,2021,35-39 years,1,suppressed
Hepatitis A,2021,35-39 years,0,0
Arboviral diseases,2021,35-39 years,1,suppressed
Pertussis,2021,35-39 years,4,suppressed
Salmonellosis,2021,35-39 years,23,6.8
Hepatitis NOS,2021,35-39 years,2,suppressed
Listeriosis,2021,35-39 years,2,suppressed
Leprosy,2021,35-39 years,3,suppressed
Hepatitis C,2021,35-39 years,8,2.3
Shigellosis,2021,35-39 years,0,0
Tuberculosis disease,2021,35-39 years,25,7.3
Legionellosis,2021,35-39 years,2,suppressed
Meningoencephalitis - primary amoebic,2021,35-39 years,0,0
Hepatitis B,2021,35-39 years,0,0
Mpox,2021,35-39 years,0,0
Typhoid fever,2021,35-39 years,0,0
Meningococcal disease,2021,35-39 years,0,0
Paratyphoid fever,2021,35-39 years,0,0
Rabies and other lyssaviruses,2021,35-39 years,0,0
Campylobacteriosis,2021,35-39 years,287,84.2
VTEC/STEC infection,2021,35-39 years,37,10.9
Giardiasis,2021,35-39 years,104,30.5
Hydatid disease,2021,35-39 years,0,0
Mumps,2021,35-39 years,0,0
Q fever,2021,35-39 years,0,0
Yersiniosis,2021,35-39 years,101,29.6
Measles,2021,35-39 years,0,0
Trichinosis,2021,35-39 years,0,0
Rheumatic fever,2021,35-39 years,1,suppressed
Poliomyelitis,2021,35-39 years,0,0
Diphtheria,2021,35-39 years,0,0
Tetanus,2021,35-39 years,0,0
Leptospirosis,2021,35-39 years,9,2.6
Invasive pneumococcal disease,2021,35-39 years,13,3.8
Cholera,2021,35-39 years,0,0
Invasive group A streptococcal infection,2021,35-39 years,0,0
Toxic shellfish poisoning,2021,35-39 years,0,0
Haemophilus influenzae type b,2021,35-39 years,0,0
Cysticercosis,2021,35-39 years,0,0
Malaria,2021,35-39 years,0,0
Acute gastroenteritis,2021,35-39 years,14,4.1
Rubella,2021,35-39 years,0,0
Brucellosis,2021,35-39 years,0,0
Taeniasis,2021,35-39 years,0,0
Cryptosporidiosis,2021,35-39 years,41,12
Pertussis,2021,40-44 years,3,suppressed
Hepatitis C,2021,40-44 years,1,suppressed
Tuberculosis disease,2021,40-44 years,32,10.3
Rheumatic fever,2021,40-44 years,0,0
Hepatitis B,2021,40-44 years,1,suppressed
Invasive pneumococcal disease,2021,40-44 years,17,5.5
Cysticercosis,2021,40-44 years,0,0
Legionellosis,2021,40-44 years,5,1.6
Giardiasis,2021,40-44 years,73,23.4
Arboviral diseases,2021,40-44 years,1,suppressed
Mumps,2021,40-44 years,0,0
Hepatitis NOS,2021,40-44 years,0,0
Cholera,2021,40-44 years,0,0
Hydatid disease,2021,40-44 years,0,0
Typhoid fever,2021,40-44 years,0,0
Shigellosis,2021,40-44 years,0,0
Salmonellosis,2021,40-44 years,31,10
Mpox,2021,40-44 years,0,0
Rubella,2021,40-44 years,0,0
Leptospirosis,2021,40-44 years,6,1.9
Q fever,2021,40-44 years,0,0
Meningococcal disease,2021,40-44 years,0,0
Meningoencephalitis - primary amoebic,2021,40-44 years,0,0
Haemophilus influenzae type b,2021,40-44 years,0,0
Trichinosis,2021,40-44 years,0,0
Invasive group A streptococcal infection,2021,40-44 years,0,0
Diphtheria,2021,40-44 years,0,0
Rickettsial disease,2021,40-44 years,0,0
Leprosy,2021,40-44 years,0,0
Malaria,2021,40-44 years,0,0
VTEC/STEC infection,2021,40-44 years,28,9
Brucellosis,2021,40-44 years,0,0
Paratyphoid fever,2021,40-44 years,0,0
Poliomyelitis,2021,40-44 years,0,0
Yersiniosis,2021,40-44 years,71,22.8
Measles,2021,40-44 years,0,0
Acute gastroenteritis,2021,40-44 years,23,7.4
Campylobacteriosis,2021,40-44 years,265,85.1
Taeniasis,2021,40-44 years,0,0
Tetanus,2021,40-44 years,0,0
Toxic shellfish poisoning,2021,40-44 years,0,0
Rabies and other lyssaviruses,2021,40-44 years,0,0
Cryptosporidiosis,2021,40-44 years,35,11.2
Listeriosis,2021,40-44 years,2,suppressed
Hepatitis A,2021,40-44 years,1,suppressed
Tuberculosis disease,2022,0-4 years,7,2.3
Hepatitis C,2022,0-4 years,0,0
Arboviral diseases,2022,0-4 years,0,0
Legionellosis,2022,0-4 years,0,0
Haemophilus influenzae type b,2022,0-4 years,0,0
Campylobacteriosis,2022,0-4 years,671,221.7
Cysticercosis,2022,0-4 years,0,0
Invasive group A streptococcal infection,2022,0-4 years,0,0
Shigellosis,2022,0-4 years,8,2.6
Hepatitis A,2022,0-4 years,0,0
Brucellosis,2022,0-4 years,0,0
Q fever,2022,0-4 years,0,0
Toxic shellfish poisoning,2022,0-4 years,0,0
Salmonellosis,2022,0-4 years,154,50.9
Yersiniosis,2022,0-4 years,242,79.9
Acute gastroenteritis,2022,0-4 years,28,9.2
Cholera,2022,0-4 years,0,0
Taeniasis,2022,0-4 years,0,0
Listeriosis,2022,0-4 years,1,suppressed
Paratyphoid fever,2022,0-4 years,1,suppressed
Leptospirosis,2022,0-4 years,0,0
Diphtheria,2022,0-4 years,0,0
Rabies and other lyssaviruses,2022,0-4 years,0,0
Rickettsial disease,2022,0-4 years,0,0
Leprosy,2022,0-4 years,0,0
Mumps,2022,0-4 years,0,0
Measles,2022,0-4 years,0,0
Hydatid disease,2022,0-4 years,0,0
Hepatitis NOS,2022,0-4 years,0,0
Hepatitis B,2022,0-4 years,0,0
Mpox,2022,0-4 years,0,0
Rheumatic fever,2022,0-4 years,0,0
Rubella,2022,0-4 years,0,0
Poliomyelitis,2022,0-4 years,0,0
Typhoid fever,2022,0-4 years,2,suppressed
VTEC/STEC infection,2022,0-4 years,201,66.4
Cryptosporidiosis,2022,0-4 years,136,44.9
Meningococcal disease,2022,0-4 years,37,12.2
Meningoencephalitis - primary amoebic,2022,0-4 years,0,0
Malaria,2022,0-4 years,0,0
Giardiasis,2022,0-4 years,125,41.3
Pertussis,2022,0-4 years,2,suppressed
Trichinosis,2022,0-4 years,0,0
Tetanus,2022,0-4 years,0,0
Invasive pneumococcal disease,2022,0-4 years,104,34.4
Listeriosis,2022,45-49 years,0,0
Hydatid disease,2022,45-49 years,0,0
Trichinosis,2022,45-49 years,0,0
Campylobacteriosis,2022,45-49 years,288,92.2
Typhoid fever,2022,45-49 years,1,suppressed
Hepatitis NOS,2022,45-49 years,0,0
Paratyphoid fever,2022,45-49 years,1,suppressed
Poliomyelitis,2022,45-49 years,0,0
Cryptosporidiosis,2022,45-49 years,18,5.8
Arboviral diseases,2022,45-49 years,2,suppressed
Haemophilus influenzae type b,2022,45-49 years,0,0
Legionellosis,2022,45-49 years,7,2.2
Rheumatic fever,2022,45-49 years,1,suppressed
Cholera,2022,45-49 years,0,0
Invasive pneumococcal disease,2022,45-49 years,36,11.5
Hepatitis A,2022,45-49 years,1,suppressed
Leptospirosis,2022,45-49 years,7,2.2
Acute gastroenteritis,2022,45-49 years,25,8
Shigellosis,2022,45-49 years,4,suppressed
Cysticercosis,2022,45-49 years,0,0
Mumps,2022,45-49 years,0,0
Malaria,2022,45-49 years,2,suppressed
Salmonellosis,2022,45-49 years,23,7.4
Tetanus,2022,45-49 years,0,0
Brucellosis,2022,45-49 years,0,0
Q fever,2022,45-49 years,0,0
Mpox,2022,45-49 years,2,suppressed
Measles,2022,45-49 years,0,0
Toxic shellfish poisoning,2022,45-49 years,0,0
Hepatitis B,2022,45-49 years,1,suppressed
VTEC/STEC infection,2022,45-49 years,38,12.2
Leprosy,2022,45-49 years,0,0
Pertussis,2022,45-49 years,0,0
Meningococcal disease,2022,45-49 years,0,0
Diphtheria,2022,45-49 years,0,0
Hepatitis C,2022,45-49 years,2,suppressed
Taeniasis,2022,45-49 years,0,0
Tuberculosis disease,2022,45-49 years,14,4.5
Yersiniosis,2022,45-49 years,65,20.8
Rubella,2022,45-49 years,0,0
Invasive group A streptococcal infection,2022,45-49 years,0,0
Giardiasis,2022,45-49 years,34,10.9
Rabies and other lyssaviruses,2022,45-49 years,0,0
Rickettsial disease,2022,45-49 years,0,0
Meningoencephalitis - primary amoebic,2022,45-49 years,0,0
Hepatitis NOS,2022,50-54 years,0,0
Listeriosis,2022,50-54 years,2,suppressed
Meningococcal disease,2022,50-54 years,1,suppressed
Invasive pneumococcal disease,2022,50-54 years,29,8.8
Cryptosporidiosis,2022,50-54 years,9,2.7
Q fever,2022,50-54 years,0,0
Malaria,2022,50-54 years,2,suppressed
Campylobacteriosis,2022,50-54 years,335,101.5
Tetanus,2022,50-54 years,0,0
Cysticercosis,2022,50-54 years,0,0
Measles,2022,50-54 years,0,0
Hepatitis B,2022,50-54 years,1,suppressed
Leprosy,2022,50-54 years,0,0
Haemophilus influenzae type b,2022,50-54 years,0,0
Hepatitis A,2022,50-54 years,2,suppressed
Rabies and other lyssaviruses,2022,50-54 years,0,0
Legionellosis,2022,50-54 years,15,4.5
Rickettsial disease,2022,50-54 years,1,suppressed
Pertussis,2022,50-54 years,2,suppressed
Invasive group A streptococcal infection,2022,50-54 years,0,0
Leptospirosis,2022,50-54 years,8,2.4
Hydatid disease,2022,50-54 years,2,suppressed
Giardiasis,2022,50-54 years,32,9.7
Taeniasis,2022,50-54 years,0,0
Tuberculosis disease,2022,50-54 years,16,4.8
Rubella,2022,50-54 years,0,0
Brucellosis,2022,50-54 years,0,0
Toxic shellfish poisoning,2022,50-54 years,0,0
Salmonellosis,2022,50-54 years,47,14.2
Trichinosis,2022,50-54 years,0,0
Cholera,2022,50-54 years,0,0
Mpox,2022,50-54 years,1,suppressed
Typhoid fever,2022,50-54 years,1,suppressed
Arboviral diseases,2022,50-54 years,1,suppressed
Paratyphoid fever,2022,50-54 years,0,0
VTEC/STEC infection,2022,50-54 years,45,13.6
Hepatitis C,2022,50-54 years,1,suppressed
Meningoencephalitis - primary amoebic,2022,50-54 years,0,0
Diphtheria,2022,50-54 years,0,0
Acute gastroenteritis,2022,50-54 years,25,7.6
Poliomyelitis,2022,50-54 years,0,0
Shigellosis,2022,50-54 years,5,1.5
Yersiniosis,2022,50-54 years,65,19.7
Rheumatic fever,2022,50-54 years,0,0
Mumps,2022,50-54 years,0,0
Cholera,2022,55-59 years,0,0
Malaria,2022,55-59 years,2,suppressed
Haemophilus influenzae type b,2022,55-59 years,0,0
Invasive pneumococcal disease,2022,55-59 years,34,10.8
Tetanus,2022,55-59 years,0,0
Arboviral diseases,2022,55-59 years,3,suppressed
Q fever,2022,55-59 years,0,0
Pertussis,2022,55-59 years,0,0
Listeriosis,2022,55-59 years,0,0
Measles,2022,55-59 years,0,0
Meningoencephalitis - primary amoebic,2022,55-59 years,0,0
Trichinosis,2022,55-59 years,0,0
Diphtheria,2022,55-59 years,0,0
Cryptosporidiosis,2022,55-59 years,15,4.8
Leprosy,2022,55-59 years,0,0
Campylobacteriosis,2022,55-59 years,364,115.5
Hydatid disease,2022,55-59 years,0,0
Mpox,2022,55-59 years,1,suppressed
Rickettsial disease,2022,55-59 years,0,0
Yersiniosis,2022,55-59 years,70,22.2
Paratyphoid fever,2022,55-59 years,1,suppressed
Rubella,2022,55-59 years,0,0
Giardiasis,2022,55-59 years,38,12.1
Taeniasis,2022,55-59 years,0,0
Meningococcal disease,2022,55-59 years,3,suppressed
Poliomyelitis,2022,55-59 years,0,0
Acute gastroenteritis,2022,55-59 years,12,3.8
Hepatitis A,2022,55-59 years,4,suppressed
Invasive group A streptococcal infection,2022,55-59 years,0,0
Leptospirosis,2022,55-59 years,16,5.1
Hepatitis C,2022,55-59 years,1,suppressed
Legionellosis,2022,55-59 years,23,7.3
Rheumatic fever,2022,55-59 years,0,0
Typhoid fever,2022,55-59 years,1,suppressed
VTEC/STEC infection,2022,55-59 years,60,19
Tuberculosis disease,2022,55-59 years,14,4.4
Hepatitis NOS,2022,55-59 years,0,0
Brucellosis,2022,55-59 years,0,0
Rabies and other lyssaviruses,2022,55-59 years,0,0
Cysticercosis,2022,55-59 years,0,0
Toxic shellfish poisoning,2022,55-59 years,0,0
Mumps,2022,55-59 years,0,0
Shigellosis,2022,55-59 years,6,1.9
Salmonellosis,2022,55-59 years,38,12.1
Hepatitis B,2022,55-59 years,1,suppressed
Hydatid disease,2022,60-64 years,0,0
Yersiniosis,2022,60-64 years,94,31.3
Pertussis,2022,60-64 years,1,suppressed
Cholera,2022,60-64 years,0,0
Tetanus,2022,60-64 years,0,0
Q fever,2022,60-64 years,0,0
Meningococcal disease,2022,60-64 years,2,suppressed
Invasive pneumococcal disease,2022,60-64 years,45,15
Acute gastroenteritis,2022,60-64 years,22,7.3
Haemophilus influenzae type b,2022,60-64 years,0,0
Cryptosporidiosis,2022,60-64 years,14,4.7
Trichinosis,2022,60-64 years,0,0
Hepatitis C,2022,60-64 years,0,0
Taeniasis,2022,60-64 years,0,0
Rheumatic fever,2022,60-64 years,0,0
Arboviral diseases,2022,60-64 years,2,suppressed
Paratyphoid fever,2022,60-64 years,0,0
Listeriosis,2022,60-64 years,2,suppressed
Giardiasis,2022,60-64 years,43,14.3
Meningoencephalitis - primary amoebic,2022,60-64 years,0,0
Diphtheria,2022,60-64 years,0,0
Poliomyelitis,2022,60-64 years,0,0
Leprosy,2022,60-64 years,0,0
Hepatitis A,2022,60-64 years,7,2.3
Leptospirosis,2022,60-64 years,14,4.7
Cysticercosis,2022,60-64 years,0,0
Mpox,2022,60-64 years,0,0
Salmonellosis,2022,60-64 years,46,15.3
Hepatitis NOS,2022,60-64 years,0,0
Typhoid fever,2022,60-64 years,0,0
Measles,2022,60-64 years,0,0
Legionellosis,2022,60-64 years,25,8.3
Toxic shellfish poisoning,2022,60-64 years,0,0
Malaria,2022,60-64 years,0,0
Rabies and other lyssaviruses,2022,60-64 years,0,0
Rickettsial disease,2022,60-64 years,0,0
Hepatitis B,2022,60-64 years,1,suppressed
Mumps,2022,60-64 years,0,0
Brucellosis,2022,60-64 years,0,0
VTEC/STEC infection,2022,60-64 years,54,18
Invasive group A streptococcal infection,2022,60-64 years,0,0
Tuberculosis disease,2022,60-64 years,12,4
Campylobacteriosis,2022,60-64 years,401,133.7
Shigellosis,2022,60-64 years,4,suppressed
Rubella,2022,60-64 years,0,0
Hydatid disease,2022,65-69 years,0,0
Invasive pneumococcal disease,2022,65-69 years,61,24
Acute gastroenteritis,2022,65-69 years,21,8.3
Cholera,2022,65-69 years,0,0
Q fever,2022,65-69 years,0,0
Arboviral diseases,2022,65-69 years,1,suppressed
Hepatitis C,2022,65-69 years,1,suppressed
Measles,2022,65-69 years,0,0
Haemophilus influenzae type b,2022,65-69 years,0,0
Taeniasis,2022,65-69 years,1,suppressed
Malaria,2022,65-69 years,2,suppressed
Mpox,2022,65-69 years,3,suppressed
Listeriosis,2022,65-69 years,2,suppressed
Cryptosporidiosis,2022,65-69 years,13,5.1
Giardiasis,2022,65-69 years,36,14.2
Hepatitis NOS,2022,65-69 years,1,suppressed
Typhoid fever,2022,65-69 years,0,0
Meningococcal disease,2022,65-69 years,2,suppressed
Rheumatic fever,2022,65-69 years,0,0
Toxic shellfish poisoning,2022,65-69 years,0,0
Leptospirosis,2022,65-69 years,8,3.1
Rickettsial disease,2022,65-69 years,0,0
Legionellosis,2022,65-69 years,36,14.2
Campylobacteriosis,2022,65-69 years,399,157.1
Mumps,2022,65-69 years,0,0
Yersiniosis,2022,65-69 years,76,29.9
Meningoencephalitis - primary amoebic,2022,65-69 years,0,0
Trichinosis,2022,65-69 years,0,0
Tuberculosis disease,2022,65-69 years,14,5.5
VTEC/STEC infection,2022,65-69 years,64,25.2
Cysticercosis,2022,65-69 years,0,0
Invasive group A streptococcal infection,2022,65-69 years,0,0
Hepatitis B,2022,65-69 years,0,0
Leprosy,2022,65-69 years,0,0
Pertussis,2022,65-69 years,0,0
Rubella,2022,65-69 years,0,0
Poliomyelitis,2022,65-69 years,0,0
Paratyphoid fever,2022,65-69 years,0,0
Brucellosis,2022,65-69 years,1,suppressed
Hepatitis A,2022,65-69 years,0,0
Salmonellosis,2022,65-69 years,43,16.9
Tetanus,2022,65-69 years,0,0
Shigellosis,2022,65-69 years,4,suppressed
Diphtheria,2022,65-69 years,0,0
Rabies and other lyssaviruses,2022,65-69 years,0,0
Cholera,2022,70-74 years,0,0
Taeniasis,2022,70-74 years,0,0
Cryptosporidiosis,2022,70-74 years,6,2.8
Leptospirosis,2022,70-74 years,9,4.2
Arboviral diseases,2022,70-74 years,0,0
Leprosy,2022,70-74 years,0,0
Hepatitis B,2022,70-74 years,0,0
Rickettsial disease,2022,70-74 years,0,0
Acute gastroenteritis,2022,70-74 years,10,4.6
Legionellosis,2022,70-74 years,38,17.6
Mpox,2022,70-74 years,0,0
Haemophilus influenzae type b,2022,70-74 years,0,0
Brucellosis,2022,70-74 years,0,0
Meningoencephalitis - primary amoebic,2022,70-74 years,0,0
Mumps,2022,70-74 years,0,0
Hepatitis NOS,2022,70-74 years,0,0
Measles,2022,70-74 years,0,0
Salmonellosis,2022,70-74 years,33,15.3
Rheumatic fever,2022,70-74 years,0,0
Hepatitis A,2022,70-74 years,2,suppressed
Pertussis,2022,70-74 years,3,suppressed
Yersiniosis,2022,70-74 years,46,21.3
Campylobacteriosis,2022,70-74 years,339,156.7
Hydatid disease,2022,70-74 years,0,0
Rubella,2022,70-74 years,0,0
Q fever,2022,70-74 years,0,0
Giardiasis,2022,70-74 years,21,9.7
Poliomyelitis,2022,70-74 years,0,0
Malaria,2022,70-74 years,1,suppressed
Listeriosis,2022,70-74 years,1,suppressed
Rabies and other lyssaviruses,2022,70-74 years,0,0
Cysticercosis,2022,70-74 years,0,0
Invasive group A streptococcal infection,2022,70-74 years,0,0
Meningococcal disease,2022,70-74 years,0,0
Hepatitis C,2022,70-74 years,0,0
Tetanus,2022,70-74 years,0,0
Paratyphoid fever,2022,70-74 years,0,0
Invasive pneumococcal disease,2022,70-74 years,56,25.9
Trichinosis,2022,70-74 years,0,0
VTEC/STEC infection,2022,70-74 years,58,26.8
Diphtheria,2022,70-74 years,0,0
Tuberculosis disease,2022,70-74 years,8,3.7
Toxic shellfish poisoning,2022,70-74 years,0,0
Typhoid fever,2022,70-74 years,0,0
Shigellosis,2022,70-74 years,4,suppressed
Leprosy,2022,75-79 years,0,0
Hydatid disease,2022,75-79 years,1,suppressed
Mumps,2022,75-79 years,0,0
Meningoencephalitis - primary amoebic,2022,75-79 years,0,0
Cryptosporidiosis,2022,75-79 years,6,3.8
Hepatitis A,2022,75-79 years,0,0
Cysticercosis,2022,75-79 years,0,0
Mpox,2022,75-79 years,0,0
Measles,2022,75-79 years,0,0
Paratyphoid fever,2022,75-79 years,0,0
Rubella,2022,75-79 years,0,0
Campylobacteriosis,2022,75-79 years,260,165
Listeriosis,2022,75-79 years,9,5.7
Malaria,2022,75-79 years,1,suppressed
Rheumatic fever,2022,75-79 years,0,0
Trichinosis,2022,75-79 years,0,0
Pertussis,2022,75-79 years,1,suppressed
Cholera,2022,75-79 years,0,0
Leptospirosis,2022,75-79 years,1,suppressed
Salmonellosis,2022,75-79 years,21,13.3
Invasive pneumococcal disease,2022,75-79 years,49,31.1
Hepatitis B,2022,75-79 years,0,0
Giardiasis,2022,75-79 years,10,6.3
Tetanus,2022,75-79 years,0,0
Meningococcal disease,2022,75-79 years,0,0
Poliomyelitis,2022,75-79 years,0,0
Toxic shellfish poisoning,2022,75-79 years,0,0
Invasive group A streptococcal infection,2022,75-79 years,0,0
Brucellosis,2022,75-79 years,0,0
Rabies and other lyssaviruses,2022,75-79 years,0,0
Hepatitis C,2022,75-79 years,0,0
Haemophilus influenzae type b,2022,75-79 years,0,0
Yersiniosis,2022,75-79 years,48,30.5
Taeniasis,2022,75-79 years,0,0
Q fever,2022,75-79 years,0,0
VTEC/STEC infection,2022,75-79 years,62,39.3
Acute gastroenteritis,2022,75-79 years,15,9.5
Legionellosis,2022,75-79 years,27,17.1
Tuberculosis disease,2022,75-79 years,15,9.5
Shigellosis,2022,75-79 years,1,suppressed
Diphtheria,2022,75-79 years,0,0
Hepatitis NOS,2022,75-79 years,0,0
Rickettsial disease,2022,75-79 years,0,0
Arboviral diseases,2022,75-79 years,0,0
Typhoid fever,2022,75-79 years,0,0
Paratyphoid fever,2022,80-84 years,0,0
Leprosy,2022,80-84 years,0,0
Hepatitis A,2022,80-84 years,0,0
Rubella,2022,80-84 years,0,0
Hydatid disease,2022,80-84 years,0,0
Cholera,2022,80-84 years,0,0
Meningococcal disease,2022,80-84 years,3,suppressed
Measles,2022,80-84 years,0,0
Cryptosporidiosis,2022,80-84 years,2,suppressed
Malaria,2022,80-84 years,0,0
Rickettsial disease,2022,80-84 years,0,0
Brucellosis,2022,80-84 years,0,0
Pertussis,2022,80-84 years,0,0
Leptospirosis,2022,80-84 years,2,suppressed
Giardiasis,2022,80-84 years,8,7.4
Tetanus,2022,80-84 years,0,0
Invasive pneumococcal disease,2022,80-84 years,33,30.6
Hepatitis B,2022,80-84 years,0,0
Toxic shellfish poisoning,2022,80-84 years,0,0
Acute gastroenteritis,2022,80-84 years,7,6.5
Listeriosis,2022,80-84 years,4,suppressed
Trichinosis,2022,80-84 years,0,0
Hepatitis C,2022,80-84 years,0,0
Cysticercosis,2022,80-84 years,0,0
Invasive group A streptococcal infection,2022,80-84 years,0,0
Salmonellosis,2022,80-84 years,12,11.1
Mumps,2022,80-84 years,0,0
Diphtheria,2022,80-84 years,0,0
Haemophilus influenzae type b,2022,80-84 years,0,0
Arboviral diseases,2022,80-84 years,0,0
Poliomyelitis,2022,80-84 years,0,0
Mpox,2022,80-84 years,0,0
Hepatitis NOS,2022,80-84 years,0,0
Meningoencephalitis - primary amoebic,2022,80-84 years,0,0
Rabies and other lyssaviruses,2022,80-84 years,0,0
Q fever,2022,80-84 years,0,0
Shigellosis,2022,80-84 years,1,suppressed
Legionellosis,2022,80-84 years,24,22.2
Taeniasis,2022,80-84 years,0,0
Typhoid fever,2022,80-84 years,0,0
Rheumatic fever,2022,80-84 years,0,0
Tuberculosis disease,2022,80-84 years,10,9.3
Yersiniosis,2022,80-84 years,39,36.2
VTEC/STEC infection,2022,80-84 years,30,27.8
Campylobacteriosis,2022,80-84 years,170,157.6
Cryptosporidiosis,2022,85+ years,0,0
Listeriosis,2022,85+ years,7,7.7
Hydatid disease,2022,85+ years,0,0
Paratyphoid fever,2022,85+ years,0,0
Malaria,2022,85+ years,0,0
Poliomyelitis,2022,85+ years,0,0
Hepatitis A,2022,85+ years,0,0
Hepatitis B,2022,85+ years,0,0
Hepatitis C,2022,85+ years,0,0
Cholera,2022,85+ years,0,0
Leprosy,2022,85+ years,0,0
Toxic shellfish poisoning,2022,85+ years,0,0
Yersiniosis,2022,85+ years,37,40.7
Giardiasis,2022,85+ years,6,6.6
Tetanus,2022,85+ years,1,suppressed
Leptospirosis,2022,85+ years,1,suppressed
Meningococcal disease,2022,85+ years,0,0
Typhoid fever,2022,85+ years,0,0
Trichinosis,2022,85+ years,0,0
Q fever,2022,85+ years,0,0
Salmonellosis,2022,85+ years,15,16.5
Mpox,2022,85+ years,0,0
Pertussis,2022,85+ years,0,0
Brucellosis,2022,85+ years,0,0
Rubella,2022,85+ years,0,0
Arboviral diseases,2022,85+ years,0,0
Mumps,2022,85+ years,0,0
Rickettsial disease,2022,85+ years,0,0
Meningoencephalitis - primary amoebic,2022,85+ years,0,0
Taeniasis,2022,85+ years,0,0
Rheumatic fever,2022,85+ years,0,0
Shigellosis,2022,85+ years,0,0
Diphtheria,2022,85+ years,0,0
Rabies and other lyssaviruses,2022,85+ years,0,0
Tuberculosis disease,2022,85+ years,7,7.7
Cysticercosis,2022,85+ years,0,0
Acute gastroenteritis,2022,85+ years,8,8.8
Haemophilus influenzae type b,2022,85+ years,0,0
Measles,2022,85+ years,0,0
Invasive pneumococcal disease,2022,85+ years,36,39.6
VTEC/STEC infection,2022,85+ years,40,44
Hepatitis NOS,2022,85+ years,0,0
Invasive group A streptococcal infection,2022,85+ years,0,0
Campylobacteriosis,2022,85+ years,124,136.5
Legionellosis,2022,85+ years,24,26.4
Brucellosis,2022,5-9 years,0,0
Arboviral diseases,2022,5-9 years,1,suppressed
Hepatitis NOS,2022,5-9 years,0,0
Haemophilus influenzae type b,2022,5-9 years,0,0
Yersiniosis,2022,5-9 years,36,11.2
Hepatitis A,2022,5-9 years,4,suppressed
Rickettsial disease,2022,5-9 years,0,0
Listeriosis,2022,5-9 years,0,0
Legionellosis,2022,5-9 years,0,0
Measles,2022,5-9 years,0,0
Invasive group A streptococcal infection,2022,5-9 years,0,0
Cysticercosis,2022,5-9 years,0,0
Salmonellosis,2022,5-9 years,56,17.4
Rheumatic fever,2022,5-9 years,21,6.5
Cholera,2022,5-9 years,0,0
Rabies and other lyssaviruses,2022,5-9 years,0,0
Mpox,2022,5-9 years,0,0
VTEC/STEC infection,2022,5-9 years,61,19
Diphtheria,2022,5-9 years,0,0
Rubella,2022,5-9 years,0,0
Shigellosis,2022,5-9 years,3,suppressed
Tuberculosis disease,2022,5-9 years,3,suppressed
Hydatid disease,2022,5-9 years,0,0
Hepatitis C,2022,5-9 years,0,0
Mumps,2022,5-9 years,0,0
Malaria,2022,5-9 years,0,0
Leptospirosis,2022,5-9 years,0,0
Hepatitis B,2022,5-9 years,0,0
Q fever,2022,5-9 years,0,0
Campylobacteriosis,2022,5-9 years,259,80.7
Leprosy,2022,5-9 years,0,0
Invasive pneumococcal disease,2022,5-9 years,2,suppressed
Acute gastroenteritis,2022,5-9 years,15,4.7
Trichinosis,2022,5-9 years,0,0
Tetanus,2022,5-9 years,0,0
Cryptosporidiosis,2022,5-9 years,65,20.2
Meningococcal disease,2022,5-9 years,2,suppressed
Toxic shellfish poisoning,2022,5-9 years,0,0
Poliomyelitis,2022,5-9 years,0,0
Typhoid fever,2022,5-9 years,3,suppressed
Pertussis,2022,5-9 years,1,suppressed
Meningoencephalitis - primary amoebic,2022,5-9 years,0,0
Giardiasis,2022,5-9 years,45,14
Taeniasis,2022,5-9 years,0,0
Paratyphoid fever,2022,5-9 years,0,0
Cysticercosis,2022,10-14 years,0,0
Listeriosis,2022,10-14 years,0,0
Brucellosis,2022,10-14 years,0,0
Hepatitis A,2022,10-14 years,1,suppressed
Diphtheria,2022,10-14 years,0,0
Arboviral diseases,2022,10-14 years,0,0
Tuberculosis disease,2022,10-14 years,2,suppressed
Mumps,2022,10-14 years,0,0
Measles,2022,10-14 years,0,0
Rheumatic fever,2022,10-14 years,36,10.6
Q fever,2022,10-14 years,0,0
Mpox,2022,10-14 years,0,0
Yersiniosis,2022,10-14 years,35,10.3
VTEC/STEC infection,2022,10-14 years,51,15
Pertussis,2022,10-14 years,2,suppressed
Rabies and other lyssaviruses,2022,10-14 years,0,0
Poliomyelitis,2022,10-14 years,0,0
Shigellosis,2022,10-14 years,1,suppressed
Hepatitis C,2022,10-14 years,0,0
Haemophilus influenzae type b,2022,10-14 years,0,0
Giardiasis,2022,10-14 years,15,4.4
Hydatid disease,2022,10-14 years,0,0
Cryptosporidiosis,2022,10-14 years,33,9.7
Cholera,2022,10-14 years,0,0
Malaria,2022,10-14 years,1,suppressed
Typhoid fever,2022,10-14 years,3,suppressed
Leptospirosis,2022,10-14 years,1,suppressed
Acute gastroenteritis,2022,10-14 years,7,2.1
Legionellosis,2022,10-14 years,1,suppressed
Invasive group A streptococcal infection,2022,10-14 years,0,0
Rubella,2022,10-14 years,0,0
Invasive pneumococcal disease,2022,10-14 years,9,2.6
Rickettsial disease,2022,10-14 years,0,0
Hepatitis B,2022,10-14 years,0,0
Tetanus,2022,10-14 years,0,0
Meningoencephalitis - primary amoebic,2022,10-14 years,0,0
Meningococcal disease,2022,10-14 years,3,suppressed
Trichinosis,2022,10-14 years,0,0
Campylobacteriosis,2022,10-14 years,210,61.8
Salmonellosis,2022,10-14 years,21,6.2
Leprosy,2022,10-14 years,0,0
Hepatitis NOS,2022,10-14 years,0,0
Toxic shellfish poisoning,2022,10-14 years,0,0
Taeniasis,2022,10-14 years,0,0
Paratyphoid fever,2022,10-14 years,1,suppressed
Poliomyelitis,2022,15-19 years,0,0
Hepatitis A,2022,15-19 years,4,suppressed
Hydatid disease,2022,15-19 years,0,0
Leptospirosis,2022,15-19 years,1,suppressed
Tuberculosis disease,2022,15-19 years,4,suppressed
Legionellosis,2022,15-19 years,0,0
Rabies and other lyssaviruses,2022,15-19 years,0,0
Invasive group A streptococcal infection,2022,15-19 years,0,0
Yersiniosis,2022,15-19 years,46,14.4
Q fever,2022,15-19 years,0,0
Haemophilus influenzae type b,2022,15-19 years,0,0
Brucellosis,2022,15-19 years,0,0
Typhoid fever,2022,15-19 years,0,0
Invasive pneumococcal disease,2022,15-19 years,13,4.1
VTEC/STEC infection,2022,15-19 years,47,14.7
Salmonellosis,2022,15-19 years,42,13.1
Giardiasis,2022,15-19 years,12,3.8
Mumps,2022,15-19 years,0,0
Malaria,2022,15-19 years,0,0
Listeriosis,2022,15-19 years,1,suppressed
Tetanus,2022,15-19 years,0,0
Toxic shellfish poisoning,2022,15-19 years,1,suppressed
Taeniasis,2022,15-19 years,0,0
Diphtheria,2022,15-19 years,0,0
Trichinosis,2022,15-19 years,0,0
Campylobacteriosis,2022,15-19 years,293,91.6
Rubella,2022,15-19 years,0,0
Measles,2022,15-19 years,0,0
Cysticercosis,2022,15-19 years,0,0
Arboviral diseases,2022,15-19 years,2,suppressed
Cryptosporidiosis,2022,15-19 years,46,14.4
Meningococcal disease,2022,15-19 years,8,2.5
Mpox,2022,15-19 years,0,0
Pertussis,2022,15-19 years,2,suppressed
Hepatitis NOS,2022,15-19 years,0,0
Paratyphoid fever,2022,15-19 years,0,0
Meningoencephalitis - primary amoebic,2022,15-19 years,0,0
Hepatitis C,2022,15-19 years,0,0
Rickettsial disease,2022,15-19 years,0,0
Hepatitis B,2022,15-19 years,0,0
Shigellosis,2022,15-19 years,1,suppressed
Leprosy,2022,15-19 years,0,0
Cholera,2022,15-19 years,0,0
Rheumatic fever,2022,15-19 years,4,suppressed
Acute gastroenteritis,2022,15-19 years,8,2.5
Invasive group A streptococcal infection,2022,20-24 years,0,0
Hepatitis A,2022,20-24 years,11,3.4
Rabies and other lyssaviruses,2022,20-24 years,0,0
Typhoid fever,2022,20-24 years,1,suppressed
Hydatid disease,2022,20-24 years,0,0
Legionellosis,2022,20-24 years,0,0
Tetanus,2022,20-24 years,0,0
Brucellosis,2022,20-24 years,0,0
Invasive pneumococcal disease,2022,20-24 years,16,5
Diphtheria,2022,20-24 years,0,0
Meningoencephalitis - primary amoebic,2022,20-24 years,0,0
Haemophilus influenzae type b,2022,20-24 years,0,0
Cryptosporidiosis,2022,20-24 years,71,22.2
Toxic shellfish poisoning,2022,20-24 years,0,0
Hepatitis C,2022,20-24 years,0,0
Cholera,2022,20-24 years,0,0
Campylobacteriosis,2022,20-24 years,419,131
Taeniasis,2022,20-24 years,1,suppressed
Poliomyelitis,2022,20-24 years,0,0
Paratyphoid fever,2022,20-24 years,1,suppressed
Giardiasis,2022,20-24 years,30,9.4
Rubella,2022,20-24 years,0,0
Tuberculosis disease,2022,20-24 years,12,3.8
Acute gastroenteritis,2022,20-24 years,27,8.4
Cysticercosis,2022,20-24 years,0,0
Arboviral diseases,2022,20-24 years,2,suppressed
Meningococcal disease,2022,20-24 years,5,1.6
Leptospirosis,2022,20-24 years,13,4.1
Q fever,2022,20-24 years,0,0
Mpox,2022,20-24 years,4,suppressed
Hepatitis NOS,2022,20-24 years,0,0
VTEC/STEC infection,2022,20-24 years,53,16.6
Shigellosis,2022,20-24 years,3,suppressed
Pertussis,2022,20-24 years,0,0
Salmonellosis,2022,20-24 years,35,10.9
Listeriosis,2022,20-24 years,2,suppressed
Trichinosis,2022,20-24 years,0,0
Rickettsial disease,2022,20-24 years,1,suppressed
Yersiniosis,2022,20-24 years,76,23.8
Measles,2022,20-24 years,0,0
Hepatitis B,2022,20-24 years,1,suppressed
Malaria,2022,20-24 years,2,suppressed
Leprosy,2022,20-24 years,2,suppressed
Rheumatic fever,2022,20-24 years,4,suppressed
Mumps,2022,20-24 years,0,0
Poliomyelitis,2022,25-29 years,0,0
Brucellosis,2022,25-29 years,0,0
Haemophilus influenzae type b,2022,25-29 years,0,0
Meningococcal disease,2022,25-29 years,2,suppressed
Leptospirosis,2022,25-29 years,11,3.1
Typhoid fever,2022,25-29 years,3,suppressed
Arboviral diseases,2022,25-29 years,2,suppressed
Hepatitis NOS,2022,25-29 years,0,0
Rabies and other lyssaviruses,2022,25-29 years,0,0
Cysticercosis,2022,25-29 years,0,0
Legionellosis,2022,25-29 years,1,suppressed
Rickettsial disease,2022,25-29 years,0,0
Listeriosis,2022,25-29 years,2,suppressed
Invasive pneumococcal disease,2022,25-29 years,23,6.6
Hydatid disease,2022,25-29 years,0,0
Pertussis,2022,25-29 years,1,suppressed
Taeniasis,2022,25-29 years,0,0
Hepatitis A,2022,25-29 years,7,2
Shigellosis,2022,25-29 years,5,1.4
Diphtheria,2022,25-29 years,0,0
Trichinosis,2022,25-29 years,0,0
Salmonellosis,2022,25-29 years,47,13.4
Toxic shellfish poisoning,2022,25-29 years,0,0
Cryptosporidiosis,2022,25-29 years,65,18.6
Q fever,2022,25-29 years,0,0
Mpox,2022,25-29 years,8,2.3
Cholera,2022,25-29 years,0,0
Rheumatic fever,2022,25-29 years,7,2
Tuberculosis disease,2022,25-29 years,30,8.6
Campylobacteriosis,2022,25-29 years,392,112.2
Rubella,2022,25-29 years,0,0
VTEC/STEC infection,2022,25-29 years,50,14.3
Meningoencephalitis - primary amoebic,2022,25-29 years,0,0
Mumps,2022,25-29 years,0,0
Acute gastroenteritis,2022,25-29 years,27,7.7
Leprosy,2022,25-29 years,0,0
Tetanus,2022,25-29 years,0,0
Invasive group A streptococcal infection,2022,25-29 years,0,0
Malaria,2022,25-29 years,1,suppressed
Yersiniosis,2022,25-29 years,72,20.6
Giardiasis,2022,25-29 years,43,12.3
Hepatitis B,2022,25-29 years,0,0
Measles,2022,25-29 years,0,0
Paratyphoid fever,2022,25-29 years,2,suppressed
Hepatitis C,2022,25-29 years,2,suppressed
Q fever,2022,30-34 years,0,0
Meningococcal disease,2022,30-34 years,1,suppressed
Diphtheria,2022,30-34 years,2,suppressed
Leptospirosis,2022,30-34 years,7,1.8
Listeriosis,2022,30-34 years,3,suppressed
Toxic shellfish poisoning,2022,30-34 years,0,0
Legionellosis,2022,30-34 years,3,suppressed
Brucellosis,2022,30-34 years,0,0
Hepatitis A,2022,30-34 years,11,2.9
Mpox,2022,30-34 years,9,2.4
Hydatid disease,2022,30-34 years,0,0
Invasive pneumococcal disease,2022,30-34 years,30,7.8
Cholera,2022,30-34 years,0,0
Hepatitis NOS,2022,30-34 years,0,0
VTEC/STEC infection,2022,30-34 years,42,11
Poliomyelitis,2022,30-34 years,0,0
Tuberculosis disease,2022,30-34 years,40,10.4
Shigellosis,2022,30-34 years,8,2.1
Leprosy,2022,30-34 years,0,0
Cysticercosis,2022,30-34 years,0,0
Arboviral diseases,2022,30-34 years,4,suppressed
Yersiniosis,2022,30-34 years,93,24.3
Tetanus,2022,30-34 years,0,0
Salmonellosis,2022,30-34 years,39,10.2
Pertussis,2022,30-34 years,3,suppressed
Taeniasis,2022,30-34 years,0,0
Hepatitis B,2022,30-34 years,1,suppressed
Typhoid fever,2022,30-34 years,11,2.9
Giardiasis,2022,30-34 years,73,19.1
Trichinosis,2022,30-34 years,0,0
Acute gastroenteritis,2022,30-34 years,19,5
Measles,2022,30-34 years,0,0
Rabies and other lyssaviruses,2022,30-34 years,0,0
Cryptosporidiosis,2022,30-34 years,53,13.8
Haemophilus influenzae type b,2022,30-34 years,0,0
Rheumatic fever,2022,30-34 years,4,suppressed
Rubella,2022,30-34 years,0,0
Paratyphoid fever,2022,30-34 years,6,1.6
Campylobacteriosis,2022,30-34 years,367,95.9
Malaria,2022,30-34 years,1,suppressed
Hepatitis C,2022,30-34 years,6,1.6
Mumps,2022,30-34 years,1,suppressed
Meningoencephalitis - primary amoebic,2022,30-34 years,0,0
Invasive group A streptococcal infection,2022,30-34 years,0,0
Rickettsial disease,2022,30-34 years,0,0
Hydatid disease,2022,35-39 years,0,0
Leprosy,2022,35-39 years,1,suppressed
Legionellosis,2022,35-39 years,6,1.7
Listeriosis,2022,35-39 years,1,suppressed
Yersiniosis,2022,35-39 years,82,23.7
Mpox,2022,35-39 years,7,2
Diphtheria,2022,35-39 years,0,0
Meningococcal disease,2022,35-39 years,1,suppressed
Taeniasis,2022,35-39 years,0,0
Hepatitis NOS,2022,35-39 years,0,0
Q fever,2022,35-39 years,0,0
Leptospirosis,2022,35-39 years,9,2.6
Meningoencephalitis - primary amoebic,2022,35-39 years,0,0
Shigellosis,2022,35-39 years,3,suppressed
Rabies and other lyssaviruses,2022,35-39 years,0,0
Poliomyelitis,2022,35-39 years,0,0
Cholera,2022,35-39 years,0,0
Haemophilus influenzae type b,2022,35-39 years,0,0
Tetanus,2022,35-39 years,0,0
Rickettsial disease,2022,35-39 years,2,suppressed
Invasive pneumococcal disease,2022,35-39 years,27,7.8
Campylobacteriosis,2022,35-39 years,279,80.5
Rubella,2022,35-39 years,0,0
VTEC/STEC infection,2022,35-39 years,35,10.1
Mumps,2022,35-39 years,0,0
Invasive group A streptococcal infection,2022,35-39 years,0,0
Acute gastroenteritis,2022,35-39 years,24,6.9
Hepatitis A,2022,35-39 years,3,suppressed
Toxic shellfish poisoning,2022,35-39 years,1,suppressed
Giardiasis,2022,35-39 years,81,23.4
Rheumatic fever,2022,35-39 years,0,0
Arboviral diseases,2022,35-39 years,7,2
Typhoid fever,2022,35-39 years,3,suppressed
Brucellosis,2022,35-39 years,0,0
Hepatitis B,2022,35-39 years,1,suppressed
Trichinosis,2022,35-39 years,0,0
Tuberculosis disease,2022,35-39 years,32,9.2
Paratyphoid fever,2022,35-39 years,1,suppressed
Cryptosporidiosis,2022,35-39 years,29,8.4
Malaria,2022,35-39 years,3,suppressed
Salmonellosis,2022,35-39 years,39,11.3
Measles,2022,35-39 years,0,0
Pertussis,2022,35-39 years,0,0
Cysticercosis,2022,35-39 years,0,0
Hepatitis C,2022,35-39 years,4,suppressed
Listeriosis,2022,40-44 years,2,suppressed
Poliomyelitis,2022,40-44 years,0,0
Taeniasis,2022,40-44 years,1,suppressed
Legionellosis,2022,40-44 years,4,suppressed
Diphtheria,2022,40-44 years,0,0
Mpox,2022,40-44 years,6,1.9
Yersiniosis,2022,40-44 years,72,22.9
Meningoencephalitis - primary amoebic,2022,40-44 years,0,0
Hydatid disease,2022,40-44 years,0,0
Hepatitis NOS,2022,40-44 years,1,suppressed
VTEC/STEC infection,2022,40-44 years,31,9.8
Cysticercosis,2022,40-44 years,0,0
Tetanus,2022,40-44 years,0,0
Hepatitis A,2022,40-44 years,1,suppressed
Arboviral diseases,2022,40-44 years,1,suppressed
Toxic shellfish poisoning,2022,40-44 years,0,0
Leptospirosis,2022,40-44 years,12,3.8
Haemophilus influenzae type b,2022,40-44 years,0,0
Hepatitis B,2022,40-44 years,4,suppressed
Giardiasis,2022,40-44 years,55,17.5
Rubella,2022,40-44 years,0,0
Trichinosis,2022,40-44 years,0,0
Acute gastroenteritis,2022,40-44 years,25,7.9
Brucellosis,2022,40-44 years,0,0
Meningococcal disease,2022,40-44 years,2,suppressed
Cholera,2022,40-44 years,1,suppressed
Rheumatic fever,2022,40-44 years,1,suppressed
Salmonellosis,2022,40-44 years,38,12.1
Typhoid fever,2022,40-44 years,2,suppressed
Q fever,2022,40-44 years,0,0
Campylobacteriosis,2022,40-44 years,307,97.5
Pertussis,2022,40-44 years,0,0
Shigellosis,2022,40-44 years,8,2.5
Rabies and other lyssaviruses,2022,40-44 years,0,0
Mumps,2022,40-44 years,0,0
Malaria,2022,40-44 years,0,0
Rickettsial disease,2022,40-44 years,1,suppressed
Paratyphoid fever,2022,40-44 years,1,suppressed
Cryptosporidiosis,2022,40-44 years,31,9.8
Invasive pneumococcal disease,2022,40-44 years,28,8.9
Invasive group A streptococcal infection,2022,40-44 years,0,0
Measles,2022,40-44 years,0,0
Tuberculosis disease,2022,40-44 years,27,8.6
Leprosy,2022,40-44 years,0,0
Hepatitis C,2022,40-44 years,6,1.9
Meningococcal disease,2023,0-4 years,15,5
Cholera,2023,0-4 years,0,0
Malaria,2023,0-4 years,2,suppressed
Leptospirosis,2023,0-4 years,0,0
Poliomyelitis,2023,0-4 years,0,0
Pertussis,2023,0-4 years,49,16.2
Cryptosporidiosis,2023,0-4 years,161,53.3
Salmonellosis,2023,0-4 years,156,51.6
Hepatitis C,2023,0-4 years,0,0
Tetanus,2023,0-4 years,0,0
Giardiasis,2023,0-4 years,138,45.7
Arboviral diseases,2023,0-4 years,0,0
Hepatitis B,2023,0-4 years,0,0
Shigellosis,2023,0-4 years,11,3.6
Rubella,2023,0-4 years,0,0
Legionellosis,2023,0-4 years,0,0
Brucellosis,2023,0-4 years,0,0
Trichinosis,2023,0-4 years,0,0
Acute gastroenteritis,2023,0-4 years,47,15.5
Listeriosis,2023,0-4 years,2,suppressed
Mpox,2023,0-4 years,0,0
Haemophilus influenzae type b,2023,0-4 years,3,suppressed
Rickettsial disease,2023,0-4 years,0,0
Leprosy,2023,0-4 years,0,0
Hepatitis NOS,2023,0-4 years,0,0
Taeniasis,2023,0-4 years,0,0
Tuberculosis disease,2023,0-4 years,3,suppressed
Diphtheria,2023,0-4 years,0,0
Meningoencephalitis - primary amoebic,2023,0-4 years,0,0
Campylobacteriosis,2023,0-4 years,603,199.5
Hepatitis A,2023,0-4 years,1,suppressed
Rabies and other lyssaviruses,2023,0-4 years,0,0
Cysticercosis,2023,0-4 years,0,0
Toxic shellfish poisoning,2023,0-4 years,0,0
Typhoid fever,2023,0-4 years,6,2
Paratyphoid fever,2023,0-4 years,1,suppressed
Measles,2023,0-4 years,2,suppressed
Invasive group A streptococcal infection,2023,0-4 years,0,0
Q fever,2023,0-4 years,0,0
Hydatid disease,2023,0-4 years,0,0
Yersiniosis,2023,0-4 years,224,74.1
Mumps,2023,0-4 years,0,0
Invasive pneumococcal disease,2023,0-4 years,84,27.8
Rheumatic fever,2023,0-4 years,1,suppressed
VTEC/STEC infection,2023,0-4 years,174,57.6
Hepatitis NOS,2023,45-49 years,0,0
Haemophilus influenzae type b,2023,45-49 years,0,0
Hepatitis C,2023,45-49 years,2,suppressed
Acute gastroenteritis,2023,45-49 years,28,9
Salmonellosis,2023,45-49 years,35,11.2
Hepatitis B,2023,45-49 years,2,suppressed
Measles,2023,45-49 years,1,suppressed
Meningococcal disease,2023,45-49 years,0,0
Arboviral diseases,2023,45-49 years,5,1.6
Tuberculosis disease,2023,45-49 years,20,6.4
Leptospirosis,2023,45-49 years,21,6.7
Shigellosis,2023,45-49 years,7,2.2
Malaria,2023,45-49 years,5,1.6
Pertussis,2023,45-49 years,7,2.2
Giardiasis,2023,45-49 years,41,13.2
Meningoencephalitis - primary amoebic,2023,45-49 years,0,0
Paratyphoid fever,2023,45-49 years,2,suppressed
Hepatitis A,2023,45-49 years,0,0
Cholera,2023,45-49 years,0,0
Leprosy,2023,45-49 years,0,0
Typhoid fever,2023,45-49 years,3,suppressed
Rheumatic fever,2023,45-49 years,1,suppressed
Q fever,2023,45-49 years,0,0
Rickettsial disease,2023,45-49 years,0,0
Legionellosis,2023,45-49 years,4,suppressed
Rubella,2023,45-49 years,0,0
Mumps,2023,45-49 years,1,suppressed
Listeriosis,2023,45-49 years,2,suppressed
Rabies and other lyssaviruses,2023,45-49 years,1,suppressed
Brucellosis,2023,45-49 years,1,suppressed
Cryptosporidiosis,2023,45-49 years,20,6.4
Hydatid disease,2023,45-49 years,0,0
Trichinosis,2023,45-49 years,0,0
Campylobacteriosis,2023,45-49 years,298,95.6
Toxic shellfish poisoning,2023,45-49 years,0,0
Invasive group A streptococcal infection,2023,45-49 years,0,0
Mpox,2023,45-49 years,1,suppressed
Cysticercosis,2023,45-49 years,0,0
Taeniasis,2023,45-49 years,0,0
Yersiniosis,2023,45-49 years,79,25.3
VTEC/STEC infection,2023,45-49 years,31,9.9
Poliomyelitis,2023,45-49 years,0,0
Invasive pneumococcal disease,2023,45-49 years,32,10.3
Tetanus,2023,45-49 years,0,0
Diphtheria,2023,45-49 years,0,0
Hepatitis C,2023,50-54 years,3,suppressed
Tuberculosis disease,2023,50-54 years,19,5.7
Giardiasis,2023,50-54 years,41,12.3
Meningococcal disease,2023,50-54 years,2,suppressed
Rheumatic fever,2023,50-54 years,0,0
Yersiniosis,2023,50-54 years,97,29.2
Malaria,2023,50-54 years,5,1.5
Rubella,2023,50-54 years,0,0
Poliomyelitis,2023,50-54 years,0,0
Cryptosporidiosis,2023,50-54 years,34,10.2
Measles,2023,50-54 years,1,suppressed
Rickettsial disease,2023,50-54 years,0,0
Hepatitis A,2023,50-54 years,0,0
Listeriosis,2023,50-54 years,1,suppressed
Rabies and other lyssaviruses,2023,50-54 years,0,0
Arboviral diseases,2023,50-54 years,8,2.4
Haemophilus influenzae type b,2023,50-54 years,0,0
Q fever,2023,50-54 years,0,0
Pertussis,2023,50-54 years,4,suppressed
Acute gastroenteritis,2023,50-54 years,39,11.7
Hepatitis NOS,2023,50-54 years,2,suppressed
Salmonellosis,2023,50-54 years,59,17.8
Invasive group A streptococcal infection,2023,50-54 years,0,0
Mpox,2023,50-54 years,1,suppressed
Paratyphoid fever,2023,50-54 years,1,suppressed
Trichinosis,2023,50-54 years,0,0
Brucellosis,2023,50-54 years,0,0
Shigellosis,2023,50-54 years,7,2.1
Leprosy,2023,50-54 years,0,0
Meningoencephalitis - primary amoebic,2023,50-54 years,0,0
Toxic shellfish poisoning,2023,50-54 years,0,0
Invasive pneumococcal disease,2023,50-54 years,35,10.5
Leptospirosis,2023,50-54 years,19,5.7
Mumps,2023,50-54 years,0,0
Campylobacteriosis,2023,50-54 years,367,110.5
Typhoid fever,2023,50-54 years,1,suppressed
Legionellosis,2023,50-54 years,23,6.9
VTEC/STEC infection,2023,50-54 years,60,18.1
Cysticercosis,2023,50-54 years,0,0
Tetanus,2023,50-54 years,0,0
Hepatitis B,2023,50-54 years,3,suppressed
Cholera,2023,50-54 years,0,0
Hydatid disease,2023,50-54 years,0,0
Taeniasis,2023,50-54 years,0,0
Diphtheria,2023,50-54 years,1,suppressed
Listeriosis,2023,55-59 years,1,suppressed
Meningococcal disease,2023,55-59 years,3,suppressed
Yersiniosis,2023,55-59 years,78,25
Rubella,2023,55-59 years,0,0
Salmonellosis,2023,55-59 years,46,14.7
Rickettsial disease,2023,55-59 years,2,suppressed
Poliomyelitis,2023,55-59 years,0,0
Paratyphoid fever,2023,55-59 years,1,suppressed
Hepatitis A,2023,55-59 years,1,suppressed
Hepatitis C,2023,55-59 years,2,suppressed
Pertussis,2023,55-59 years,4,suppressed
Giardiasis,2023,55-59 years,43,13.8
Toxic shellfish poisoning,2023,55-59 years,0,0
Shigellosis,2023,55-59 years,5,1.6
Measles,2023,55-59 years,0,0
Hydatid disease,2023,55-59 years,0,0
Hepatitis NOS,2023,55-59 years,0,0
Meningoencephalitis - primary amoebic,2023,55-59 years,0,0
Tuberculosis disease,2023,55-59 years,18,5.8
Mumps,2023,55-59 years,0,0
Trichinosis,2023,55-59 years,0,0
Cysticercosis,2023,55-59 years,0,0
VTEC/STEC infection,2023,55-59 years,52,16.7
Leprosy,2023,55-59 years,0,0
Leptospirosis,2023,55-59 years,17,5.4
Haemophilus influenzae type b,2023,55-59 years,0,0
Q fever,2023,55-59 years,0,0
Rheumatic fever,2023,55-59 years,0,0
Mpox,2023,55-59 years,1,suppressed
Malaria,2023,55-59 years,2,suppressed
Acute gastroenteritis,2023,55-59 years,29,9.3
Taeniasis,2023,55-59 years,0,0
Rabies and other lyssaviruses,2023,55-59 years,0,0
Diphtheria,2023,55-59 years,0,0
Invasive group A streptococcal infection,2023,55-59 years,0,0
Cryptosporidiosis,2023,55-59 years,27,8.7
Hepatitis B,2023,55-59 years,2,suppressed
Legionellosis,2023,55-59 years,23,7.4
Cholera,2023,55-59 years,0,0
Arboviral diseases,2023,55-59 years,4,suppressed
Brucellosis,2023,55-59 years,0,0
Invasive pneumococcal disease,2023,55-59 years,53,17
Campylobacteriosis,2023,55-59 years,413,132.3
Tetanus,2023,55-59 years,0,0
Typhoid fever,2023,55-59 years,2,suppressed
Rickettsial disease,2023,60-64 years,1,suppressed
VTEC/STEC infection,2023,60-64 years,58,19
Measles,2023,60-64 years,0,0
Salmonellosis,2023,60-64 years,62,20.3
Yersiniosis,2023,60-64 years,93,30.4
Listeriosis,2023,60-64 years,2,suppressed
Cryptosporidiosis,2023,60-64 years,24,7.8
Meningococcal disease,2023,60-64 years,1,suppressed
Hepatitis B,2023,60-64 years,2,suppressed
Q fever,2023,60-64 years,0,0
Shigellosis,2023,60-64 years,7,2.3
Rubella,2023,60-64 years,0,0
Hepatitis NOS,2023,60-64 years,0,0
Poliomyelitis,2023,60-64 years,0,0
Meningoencephalitis - primary amoebic,2023,60-64 years,0,0
Mumps,2023,60-64 years,0,0
Paratyphoid fever,2023,60-64 years,2,suppressed
Hepatitis C,2023,60-64 years,1,suppressed
Brucellosis,2023,60-64 years,0,0
Rabies and other lyssaviruses,2023,60-64 years,0,0
Haemophilus influenzae type b,2023,60-64 years,0,0
Toxic shellfish poisoning,2023,60-64 years,0,0
Typhoid fever,2023,60-64 years,1,suppressed
Leptospirosis,2023,60-64 years,14,4.6
Rheumatic fever,2023,60-64 years,0,0
Malaria,2023,60-64 years,4,suppressed
Pertussis,2023,60-64 years,5,1.6
Taeniasis,2023,60-64 years,0,0
Mpox,2023,60-64 years,0,0
Diphtheria,2023,60-64 years,0,0
Hepatitis A,2023,60-64 years,2,suppressed
Invasive pneumococcal disease,2023,60-64 years,78,25.5
Cysticercosis,2023,60-64 years,0,0
Hydatid disease,2023,60-64 years,0,0
Giardiasis,2023,60-64 years,50,16.3
Tuberculosis disease,2023,60-64 years,15,4.9
Invasive group A streptococcal infection,2023,60-64 years,0,0
Legionellosis,2023,60-64 years,38,12.4
Tetanus,2023,60-64 years,0,0
Acute gastroenteritis,2023,60-64 years,37,12.1
Leprosy,2023,60-64 years,0,0
Campylobacteriosis,2023,60-64 years,411,134.3
Trichinosis,2023,60-64 years,0,0
Cholera,2023,60-64 years,0,0
Arboviral diseases,2023,60-64 years,4,suppressed
Rickettsial disease,2023,65-69 years,0,0
Hepatitis C,2023,65-69 years,3,suppressed
Measles,2023,65-69 years,0,0
Meningococcal disease,2023,65-69 years,0,0
Haemophilus influenzae type b,2023,65-69 years,0,0
Rabies and other lyssaviruses,2023,65-69 years,0,0
Rheumatic fever,2023,65-69 years,0,0
Rubella,2023,65-69 years,0,0
Salmonellosis,2023,65-69 years,45,17.3
Poliomyelitis,2023,65-69 years,0,0
Meningoencephalitis - primary amoebic,2023,65-69 years,0,0
Giardiasis,2023,65-69 years,57,21.9
Paratyphoid fever,2023,65-69 years,0,0
Hepatitis A,2023,65-69 years,1,suppressed
Brucellosis,2023,65-69 years,0,0
Hepatitis NOS,2023,65-69 years,1,suppressed
Arboviral diseases,2023,65-69 years,4,suppressed
Typhoid fever,2023,65-69 years,2,suppressed
Shigellosis,2023,65-69 years,9,3.5
Cholera,2023,65-69 years,0,0
Q fever,2023,65-69 years,0,0
Pertussis,2023,65-69 years,2,suppressed
Malaria,2023,65-69 years,3,suppressed
Legionellosis,2023,65-69 years,38,14.6
Mumps,2023,65-69 years,0,0
Trichinosis,2023,65-69 years,0,0
Cysticercosis,2023,65-69 years,0,0
Invasive pneumococcal disease,2023,65-69 years,60,23.1
Yersiniosis,2023,65-69 years,79,30.4
Listeriosis,2023,65-69 years,3,suppressed
Tuberculosis disease,2023,65-69 years,19,7.3
Toxic shellfish poisoning,2023,65-69 years,0,0
Leptospirosis,2023,65-69 years,13,5
Hepatitis B,2023,65-69 years,3,suppressed
Acute gastroenteritis,2023,65-69 years,25,9.6
Taeniasis,2023,65-69 years,0,0
Diphtheria,2023,65-69 years,0,0
Mpox,2023,65-69 years,0,0
VTEC/STEC infection,2023,65-69 years,55,21.2
Leprosy,2023,65-69 years,0,0
Tetanus,2023,65-69 years,0,0
Hydatid disease,2023,65-69 years,0,0
Campylobacteriosis,2023,65-69 years,411,158.1
Invasive group A streptococcal infection,2023,65-69 years,0,0
Cryptosporidiosis,2023,65-69 years,14,5.4
Measles,2023,70-74 years,0,0
Rubella,2023,70-74 years,0,0
Hepatitis NOS,2023,70-74 years,0,0
Campylobacteriosis,2023,70-74 years,350,160.9
Paratyphoid fever,2023,70-74 years,0,0
Hepatitis A,2023,70-74 years,2,suppressed
Haemophilus influenzae type b,2023,70-74 years,0,0
Shigellosis,2023,70-74 years,2,suppressed
Mumps,2023,70-74 years,0,0
Salmonellosis,2023,70-74 years,47,21.6
Tetanus,2023,70-74 years,0,0
Taeniasis,2023,70-74 years,0,0
Tuberculosis disease,2023,70-74 years,11,5.1
Brucellosis,2023,70-74 years,0,0
Toxic shellfish poisoning,2023,70-74 years,0,0
Typhoid fever,2023,70-74 years,0,0
Arboviral diseases,2023,70-74 years,2,suppressed
Pertussis,2023,70-74 years,2,suppressed
Q fever,2023,70-74 years,0,0
Meningococcal disease,2023,70-74 years,1,suppressed
Cholera,2023,70-74 years,1,suppressed
Hepatitis B,2023,70-74 years,1,suppressed
Meningoencephalitis - primary amoebic,2023,70-74 years,0,0
Poliomyelitis,2023,70-74 years,0,0
Legionellosis,2023,70-74 years,25,11.5
VTEC/STEC infection,2023,70-74 years,62,28.5
Rheumatic fever,2023,70-74 years,0,0
Yersiniosis,2023,70-74 years,69,31.7
Rabies and other lyssaviruses,2023,70-74 years,0,0
Cryptosporidiosis,2023,70-74 years,12,5.5
Mpox,2023,70-74 years,0,0
Giardiasis,2023,70-74 years,23,10.6
Invasive pneumococcal disease,2023,70-74 years,54,24.8
Acute gastroenteritis,2023,70-74 years,28,12.9
Cysticercosis,2023,70-74 years,0,0
Hepatitis C,2023,70-74 years,0,0
Rickettsial disease,2023,70-74 years,0,0
Trichinosis,2023,70-74 years,0,0
Diphtheria,2023,70-74 years,0,0
Leptospirosis,2023,70-74 years,11,5.1
Listeriosis,2023,70-74 years,2,suppressed
Invasive group A streptococcal infection,2023,70-74 years,0,0
Malaria,2023,70-74 years,1,suppressed
Hydatid disease,2023,70-74 years,0,0
Leprosy,2023,70-74 years,1,suppressed
Hepatitis NOS,2023,75-79 years,0,0
Rabies and other lyssaviruses,2023,75-79 years,0,0
Mumps,2023,75-79 years,0,0
Rubella,2023,75-79 years,0,0
Q fever,2023,75-79 years,0,0
Pertussis,2023,75-79 years,2,suppressed
VTEC/STEC infection,2023,75-79 years,68,40.3
Meningoencephalitis - primary amoebic,2023,75-79 years,0,0
Shigellosis,2023,75-79 years,3,suppressed
Hepatitis A,2023,75-79 years,1,suppressed
Measles,2023,75-79 years,0,0
Mpox,2023,75-79 years,0,0
Cysticercosis,2023,75-79 years,0,0
Arboviral diseases,2023,75-79 years,1,suppressed
Meningococcal disease,2023,75-79 years,3,suppressed
Taeniasis,2023,75-79 years,0,0
Leptospirosis,2023,75-79 years,4,suppressed
Salmonellosis,2023,75-79 years,23,13.6
Poliomyelitis,2023,75-79 years,0,0
Invasive pneumococcal disease,2023,75-79 years,61,36.1
Legionellosis,2023,75-79 years,31,18.4
Malaria,2023,75-79 years,1,suppressed
Acute gastroenteritis,2023,75-79 years,11,6.5
Brucellosis,2023,75-79 years,0,0
Paratyphoid fever,2023,75-79 years,0,0
Haemophilus influenzae type b,2023,75-79 years,0,0
Hepatitis C,2023,75-79 years,0,0
Rickettsial disease,2023,75-79 years,0,0
Giardiasis,2023,75-79 years,15,8.9
Hepatitis B,2023,75-79 years,0,0
Cholera,2023,75-79 years,0,0
Tetanus,2023,75-79 years,0,0
Invasive group A streptococcal infection,2023,75-79 years,0,0
Toxic shellfish poisoning,2023,75-79 years,0,0
Campylobacteriosis,2023,75-79 years,319,188.9
Listeriosis,2023,75-79 years,5,3
Yersiniosis,2023,75-79 years,53,31.4
Leprosy,2023,75-79 years,0,0
Rheumatic fever,2023,75-79 years,0,0
Typhoid fever,2023,75-79 years,0,0
Cryptosporidiosis,2023,75-79 years,8,4.7
Diphtheria,2023,75-79 years,0,0
Trichinosis,2023,75-79 years,0,0
Hydatid disease,2023,75-79 years,1,suppressed
Tuberculosis disease,2023,75-79 years,17,10.1
Pertussis,2023,80-84 years,0,0
Q fever,2023,80-84 years,0,0
VTEC/STEC infection,2023,80-84 years,37,33.9
Cysticercosis,2023,80-84 years,0,0
Meningoencephalitis - primary amoebic,2023,80-84 years,0,0
Meningococcal disease,2023,80-84 years,3,suppressed
Mumps,2023,80-84 years,0,0
Typhoid fever,2023,80-84 years,0,0
Rheumatic fever,2023,80-84 years,0,0
Shigellosis,2023,80-84 years,2,suppressed
Taeniasis,2023,80-84 years,0,0
Giardiasis,2023,80-84 years,14,12.8
Hepatitis NOS,2023,80-84 years,0,0
Tetanus,2023,80-84 years,0,0
Arboviral diseases,2023,80-84 years,0,0
Mpox,2023,80-84 years,0,0
Malaria,2023,80-84 years,1,suppressed
Acute gastroenteritis,2023,80-84 years,11,10.1
Poliomyelitis,2023,80-84 years,0,0
Brucellosis,2023,80-84 years,0,0
Rabies and other lyssaviruses,2023,80-84 years,0,0
Hepatitis C,2023,80-84 years,0,0
Haemophilus influenzae type b,2023,80-84 years,0,0
Leprosy,2023,80-84 years,0,0
Leptospirosis,2023,80-84 years,1,suppressed
Salmonellosis,2023,80-84 years,23,21
Campylobacteriosis,2023,80-84 years,200,183
Invasive group A streptococcal infection,2023,80-84 years,0,0
Yersiniosis,2023,80-84 years,41,37.5
Legionellosis,2023,80-84 years,22,20.1
Paratyphoid fever,2023,80-84 years,0,0
Hepatitis A,2023,80-84 years,0,0
Hydatid disease,2023,80-84 years,0,0
Measles,2023,80-84 years,0,0
Rubella,2023,80-84 years,0,0
Rickettsial disease,2023,80-84 years,0,0
Cryptosporidiosis,2023,80-84 years,7,6.4
Invasive pneumococcal disease,2023,80-84 years,53,48.5
Hepatitis B,2023,80-84 years,0,0
Diphtheria,2023,80-84 years,0,0
Toxic shellfish poisoning,2023,80-84 years,0,0
Listeriosis,2023,80-84 years,6,5.5
Trichinosis,2023,80-84 years,0,0
Cholera,2023,80-84 years,0,0
Tuberculosis disease,2023,80-84 years,7,6.4
Shigellosis,2023,85+ years,0,0
Meningococcal disease,2023,85+ years,1,suppressed
VTEC/STEC infection,2023,85+ years,41,44.5
Hepatitis NOS,2023,85+ years,0,0
Poliomyelitis,2023,85+ years,0,0
Hepatitis C,2023,85+ years,0,0
Arboviral diseases,2023,85+ years,0,0
Haemophilus influenzae type b,2023,85+ years,0,0
Salmonellosis,2023,85+ years,11,11.9
Invasive group A streptococcal infection,2023,85+ years,0,0
Mumps,2023,85+ years,0,0
Cysticercosis,2023,85+ years,0,0
Malaria,2023,85+ years,0,0
Meningoencephalitis - primary amoebic,2023,85+ years,0,0
Leptospirosis,2023,85+ years,1,suppressed
Rubella,2023,85+ years,0,0
Typhoid fever,2023,85+ years,0,0
Measles,2023,85+ years,0,0
Rheumatic fever,2023,85+ years,0,0
Hepatitis A,2023,85+ years,0,0
Giardiasis,2023,85+ years,4,suppressed
Q fever,2023,85+ years,0,0
Hydatid disease,2023,85+ years,0,0
Pertussis,2023,85+ years,0,0
Taeniasis,2023,85+ years,0,0
Campylobacteriosis,2023,85+ years,135,146.5
Acute gastroenteritis,2023,85+ years,17,18.4
Rickettsial disease,2023,85+ years,0,0
Brucellosis,2023,85+ years,0,0
Toxic shellfish poisoning,2023,85+ years,0,0
Rabies and other lyssaviruses,2023,85+ years,0,0
Invasive pneumococcal disease,2023,85+ years,63,68.3
Leprosy,2023,85+ years,0,0
Cholera,2023,85+ years,0,0
Tetanus,2023,85+ years,1,suppressed
Cryptosporidiosis,2023,85+ years,2,suppressed
Mpox,2023,85+ years,0,0
Legionellosis,2023,85+ years,23,25
Hepatitis B,2023,85+ years,0,0
Diphtheria,2023,85+ years,0,0
Yersiniosis,2023,85+ years,37,40.1
Paratyphoid fever,2023,85+ years,0,0
Tuberculosis disease,2023,85+ years,5,5.4
Trichinosis,2023,85+ years,0,0
Listeriosis,2023,85+ years,8,8.7
Q fever,2023,5-9 years,0,0
Meningoencephalitis - primary amoebic,2023,5-9 years,0,0
Rubella,2023,5-9 years,0,0
Trichinosis,2023,5-9 years,0,0
Listeriosis,2023,5-9 years,0,0
Acute gastroenteritis,2023,5-9 years,10,3.1
Leprosy,2023,5-9 years,0,0
Meningococcal disease,2023,5-9 years,4,suppressed
Measles,2023,5-9 years,1,suppressed
Pertussis,2023,5-9 years,12,3.7
Toxic shellfish poisoning,2023,5-9 years,0,0
Legionellosis,2023,5-9 years,0,0
Rheumatic fever,2023,5-9 years,46,14.2
Malaria,2023,5-9 years,2,suppressed
Cryptosporidiosis,2023,5-9 years,58,18
Brucellosis,2023,5-9 years,0,0
Mpox,2023,5-9 years,0,0
Salmonellosis,2023,5-9 years,48,14.9
Mumps,2023,5-9 years,1,suppressed
Cholera,2023,5-9 years,0,0
Giardiasis,2023,5-9 years,60,18.6
Hydatid disease,2023,5-9 years,1,suppressed
Tuberculosis disease,2023,5-9 years,5,1.5
Hepatitis B,2023,5-9 years,0,0
Invasive group A streptococcal infection,2023,5-9 years,0,0
Hepatitis NOS,2023,5-9 years,0,0
Poliomyelitis,2023,5-9 years,0,0
Diphtheria,2023,5-9 years,0,0
Paratyphoid fever,2023,5-9 years,1,suppressed
Haemophilus influenzae type b,2023,5-9 years,0,0
Rickettsial disease,2023,5-9 years,0,0
Hepatitis C,2023,5-9 years,0,0
Campylobacteriosis,2023,5-9 years,197,61
Invasive pneumococcal disease,2023,5-9 years,26,8.1
Leptospirosis,2023,5-9 years,0,0
Tetanus,2023,5-9 years,0,0
Cysticercosis,2023,5-9 years,0,0
Typhoid fever,2023,5-9 years,3,suppressed
Taeniasis,2023,5-9 years,0,0
Shigellosis,2023,5-9 years,6,1.9
Yersiniosis,2023,5-9 years,37,11.5
Rabies and other lyssaviruses,2023,5-9 years,0,0
Arboviral diseases,2023,5-9 years,0,0
Hepatitis A,2023,5-9 years,4,suppressed
VTEC/STEC infection,2023,5-9 years,40,12.4
Malaria,2023,10-14 years,0,0
Listeriosis,2023,10-14 years,0,0
Pertussis,2023,10-14 years,16,4.6
Poliomyelitis,2023,10-14 years,0,0
Meningococcal disease,2023,10-14 years,2,suppressed
Typhoid fever,2023,10-14 years,3,suppressed
Meningoencephalitis - primary amoebic,2023,10-14 years,0,0
Toxic shellfish poisoning,2023,10-14 years,0,0
Salmonellosis,2023,10-14 years,28,8.1
Trichinosis,2023,10-14 years,0,0
Diphtheria,2023,10-14 years,0,0
Cryptosporidiosis,2023,10-14 years,50,14.5
Rheumatic fever,2023,10-14 years,61,17.7
Mumps,2023,10-14 years,0,0
Paratyphoid fever,2023,10-14 years,4,suppressed
Giardiasis,2023,10-14 years,19,5.5
Measles,2023,10-14 years,1,suppressed
Cholera,2023,10-14 years,0,0
Q fever,2023,10-14 years,0,0
Acute gastroenteritis,2023,10-14 years,7,2
Invasive group A streptococcal infection,2023,10-14 years,0,0
Hepatitis NOS,2023,10-14 years,0,0
Shigellosis,2023,10-14 years,4,suppressed
Cysticercosis,2023,10-14 years,0,0
Haemophilus influenzae type b,2023,10-14 years,0,0
Rubella,2023,10-14 years,0,0
Hepatitis C,2023,10-14 years,0,0
Tetanus,2023,10-14 years,0,0
Hepatitis B,2023,10-14 years,0,0
Hydatid disease,2023,10-14 years,0,0
VTEC/STEC infection,2023,10-14 years,41,11.9
Taeniasis,2023,10-14 years,0,0
Brucellosis,2023,10-14 years,0,0
Rickettsial disease,2023,10-14 years,0,0
Legionellosis,2023,10-14 years,0,0
Hepatitis A,2023,10-14 years,0,0
Yersiniosis,2023,10-14 years,48,13.9
Tuberculosis disease,2023,10-14 years,6,1.7
Leprosy,2023,10-14 years,0,0
Arboviral diseases,2023,10-14 years,3,suppressed
Campylobacteriosis,2023,10-14 years,187,54.2
Leptospirosis,2023,10-14 years,2,suppressed
Mpox,2023,10-14 years,0,0
Rabies and other lyssaviruses,2023,10-14 years,0,0
Invasive pneumococcal disease,2023,10-14 years,14,4.1
Malaria,2023,15-19 years,3,suppressed
Salmonellosis,2023,15-19 years,38,11.4
Trichinosis,2023,15-19 years,0,0
Meningoencephalitis - primary amoebic,2023,15-19 years,0,0
Shigellosis,2023,15-19 years,4,suppressed
Meningococcal disease,2023,15-19 years,12,3.6
Leptospirosis,2023,15-19 years,10,3
Poliomyelitis,2023,15-19 years,0,0
Hepatitis C,2023,15-19 years,0,0
Taeniasis,2023,15-19 years,0,0
Acute gastroenteritis,2023,15-19 years,13,3.9
Cryptosporidiosis,2023,15-19 years,47,14.1
Giardiasis,2023,15-19 years,17,5.1
Measles,2023,15-19 years,4,suppressed
Listeriosis,2023,15-19 years,0,0
Haemophilus influenzae type b,2023,15-19 years,1,suppressed
Rheumatic fever,2023,15-19 years,20,6
Hepatitis NOS,2023,15-19 years,0,0
Q fever,2023,15-19 years,0,0
Hepatitis B,2023,15-19 years,1,suppressed
Pertussis,2023,15-19 years,5,1.5
Leprosy,2023,15-19 years,0,0
Toxic shellfish poisoning,2023,15-19 years,0,0
Diphtheria,2023,15-19 years,1,suppressed
Cysticercosis,2023,15-19 years,0,0
Hydatid disease,2023,15-19 years,0,0
Tetanus,2023,15-19 years,0,0
Mumps,2023,15-19 years,4,suppressed
Typhoid fever,2023,15-19 years,4,suppressed
Tuberculosis disease,2023,15-19 years,12,3.6
Legionellosis,2023,15-19 years,0,0
Yersiniosis,2023,15-19 years,37,11.1
Rickettsial disease,2023,15-19 years,0,0
Invasive group A streptococcal infection,2023,15-19 years,0,0
Cholera,2023,15-19 years,0,0
Campylobacteriosis,2023,15-19 years,318,95.2
Paratyphoid fever,2023,15-19 years,3,suppressed
Brucellosis,2023,15-19 years,0,0
Rabies and other lyssaviruses,2023,15-19 years,0,0
VTEC/STEC infection,2023,15-19 years,38,11.4
Invasive pneumococcal disease,2023,15-19 years,14,4.2
Rubella,2023,15-19 years,0,0
Arboviral diseases,2023,15-19 years,0,0
Mpox,2023,15-19 years,0,0
Hepatitis A,2023,15-19 years,4,suppressed
Pertussis,2023,20-24 years,9,2.8
Malaria,2023,20-24 years,8,2.5
Acute gastroenteritis,2023,20-24 years,22,6.8
Rheumatic fever,2023,20-24 years,19,5.9
Toxic shellfish poisoning,2023,20-24 years,0,0
Meningoencephalitis - primary amoebic,2023,20-24 years,0,0
Hepatitis B,2023,20-24 years,0,0
Measles,2023,20-24 years,1,suppressed
Leptospirosis,2023,20-24 years,10,3.1
Mumps,2023,20-24 years,1,suppressed
Trichinosis,2023,20-24 years,0,0
Shigellosis,2023,20-24 years,8,2.5
Hepatitis NOS,2023,20-24 years,0,0
Hepatitis C,2023,20-24 years,1,suppressed
Meningococcal disease,2023,20-24 years,5,1.5
Giardiasis,2023,20-24 years,45,13.9
Cryptosporidiosis,2023,20-24 years,68,21
Legionellosis,2023,20-24 years,0,0
Poliomyelitis,2023,20-24 years,0,0
Salmonellosis,2023,20-24 years,36,11.1
Cholera,2023,20-24 years,0,0
Paratyphoid fever,2023,20-24 years,1,suppressed
Rickettsial disease,2023,20-24 years,0,0
Q fever,2023,20-24 years,0,0
Typhoid fever,2023,20-24 years,6,1.9
Tuberculosis disease,2023,20-24 years,26,8
Hydatid disease,2023,20-24 years,0,0
Taeniasis,2023,20-24 years,0,0
Diphtheria,2023,20-24 years,0,0
Arboviral diseases,2023,20-24 years,3,suppressed
Tetanus,2023,20-24 years,0,0
Rubella,2023,20-24 years,0,0
Rabies and other lyssaviruses,2023,20-24 years,0,0
Hepatitis A,2023,20-24 years,3,suppressed
Cysticercosis,2023,20-24 years,0,0
Haemophilus influenzae type b,2023,20-24 years,0,0
Campylobacteriosis,2023,20-24 years,451,139.3
Invasive pneumococcal disease,2023,20-24 years,14,4.3
Invasive group A streptococcal infection,2023,20-24 years,0,0
Listeriosis,2023,20-24 years,1,suppressed
Mpox,2023,20-24 years,1,suppressed
VTEC/STEC infection,2023,20-24 years,66,20.4
Yersiniosis,2023,20-24 years,87,26.9
Brucellosis,2023,20-24 years,0,0
Leprosy,2023,20-24 years,2,suppressed
Hepatitis B,2023,25-29 years,2,suppressed
Malaria,2023,25-29 years,7,2
Salmonellosis,2023,25-29 years,38,10.7
Meningoencephalitis - primary amoebic,2023,25-29 years,0,0
Meningococcal disease,2023,25-29 years,2,suppressed
Hepatitis C,2023,25-29 years,1,suppressed
Hepatitis NOS,2023,25-29 years,1,suppressed
Measles,2023,25-29 years,1,suppressed
Q fever,2023,25-29 years,0,0
Campylobacteriosis,2023,25-29 years,396,111.5
Acute gastroenteritis,2023,25-29 years,41,11.5
Haemophilus influenzae type b,2023,25-29 years,0,0
Rickettsial disease,2023,25-29 years,0,0
Rubella,2023,25-29 years,0,0
Shigellosis,2023,25-29 years,11,3.1
Trichinosis,2023,25-29 years,0,0
Paratyphoid fever,2023,25-29 years,5,1.4
Yersiniosis,2023,25-29 years,80,22.5
VTEC/STEC infection,2023,25-29 years,53,14.9
Giardiasis,2023,25-29 years,87,24.5
Toxic shellfish poisoning,2023,25-29 years,0,0
Tuberculosis disease,2023,25-29 years,32,9
Leptospirosis,2023,25-29 years,6,1.7
Legionellosis,2023,25-29 years,1,suppressed
Cholera,2023,25-29 years,0,0
Pertussis,2023,25-29 years,3,suppressed
Poliomyelitis,2023,25-29 years,0,0
Mumps,2023,25-29 years,2,suppressed
Rheumatic fever,2023,25-29 years,18,5.1
Listeriosis,2023,25-29 years,2,suppressed
Leprosy,2023,25-29 years,1,suppressed
Taeniasis,2023,25-29 years,0,0
Cysticercosis,2023,25-29 years,0,0
Arboviral diseases,2023,25-29 years,8,2.3
Hydatid disease,2023,25-29 years,0,0
Hepatitis A,2023,25-29 years,6,1.7
Typhoid fever,2023,25-29 years,17,4.8
Rabies and other lyssaviruses,2023,25-29 years,0,0
Cryptosporidiosis,2023,25-29 years,84,23.7
Mpox,2023,25-29 years,0,0
Invasive pneumococcal disease,2023,25-29 years,15,4.2
Tetanus,2023,25-29 years,0,0
Invasive group A streptococcal infection,2023,25-29 years,0,0
Brucellosis,2023,25-29 years,2,suppressed
Diphtheria,2023,25-29 years,0,0
Rubella,2023,30-34 years,0,0
Acute gastroenteritis,2023,30-34 years,33,8.2
Malaria,2023,30-34 years,2,suppressed
Hepatitis B,2023,30-34 years,1,suppressed
Hepatitis C,2023,30-34 years,5,1.2
Meningococcal disease,2023,30-34 years,0,0
Giardiasis,2023,30-34 years,98,24.4
Salmonellosis,2023,30-34 years,44,10.9
Pertussis,2023,30-34 years,3,suppressed
Typhoid fever,2023,30-34 years,12,3
Shigellosis,2023,30-34 years,13,3.2
Toxic shellfish poisoning,2023,30-34 years,0,0
Cryptosporidiosis,2023,30-34 years,93,23.1
Paratyphoid fever,2023,30-34 years,1,suppressed
Measles,2023,30-34 years,0,0
Meningoencephalitis - primary amoebic,2023,30-34 years,0,0
Arboviral diseases,2023,30-34 years,10,2.5
Q fever,2023,30-34 years,0,0
Hydatid disease,2023,30-34 years,0,0
Haemophilus influenzae type b,2023,30-34 years,0,0
Hepatitis NOS,2023,30-34 years,2,suppressed
Rheumatic fever,2023,30-34 years,8,2
Poliomyelitis,2023,30-34 years,0,0
Tetanus,2023,30-34 years,0,0
Listeriosis,2023,30-34 years,1,suppressed
Hepatitis A,2023,30-34 years,4,suppressed
Leprosy,2023,30-34 years,0,0
Rickettsial disease,2023,30-34 years,0,0
Yersiniosis,2023,30-34 years,102,25.3
VTEC/STEC infection,2023,30-34 years,43,10.7
Leptospirosis,2023,30-34 years,11,2.7
Cholera,2023,30-34 years,0,0
Legionellosis,2023,30-34 years,1,suppressed
Trichinosis,2023,30-34 years,0,0
Campylobacteriosis,2023,30-34 years,392,97.4
Brucellosis,2023,30-34 years,1,suppressed
Mumps,2023,30-34 years,3,suppressed
Invasive pneumococcal disease,2023,30-34 years,39,9.7
Mpox,2023,30-34 years,1,suppressed
Tuberculosis disease,2023,30-34 years,36,8.9
Rabies and other lyssaviruses,2023,30-34 years,0,0
Cysticercosis,2023,30-34 years,0,0
Invasive group A streptococcal infection,2023,30-34 years,0,0
Diphtheria,2023,30-34 years,1,suppressed
Taeniasis,2023,30-34 years,0,0
Q fever,2023,35-39 years,0,0
Toxic shellfish poisoning,2023,35-39 years,0,0
Hepatitis B,2023,35-39 years,1,suppressed
Hepatitis NOS,2023,35-39 years,2,suppressed
Hydatid disease,2023,35-39 years,0,0
Typhoid fever,2023,35-39 years,6,1.6
Salmonellosis,2023,35-39 years,44,11.9
Cryptosporidiosis,2023,35-39 years,64,17.2
Rubella,2023,35-39 years,0,0
Meningococcal disease,2023,35-39 years,3,suppressed
Meningoencephalitis - primary amoebic,2023,35-39 years,0,0
Yersiniosis,2023,35-39 years,87,23.4
Haemophilus influenzae type b,2023,35-39 years,0,0
Tuberculosis disease,2023,35-39 years,23,6.2
Giardiasis,2023,35-39 years,97,26.1
Malaria,2023,35-39 years,4,suppressed
Acute gastroenteritis,2023,35-39 years,36,9.7
Pertussis,2023,35-39 years,11,3
Cholera,2023,35-39 years,0,0
Listeriosis,2023,35-39 years,0,0
Hepatitis A,2023,35-39 years,3,suppressed
Leprosy,2023,35-39 years,0,0
Hepatitis C,2023,35-39 years,8,2.2
Measles,2023,35-39 years,1,suppressed
Cysticercosis,2023,35-39 years,0,0
VTEC/STEC infection,2023,35-39 years,52,14
Leptospirosis,2023,35-39 years,16,4.3
Poliomyelitis,2023,35-39 years,0,0
Tetanus,2023,35-39 years,0,0
Shigellosis,2023,35-39 years,17,4.6
Rheumatic fever,2023,35-39 years,2,suppressed
Paratyphoid fever,2023,35-39 years,5,1.3
Trichinosis,2023,35-39 years,0,0
Diphtheria,2023,35-39 years,0,0
Brucellosis,2023,35-39 years,0,0
Arboviral diseases,2023,35-39 years,7,1.9
Rickettsial disease,2023,35-39 years,1,suppressed
Mpox,2023,35-39 years,2,suppressed
Taeniasis,2023,35-39 years,0,0
Invasive group A streptococcal infection,2023,35-39 years,0,0
Rabies and other lyssaviruses,2023,35-39 years,0,0
Legionellosis,2023,35-39 years,1,suppressed
Invasive pneumococcal disease,2023,35-39 years,34,9.2
Campylobacteriosis,2023,35-39 years,355,95.7
Mumps,2023,35-39 years,3,suppressed
Leptospirosis,2023,40-44 years,14,4.2
Giardiasis,2023,40-44 years,49,14.7
Q fever,2023,40-44 years,0,0
Salmonellosis,2023,40-44 years,43,12.9
Typhoid fever,2023,40-44 years,4,suppressed
Malaria,2023,40-44 years,4,suppressed
Hepatitis NOS,2023,40-44 years,0,0
Hepatitis C,2023,40-44 years,5,1.5
Haemophilus influenzae type b,2023,40-44 years,0,0
Meningococcal disease,2023,40-44 years,0,0
Paratyphoid fever,2023,40-44 years,1,suppressed
Acute gastroenteritis,2023,40-44 years,25,7.5
Rheumatic fever,2023,40-44 years,3,suppressed
Tuberculosis disease,2023,40-44 years,31,9.3
Hydatid disease,2023,40-44 years,0,0
Trichinosis,2023,40-44 years,0,0
Rubella,2023,40-44 years,0,0
Pertussis,2023,40-44 years,7,2.1
Measles,2023,40-44 years,1,suppressed
Listeriosis,2023,40-44 years,1,suppressed
Yersiniosis,2023,40-44 years,80,24
VTEC/STEC infection,2023,40-44 years,34,10.2
Cholera,2023,40-44 years,0,0
Tetanus,2023,40-44 years,0,0
Hepatitis B,2023,40-44 years,1,suppressed
Shigellosis,2023,40-44 years,6,1.8
Cryptosporidiosis,2023,40-44 years,58,17.4
Poliomyelitis,2023,40-44 years,0,0
Diphtheria,2023,40-44 years,0,0
Meningoencephalitis - primary amoebic,2023,40-44 years,0,0
Invasive group A streptococcal infection,2023,40-44 years,0,0
Rickettsial disease,2023,40-44 years,0,0
Hepatitis A,2023,40-44 years,2,suppressed
Leprosy,2023,40-44 years,0,0
Rabies and other lyssaviruses,2023,40-44 years,0,0
Arboviral diseases,2023,40-44 years,9,2.7
Mumps,2023,40-44 years,1,suppressed
Toxic shellfish poisoning,2023,40-44 years,0,0
Mpox,2023,40-44 years,1,suppressed
Brucellosis,2023,40-44 years,0,0
Campylobacteriosis,2023,40-44 years,288,86.3
Legionellosis,2023,40-44 years,8,2.4
Taeniasis,2023,40-44 years,0,0
Cysticercosis,2023,40-44 years,0,0
Invasive pneumococcal disease,2023,40-44 years,28,8.4
Hepatitis A,2024,0-4 years,6,2
Haemophilus influenzae type b,2024,0-4 years,0,0
Q fever,2024,0-4 years,0,0
Legionellosis,2024,0-4 years,1,suppressed
Paratyphoid fever,2024,0-4 years,2,suppressed
Shigellosis,2024,0-4 years,23,7.6
Hepatitis NOS,2024,0-4 years,0,0
Salmonellosis,2024,0-4 years,128,42.5
Listeriosis,2024,0-4 years,1,suppressed
VTEC/STEC infection,2024,0-4 years,201,66.8
Mumps,2024,0-4 years,1,suppressed
Campylobacteriosis,2024,0-4 years,576,191.4
Acute gastroenteritis,2024,0-4 years,36,12
Brucellosis,2024,0-4 years,0,0
Typhoid fever,2024,0-4 years,10,3.3
Toxic shellfish poisoning,2024,0-4 years,0,0
Rubella,2024,0-4 years,0,0
Cryptosporidiosis,2024,0-4 years,265,88.1
Invasive group A streptococcal infection,2024,0-4 years,12,4
Pertussis,2024,0-4 years,360,119.7
Giardiasis,2024,0-4 years,126,41.9
Diphtheria,2024,0-4 years,1,suppressed
Malaria,2024,0-4 years,0,0
Yersiniosis,2024,0-4 years,186,61.8
Tuberculosis disease,2024,0-4 years,2,suppressed
Rabies and other lyssaviruses,2024,0-4 years,0,0
Trichinosis,2024,0-4 years,0,0
Rheumatic fever,2024,0-4 years,4,suppressed
Measles,2024,0-4 years,0,0
Arboviral diseases,2024,0-4 years,0,0
Meningococcal disease,2024,0-4 years,15,5
Hydatid disease,2024,0-4 years,0,0
Hepatitis C,2024,0-4 years,0,0
Cholera,2024,0-4 years,0,0
Poliomyelitis,2024,0-4 years,0,0
Invasive pneumococcal disease,2024,0-4 years,50,16.6
Hepatitis B,2024,0-4 years,0,0
Cysticercosis,2024,0-4 years,0,0
Meningoencephalitis - primary amoebic,2024,0-4 years,0,0
Rickettsial disease,2024,0-4 years,0,0
Leptospirosis,2024,0-4 years,0,0
Leprosy,2024,0-4 years,0,0
Taeniasis,2024,0-4 years,0,0
Tetanus,2024,0-4 years,0,0
Mpox,2024,0-4 years,0,0
Typhoid fever,2024,45-49 years,0,0
Pertussis,2024,45-49 years,64,20.4
Mumps,2024,45-49 years,0,0
Hepatitis NOS,2024,45-49 years,2,suppressed
Campylobacteriosis,2024,45-49 years,298,95
Brucellosis,2024,45-49 years,0,0
Rheumatic fever,2024,45-49 years,0,0
Hepatitis A,2024,45-49 years,3,suppressed
Toxic shellfish poisoning,2024,45-49 years,0,0
Poliomyelitis,2024,45-49 years,0,0
Arboviral diseases,2024,45-49 years,9,2.9
Rubella,2024,45-49 years,0,0
Haemophilus influenzae type b,2024,45-49 years,0,0
Listeriosis,2024,45-49 years,0,0
Q fever,2024,45-49 years,0,0
Salmonellosis,2024,45-49 years,48,15.3
Leptospirosis,2024,45-49 years,9,2.9
Cysticercosis,2024,45-49 years,0,0
Tetanus,2024,45-49 years,1,suppressed
Meningococcal disease,2024,45-49 years,1,suppressed
Taeniasis,2024,45-49 years,0,0
Yersiniosis,2024,45-49 years,76,24.2
Shigellosis,2024,45-49 years,9,2.9
Rickettsial disease,2024,45-49 years,0,0
Rabies and other lyssaviruses,2024,45-49 years,0,0
Trichinosis,2024,45-49 years,0,0
Paratyphoid fever,2024,45-49 years,2,suppressed
Measles,2024,45-49 years,0,0
Diphtheria,2024,45-49 years,0,0
Cholera,2024,45-49 years,0,0
Tuberculosis disease,2024,45-49 years,27,8.6
Giardiasis,2024,45-49 years,43,13.7
Acute gastroenteritis,2024,45-49 years,31,9.9
Legionellosis,2024,45-49 years,7,2.2
Hepatitis B,2024,45-49 years,4,suppressed
Meningoencephalitis - primary amoebic,2024,45-49 years,0,0
Invasive pneumococcal disease,2024,45-49 years,35,11.2
Leprosy,2024,45-49 years,1,suppressed
Invasive group A streptococcal infection,2024,45-49 years,6,1.9
Cryptosporidiosis,2024,45-49 years,48,15.3
Mpox,2024,45-49 years,1,suppressed
Hydatid disease,2024,45-49 years,0,0
Malaria,2024,45-49 years,1,suppressed
VTEC/STEC infection,2024,45-49 years,45,14.3
Hepatitis C,2024,45-49 years,3,suppressed
Listeriosis,2024,50-54 years,4,suppressed
Shigellosis,2024,50-54 years,13,3.9
Taeniasis,2024,50-54 years,0,0
Toxic shellfish poisoning,2024,50-54 years,1,suppressed
Q fever,2024,50-54 years,0,0
Meningococcal disease,2024,50-54 years,2,suppressed
Typhoid fever,2024,50-54 years,2,suppressed
Cysticercosis,2024,50-54 years,0,0
Hepatitis NOS,2024,50-54 years,1,suppressed
Hydatid disease,2024,50-54 years,0,0
Measles,2024,50-54 years,0,0
Legionellosis,2024,50-54 years,13,3.9
Leptospirosis,2024,50-54 years,7,2.1
Tuberculosis disease,2024,50-54 years,24,7.3
Tetanus,2024,50-54 years,0,0
Rheumatic fever,2024,50-54 years,0,0
Mumps,2024,50-54 years,1,suppressed
Yersiniosis,2024,50-54 years,65,19.6
Poliomyelitis,2024,50-54 years,0,0
Malaria,2024,50-54 years,4,suppressed
Pertussis,2024,50-54 years,67,20.2
Rabies and other lyssaviruses,2024,50-54 years,0,0
Trichinosis,2024,50-54 years,0,0
Cryptosporidiosis,2024,50-54 years,31,9.4
Rubella,2024,50-54 years,0,0
Haemophilus influenzae type b,2024,50-54 years,0,0
Cholera,2024,50-54 years,0,0
Campylobacteriosis,2024,50-54 years,351,106.1
Salmonellosis,2024,50-54 years,66,19.9
Brucellosis,2024,50-54 years,0,0
Hepatitis A,2024,50-54 years,0,0
VTEC/STEC infection,2024,50-54 years,61,18.4
Hepatitis B,2024,50-54 years,3,suppressed
Arboviral diseases,2024,50-54 years,14,4.2
Diphtheria,2024,50-54 years,0,0
Invasive group A streptococcal infection,2024,50-54 years,5,1.5
Mpox,2024,50-54 years,1,suppressed
Giardiasis,2024,50-54 years,50,15.1
Leprosy,2024,50-54 years,0,0
Rickettsial disease,2024,50-54 years,0,0
Meningoencephalitis - primary amoebic,2024,50-54 years,0,0
Paratyphoid fever,2024,50-54 years,0,0
Acute gastroenteritis,2024,50-54 years,40,12.1
Hepatitis C,2024,50-54 years,2,suppressed
Invasive pneumococcal disease,2024,50-54 years,48,14.5
Taeniasis,2024,55-59 years,0,0
Poliomyelitis,2024,55-59 years,0,0
Legionellosis,2024,55-59 years,16,5.1
Leptospirosis,2024,55-59 years,13,4.2
Listeriosis,2024,55-59 years,1,suppressed
Rheumatic fever,2024,55-59 years,0,0
Cysticercosis,2024,55-59 years,0,0
Pertussis,2024,55-59 years,45,14.4
Shigellosis,2024,55-59 years,7,2.2
Tuberculosis disease,2024,55-59 years,14,4.5
Rabies and other lyssaviruses,2024,55-59 years,0,0
Malaria,2024,55-59 years,2,suppressed
Yersiniosis,2024,55-59 years,57,18.3
Hepatitis NOS,2024,55-59 years,0,0
Meningococcal disease,2024,55-59 years,0,0
Rubella,2024,55-59 years,0,0
Leprosy,2024,55-59 years,0,0
Hepatitis A,2024,55-59 years,1,suppressed
Q fever,2024,55-59 years,0,0
Tetanus,2024,55-59 years,0,0
Haemophilus influenzae type b,2024,55-59 years,1,suppressed
Hepatitis C,2024,55-59 years,1,suppressed
Cholera,2024,55-59 years,0,0
Meningoencephalitis - primary amoebic,2024,55-59 years,0,0
Hepatitis B,2024,55-59 years,3,suppressed
Mumps,2024,55-59 years,0,0
Campylobacteriosis,2024,55-59 years,373,119.5
Cryptosporidiosis,2024,55-59 years,28,9
Measles,2024,55-59 years,0,0
Acute gastroenteritis,2024,55-59 years,24,7.7
Invasive group A streptococcal infection,2024,55-59 years,6,1.9
Arboviral diseases,2024,55-59 years,7,2.2
Typhoid fever,2024,55-59 years,2,suppressed
Paratyphoid fever,2024,55-59 years,0,0
Diphtheria,2024,55-59 years,0,0
Salmonellosis,2024,55-59 years,58,18.6
VTEC/STEC infection,2024,55-59 years,59,18.9
Invasive pneumococcal disease,2024,55-59 years,45,14.4
Giardiasis,2024,55-59 years,50,16
Rickettsial disease,2024,55-59 years,1,suppressed
Toxic shellfish poisoning,2024,55-59 years,0,0
Trichinosis,2024,55-59 years,0,0
Mpox,2024,55-59 years,0,0
Hydatid disease,2024,55-59 years,1,suppressed
Brucellosis,2024,55-59 years,0,0
Rheumatic fever,2024,60-64 years,0,0
Q fever,2024,60-64 years,0,0
Taeniasis,2024,60-64 years,0,0
Leptospirosis,2024,60-64 years,11,3.6
Poliomyelitis,2024,60-64 years,0,0
Meningoencephalitis - primary amoebic,2024,60-64 years,0,0
Pertussis,2024,60-64 years,37,12
Hepatitis NOS,2024,60-64 years,0,0
Cholera,2024,60-64 years,0,0
Cysticercosis,2024,60-64 years,0,0
Legionellosis,2024,60-64 years,28,9.1
Malaria,2024,60-64 years,1,suppressed
Campylobacteriosis,2024,60-64 years,425,137.4
Salmonellosis,2024,60-64 years,66,21.3
Cryptosporidiosis,2024,60-64 years,28,9.1
Rubella,2024,60-64 years,0,0
Haemophilus influenzae type b,2024,60-64 years,0,0
Shigellosis,2024,60-64 years,4,suppressed
Tetanus,2024,60-64 years,0,0
Tuberculosis disease,2024,60-64 years,14,4.5
Yersiniosis,2024,60-64 years,73,23.6
Mumps,2024,60-64 years,0,0
Meningococcal disease,2024,60-64 years,1,suppressed
Brucellosis,2024,60-64 years,1,suppressed
Hepatitis B,2024,60-64 years,0,0
Hepatitis A,2024,60-64 years,1,suppressed
Hepatitis C,2024,60-64 years,2,suppressed
Arboviral diseases,2024,60-64 years,11,3.6
Paratyphoid fever,2024,60-64 years,0,0
Measles,2024,60-64 years,0,0
Toxic shellfish poisoning,2024,60-64 years,0,0
Rabies and other lyssaviruses,2024,60-64 years,0,0
Trichinosis,2024,60-64 years,0,0
Giardiasis,2024,60-64 years,50,16.2
Leprosy,2024,60-64 years,0,0
Diphtheria,2024,60-64 years,0,0
VTEC/STEC infection,2024,60-64 years,57,18.4
Hydatid disease,2024,60-64 years,0,0
Listeriosis,2024,60-64 years,2,suppressed
Acute gastroenteritis,2024,60-64 years,22,7.1
Typhoid fever,2024,60-64 years,1,suppressed
Invasive group A streptococcal infection,2024,60-64 years,13,4.2
Rickettsial disease,2024,60-64 years,0,0
Invasive pneumococcal disease,2024,60-64 years,73,23.6
Mpox,2024,60-64 years,0,0
Poliomyelitis,2024,65-69 years,0,0
Cysticercosis,2024,65-69 years,0,0
Legionellosis,2024,65-69 years,26,9.8
Hepatitis NOS,2024,65-69 years,0,0
Rubella,2024,65-69 years,0,0
Hepatitis C,2024,65-69 years,2,suppressed
Campylobacteriosis,2024,65-69 years,403,151.2
Rheumatic fever,2024,65-69 years,0,0
Leptospirosis,2024,65-69 years,6,2.3
Hepatitis A,2024,65-69 years,2,suppressed
Yersiniosis,2024,65-69 years,63,23.6
Salmonellosis,2024,65-69 years,48,18
Pertussis,2024,65-69 years,23,8.6
Arboviral diseases,2024,65-69 years,6,2.3
Haemophilus influenzae type b,2024,65-69 years,0,0
Mumps,2024,65-69 years,0,0
Shigellosis,2024,65-69 years,12,4.5
Typhoid fever,2024,65-69 years,1,suppressed
Brucellosis,2024,65-69 years,0,0
Q fever,2024,65-69 years,0,0
Toxic shellfish poisoning,2024,65-69 years,0,0
Invasive pneumococcal disease,2024,65-69 years,59,22.1
Listeriosis,2024,65-69 years,3,suppressed
Tetanus,2024,65-69 years,0,0
Rickettsial disease,2024,65-69 years,1,suppressed
Cholera,2024,65-69 years,1,suppressed
Malaria,2024,65-69 years,1,suppressed
Diphtheria,2024,65-69 years,0,0
Tuberculosis disease,2024,65-69 years,18,6.8
Acute gastroenteritis,2024,65-69 years,26,9.8
Meningococcal disease,2024,65-69 years,1,suppressed
Trichinosis,2024,65-69 years,0,0
Giardiasis,2024,65-69 years,46,17.3
Mpox,2024,65-69 years,0,0
Leprosy,2024,65-69 years,0,0
Cryptosporidiosis,2024,65-69 years,36,13.5
Rabies and other lyssaviruses,2024,65-69 years,0,0
Measles,2024,65-69 years,0,0
Hepatitis B,2024,65-69 years,0,0
Meningoencephalitis - primary amoebic,2024,65-69 years,0,0
VTEC/STEC infection,2024,65-69 years,88,33
Hydatid disease,2024,65-69 years,0,0
Taeniasis,2024,65-69 years,0,0
Paratyphoid fever,2024,65-69 years,1,suppressed
Invasive group A streptococcal infection,2024,65-69 years,14,5.3
Legionellosis,2024,70-74 years,31,14
Mumps,2024,70-74 years,0,0
Campylobacteriosis,2024,70-74 years,371,167.4
Toxic shellfish poisoning,2024,70-74 years,0,0
Salmonellosis,2024,70-74 years,45,20.3
Rickettsial disease,2024,70-74 years,0,0
Mpox,2024,70-74 years,0,0
Typhoid fever,2024,70-74 years,0,0
Rheumatic fever,2024,70-74 years,0,0
Yersiniosis,2024,70-74 years,49,22.1
Diphtheria,2024,70-74 years,0,0
Shigellosis,2024,70-74 years,4,suppressed
Hepatitis NOS,2024,70-74 years,1,suppressed
Listeriosis,2024,70-74 years,6,2.7
Cholera,2024,70-74 years,0,0
Tetanus,2024,70-74 years,0,0
Leptospirosis,2024,70-74 years,8,3.6
Q fever,2024,70-74 years,0,0
Rabies and other lyssaviruses,2024,70-74 years,0,0
Malaria,2024,70-74 years,0,0
Leprosy,2024,70-74 years,0,0
Taeniasis,2024,70-74 years,0,0
Hepatitis A,2024,70-74 years,0,0
Cryptosporidiosis,2024,70-74 years,21,9.5
Tuberculosis disease,2024,70-74 years,23,10.4
Pertussis,2024,70-74 years,22,9.9
Cysticercosis,2024,70-74 years,0,0
Hepatitis C,2024,70-74 years,0,0
Acute gastroenteritis,2024,70-74 years,20,9
Rubella,2024,70-74 years,0,0
Hepatitis B,2024,70-74 years,0,0
Poliomyelitis,2024,70-74 years,0,0
Hydatid disease,2024,70-74 years,1,suppressed
VTEC/STEC infection,2024,70-74 years,60,27.1
Brucellosis,2024,70-74 years,0,0
Trichinosis,2024,70-74 years,0,0
Giardiasis,2024,70-74 years,21,9.5
Arboviral diseases,2024,70-74 years,1,suppressed
Haemophilus influenzae type b,2024,70-74 years,0,0
Invasive group A streptococcal infection,2024,70-74 years,18,8.1
Meningococcal disease,2024,70-74 years,1,suppressed
Meningoencephalitis - primary amoebic,2024,70-74 years,0,0
Measles,2024,70-74 years,0,0
Invasive pneumococcal disease,2024,70-74 years,75,33.8
Paratyphoid fever,2024,70-74 years,0,0
Mpox,2024,75-79 years,0,0
Haemophilus influenzae type b,2024,75-79 years,0,0
Cholera,2024,75-79 years,0,0
Hepatitis NOS,2024,75-79 years,0,0
Q fever,2024,75-79 years,0,0
Hepatitis A,2024,75-79 years,3,suppressed
Poliomyelitis,2024,75-79 years,0,0
Taeniasis,2024,75-79 years,0,0
Cysticercosis,2024,75-79 years,0,0
Hepatitis C,2024,75-79 years,0,0
Tetanus,2024,75-79 years,0,0
Pertussis,2024,75-79 years,15,8.5
Rheumatic fever,2024,75-79 years,0,0
Legionellosis,2024,75-79 years,19,10.7
Malaria,2024,75-79 years,0,0
Leptospirosis,2024,75-79 years,2,suppressed
Invasive pneumococcal disease,2024,75-79 years,68,38.4
Trichinosis,2024,75-79 years,0,0
Typhoid fever,2024,75-79 years,1,suppressed
Toxic shellfish poisoning,2024,75-79 years,0,0
VTEC/STEC infection,2024,75-79 years,75,42.3
Rubella,2024,75-79 years,0,0
Mumps,2024,75-79 years,0,0
Shigellosis,2024,75-79 years,1,suppressed
Yersiniosis,2024,75-79 years,48,27.1
Campylobacteriosis,2024,75-79 years,297,167.5
Invasive group A streptococcal infection,2024,75-79 years,7,3.9
Hydatid disease,2024,75-79 years,0,0
Acute gastroenteritis,2024,75-79 years,15,8.5
Leprosy,2024,75-79 years,0,0
Paratyphoid fever,2024,75-79 years,0,0
Giardiasis,2024,75-79 years,18,10.2
Diphtheria,2024,75-79 years,0,0
Measles,2024,75-79 years,0,0
Meningoencephalitis - primary amoebic,2024,75-79 years,0,0
Meningococcal disease,2024,75-79 years,1,suppressed
Tuberculosis disease,2024,75-79 years,8,4.5
Salmonellosis,2024,75-79 years,24,13.5
Hepatitis B,2024,75-79 years,0,0
Rabies and other lyssaviruses,2024,75-79 years,0,0
Rickettsial disease,2024,75-79 years,0,0
Listeriosis,2024,75-79 years,3,suppressed
Cryptosporidiosis,2024,75-79 years,5,2.8
Arboviral diseases,2024,75-79 years,0,0
Brucellosis,2024,75-79 years,0,0
Hepatitis NOS,2024,80-84 years,0,0
Legionellosis,2024,80-84 years,15,13.2
Poliomyelitis,2024,80-84 years,0,0
Cysticercosis,2024,80-84 years,0,0
Hepatitis A,2024,80-84 years,0,0
Cholera,2024,80-84 years,0,0
Pertussis,2024,80-84 years,5,4.4
Rubella,2024,80-84 years,0,0
Meningoencephalitis - primary amoebic,2024,80-84 years,0,0
Q fever,2024,80-84 years,0,0
Leptospirosis,2024,80-84 years,1,suppressed
Taeniasis,2024,80-84 years,0,0
Invasive pneumococcal disease,2024,80-84 years,52,45.9
Malaria,2024,80-84 years,1,suppressed
Acute gastroenteritis,2024,80-84 years,11,9.7
Leprosy,2024,80-84 years,0,0
Diphtheria,2024,80-84 years,1,suppressed
Haemophilus influenzae type b,2024,80-84 years,0,0
Tetanus,2024,80-84 years,0,0
Listeriosis,2024,80-84 years,3,suppressed
Rheumatic fever,2024,80-84 years,0,0
Giardiasis,2024,80-84 years,9,7.9
Yersiniosis,2024,80-84 years,45,39.7
Arboviral diseases,2024,80-84 years,1,suppressed
Cryptosporidiosis,2024,80-84 years,2,suppressed
Invasive group A streptococcal infection,2024,80-84 years,10,8.8
Typhoid fever,2024,80-84 years,0,0
Campylobacteriosis,2024,80-84 years,203,179.1
Hepatitis C,2024,80-84 years,0,0
Paratyphoid fever,2024,80-84 years,0,0
Measles,2024,80-84 years,0,0
Shigellosis,2024,80-84 years,1,suppressed
Salmonellosis,2024,80-84 years,15,13.2
Meningococcal disease,2024,80-84 years,1,suppressed
Hepatitis B,2024,80-84 years,0,0
Mumps,2024,80-84 years,0,0
Toxic shellfish poisoning,2024,80-84 years,0,0
Rabies and other lyssaviruses,2024,80-84 years,0,0
Rickettsial disease,2024,80-84 years,0,0
Trichinosis,2024,80-84 years,0,0
Tuberculosis disease,2024,80-84 years,9,7.9
Brucellosis,2024,80-84 years,0,0
Hydatid disease,2024,80-84 years,0,0
VTEC/STEC infection,2024,80-84 years,63,55.6
Mpox,2024,80-84 years,0,0
Campylobacteriosis,2024,85+ years,150,158
Rheumatic fever,2024,85+ years,0,0
Diphtheria,2024,85+ years,0,0
Poliomyelitis,2024,85+ years,0,0
Q fever,2024,85+ years,0,0
Arboviral diseases,2024,85+ years,0,0
Acute gastroenteritis,2024,85+ years,5,5.3
Legionellosis,2024,85+ years,15,15.8
Taeniasis,2024,85+ years,0,0
Salmonellosis,2024,85+ years,6,6.3
Toxic shellfish poisoning,2024,85+ years,0,0
Leptospirosis,2024,85+ years,0,0
Cysticercosis,2024,85+ years,0,0
Pertussis,2024,85+ years,6,6.3
Listeriosis,2024,85+ years,6,6.3
Paratyphoid fever,2024,85+ years,0,0
Giardiasis,2024,85+ years,5,5.3
Cholera,2024,85+ years,0,0
Tetanus,2024,85+ years,0,0
Hepatitis A,2024,85+ years,0,0
Leprosy,2024,85+ years,0,0
Hepatitis NOS,2024,85+ years,0,0
Brucellosis,2024,85+ years,0,0
Meningococcal disease,2024,85+ years,0,0
Rubella,2024,85+ years,0,0
Haemophilus influenzae type b,2024,85+ years,0,0
Shigellosis,2024,85+ years,0,0
Hydatid disease,2024,85+ years,0,0
Rabies and other lyssaviruses,2024,85+ years,0,0
Measles,2024,85+ years,0,0
Yersiniosis,2024,85+ years,31,32.7
Tuberculosis disease,2024,85+ years,8,8.4
Mpox,2024,85+ years,0,0
Hepatitis B,2024,85+ years,0,0
Typhoid fever,2024,85+ years,0,0
Mumps,2024,85+ years,0,0
Cryptosporidiosis,2024,85+ years,2,suppressed
Rickettsial disease,2024,85+ years,0,0
VTEC/STEC infection,2024,85+ years,47,49.5
Malaria,2024,85+ years,0,0
Hepatitis C,2024,85+ years,0,0
Invasive pneumococcal disease,2024,85+ years,50,52.7
Trichinosis,2024,85+ years,0,0
Invasive group A streptococcal infection,2024,85+ years,15,15.8
Meningoencephalitis - primary amoebic,2024,85+ years,0,0
Mumps,2024,5-9 years,0,0
Hepatitis A,2024,5-9 years,8,2.4
Typhoid fever,2024,5-9 years,6,1.8
Q fever,2024,5-9 years,0,0
Arboviral diseases,2024,5-9 years,2,suppressed
Invasive pneumococcal disease,2024,5-9 years,21,6.4
Hepatitis B,2024,5-9 years,0,0
Rubella,2024,5-9 years,0,0
Toxic shellfish poisoning,2024,5-9 years,0,0
Yersiniosis,2024,5-9 years,31,9.5
Brucellosis,2024,5-9 years,0,0
Poliomyelitis,2024,5-9 years,0,0
Hepatitis NOS,2024,5-9 years,0,0
Shigellosis,2024,5-9 years,5,1.5
Invasive group A streptococcal infection,2024,5-9 years,5,1.5
Pertussis,2024,5-9 years,294,89.9
Meningococcal disease,2024,5-9 years,2,suppressed
Diphtheria,2024,5-9 years,0,0
Tetanus,2024,5-9 years,0,0
Tuberculosis disease,2024,5-9 years,2,suppressed
Taeniasis,2024,5-9 years,0,0
Malaria,2024,5-9 years,1,suppressed
Meningoencephalitis - primary amoebic,2024,5-9 years,0,0
Cryptosporidiosis,2024,5-9 years,138,42.2
Rheumatic fever,2024,5-9 years,45,13.8
Salmonellosis,2024,5-9 years,42,12.8
Rickettsial disease,2024,5-9 years,0,0
VTEC/STEC infection,2024,5-9 years,51,15.6
Hepatitis C,2024,5-9 years,0,0
Leptospirosis,2024,5-9 years,0,0
Giardiasis,2024,5-9 years,38,11.6
Listeriosis,2024,5-9 years,0,0
Campylobacteriosis,2024,5-9 years,205,62.7
Legionellosis,2024,5-9 years,0,0
Cysticercosis,2024,5-9 years,0,0
Cholera,2024,5-9 years,0,0
Leprosy,2024,5-9 years,0,0
Measles,2024,5-9 years,0,0
Haemophilus influenzae type b,2024,5-9 years,0,0
Acute gastroenteritis,2024,5-9 years,16,4.9
Mpox,2024,5-9 years,0,0
Trichinosis,2024,5-9 years,0,0
Hydatid disease,2024,5-9 years,0,0
Paratyphoid fever,2024,5-9 years,1,suppressed
Rabies and other lyssaviruses,2024,5-9 years,0,0
Acute gastroenteritis,2024,10-14 years,9,2.6
Shigellosis,2024,10-14 years,3,suppressed
Yersiniosis,2024,10-14 years,29,8.3
Q fever,2024,10-14 years,0,0
Giardiasis,2024,10-14 years,18,5.2
Tuberculosis disease,2024,10-14 years,6,1.7
Mumps,2024,10-14 years,1,suppressed
Diphtheria,2024,10-14 years,0,0
Cysticercosis,2024,10-14 years,0,0
Pertussis,2024,10-14 years,306,87.6
Arboviral diseases,2024,10-14 years,1,suppressed
Toxic shellfish poisoning,2024,10-14 years,0,0
Haemophilus influenzae type b,2024,10-14 years,0,0
Cholera,2024,10-14 years,0,0
Hepatitis NOS,2024,10-14 years,0,0
Taeniasis,2024,10-14 years,0,0
Meningococcal disease,2024,10-14 years,1,suppressed
Hepatitis B,2024,10-14 years,0,0
Meningoencephalitis - primary amoebic,2024,10-14 years,0,0
Typhoid fever,2024,10-14 years,3,suppressed
Poliomyelitis,2024,10-14 years,0,0
Rabies and other lyssaviruses,2024,10-14 years,0,0
Paratyphoid fever,2024,10-14 years,0,0
Hepatitis C,2024,10-14 years,0,0
Salmonellosis,2024,10-14 years,28,8
Leptospirosis,2024,10-14 years,1,suppressed
Mpox,2024,10-14 years,0,0
Invasive pneumococcal disease,2024,10-14 years,12,3.4
Legionellosis,2024,10-14 years,0,0
Malaria,2024,10-14 years,1,suppressed
Measles,2024,10-14 years,0,0
VTEC/STEC infection,2024,10-14 years,37,10.6
Hepatitis A,2024,10-14 years,6,1.7
Rubella,2024,10-14 years,0,0
Hydatid disease,2024,10-14 years,0,0
Listeriosis,2024,10-14 years,1,suppressed
Cryptosporidiosis,2024,10-14 years,59,16.9
Rickettsial disease,2024,10-14 years,0,0
Campylobacteriosis,2024,10-14 years,186,53.3
Invasive group A streptococcal infection,2024,10-14 years,2,suppressed
Tetanus,2024,10-14 years,1,suppressed
Rheumatic fever,2024,10-14 years,70,20
Trichinosis,2024,10-14 years,0,0
Leprosy,2024,10-14 years,0,0
Brucellosis,2024,10-14 years,0,0
Hepatitis NOS,2024,15-19 years,0,0
Toxic shellfish poisoning,2024,15-19 years,0,0
Poliomyelitis,2024,15-19 years,0,0
Tuberculosis disease,2024,15-19 years,15,4.3
Shigellosis,2024,15-19 years,6,1.7
Arboviral diseases,2024,15-19 years,7,2
Taeniasis,2024,15-19 years,0,0
Q fever,2024,15-19 years,0,0
Giardiasis,2024,15-19 years,13,3.8
Mumps,2024,15-19 years,1,suppressed
Hepatitis C,2024,15-19 years,0,0
Malaria,2024,15-19 years,2,suppressed
Acute gastroenteritis,2024,15-19 years,20,5.8
Meningoencephalitis - primary amoebic,2024,15-19 years,0,0
Legionellosis,2024,15-19 years,0,0
Rubella,2024,15-19 years,0,0
Haemophilus influenzae type b,2024,15-19 years,0,0
Rabies and other lyssaviruses,2024,15-19 years,0,0
Pertussis,2024,15-19 years,158,45.7
Measles,2024,15-19 years,0,0
Meningococcal disease,2024,15-19 years,8,2.3
Cholera,2024,15-19 years,0,0
Diphtheria,2024,15-19 years,0,0
Salmonellosis,2024,15-19 years,25,7.2
Campylobacteriosis,2024,15-19 years,295,85.4
Cysticercosis,2024,15-19 years,0,0
VTEC/STEC infection,2024,15-19 years,47,13.6
Hepatitis A,2024,15-19 years,5,1.4
Typhoid fever,2024,15-19 years,3,suppressed
Rheumatic fever,2024,15-19 years,19,5.5
Paratyphoid fever,2024,15-19 years,0,0
Cryptosporidiosis,2024,15-19 years,50,14.5
Mpox,2024,15-19 years,0,0
Leptospirosis,2024,15-19 years,2,suppressed
Hydatid disease,2024,15-19 years,0,0
Tetanus,2024,15-19 years,0,0
Yersiniosis,2024,15-19 years,32,9.3
Invasive pneumococcal disease,2024,15-19 years,10,2.9
Brucellosis,2024,15-19 years,0,0
Hepatitis B,2024,15-19 years,0,0
Leprosy,2024,15-19 years,0,0
Rickettsial disease,2024,15-19 years,0,0
Trichinosis,2024,15-19 years,0,0
Invasive group A streptococcal infection,2024,15-19 years,3,suppressed
Listeriosis,2024,15-19 years,1,suppressed
Yersiniosis,2024,20-24 years,50,15.2
Pertussis,2024,20-24 years,80,24.3
Q fever,2024,20-24 years,0,0
Arboviral diseases,2024,20-24 years,9,2.7
Mumps,2024,20-24 years,1,suppressed
Hepatitis NOS,2024,20-24 years,0,0
Campylobacteriosis,2024,20-24 years,370,112.6
Legionellosis,2024,20-24 years,0,0
Taeniasis,2024,20-24 years,0,0
Tuberculosis disease,2024,20-24 years,30,9.1
Rubella,2024,20-24 years,0,0
Haemophilus influenzae type b,2024,20-24 years,0,0
Shigellosis,2024,20-24 years,7,2.1
Brucellosis,2024,20-24 years,0,0
Hepatitis A,2024,20-24 years,8,2.4
Typhoid fever,2024,20-24 years,2,suppressed
Measles,2024,20-24 years,0,0
Giardiasis,2024,20-24 years,39,11.9
Salmonellosis,2024,20-24 years,46,14
Meningococcal disease,2024,20-24 years,3,suppressed
Cysticercosis,2024,20-24 years,0,0
VTEC/STEC infection,2024,20-24 years,54,16.4
Acute gastroenteritis,2024,20-24 years,29,8.8
Malaria,2024,20-24 years,5,1.5
Rheumatic fever,2024,20-24 years,23,7
Rabies and other lyssaviruses,2024,20-24 years,0,0
Trichinosis,2024,20-24 years,0,0
Leprosy,2024,20-24 years,0,0
Paratyphoid fever,2024,20-24 years,1,suppressed
Rickettsial disease,2024,20-24 years,0,0
Cholera,2024,20-24 years,0,0
Hepatitis C,2024,20-24 years,0,0
Leptospirosis,2024,20-24 years,7,2.1
Invasive pneumococcal disease,2024,20-24 years,14,4.3
Hepatitis B,2024,20-24 years,0,0
Diphtheria,2024,20-24 years,0,0
Mpox,2024,20-24 years,0,0
Toxic shellfish poisoning,2024,20-24 years,0,0
Meningoencephalitis - primary amoebic,2024,20-24 years,0,0
Hydatid disease,2024,20-24 years,0,0
Listeriosis,2024,20-24 years,1,suppressed
Cryptosporidiosis,2024,20-24 years,61,18.6
Tetanus,2024,20-24 years,0,0
Poliomyelitis,2024,20-24 years,0,0
Invasive group A streptococcal infection,2024,20-24 years,4,suppressed
Campylobacteriosis,2024,25-29 years,368,104.9
Arboviral diseases,2024,25-29 years,14,4
Rubella,2024,25-29 years,0,0
Shigellosis,2024,25-29 years,18,5.1
VTEC/STEC infection,2024,25-29 years,46,13.1
Mumps,2024,25-29 years,5,1.4
Yersiniosis,2024,25-29 years,77,22
Toxic shellfish poisoning,2024,25-29 years,0,0
Meningococcal disease,2024,25-29 years,1,suppressed
Hepatitis NOS,2024,25-29 years,0,0
Haemophilus influenzae type b,2024,25-29 years,0,0
Brucellosis,2024,25-29 years,0,0
Pertussis,2024,25-29 years,48,13.7
Hepatitis A,2024,25-29 years,9,2.6
Salmonellosis,2024,25-29 years,49,14
Q fever,2024,25-29 years,2,suppressed
Leptospirosis,2024,25-29 years,2,suppressed
Measles,2024,25-29 years,0,0
Tuberculosis disease,2024,25-29 years,35,10
Poliomyelitis,2024,25-29 years,0,0
Taeniasis,2024,25-29 years,1,suppressed
Tetanus,2024,25-29 years,0,0
Malaria,2024,25-29 years,3,suppressed
Typhoid fever,2024,25-29 years,7,2
Rickettsial disease,2024,25-29 years,0,0
Rheumatic fever,2024,25-29 years,26,7.4
Listeriosis,2024,25-29 years,2,suppressed
Mpox,2024,25-29 years,2,suppressed
Hepatitis C,2024,25-29 years,3,suppressed
Giardiasis,2024,25-29 years,78,22.2
Cholera,2024,25-29 years,0,0
Diphtheria,2024,25-29 years,0,0
Legionellosis,2024,25-29 years,1,suppressed
Acute gastroenteritis,2024,25-29 years,31,8.8
Meningoencephalitis - primary amoebic,2024,25-29 years,0,0
Invasive group A streptococcal infection,2024,25-29 years,4,suppressed
Paratyphoid fever,2024,25-29 years,3,suppressed
Hydatid disease,2024,25-29 years,0,0
Rabies and other lyssaviruses,2024,25-29 years,0,0
Trichinosis,2024,25-29 years,0,0
Cysticercosis,2024,25-29 years,0,0
Hepatitis B,2024,25-29 years,0,0
Cryptosporidiosis,2024,25-29 years,104,29.6
Invasive pneumococcal disease,2024,25-29 years,22,6.3
Leprosy,2024,25-29 years,2,suppressed
Pertussis,2024,30-34 years,75,18.3
VTEC/STEC infection,2024,30-34 years,44,10.8
Hepatitis A,2024,30-34 years,7,1.7
Yersiniosis,2024,30-34 years,74,18.1
Meningococcal disease,2024,30-34 years,0,0
Typhoid fever,2024,30-34 years,16,3.9
Brucellosis,2024,30-34 years,0,0
Toxic shellfish poisoning,2024,30-34 years,0,0
Malaria,2024,30-34 years,4,suppressed
Q fever,2024,30-34 years,0,0
Haemophilus influenzae type b,2024,30-34 years,0,0
Leptospirosis,2024,30-34 years,14,3.4
Cholera,2024,30-34 years,0,0
Poliomyelitis,2024,30-34 years,0,0
Mumps,2024,30-34 years,6,1.5
Hepatitis NOS,2024,30-34 years,1,suppressed
Taeniasis,2024,30-34 years,0,0
Rubella,2024,30-34 years,0,0
Acute gastroenteritis,2024,30-34 years,33,8.1
Rickettsial disease,2024,30-34 years,0,0
Shigellosis,2024,30-34 years,17,4.2
Meningoencephalitis - primary amoebic,2024,30-34 years,0,0
Mpox,2024,30-34 years,7,1.7
Tuberculosis disease,2024,30-34 years,62,15.2
Hepatitis C,2024,30-34 years,2,suppressed
Campylobacteriosis,2024,30-34 years,314,76.8
Salmonellosis,2024,30-34 years,50,12.2
Paratyphoid fever,2024,30-34 years,2,suppressed
Legionellosis,2024,30-34 years,2,suppressed
Rabies and other lyssaviruses,2024,30-34 years,0,0
Arboviral diseases,2024,30-34 years,25,6.1
Giardiasis,2024,30-34 years,93,22.7
Hydatid disease,2024,30-34 years,0,0
Cryptosporidiosis,2024,30-34 years,141,34.5
Hepatitis B,2024,30-34 years,1,suppressed
Measles,2024,30-34 years,1,suppressed
Diphtheria,2024,30-34 years,0,0
Cysticercosis,2024,30-34 years,0,0
Rheumatic fever,2024,30-34 years,15,3.7
Invasive group A streptococcal infection,2024,30-34 years,9,2.2
Listeriosis,2024,30-34 years,2,suppressed
Invasive pneumococcal disease,2024,30-34 years,28,6.8
Tetanus,2024,30-34 years,0,0
Leprosy,2024,30-34 years,0,0
Trichinosis,2024,30-34 years,0,0
Rabies and other lyssaviruses,2024,35-39 years,0,0
Pertussis,2024,35-39 years,56,14.3
Toxic shellfish poisoning,2024,35-39 years,0,0
Yersiniosis,2024,35-39 years,83,21.3
Leptospirosis,2024,35-39 years,9,2.3
Shigellosis,2024,35-39 years,19,4.9
Hepatitis C,2024,35-39 years,1,suppressed
Hepatitis A,2024,35-39 years,4,suppressed
Poliomyelitis,2024,35-39 years,0,0
Haemophilus influenzae type b,2024,35-39 years,0,0
Hepatitis NOS,2024,35-39 years,0,0
Taeniasis,2024,35-39 years,1,suppressed
Tetanus,2024,35-39 years,0,0
Acute gastroenteritis,2024,35-39 years,33,8.5
Typhoid fever,2024,35-39 years,2,suppressed
Legionellosis,2024,35-39 years,2,suppressed
Malaria,2024,35-39 years,2,suppressed
Rubella,2024,35-39 years,0,0
Measles,2024,35-39 years,0,0
Rickettsial disease,2024,35-39 years,0,0
Cholera,2024,35-39 years,0,0
Campylobacteriosis,2024,35-39 years,319,81.7
Q fever,2024,35-39 years,0,0
Mumps,2024,35-39 years,2,suppressed
Salmonellosis,2024,35-39 years,45,11.5
Arboviral diseases,2024,35-39 years,16,4.1
Hepatitis B,2024,35-39 years,0,0
Meningoencephalitis - primary amoebic,2024,35-39 years,0,0
Brucellosis,2024,35-39 years,0,0
Tuberculosis disease,2024,35-39 years,33,8.5
Trichinosis,2024,35-39 years,0,0
Listeriosis,2024,35-39 years,0,0
Mpox,2024,35-39 years,7,1.8
Rheumatic fever,2024,35-39 years,4,suppressed
Cysticercosis,2024,35-39 years,0,0
Meningococcal disease,2024,35-39 years,2,suppressed
VTEC/STEC infection,2024,35-39 years,38,9.7
Paratyphoid fever,2024,35-39 years,1,suppressed
Hydatid disease,2024,35-39 years,0,0
Invasive group A streptococcal infection,2024,35-39 years,5,1.3
Leprosy,2024,35-39 years,0,0
Giardiasis,2024,35-39 years,80,20.5
Cryptosporidiosis,2024,35-39 years,142,36.4
Diphtheria,2024,35-39 years,0,0
Invasive pneumococcal disease,2024,35-39 years,24,6.1
Yersiniosis,2024,40-44 years,71,20.4
Cholera,2024,40-44 years,0,0
Brucellosis,2024,40-44 years,0,0
Pertussis,2024,40-44 years,84,24.1
Rabies and other lyssaviruses,2024,40-44 years,0,0
Arboviral diseases,2024,40-44 years,16,4.6
Hepatitis C,2024,40-44 years,4,suppressed
Hepatitis NOS,2024,40-44 years,0,0
Taeniasis,2024,40-44 years,0,0
Typhoid fever,2024,40-44 years,6,1.7
Legionellosis,2024,40-44 years,5,1.4
Malaria,2024,40-44 years,1,suppressed
Rubella,2024,40-44 years,0,0
Mumps,2024,40-44 years,1,suppressed
Rheumatic fever,2024,40-44 years,1,suppressed
Rickettsial disease,2024,40-44 years,0,0
Tetanus,2024,40-44 years,0,0
Hepatitis A,2024,40-44 years,5,1.4
Leptospirosis,2024,40-44 years,10,2.9
Salmonellosis,2024,40-44 years,55,15.8
Campylobacteriosis,2024,40-44 years,296,84.9
Tuberculosis disease,2024,40-44 years,30,8.6
Toxic shellfish poisoning,2024,40-44 years,0,0
Poliomyelitis,2024,40-44 years,0,0
Listeriosis,2024,40-44 years,0,0
Hydatid disease,2024,40-44 years,0,0
Haemophilus influenzae type b,2024,40-44 years,0,0
Shigellosis,2024,40-44 years,8,2.3
Q fever,2024,40-44 years,0,0
Cysticercosis,2024,40-44 years,0,0
Diphtheria,2024,40-44 years,0,0
Giardiasis,2024,40-44 years,67,19.2
Acute gastroenteritis,2024,40-44 years,26,7.5
Cryptosporidiosis,2024,40-44 years,73,20.9
Hepatitis B,2024,40-44 years,1,suppressed
Meningoencephalitis - primary amoebic,2024,40-44 years,0,0
Measles,2024,40-44 years,0,0
Meningococcal disease,2024,40-44 years,3,suppressed
Invasive group A streptococcal infection,2024,40-44 years,7,2
Leprosy,2024,40-44 years,0,0
Invasive pneumococcal disease,2024,40-44 years,32,9.2
Paratyphoid fever,2024,40-44 years,1,suppressed
VTEC/STEC infection,2024,40-44 years,39,11.2
Mpox,2024,40-44 years,5,1.4
Trichinosis,2024,40-44 years,0,0
Legionellosis,2025,0-4 years,0,0
Leptospirosis,2025,0-4 years,0,0
Cysticercosis,2025,0-4 years,0,0
Toxic shellfish poisoning,2025,0-4 years,0,0
Rubella,2025,0-4 years,0,0
Taeniasis,2025,0-4 years,0,0
Rickettsial disease,2025,0-4 years,0,0
Hepatitis NOS,2025,0-4 years,0,0
Campylobacteriosis,2025,0-4 years,552,185.5
Cholera,2025,0-4 years,0,0
Haemophilus influenzae type b,2025,0-4 years,0,0
Shigellosis,2025,0-4 years,15,5
Tuberculosis disease,2025,0-4 years,5,1.7
Salmonellosis,2025,0-4 years,191,64.2
Poliomyelitis,2025,0-4 years,0,0
Rheumatic fever,2025,0-4 years,0,0
Mumps,2025,0-4 years,1,suppressed
Acute gastroenteritis,2025,0-4 years,56,18.8
Rabies and other lyssaviruses,2025,0-4 years,0,0
Hydatid disease,2025,0-4 years,0,0
Invasive group A streptococcal infection,2025,0-4 years,45,15.1
Typhoid fever,2025,0-4 years,6,2
Arboviral diseases,2025,0-4 years,0,0
Diphtheria,2025,0-4 years,0,0
Invasive pneumococcal disease,2025,0-4 years,58,19.5
Yersiniosis,2025,0-4 years,191,64.2
Tetanus,2025,0-4 years,0,0
Hepatitis C,2025,0-4 years,0,0
Cryptosporidiosis,2025,0-4 years,170,57.1
Meningococcal disease,2025,0-4 years,9,3
Hepatitis B,2025,0-4 years,1,suppressed
Mpox,2025,0-4 years,0,0
Malaria,2025,0-4 years,1,suppressed
Leprosy,2025,0-4 years,0,0
VTEC/STEC infection,2025,0-4 years,195,65.5
Listeriosis,2025,0-4 years,0,0
Hepatitis A,2025,0-4 years,2,suppressed
Brucellosis,2025,0-4 years,0,0
Measles,2025,0-4 years,5,1.7
Q fever,2025,0-4 years,0,0
Pertussis,2025,0-4 years,805,270.6
Giardiasis,2025,0-4 years,85,28.6
Meningoencephalitis - primary amoebic,2025,0-4 years,0,0
Paratyphoid fever,2025,0-4 years,0,0
Trichinosis,2025,0-4 years,0,0
Mumps,2025,45-49 years,1,suppressed
VTEC/STEC infection,2025,45-49 years,47,14.8
Rheumatic fever,2025,45-49 years,2,suppressed
Trichinosis,2025,45-49 years,0,0
Hydatid disease,2025,45-49 years,0,0
Malaria,2025,45-49 years,3,suppressed
Legionellosis,2025,45-49 years,7,2.2
Hepatitis NOS,2025,45-49 years,0,0
Rabies and other lyssaviruses,2025,45-49 years,0,0
Campylobacteriosis,2025,45-49 years,316,99.8
Salmonellosis,2025,45-49 years,65,20.5
Invasive pneumococcal disease,2025,45-49 years,24,7.6
Hepatitis B,2025,45-49 years,1,suppressed
Giardiasis,2025,45-49 years,36,11.4
Rickettsial disease,2025,45-49 years,1,suppressed
Diphtheria,2025,45-49 years,0,0
Acute gastroenteritis,2025,45-49 years,29,9.2
Taeniasis,2025,45-49 years,0,0
Poliomyelitis,2025,45-49 years,0,0
Yersiniosis,2025,45-49 years,48,15.2
Toxic shellfish poisoning,2025,45-49 years,0,0
Meningococcal disease,2025,45-49 years,1,suppressed
Listeriosis,2025,45-49 years,1,suppressed
Tetanus,2025,45-49 years,0,0
Typhoid fever,2025,45-49 years,1,suppressed
Tuberculosis disease,2025,45-49 years,23,7.3
Leptospirosis,2025,45-49 years,7,2.2
Leprosy,2025,45-49 years,1,suppressed
Cysticercosis,2025,45-49 years,0,0
Rubella,2025,45-49 years,0,0
Pertussis,2025,45-49 years,88,27.8
Hepatitis A,2025,45-49 years,6,1.9
Q fever,2025,45-49 years,0,0
Shigellosis,2025,45-49 years,9,2.8
Cholera,2025,45-49 years,0,0
Haemophilus influenzae type b,2025,45-49 years,0,0
Hepatitis C,2025,45-49 years,0,0
Invasive group A streptococcal infection,2025,45-49 years,32,10.1
Measles,2025,45-49 years,1,suppressed
Cryptosporidiosis,2025,45-49 years,36,11.4
Brucellosis,2025,45-49 years,0,0
Meningoencephalitis - primary amoebic,2025,45-49 years,0,0
Paratyphoid fever,2025,45-49 years,0,0
Arboviral diseases,2025,45-49 years,41,12.9
Mpox,2025,45-49 years,4,suppressed
Malaria,2025,50-54 years,1,suppressed
Hepatitis B,2025,50-54 years,4,suppressed
Hydatid disease,2025,50-54 years,1,suppressed
VTEC/STEC infection,2025,50-54 years,46,14.1
Rheumatic fever,2025,50-54 years,1,suppressed
Trichinosis,2025,50-54 years,0,0
Taeniasis,2025,50-54 years,0,0
Yersiniosis,2025,50-54 years,53,16.2
Leprosy,2025,50-54 years,0,0
Legionellosis,2025,50-54 years,9,2.8
Rabies and other lyssaviruses,2025,50-54 years,0,0
Poliomyelitis,2025,50-54 years,0,0
Rickettsial disease,2025,50-54 years,0,0
Acute gastroenteritis,2025,50-54 years,40,12.2
Mumps,2025,50-54 years,0,0
Hepatitis NOS,2025,50-54 years,1,suppressed
Meningococcal disease,2025,50-54 years,6,1.8
Cholera,2025,50-54 years,0,0
Campylobacteriosis,2025,50-54 years,343,105
Invasive pneumococcal disease,2025,50-54 years,46,14.1
Listeriosis,2025,50-54 years,0,0
Cysticercosis,2025,50-54 years,0,0
Arboviral diseases,2025,50-54 years,52,15.9
Tuberculosis disease,2025,50-54 years,21,6.4
Leptospirosis,2025,50-54 years,8,2.4
Hepatitis A,2025,50-54 years,3,suppressed
Diphtheria,2025,50-54 years,2,suppressed
Salmonellosis,2025,50-54 years,71,21.7
Pertussis,2025,50-54 years,85,26
Haemophilus influenzae type b,2025,50-54 years,0,0
Shigellosis,2025,50-54 years,8,2.4
Mpox,2025,50-54 years,2,suppressed
Giardiasis,2025,50-54 years,48,14.7
Toxic shellfish poisoning,2025,50-54 years,0,0
Hepatitis C,2025,50-54 years,2,suppressed
Typhoid fever,2025,50-54 years,2,suppressed
Paratyphoid fever,2025,50-54 years,0,0
Rubella,2025,50-54 years,0,0
Invasive group A streptococcal infection,2025,50-54 years,32,9.8
Measles,2025,50-54 years,3,suppressed
Cryptosporidiosis,2025,50-54 years,23,7
Meningoencephalitis - primary amoebic,2025,50-54 years,0,0
Q fever,2025,50-54 years,0,0
Tetanus,2025,50-54 years,0,0
Brucellosis,2025,50-54 years,0,0
Hydatid disease,2025,55-59 years,0,0
Legionellosis,2025,55-59 years,14,4.5
Hepatitis B,2025,55-59 years,1,suppressed
Yersiniosis,2025,55-59 years,58,18.5
Malaria,2025,55-59 years,0,0
Trichinosis,2025,55-59 years,0,0
Taeniasis,2025,55-59 years,0,0
Rheumatic fever,2025,55-59 years,0,0
Leprosy,2025,55-59 years,0,0
Rabies and other lyssaviruses,2025,55-59 years,0,0
VTEC/STEC infection,2025,55-59 years,61,19.5
Hepatitis NOS,2025,55-59 years,1,suppressed
Acute gastroenteritis,2025,55-59 years,31,9.9
Cysticercosis,2025,55-59 years,0,0
Mumps,2025,55-59 years,0,0
Meningococcal disease,2025,55-59 years,1,suppressed
Leptospirosis,2025,55-59 years,2,suppressed
Campylobacteriosis,2025,55-59 years,368,117.5
Poliomyelitis,2025,55-59 years,0,0
Tuberculosis disease,2025,55-59 years,14,4.5
Pertussis,2025,55-59 years,64,20.4
Haemophilus influenzae type b,2025,55-59 years,0,0
Rickettsial disease,2025,55-59 years,0,0
Giardiasis,2025,55-59 years,61,19.5
Invasive pneumococcal disease,2025,55-59 years,59,18.8
Toxic shellfish poisoning,2025,55-59 years,0,0
Shigellosis,2025,55-59 years,14,4.5
Hepatitis C,2025,55-59 years,0,0
Tetanus,2025,55-59 years,0,0
Q fever,2025,55-59 years,1,suppressed
Salmonellosis,2025,55-59 years,64,20.4
Listeriosis,2025,55-59 years,2,suppressed
Cholera,2025,55-59 years,0,0
Arboviral diseases,2025,55-59 years,34,10.9
Meningoencephalitis - primary amoebic,2025,55-59 years,0,0
Paratyphoid fever,2025,55-59 years,0,0
Diphtheria,2025,55-59 years,0,0
Typhoid fever,2025,55-59 years,1,suppressed
Rubella,2025,55-59 years,0,0
Measles,2025,55-59 years,0,0
Invasive group A streptococcal infection,2025,55-59 years,37,11.8
Cryptosporidiosis,2025,55-59 years,24,7.7
Brucellosis,2025,55-59 years,0,0
Hepatitis A,2025,55-59 years,0,0
Mpox,2025,55-59 years,2,suppressed
Hepatitis B,2025,60-64 years,0,0
Trichinosis,2025,60-64 years,0,0
VTEC/STEC infection,2025,60-64 years,81,26.1
Rheumatic fever,2025,60-64 years,0,0
Hepatitis C,2025,60-64 years,2,suppressed
Taeniasis,2025,60-64 years,0,0
Poliomyelitis,2025,60-64 years,0,0
Giardiasis,2025,60-64 years,62,20
Cholera,2025,60-64 years,0,0
Rabies and other lyssaviruses,2025,60-64 years,0,0
Rickettsial disease,2025,60-64 years,1,suppressed
Hepatitis NOS,2025,60-64 years,0,0
Acute gastroenteritis,2025,60-64 years,27,8.7
Measles,2025,60-64 years,1,suppressed
Hydatid disease,2025,60-64 years,0,0
Yersiniosis,2025,60-64 years,63,20.3
Mumps,2025,60-64 years,0,0
Arboviral diseases,2025,60-64 years,47,15.2
Malaria,2025,60-64 years,2,suppressed
Legionellosis,2025,60-64 years,16,5.2
Meningococcal disease,2025,60-64 years,1,suppressed
Campylobacteriosis,2025,60-64 years,403,130
Mpox,2025,60-64 years,2,suppressed
Invasive pneumococcal disease,2025,60-64 years,57,18.4
Meningoencephalitis - primary amoebic,2025,60-64 years,0,0
Leptospirosis,2025,60-64 years,5,1.6
Salmonellosis,2025,60-64 years,81,26.1
Tuberculosis disease,2025,60-64 years,14,4.5
Toxic shellfish poisoning,2025,60-64 years,0,0
Rubella,2025,60-64 years,0,0
Leprosy,2025,60-64 years,0,0
Paratyphoid fever,2025,60-64 years,0,0
Pertussis,2025,60-64 years,61,19.7
Cryptosporidiosis,2025,60-64 years,19,6.1
Haemophilus influenzae type b,2025,60-64 years,0,0
Diphtheria,2025,60-64 years,1,suppressed
Typhoid fever,2025,60-64 years,1,suppressed
Invasive group A streptococcal infection,2025,60-64 years,52,16.8
Listeriosis,2025,60-64 years,4,suppressed
Cysticercosis,2025,60-64 years,0,0
Shigellosis,2025,60-64 years,12,3.9
Brucellosis,2025,60-64 years,0,0
Tetanus,2025,60-64 years,0,0
Q fever,2025,60-64 years,0,0
Hepatitis A,2025,60-64 years,1,suppressed
Rheumatic fever,2025,65-69 years,0,0
Hepatitis B,2025,65-69 years,0,0
Invasive pneumococcal disease,2025,65-69 years,63,23.1
VTEC/STEC infection,2025,65-69 years,74,27.2
Trichinosis,2025,65-69 years,0,0
Mumps,2025,65-69 years,0,0
Toxic shellfish poisoning,2025,65-69 years,0,0
Malaria,2025,65-69 years,2,suppressed
Meningococcal disease,2025,65-69 years,2,suppressed
Taeniasis,2025,65-69 years,0,0
Acute gastroenteritis,2025,65-69 years,24,8.8
Rubella,2025,65-69 years,0,0
Legionellosis,2025,65-69 years,28,10.3
Rabies and other lyssaviruses,2025,65-69 years,0,0
Hydatid disease,2025,65-69 years,0,0
Campylobacteriosis,2025,65-69 years,400,146.8
Giardiasis,2025,65-69 years,54,19.8
Leptospirosis,2025,65-69 years,5,1.8
Poliomyelitis,2025,65-69 years,0,0
Leprosy,2025,65-69 years,1,suppressed
Salmonellosis,2025,65-69 years,73,26.8
Hepatitis NOS,2025,65-69 years,0,0
Rickettsial disease,2025,65-69 years,0,0
Yersiniosis,2025,65-69 years,59,21.7
Cysticercosis,2025,65-69 years,0,0
Cholera,2025,65-69 years,0,0
Haemophilus influenzae type b,2025,65-69 years,0,0
Measles,2025,65-69 years,0,0
Meningoencephalitis - primary amoebic,2025,65-69 years,0,0
Paratyphoid fever,2025,65-69 years,0,0
Arboviral diseases,2025,65-69 years,27,9.9
Hepatitis C,2025,65-69 years,1,suppressed
Tetanus,2025,65-69 years,0,0
Shigellosis,2025,65-69 years,14,5.1
Diphtheria,2025,65-69 years,0,0
Tuberculosis disease,2025,65-69 years,16,5.9
Pertussis,2025,65-69 years,31,11.4
Q fever,2025,65-69 years,0,0
Mpox,2025,65-69 years,1,suppressed
Typhoid fever,2025,65-69 years,0,0
Hepatitis A,2025,65-69 years,0,0
Cryptosporidiosis,2025,65-69 years,20,7.3
Brucellosis,2025,65-69 years,0,0
Listeriosis,2025,65-69 years,3,suppressed
Invasive group A streptococcal infection,2025,65-69 years,43,15.8
Hepatitis C,2025,70-74 years,1,suppressed
Measles,2025,70-74 years,0,0
Invasive pneumococcal disease,2025,70-74 years,74,32.8
Taeniasis,2025,70-74 years,0,0
Hepatitis NOS,2025,70-74 years,0,0
Leprosy,2025,70-74 years,1,suppressed
Hepatitis B,2025,70-74 years,1,suppressed
Trichinosis,2025,70-74 years,0,0
Tetanus,2025,70-74 years,0,0
Hydatid disease,2025,70-74 years,0,0
Toxic shellfish poisoning,2025,70-74 years,0,0
Rubella,2025,70-74 years,0,0
Poliomyelitis,2025,70-74 years,0,0
Listeriosis,2025,70-74 years,5,2.2
VTEC/STEC infection,2025,70-74 years,60,26.6
Rheumatic fever,2025,70-74 years,0,0
Rabies and other lyssaviruses,2025,70-74 years,0,0
Q fever,2025,70-74 years,0,0
Cysticercosis,2025,70-74 years,0,0
Shigellosis,2025,70-74 years,4,suppressed
Giardiasis,2025,70-74 years,38,16.9
Meningococcal disease,2025,70-74 years,1,suppressed
Yersiniosis,2025,70-74 years,56,24.9
Rickettsial disease,2025,70-74 years,0,0
Acute gastroenteritis,2025,70-74 years,19,8.4
Malaria,2025,70-74 years,0,0
Hepatitis A,2025,70-74 years,2,suppressed
Tuberculosis disease,2025,70-74 years,11,4.9
Meningoencephalitis - primary amoebic,2025,70-74 years,0,0
Cholera,2025,70-74 years,0,0
Mpox,2025,70-74 years,0,0
Haemophilus influenzae type b,2025,70-74 years,0,0
Pertussis,2025,70-74 years,32,14.2
Campylobacteriosis,2025,70-74 years,346,153.5
Leptospirosis,2025,70-74 years,5,2.2
Mumps,2025,70-74 years,0,0
Cryptosporidiosis,2025,70-74 years,8,3.6
Diphtheria,2025,70-74 years,1,suppressed
Legionellosis,2025,70-74 years,26,11.5
Paratyphoid fever,2025,70-74 years,0,0
Brucellosis,2025,70-74 years,0,0
Arboviral diseases,2025,70-74 years,26,11.5
Salmonellosis,2025,70-74 years,53,23.5
Typhoid fever,2025,70-74 years,0,0
Invasive group A streptococcal infection,2025,70-74 years,44,19.5
Taeniasis,2025,75-79 years,0,0
Hepatitis B,2025,75-79 years,0,0
Leptospirosis,2025,75-79 years,2,suppressed
Poliomyelitis,2025,75-79 years,0,0
Meningococcal disease,2025,75-79 years,0,0
Hepatitis NOS,2025,75-79 years,0,0
Trichinosis,2025,75-79 years,0,0
Hepatitis C,2025,75-79 years,0,0
Tetanus,2025,75-79 years,0,0
Haemophilus influenzae type b,2025,75-79 years,0,0
Toxic shellfish poisoning,2025,75-79 years,0,0
Rubella,2025,75-79 years,0,0
Malaria,2025,75-79 years,1,suppressed
Invasive pneumococcal disease,2025,75-79 years,70,37.7
VTEC/STEC infection,2025,75-79 years,63,34
Rheumatic fever,2025,75-79 years,0,0
Q fever,2025,75-79 years,0,0
Rabies and other lyssaviruses,2025,75-79 years,0,0
Leprosy,2025,75-79 years,0,0
Paratyphoid fever,2025,75-79 years,0,0
Cryptosporidiosis,2025,75-79 years,13,7
Legionellosis,2025,75-79 years,23,12.4
Rickettsial disease,2025,75-79 years,0,0
Giardiasis,2025,75-79 years,14,7.5
Cholera,2025,75-79 years,0,0
Mpox,2025,75-79 years,0,0
Measles,2025,75-79 years,0,0
Acute gastroenteritis,2025,75-79 years,27,14.6
Campylobacteriosis,2025,75-79 years,313,168.7
Brucellosis,2025,75-79 years,0,0
Tuberculosis disease,2025,75-79 years,12,6.5
Cysticercosis,2025,75-79 years,0,0
Shigellosis,2025,75-79 years,4,suppressed
Arboviral diseases,2025,75-79 years,17,9.2
Invasive group A streptococcal infection,2025,75-79 years,54,29.1
Hydatid disease,2025,75-79 years,2,suppressed
Yersiniosis,2025,75-79 years,58,31.3
Salmonellosis,2025,75-79 years,45,24.3
Meningoencephalitis - primary amoebic,2025,75-79 years,0,0
Listeriosis,2025,75-79 years,6,3.2
Hepatitis A,2025,75-79 years,1,suppressed
Mumps,2025,75-79 years,0,0
Pertussis,2025,75-79 years,23,12.4
Typhoid fever,2025,75-79 years,0,0
Diphtheria,2025,75-79 years,0,0
Toxic shellfish poisoning,2025,80-84 years,0,0
Invasive pneumococcal disease,2025,80-84 years,54,46.1
VTEC/STEC infection,2025,80-84 years,56,47.8
Paratyphoid fever,2025,80-84 years,0,0
Cryptosporidiosis,2025,80-84 years,7,6
Brucellosis,2025,80-84 years,0,0
Rubella,2025,80-84 years,0,0
Giardiasis,2025,80-84 years,11,9.4
Cholera,2025,80-84 years,0,0
Arboviral diseases,2025,80-84 years,2,suppressed
Rheumatic fever,2025,80-84 years,0,0
Rickettsial disease,2025,80-84 years,0,0
Acute gastroenteritis,2025,80-84 years,11,9.4
Campylobacteriosis,2025,80-84 years,212,181.1
Invasive group A streptococcal infection,2025,80-84 years,40,34.2
Tetanus,2025,80-84 years,0,0
Meningococcal disease,2025,80-84 years,0,0
Hepatitis B,2025,80-84 years,0,0
Salmonellosis,2025,80-84 years,23,19.7
Poliomyelitis,2025,80-84 years,0,0
Mpox,2025,80-84 years,0,0
Trichinosis,2025,80-84 years,0,0
Hepatitis C,2025,80-84 years,0,0
Hepatitis NOS,2025,80-84 years,0,0
Q fever,2025,80-84 years,0,0
Leptospirosis,2025,80-84 years,1,suppressed
Taeniasis,2025,80-84 years,0,0
Typhoid fever,2025,80-84 years,0,0
Leprosy,2025,80-84 years,0,0
Malaria,2025,80-84 years,0,0
Rabies and other lyssaviruses,2025,80-84 years,0,0
Hydatid disease,2025,80-84 years,0,0
Tuberculosis disease,2025,80-84 years,10,8.5
Haemophilus influenzae type b,2025,80-84 years,0,0
Measles,2025,80-84 years,0,0
Meningoencephalitis - primary amoebic,2025,80-84 years,0,0
Legionellosis,2025,80-84 years,20,17.1
Cysticercosis,2025,80-84 years,0,0
Pertussis,2025,80-84 years,11,9.4
Yersiniosis,2025,80-84 years,44,37.6
Diphtheria,2025,80-84 years,0,0
Listeriosis,2025,80-84 years,7,6
Shigellosis,2025,80-84 years,3,suppressed
Mumps,2025,80-84 years,0,0
Hepatitis A,2025,80-84 years,1,suppressed
Measles,2025,85+ years,0,0
Meningococcal disease,2025,85+ years,0,0
Malaria,2025,85+ years,0,0
Listeriosis,2025,85+ years,6,6
Mpox,2025,85+ years,0,0
Leptospirosis,2025,85+ years,0,0
Toxic shellfish poisoning,2025,85+ years,0,0
Legionellosis,2025,85+ years,16,16
VTEC/STEC infection,2025,85+ years,45,45.1
Tuberculosis disease,2025,85+ years,14,14
Hepatitis A,2025,85+ years,0,0
Hepatitis C,2025,85+ years,0,0
Rubella,2025,85+ years,0,0
Haemophilus influenzae type b,2025,85+ years,0,0
Hepatitis B,2025,85+ years,0,0
Rheumatic fever,2025,85+ years,0,0
Hepatitis NOS,2025,85+ years,0,0
Invasive pneumococcal disease,2025,85+ years,65,65.2
Trichinosis,2025,85+ years,0,0
Tetanus,2025,85+ years,0,0
Pertussis,2025,85+ years,4,suppressed
Paratyphoid fever,2025,85+ years,0,0
Cryptosporidiosis,2025,85+ years,4,suppressed
Taeniasis,2025,85+ years,0,0
Leprosy,2025,85+ years,0,0
Giardiasis,2025,85+ years,4,suppressed
Cholera,2025,85+ years,0,0
Rabies and other lyssaviruses,2025,85+ years,0,0
Mumps,2025,85+ years,0,0
Acute gastroenteritis,2025,85+ years,9,9
Campylobacteriosis,2025,85+ years,156,156.4
Brucellosis,2025,85+ years,0,0
Q fever,2025,85+ years,0,0
Meningoencephalitis - primary amoebic,2025,85+ years,0,0
Diphtheria,2025,85+ years,0,0
Arboviral diseases,2025,85+ years,1,suppressed
Poliomyelitis,2025,85+ years,0,0
Cysticercosis,2025,85+ years,0,0
Shigellosis,2025,85+ years,0,0
Salmonellosis,2025,85+ years,18,18
Rickettsial disease,2025,85+ years,0,0
Hydatid disease,2025,85+ years,0,0
Yersiniosis,2025,85+ years,43,43.1
Typhoid fever,2025,85+ years,0,0
Invasive group A streptococcal infection,2025,85+ years,45,45.1
Hepatitis NOS,2025,5-9 years,0,0
Listeriosis,2025,5-9 years,0,0
Hydatid disease,2025,5-9 years,0,0
Toxic shellfish poisoning,2025,5-9 years,0,0
Leptospirosis,2025,5-9 years,0,0
Malaria,2025,5-9 years,1,suppressed
Diphtheria,2025,5-9 years,0,0
Rheumatic fever,2025,5-9 years,32,9.8
Tuberculosis disease,2025,5-9 years,2,suppressed
Hepatitis A,2025,5-9 years,3,suppressed
Tetanus,2025,5-9 years,0,0
Yersiniosis,2025,5-9 years,34,10.4
Rubella,2025,5-9 years,0,0
Haemophilus influenzae type b,2025,5-9 years,0,0
Taeniasis,2025,5-9 years,0,0
Acute gastroenteritis,2025,5-9 years,12,3.7
Campylobacteriosis,2025,5-9 years,211,64.8
Legionellosis,2025,5-9 years,0,0
Rabies and other lyssaviruses,2025,5-9 years,0,0
Typhoid fever,2025,5-9 years,8,2.5
Measles,2025,5-9 years,2,suppressed
Pertussis,2025,5-9 years,475,146
Cholera,2025,5-9 years,0,0
Q fever,2025,5-9 years,0,0
Meningococcal disease,2025,5-9 years,5,1.5
Cysticercosis,2025,5-9 years,0,0
Mumps,2025,5-9 years,0,0
Poliomyelitis,2025,5-9 years,0,0
Leprosy,2025,5-9 years,0,0
Salmonellosis,2025,5-9 years,65,20
Trichinosis,2025,5-9 years,0,0
Rickettsial disease,2025,5-9 years,0,0
VTEC/STEC infection,2025,5-9 years,94,28.9
Cryptosporidiosis,2025,5-9 years,104,32
Shigellosis,2025,5-9 years,10,3.1
Arboviral diseases,2025,5-9 years,7,2.2
Mpox,2025,5-9 years,0,0
Hepatitis C,2025,5-9 years,0,0
Invasive group A streptococcal infection,2025,5-9 years,17,5.2
Meningoencephalitis - primary amoebic,2025,5-9 years,0,0
Hepatitis B,2025,5-9 years,0,0
Brucellosis,2025,5-9 years,0,0
Invasive pneumococcal disease,2025,5-9 years,13,4
Paratyphoid fever,2025,5-9 years,1,suppressed
Giardiasis,2025,5-9 years,48,14.7
Leptospirosis,2025,10-14 years,1,suppressed
Tuberculosis disease,2025,10-14 years,10,2.9
Hepatitis NOS,2025,10-14 years,0,0
Malaria,2025,10-14 years,1,suppressed
Toxic shellfish poisoning,2025,10-14 years,0,0
Listeriosis,2025,10-14 years,0,0
Cysticercosis,2025,10-14 years,0,0
Rheumatic fever,2025,10-14 years,67,19.2
Haemophilus influenzae type b,2025,10-14 years,0,0
Yersiniosis,2025,10-14 years,42,12.1
Campylobacteriosis,2025,10-14 years,187,53.7
Acute gastroenteritis,2025,10-14 years,12,3.4
Pertussis,2025,10-14 years,331,95.1
Hepatitis A,2025,10-14 years,5,1.4
Diphtheria,2025,10-14 years,0,0
Cryptosporidiosis,2025,10-14 years,32,9.2
Rubella,2025,10-14 years,0,0
Paratyphoid fever,2025,10-14 years,0,0
Shigellosis,2025,10-14 years,3,suppressed
Cholera,2025,10-14 years,0,0
Meningococcal disease,2025,10-14 years,4,suppressed
Legionellosis,2025,10-14 years,0,0
Mumps,2025,10-14 years,0,0
Salmonellosis,2025,10-14 years,38,10.9
Taeniasis,2025,10-14 years,0,0
Invasive pneumococcal disease,2025,10-14 years,8,2.3
Giardiasis,2025,10-14 years,12,3.4
Typhoid fever,2025,10-14 years,6,1.7
Brucellosis,2025,10-14 years,0,0
Measles,2025,10-14 years,10,2.9
Hydatid disease,2025,10-14 years,0,0
Meningoencephalitis - primary amoebic,2025,10-14 years,0,0
Arboviral diseases,2025,10-14 years,19,5.5
Tetanus,2025,10-14 years,0,0
Q fever,2025,10-14 years,0,0
Leprosy,2025,10-14 years,0,0
Mpox,2025,10-14 years,0,0
Poliomyelitis,2025,10-14 years,0,0
Hepatitis B,2025,10-14 years,0,0
Rickettsial disease,2025,10-14 years,0,0
Trichinosis,2025,10-14 years,0,0
VTEC/STEC infection,2025,10-14 years,86,24.7
Rabies and other lyssaviruses,2025,10-14 years,0,0
Hepatitis C,2025,10-14 years,0,0
Invasive group A streptococcal infection,2025,10-14 years,17,4.9
Leptospirosis,2025,15-19 years,7,2
Haemophilus influenzae type b,2025,15-19 years,0,0
Pertussis,2025,15-19 years,179,50.5
Malaria,2025,15-19 years,1,suppressed
Legionellosis,2025,15-19 years,0,0
Toxic shellfish poisoning,2025,15-19 years,0,0
Rubella,2025,15-19 years,0,0
Acute gastroenteritis,2025,15-19 years,15,4.2
Tuberculosis disease,2025,15-19 years,9,2.5
Diphtheria,2025,15-19 years,0,0
Rheumatic fever,2025,15-19 years,26,7.3
Cryptosporidiosis,2025,15-19 years,69,19.5
Giardiasis,2025,15-19 years,17,4.8
Cysticercosis,2025,15-19 years,0,0
Brucellosis,2025,15-19 years,0,0
Tetanus,2025,15-19 years,0,0
Leprosy,2025,15-19 years,0,0
Yersiniosis,2025,15-19 years,36,10.2
Cholera,2025,15-19 years,0,0
Taeniasis,2025,15-19 years,0,0
Trichinosis,2025,15-19 years,0,0
Hepatitis A,2025,15-19 years,3,suppressed
Hepatitis NOS,2025,15-19 years,0,0
VTEC/STEC infection,2025,15-19 years,41,11.6
Q fever,2025,15-19 years,0,0
Invasive group A streptococcal infection,2025,15-19 years,23,6.5
Shigellosis,2025,15-19 years,3,suppressed
Arboviral diseases,2025,15-19 years,36,10.2
Poliomyelitis,2025,15-19 years,0,0
Hepatitis C,2025,15-19 years,0,0
Mumps,2025,15-19 years,3,suppressed
Campylobacteriosis,2025,15-19 years,289,81.6
Rabies and other lyssaviruses,2025,15-19 years,0,0
Hepatitis B,2025,15-19 years,0,0
Hydatid disease,2025,15-19 years,1,suppressed
Listeriosis,2025,15-19 years,0,0
Measles,2025,15-19 years,9,2.5
Rickettsial disease,2025,15-19 years,1,suppressed
Paratyphoid fever,2025,15-19 years,0,0
Salmonellosis,2025,15-19 years,40,11.3
Meningococcal disease,2025,15-19 years,4,suppressed
Meningoencephalitis - primary amoebic,2025,15-19 years,0,0
Typhoid fever,2025,15-19 years,2,suppressed
Invasive pneumococcal disease,2025,15-19 years,19,5.4
Mpox,2025,15-19 years,0,0
Cryptosporidiosis,2025,20-24 years,54,16.5
Rubella,2025,20-24 years,0,0
Rheumatic fever,2025,20-24 years,16,4.9
Tuberculosis disease,2025,20-24 years,27,8.2
Pertussis,2025,20-24 years,111,33.9
Typhoid fever,2025,20-24 years,4,suppressed
Brucellosis,2025,20-24 years,0,0
Listeriosis,2025,20-24 years,1,suppressed
Toxic shellfish poisoning,2025,20-24 years,0,0
Cholera,2025,20-24 years,0,0
Tetanus,2025,20-24 years,0,0
Leptospirosis,2025,20-24 years,6,1.8
Diphtheria,2025,20-24 years,0,0
Campylobacteriosis,2025,20-24 years,400,122
Mumps,2025,20-24 years,5,1.5
Legionellosis,2025,20-24 years,0,0
Cysticercosis,2025,20-24 years,0,0
Invasive pneumococcal disease,2025,20-24 years,11,3.4
Rabies and other lyssaviruses,2025,20-24 years,0,0
VTEC/STEC infection,2025,20-24 years,72,22
Hepatitis A,2025,20-24 years,4,suppressed
Shigellosis,2025,20-24 years,6,1.8
Arboviral diseases,2025,20-24 years,27,8.2
Q fever,2025,20-24 years,0,0
Haemophilus influenzae type b,2025,20-24 years,0,0
Yersiniosis,2025,20-24 years,58,17.7
Salmonellosis,2025,20-24 years,69,21.1
Taeniasis,2025,20-24 years,0,0
Hepatitis NOS,2025,20-24 years,0,0
Meningococcal disease,2025,20-24 years,3,suppressed
Leprosy,2025,20-24 years,0,0
Hepatitis B,2025,20-24 years,0,0
Rickettsial disease,2025,20-24 years,0,0
Malaria,2025,20-24 years,5,1.5
Hydatid disease,2025,20-24 years,0,0
Trichinosis,2025,20-24 years,0,0
Poliomyelitis,2025,20-24 years,0,0
Hepatitis C,2025,20-24 years,1,suppressed
Paratyphoid fever,2025,20-24 years,2,suppressed
Measles,2025,20-24 years,6,1.8
Invasive group A streptococcal infection,2025,20-24 years,26,7.9
Acute gastroenteritis,2025,20-24 years,25,7.6
Giardiasis,2025,20-24 years,35,10.7
Mpox,2025,20-24 years,3,suppressed
Meningoencephalitis - primary amoebic,2025,20-24 years,0,0
Trichinosis,2025,25-29 years,0,0
Diphtheria,2025,25-29 years,0,0
VTEC/STEC infection,2025,25-29 years,50,14.5
Meningococcal disease,2025,25-29 years,1,suppressed
Rabies and other lyssaviruses,2025,25-29 years,0,0
Typhoid fever,2025,25-29 years,4,suppressed
Malaria,2025,25-29 years,10,2.9
Hepatitis NOS,2025,25-29 years,0,0
Invasive group A streptococcal infection,2025,25-29 years,35,10.2
Cysticercosis,2025,25-29 years,0,0
Tuberculosis disease,2025,25-29 years,42,12.2
Listeriosis,2025,25-29 years,1,suppressed
Hydatid disease,2025,25-29 years,0,0
Yersiniosis,2025,25-29 years,54,15.7
Rheumatic fever,2025,25-29 years,28,8.1
Legionellosis,2025,25-29 years,0,0
Hepatitis A,2025,25-29 years,9,2.6
Acute gastroenteritis,2025,25-29 years,30,8.7
Rickettsial disease,2025,25-29 years,0,0
Pertussis,2025,25-29 years,78,22.7
Leptospirosis,2025,25-29 years,6,1.7
Hepatitis C,2025,25-29 years,1,suppressed
Shigellosis,2025,25-29 years,15,4.4
Toxic shellfish poisoning,2025,25-29 years,0,0
Mumps,2025,25-29 years,2,suppressed
Hepatitis B,2025,25-29 years,2,suppressed
Leprosy,2025,25-29 years,0,0
Campylobacteriosis,2025,25-29 years,355,103.2
Cryptosporidiosis,2025,25-29 years,76,22.1
Haemophilus influenzae type b,2025,25-29 years,1,suppressed
Tetanus,2025,25-29 years,0,0
Measles,2025,25-29 years,5,1.5
Rubella,2025,25-29 years,0,0
Taeniasis,2025,25-29 years,1,suppressed
Poliomyelitis,2025,25-29 years,0,0
Giardiasis,2025,25-29 years,81,23.5
Salmonellosis,2025,25-29 years,48,14
Brucellosis,2025,25-29 years,0,0
Arboviral diseases,2025,25-29 years,18,5.2
Q fever,2025,25-29 years,0,0
Meningoencephalitis - primary amoebic,2025,25-29 years,0,0
Cholera,2025,25-29 years,0,0
Mpox,2025,25-29 years,6,1.7
Paratyphoid fever,2025,25-29 years,4,suppressed
Invasive pneumococcal disease,2025,25-29 years,19,5.5
Listeriosis,2025,30-34 years,1,suppressed
Hepatitis NOS,2025,30-34 years,0,0
Acute gastroenteritis,2025,30-34 years,43,10.7
Campylobacteriosis,2025,30-34 years,314,78.1
Hepatitis A,2025,30-34 years,13,3.2
Leptospirosis,2025,30-34 years,4,suppressed
Hydatid disease,2025,30-34 years,0,0
Diphtheria,2025,30-34 years,0,0
Tuberculosis disease,2025,30-34 years,59,14.7
Malaria,2025,30-34 years,9,2.2
Haemophilus influenzae type b,2025,30-34 years,0,0
Yersiniosis,2025,30-34 years,76,18.9
Salmonellosis,2025,30-34 years,45,11.2
Pertussis,2025,30-34 years,98,24.4
Legionellosis,2025,30-34 years,1,suppressed
Tetanus,2025,30-34 years,0,0
Typhoid fever,2025,30-34 years,10,2.5
Hepatitis B,2025,30-34 years,2,suppressed
Trichinosis,2025,30-34 years,0,0
Taeniasis,2025,30-34 years,0,0
Cysticercosis,2025,30-34 years,0,0
Invasive pneumococcal disease,2025,30-34 years,26,6.5
VTEC/STEC infection,2025,30-34 years,37,9.2
Rabies and other lyssaviruses,2025,30-34 years,0,0
Mumps,2025,30-34 years,3,suppressed
Shigellosis,2025,30-34 years,17,4.2
Cholera,2025,30-34 years,0,0
Toxic shellfish poisoning,2025,30-34 years,0,0
Q fever,2025,30-34 years,0,0
Paratyphoid fever,2025,30-34 years,4,suppressed
Hepatitis C,2025,30-34 years,2,suppressed
Rheumatic fever,2025,30-34 years,17,4.2
Poliomyelitis,2025,30-34 years,0,0
Mpox,2025,30-34 years,10,2.5
Giardiasis,2025,30-34 years,88,21.9
Cryptosporidiosis,2025,30-34 years,92,22.9
Rickettsial disease,2025,30-34 years,0,0
Measles,2025,30-34 years,7,1.7
Arboviral diseases,2025,30-34 years,41,10.2
Rubella,2025,30-34 years,0,0
Meningococcal disease,2025,30-34 years,1,suppressed
Leprosy,2025,30-34 years,0,0
Meningoencephalitis - primary amoebic,2025,30-34 years,0,0
Brucellosis,2025,30-34 years,1,suppressed
Invasive group A streptococcal infection,2025,30-34 years,39,9.7
Pertussis,2025,35-39 years,85,21.2
Hepatitis NOS,2025,35-39 years,0,0
Trichinosis,2025,35-39 years,0,0
Malaria,2025,35-39 years,4,suppressed
Hydatid disease,2025,35-39 years,0,0
Tuberculosis disease,2025,35-39 years,51,12.7
Hepatitis A,2025,35-39 years,6,1.5
Yersiniosis,2025,35-39 years,63,15.7
Listeriosis,2025,35-39 years,0,0
Legionellosis,2025,35-39 years,3,suppressed
Leptospirosis,2025,35-39 years,13,3.2
Rabies and other lyssaviruses,2025,35-39 years,0,0
VTEC/STEC infection,2025,35-39 years,46,11.5
Toxic shellfish poisoning,2025,35-39 years,1,suppressed
Meningococcal disease,2025,35-39 years,2,suppressed
Campylobacteriosis,2025,35-39 years,317,79
Rickettsial disease,2025,35-39 years,2,suppressed
Hepatitis B,2025,35-39 years,2,suppressed
Rubella,2025,35-39 years,0,0
Mumps,2025,35-39 years,1,suppressed
Acute gastroenteritis,2025,35-39 years,32,8
Cryptosporidiosis,2025,35-39 years,75,18.7
Rheumatic fever,2025,35-39 years,14,3.5
Haemophilus influenzae type b,2025,35-39 years,0,0
Salmonellosis,2025,35-39 years,62,15.5
Cholera,2025,35-39 years,0,0
Brucellosis,2025,35-39 years,0,0
Giardiasis,2025,35-39 years,111,27.7
Diphtheria,2025,35-39 years,0,0
Invasive pneumococcal disease,2025,35-39 years,24,6
Arboviral diseases,2025,35-39 years,33,8.2
Meningoencephalitis - primary amoebic,2025,35-39 years,0,0
Leprosy,2025,35-39 years,1,suppressed
Typhoid fever,2025,35-39 years,4,suppressed
Taeniasis,2025,35-39 years,1,suppressed
Tetanus,2025,35-39 years,0,0
Invasive group A streptococcal infection,2025,35-39 years,29,7.2
Cysticercosis,2025,35-39 years,0,0
Shigellosis,2025,35-39 years,22,5.5
Poliomyelitis,2025,35-39 years,0,0
Q fever,2025,35-39 years,0,0
Hepatitis C,2025,35-39 years,3,suppressed
Measles,2025,35-39 years,8,2
Paratyphoid fever,2025,35-39 years,0,0
Mpox,2025,35-39 years,7,1.7
Hepatitis B,2025,40-44 years,1,suppressed
Meningococcal disease,2025,40-44 years,0,0
Acute gastroenteritis,2025,40-44 years,28,7.8
Tuberculosis disease,2025,40-44 years,43,12
VTEC/STEC infection,2025,40-44 years,37,10.4
Hepatitis NOS,2025,40-44 years,0,0
Diphtheria,2025,40-44 years,0,0
Campylobacteriosis,2025,40-44 years,333,93.2
Pertussis,2025,40-44 years,116,32.5
Hydatid disease,2025,40-44 years,1,suppressed
Yersiniosis,2025,40-44 years,76,21.3
Typhoid fever,2025,40-44 years,1,suppressed
Toxic shellfish poisoning,2025,40-44 years,0,0
Leprosy,2025,40-44 years,0,0
Trichinosis,2025,40-44 years,0,0
Cysticercosis,2025,40-44 years,0,0
Salmonellosis,2025,40-44 years,51,14.3
Rheumatic fever,2025,40-44 years,4,suppressed
Leptospirosis,2025,40-44 years,5,1.4
Mumps,2025,40-44 years,3,suppressed
Shigellosis,2025,40-44 years,16,4.5
Cryptosporidiosis,2025,40-44 years,44,12.3
Brucellosis,2025,40-44 years,0,0
Rabies and other lyssaviruses,2025,40-44 years,0,0
Taeniasis,2025,40-44 years,0,0
Rubella,2025,40-44 years,0,0
Cholera,2025,40-44 years,0,0
Listeriosis,2025,40-44 years,4,suppressed
Rickettsial disease,2025,40-44 years,0,0
Invasive pneumococcal disease,2025,40-44 years,30,8.4
Giardiasis,2025,40-44 years,60,16.8
Haemophilus influenzae type b,2025,40-44 years,0,0
Malaria,2025,40-44 years,7,2
Tetanus,2025,40-44 years,0,0
Q fever,2025,40-44 years,0,0
Arboviral diseases,2025,40-44 years,28,7.8
Hepatitis A,2025,40-44 years,6,1.7
Poliomyelitis,2025,40-44 years,0,0
Mpox,2025,40-44 years,4,suppressed
Hepatitis C,2025,40-44 years,5,1.4
Measles,2025,40-44 years,1,suppressed
Legionellosis,2025,40-44 years,5,1.4
Invasive group A streptococcal infection,2025,40-44 years,35,9.8
Meningoencephalitis - primary amoebic,2025,40-44 years,0,0
Paratyphoid fever,2025,40-44 years,0,0
